adim,fuel,fan,sicaklik,o2,efficiency
0,16.082,1002.0,955.71,4.657,0.7225
1,16.104,1002.8,962.14,4.772,0.7108
2,16.357,1007.1,968.75,4.835,0.7031
3,16.502,1004.7,975.34,4.861,0.698
4,16.631,1000.7,981.72,4.861,0.6951
5,16.702,1001.6,987.74,4.854,0.6929
6,16.596,1000.1,993.57,4.86,0.6898
7,16.524,997.5,999.28,4.869,0.6865
8,16.41,996.6,1004.93,4.888,0.6824
9,16.409,994.3,1010.47,4.901,0.679
10,16.319,994.1,1015.95,4.92,0.675
11,16.212,993.9,1021.42,4.947,0.6705
12,16.366,993.6,1026.69,4.949,0.668
13,16.494,992.6,1031.63,4.934,0.6669
14,16.549,993.0,1036.26,4.916,0.6661
15,16.322,992.2,1040.84,4.929,0.663
16,16.179,989.6,1045.5,4.953,0.6592
17,16.163,991.5,1050.11,4.974,0.6555
18,16.389,994.8,1054.39,4.968,0.654
19,16.327,991.0,1058.53,4.966,0.6523
20,16.557,993.0,1062.21,4.94,0.6526
21,16.797,985.8,1065.39,4.883,0.6552
22,16.917,983.0,1067.97,4.824,0.6583
23,16.806,983.0,1070.14,4.792,0.6595
24,16.797,985.3,1072.05,4.772,0.6601
25,16.79,981.5,1073.81,4.753,0.6606
26,16.779,986.4,1075.36,4.746,0.6603
27,16.637,990.1,1076.86,4.762,0.6585
28,16.716,985.6,1078.32,4.759,0.658
29,16.724,985.4,1079.69,4.756,0.6576
30,16.702,980.3,1081.11,4.751,0.6574
31,16.704,982.3,1082.39,4.748,0.6569
32,16.855,982.7,1083.51,4.729,0.6577
33,16.962,978.1,1084.44,4.697,0.6595
34,17.089,982.9,1084.99,4.663,0.6616
35,17.21,984.7,1085.14,4.626,0.664
36,17.315,980.9,1084.98,4.581,0.667
37,17.319,982.6,1084.52,4.549,0.6693
38,17.299,987.1,1083.84,4.533,0.6707
39,17.211,991.8,1083.1,4.536,0.6708
40,17.188,990.4,1082.47,4.54,0.6709
41,17.107,988.0,1082.0,4.55,0.6705
42,16.872,990.1,1081.81,4.587,0.6682
43,17.027,992.9,1081.69,4.6,0.6674
44,17.133,991.3,1081.6,4.595,0.6677
45,17.04,994.2,1081.58,4.606,0.667
46,17.213,995.5,1081.47,4.595,0.6678
47,17.271,994.9,1081.27,4.58,0.6689
48,17.338,991.3,1080.98,4.556,0.6706
49,17.506,992.2,1080.38,4.519,0.6732
50,17.434,990.2,1079.66,4.498,0.6749
51,17.504,991.2,1078.73,4.475,0.6768
52,17.533,987.3,1077.7,4.45,0.6789
53,17.466,986.8,1076.6,4.438,0.6801
54,17.6,985.8,1075.29,4.412,0.6823
55,17.603,990.0,1073.87,4.398,0.6838
56,17.482,990.3,1072.57,4.401,0.6842
57,17.384,990.2,1071.42,4.416,0.6839
58,17.219,989.5,1070.62,4.445,0.6825
59,17.16,981.6,1070.19,4.464,0.6815
60,16.992,981.7,1070.09,4.499,0.6794
61,16.785,977.9,1070.5,4.545,0.6762
62,16.663,979.0,1071.26,4.595,0.6726
63,16.568,977.0,1072.45,4.642,0.6689
64,16.479,976.8,1073.97,4.687,0.6651
65,16.741,974.5,1075.45,4.687,0.6644
66,16.905,968.7,1076.8,4.661,0.6655
67,16.742,969.3,1078.09,4.662,0.6649
68,16.704,971.6,1079.31,4.669,0.6638
69,16.829,973.0,1080.37,4.662,0.6638
70,16.918,974.2,1081.19,4.647,0.6644
71,16.802,976.8,1081.97,4.653,0.6637
72,16.85,978.7,1082.64,4.654,0.6633
73,16.785,978.0,1083.31,4.661,0.6625
74,16.854,978.4,1083.9,4.659,0.6624
75,16.804,975.1,1084.51,4.66,0.662
76,16.652,973.7,1085.25,4.676,0.6606
77,16.648,974.5,1086.11,4.69,0.6592
78,16.561,972.8,1087.16,4.709,0.6574
79,16.695,976.8,1088.08,4.712,0.6568
80,16.667,979.2,1088.97,4.72,0.6558
81,16.794,979.6,1089.78,4.712,0.656
82,16.833,978.8,1090.48,4.7,0.6565
83,17.197,978.7,1090.7,4.648,0.6599
84,17.143,978.6,1090.64,4.615,0.6621
85,17.218,978.2,1090.3,4.582,0.6645
86,17.114,976.9,1089.88,4.567,0.6657
87,17.11,975.8,1089.4,4.555,0.6666
88,17.061,974.6,1088.88,4.551,0.6672
89,17.084,976.7,1088.32,4.547,0.6677
90,17.072,972.6,1087.79,4.541,0.6683
91,17.178,972.2,1087.17,4.524,0.6697
92,17.113,968.7,1086.56,4.514,0.6706
93,16.984,970.8,1086.05,4.525,0.6702
94,16.982,971.1,1085.65,4.533,0.6698
95,17.093,971.6,1085.28,4.527,0.6704
96,17.033,971.0,1084.95,4.529,0.6704
97,16.941,970.3,1084.76,4.54,0.6698
98,16.961,966.6,1084.63,4.542,0.6697
99,16.751,968.4,1084.72,4.57,0.6679
100,16.536,968.3,1085.18,4.617,0.6646
101,16.664,972.4,1085.76,4.641,0.6627
102,16.464,974.1,1086.64,4.685,0.6593
103,16.583,976.1,1087.65,4.706,0.6574
104,16.21,975.3,1089.1,4.765,0.6527
105,16.406,973.3,1090.67,4.784,0.6506
106,16.557,968.3,1092.19,4.775,0.6506
107,16.574,966.6,1093.6,4.763,0.6507
108,16.614,970.1,1094.8,4.754,0.6508
109,16.851,973.6,1095.6,4.724,0.6525
110,16.752,975.0,1096.27,4.714,0.6528
111,16.75,973.4,1096.81,4.705,0.6532
112,16.793,976.2,1097.15,4.697,0.6536
113,16.85,980.7,1097.36,4.689,0.6541
114,16.843,984.6,1097.43,4.688,0.6541
115,16.655,984.1,1097.71,4.71,0.6525
116,16.642,987.9,1098.0,4.731,0.6509
117,16.553,989.3,1098.53,4.76,0.6487
118,16.628,991.7,1099.16,4.775,0.6473
119,16.586,993.0,1099.89,4.793,0.6457
120,16.515,992.0,1100.8,4.814,0.6439
121,16.661,987.4,1101.74,4.807,0.6439
122,16.55,987.9,1102.69,4.815,0.6429
123,16.439,989.1,1103.74,4.836,0.641
124,16.382,990.3,1104.94,4.86,0.6388
125,16.346,992.8,1106.25,4.885,0.6364
126,16.391,996.4,1107.58,4.902,0.6346
127,16.451,997.8,1108.85,4.91,0.6335
128,16.412,997.1,1110.15,4.919,0.6322
129,16.484,993.7,1111.41,4.914,0.632
130,16.386,991.7,1112.71,4.92,0.6311
131,16.513,992.9,1113.85,4.91,0.6312
132,16.409,992.7,1114.96,4.915,0.6304
133,16.435,992.2,1116.06,4.915,0.6299
134,16.48,993.4,1117.04,4.911,0.6297
135,16.342,995.0,1118.05,4.926,0.6282
136,16.136,998.1,1119.27,4.965,0.6249
137,16.213,992.3,1120.66,4.979,0.6233
138,16.352,994.6,1121.93,4.975,0.623
139,16.448,993.3,1123.05,4.96,0.6235
140,16.466,996.0,1123.97,4.949,0.6239
141,16.426,994.8,1124.85,4.945,0.6238
142,16.521,995.6,1125.54,4.931,0.6244
143,16.216,996.4,1126.44,4.958,0.6222
144,16.163,993.3,1127.53,4.98,0.6201
145,16.149,994.4,1128.72,5.0,0.6182
146,16.282,995.4,1129.85,5.0,0.6177
147,16.357,998.1,1130.8,4.995,0.6176
148,16.241,1000.1,1131.74,5.007,0.6164
149,16.217,1003.9,1132.7,5.023,0.6148
150,16.069,1003.1,1133.91,5.052,0.6123
151,15.924,999.9,1135.44,5.087,0.6092
152,15.66,998.6,1137.41,5.142,0.6045
153,15.568,998.5,1139.73,5.195,0.5999
154,15.349,996.9,1142.53,5.258,0.5944
155,15.12,997.7,1145.79,5.334,0.588
156,15.26,997.4,1149.24,5.374,0.5839
157,15.168,993.7,1152.92,5.41,0.58
158,15.194,993.2,1156.67,5.433,0.5769
159,15.024,991.6,1160.62,5.469,0.573
160,15.311,990.4,1164.33,5.461,0.5719
161,15.357,992.0,1167.76,5.451,0.571
162,15.356,989.3,1170.99,5.441,0.5703
163,15.285,989.0,1174.06,5.441,0.569
164,15.34,986.6,1176.94,5.432,0.5683
165,15.143,985.3,1179.83,5.447,0.5661
166,15.272,982.7,1182.56,5.44,0.5654
167,15.378,981.8,1185.0,5.421,0.5655
168,15.408,982.3,1187.19,5.404,0.5656
169,15.252,981.7,1189.33,5.409,0.5644
170,15.204,979.4,1191.49,5.416,0.5631
171,15.283,977.8,1193.52,5.409,0.5626
172,15.212,982.4,1195.48,5.418,0.5612
173,15.38,983.9,1197.23,5.407,0.5611
174,15.321,990.7,1198.82,5.414,0.56
175,15.294,988.0,1200.42,5.418,0.559
176,15.233,989.7,1202.04,5.431,0.5576
177,15.103,989.3,1203.78,5.456,0.5553
178,14.929,993.2,1205.75,5.499,0.5519
179,15.164,992.1,1207.71,5.503,0.5509
180,14.949,994.5,1209.8,5.534,0.5482
181,14.79,991.5,1212.18,5.572,0.5449
182,14.823,993.6,1214.63,5.599,0.5424
183,14.945,990.8,1217.08,5.602,0.5412
184,15.125,988.2,1219.28,5.58,0.5415
185,15.005,984.5,1221.43,5.573,0.541
186,14.938,979.1,1223.57,5.57,0.5402
187,14.801,980.9,1225.71,5.586,0.5384
188,14.591,983.5,1228.04,5.625,0.5353
189,14.536,985.8,1230.53,5.664,0.5321
190,14.516,987.8,1233.14,5.698,0.5292
191,14.578,988.1,1235.83,5.716,0.5271
192,14.509,990.0,1238.54,5.74,0.5248
193,14.559,990.3,1241.21,5.753,0.523
194,14.399,994.6,1243.97,5.786,0.5202
195,14.471,992.8,1246.79,5.8,0.5183
196,14.456,995.2,1249.59,5.816,0.5164
197,14.445,997.9,1252.33,5.832,0.5145
198,14.526,998.8,1254.96,5.835,0.5132
199,14.374,1003.9,1257.58,5.862,0.5109
200,14.575,1007.1,1259.98,5.861,0.5099
201,14.469,1003.4,1262.43,5.869,0.5085
202,14.591,1002.6,1264.71,5.86,0.508
203,14.673,1006.9,1266.69,5.848,0.5077
204,14.647,1005.5,1268.55,5.841,0.5073
205,14.57,1004.1,1270.38,5.843,0.5065
206,14.62,1000.0,1272.13,5.834,0.5062
207,14.647,997.6,1273.75,5.821,0.5061
208,14.49,999.3,1275.36,5.832,0.5049
209,14.574,998.5,1276.9,5.83,0.5044
210,14.602,1001.4,1278.29,5.828,0.504
211,14.645,1005.1,1279.5,5.825,0.5036
212,14.716,1008.7,1280.54,5.819,0.5034
213,14.837,1006.8,1281.39,5.799,0.5041
214,14.919,1001.9,1282.06,5.767,0.5053
215,15.068,1003.7,1282.32,5.729,0.5071
216,14.845,1003.7,1282.55,5.726,0.5071
217,14.893,1005.4,1282.67,5.72,0.5074
218,14.995,1006.2,1282.64,5.705,0.5082
219,15.023,1005.9,1282.48,5.69,0.509
220,14.999,1001.4,1282.3,5.676,0.5098
221,14.966,999.0,1282.11,5.667,0.5104
222,14.925,996.2,1281.95,5.661,0.5107
223,14.875,994.3,1281.84,5.661,0.5108
224,14.769,993.3,1281.87,5.672,0.5102
225,14.624,992.3,1282.15,5.696,0.5088
226,14.685,993.1,1282.51,5.708,0.5081
227,14.594,992.2,1283.06,5.727,0.5069
228,14.549,992.8,1283.72,5.747,0.5056
229,14.468,992.2,1284.57,5.771,0.5041
230,14.633,994.5,1285.36,5.772,0.5037
231,14.777,992.5,1286.01,5.753,0.5044
232,14.945,994.8,1286.29,5.722,0.5058
233,14.916,996.4,1286.37,5.704,0.5066
234,14.972,992.0,1286.33,5.679,0.5079
235,14.804,996.4,1286.22,5.685,0.5077
236,14.845,1000.1,1286.06,5.689,0.5075
237,14.854,1000.6,1285.89,5.692,0.5075
238,14.955,999.0,1285.68,5.68,0.5082
239,15.111,998.3,1285.23,5.652,0.5098
240,15.154,993.8,1284.63,5.62,0.5117
241,15.345,992.7,1283.65,5.573,0.5146
242,15.36,991.9,1282.43,5.535,0.5172
243,15.408,992.7,1280.97,5.501,0.5197
244,15.444,995.8,1279.3,5.476,0.5219
245,15.503,995.9,1277.48,5.449,0.5241
246,15.484,997.7,1275.57,5.434,0.5258
247,15.5,1000.1,1273.57,5.424,0.5273
248,15.43,998.7,1271.68,5.423,0.5282
249,15.498,1001.5,1269.77,5.417,0.5293
250,15.482,1001.5,1267.93,5.414,0.5302
251,15.718,999.7,1265.96,5.383,0.5329
252,15.738,996.1,1263.91,5.352,0.5356
253,15.8,997.4,1261.7,5.324,0.5383
254,15.913,995.0,1259.33,5.286,0.5416
255,16.067,995.9,1256.66,5.241,0.5455
256,15.968,995.9,1253.92,5.219,0.5481
257,15.887,997.5,1251.23,5.214,0.5496
258,15.74,997.9,1248.75,5.227,0.5498
259,15.56,995.8,1246.69,5.256,0.5489
260,15.623,999.3,1244.78,5.275,0.5486
261,15.642,1002.6,1243.02,5.29,0.5484
262,15.851,1006.0,1241.18,5.281,0.5498
263,16.092,1007.3,1239.15,5.248,0.5528
264,16.044,1007.2,1237.04,5.228,0.5549
265,16.023,1006.2,1234.94,5.214,0.5567
266,16.046,1010.1,1232.79,5.206,0.5582
267,16.031,1008.7,1230.75,5.2,0.5594
268,16.047,1009.0,1228.71,5.194,0.5607
269,16.125,1009.2,1226.64,5.18,0.5625
270,16.371,1006.5,1224.32,5.138,0.5662
271,16.286,1008.7,1221.86,5.119,0.5685
272,16.378,1007.9,1219.32,5.093,0.5713
273,16.153,1012.5,1216.89,5.105,0.5716
274,16.138,1016.6,1214.65,5.121,0.5716
275,16.09,1020.8,1212.65,5.143,0.5711
276,16.132,1021.0,1210.82,5.155,0.5711
277,16.135,1022.0,1209.13,5.165,0.5712
278,16.087,1022.1,1207.63,5.178,0.571
279,16.007,1022.0,1206.36,5.197,0.5704
280,15.995,1023.6,1205.26,5.215,0.5697
281,15.885,1020.8,1204.47,5.238,0.5686
282,15.91,1021.8,1203.88,5.253,0.5679
283,15.788,1017.8,1203.56,5.275,0.5667
284,15.845,1014.2,1203.38,5.28,0.5664
285,15.864,1017.9,1203.15,5.286,0.5661
286,15.805,1020.8,1202.99,5.3,0.5653
287,15.802,1020.9,1202.92,5.312,0.5646
288,15.826,1022.5,1202.9,5.32,0.5641
289,15.979,1020.5,1202.79,5.305,0.5651
290,15.941,1019.2,1202.64,5.297,0.5656
291,15.813,1019.3,1202.56,5.306,0.5651
292,15.689,1021.2,1202.65,5.33,0.5635
293,15.711,1020.2,1202.85,5.344,0.5626
294,15.851,1020.6,1202.99,5.339,0.5629
295,15.942,1021.4,1202.97,5.325,0.5637
296,15.809,1016.7,1203.06,5.325,0.5637
297,15.784,1016.6,1203.17,5.327,0.5635
298,15.691,1015.8,1203.39,5.339,0.5627
299,15.766,1018.7,1203.57,5.343,0.5624
300,15.606,1018.6,1203.92,5.364,0.5609
301,15.41,1019.4,1204.61,5.404,0.5581
302,15.462,1021.9,1205.44,5.431,0.5561
303,15.267,1018.4,1206.62,5.47,0.5533
304,15.338,1018.7,1207.91,5.491,0.5514
305,15.351,1019.5,1209.26,5.507,0.55
306,15.555,1021.0,1210.45,5.496,0.5501
307,15.319,1020.8,1211.77,5.515,0.5484
308,15.333,1020.1,1213.13,5.528,0.5471
309,15.518,1022.0,1214.29,5.517,0.5472
310,15.711,1020.3,1215.15,5.485,0.5488
311,15.754,1018.5,1215.76,5.453,0.5504
312,15.615,1016.8,1216.27,5.444,0.5507
313,15.624,1019.5,1216.62,5.439,0.5509
314,15.885,1020.6,1216.66,5.405,0.5528
315,15.841,1017.7,1216.54,5.382,0.5543
316,15.873,1013.2,1216.3,5.356,0.556
317,15.824,1012.9,1215.96,5.342,0.557
318,15.692,1013.0,1215.71,5.347,0.5568
319,15.544,1019.3,1215.53,5.375,0.5552
320,15.497,1022.0,1215.57,5.405,0.5533
321,15.355,1021.8,1215.97,5.444,0.5508
322,15.429,1021.5,1216.56,5.464,0.5493
323,15.457,1020.2,1217.25,5.475,0.5484
324,15.493,1018.0,1217.95,5.476,0.5481
325,15.604,1022.2,1218.46,5.468,0.5483
326,15.35,1021.4,1219.2,5.492,0.5466
327,15.536,1020.9,1219.88,5.487,0.5466
328,15.36,1024.2,1220.64,5.508,0.5451
329,15.521,1025.4,1221.31,5.506,0.5449
330,15.577,1025.1,1221.87,5.497,0.5451
331,15.45,1025.0,1222.46,5.506,0.5444
332,15.678,1023.6,1222.85,5.484,0.5455
333,15.686,1024.3,1223.05,5.467,0.5464
334,15.757,1029.4,1223.01,5.452,0.5473
335,15.622,1026.8,1223.05,5.454,0.5472
336,15.74,1033.4,1222.9,5.449,0.5476
337,16.059,1029.6,1222.47,5.403,0.5505
338,16.109,1032.1,1221.64,5.366,0.5531
339,16.003,1026.4,1220.82,5.344,0.5548
340,16.05,1027.2,1219.8,5.322,0.5566
341,16.142,1028.3,1218.61,5.297,0.5587
342,16.138,1028.6,1217.32,5.279,0.5604
343,16.346,1023.6,1215.8,5.235,0.5638
344,16.21,1022.8,1214.26,5.217,0.5656
345,16.174,1021.4,1212.72,5.206,0.567
346,16.133,1021.9,1211.22,5.203,0.5678
347,15.899,1019.5,1210.02,5.226,0.5669
348,15.773,1018.7,1209.16,5.257,0.5653
349,15.906,1017.9,1208.48,5.264,0.5652
350,15.609,1018.3,1208.16,5.304,0.5628
351,15.404,1017.1,1208.33,5.357,0.5594
352,15.35,1014.3,1208.91,5.4,0.5565
353,15.305,1013.6,1209.82,5.437,0.5539
354,15.442,1013.0,1210.79,5.447,0.5528
355,15.488,1014.9,1211.74,5.452,0.5521
356,15.56,1016.0,1212.58,5.449,0.552
357,15.423,1018.2,1213.47,5.465,0.5507
358,15.385,1014.0,1214.5,5.476,0.5495
359,15.344,1010.1,1215.61,5.485,0.5485
360,15.284,1009.9,1216.78,5.499,0.5472
361,15.269,1011.4,1218.0,5.513,0.5459
362,15.264,1010.8,1219.22,5.523,0.5448
363,15.158,1014.4,1220.49,5.547,0.5428
364,14.951,1014.9,1222.06,5.59,0.5397
365,14.973,1013.2,1223.83,5.618,0.5374
366,14.94,1014.8,1225.74,5.645,0.5352
367,14.84,1011.8,1227.89,5.673,0.5327
368,14.761,1014.6,1230.18,5.707,0.53
369,14.797,1018.0,1232.49,5.732,0.5277
370,14.8,1022.0,1234.81,5.755,0.5255
371,14.678,1023.8,1237.28,5.789,0.5228
372,14.731,1022.7,1239.82,5.806,0.5209
373,14.65,1017.8,1242.5,5.824,0.5189
374,14.572,1013.2,1245.31,5.84,0.5169
375,14.514,1015.2,1248.14,5.862,0.5147
376,14.478,1015.4,1250.99,5.883,0.5126
377,14.367,1019.2,1253.93,5.916,0.5098
378,14.121,1018.0,1257.23,5.969,0.5061
379,14.144,1015.2,1260.74,6.002,0.5033
380,14.093,1011.3,1264.4,6.028,0.5007
381,14.111,1010.9,1268.07,6.046,0.4985
382,14.074,1003.9,1271.83,6.055,0.4966
383,14.046,1004.9,1275.49,6.066,0.4946
384,13.836,1005.1,1279.29,6.1,0.4917
385,13.875,1002.7,1283.14,6.117,0.4895
386,13.952,999.4,1286.89,6.118,0.488
387,13.994,1000.2,1290.41,6.114,0.4867
388,13.963,996.7,1293.84,6.111,0.4855
389,13.962,996.1,1297.09,6.108,0.4843
390,14.066,997.6,1300.03,6.095,0.4836
391,13.929,998.2,1302.9,6.102,0.4821
392,13.988,998.7,1305.62,6.101,0.4811
393,14.064,994.5,1308.19,6.087,0.4806
394,14.253,994.8,1310.35,6.054,0.481
395,14.245,993.6,1312.22,6.029,0.4813
396,14.103,993.5,1313.96,6.027,0.4806
397,14.141,996.1,1315.55,6.024,0.4801
398,14.205,997.1,1316.97,6.015,0.4799
399,14.168,999.6,1318.28,6.016,0.4793
400,14.267,999.2,1319.44,6.004,0.4793
401,14.125,998.1,1320.64,6.011,0.4786
402,14.039,996.6,1321.95,6.024,0.4775
403,13.908,998.8,1323.39,6.052,0.4758
404,13.804,1000.5,1325.04,6.088,0.4738
405,13.594,996.6,1327.15,6.134,0.4712
406,13.615,996.2,1329.48,6.166,0.4691
407,13.691,996.3,1331.85,6.182,0.4676
408,13.79,999.5,1334.05,6.185,0.4666
409,13.797,1001.7,1336.15,6.19,0.4656
410,13.898,1000.5,1338.1,6.18,0.4652
411,13.671,1000.8,1340.14,6.199,0.4637
412,13.666,999.6,1342.25,6.213,0.4624
413,13.627,1001.2,1344.37,6.23,0.4609
414,13.562,1002.5,1346.55,6.252,0.4593
415,13.575,1003.3,1348.76,6.267,0.458
416,13.551,1003.0,1350.99,6.282,0.4566
417,13.723,1001.0,1353.05,6.27,0.4562
418,13.69,1005.5,1354.92,6.27,0.4554
419,13.873,1006.9,1356.5,6.25,0.4554
420,13.759,1005.1,1358.03,6.247,0.4549
421,13.734,1003.3,1359.52,6.245,0.4544
422,13.682,1005.0,1360.98,6.252,0.4536
423,13.626,1004.6,1362.46,6.263,0.4526
424,13.845,1002.8,1363.75,6.243,0.4528
425,13.813,1001.2,1364.91,6.231,0.4527
426,13.81,1000.7,1365.93,6.221,0.4526
427,13.916,1000.3,1366.73,6.201,0.453
428,13.819,1002.7,1367.43,6.2,0.4527
429,13.887,1000.8,1368.07,6.189,0.4529
430,13.904,1002.3,1368.56,6.18,0.4529
431,13.877,1002.4,1369.01,6.177,0.4529
432,14.061,1007.5,1369.14,6.159,0.4534
433,14.088,1007.9,1369.11,6.143,0.454
434,14.158,1010.5,1368.86,6.126,0.4547
435,14.216,1009.4,1368.45,6.105,0.4557
436,14.154,1007.3,1368.03,6.094,0.4562
437,14.236,1003.5,1367.52,6.071,0.4573
438,14.209,1005.8,1366.87,6.06,0.4579
439,14.299,1006.3,1366.09,6.042,0.4589
440,14.127,1009.2,1365.35,6.052,0.4589
441,14.267,1009.1,1364.57,6.043,0.4595
442,14.321,1010.1,1363.7,6.031,0.4603
443,14.531,1013.6,1362.5,6.001,0.462
444,14.552,1014.1,1361.15,5.977,0.4635
445,14.674,1014.2,1359.57,5.945,0.4654
446,14.809,1011.2,1357.76,5.901,0.468
447,14.664,1012.6,1355.87,5.887,0.4694
448,14.891,1014.7,1353.69,5.852,0.4718
449,14.849,1018.8,1351.37,5.835,0.4735
450,14.896,1021.8,1348.95,5.821,0.4751
451,14.718,1022.0,1346.73,5.831,0.4756
452,14.738,1024.9,1344.59,5.84,0.476
453,14.67,1019.2,1342.78,5.848,0.4764
454,14.664,1018.6,1341.12,5.854,0.4768
455,14.813,1018.6,1339.44,5.841,0.4781
456,14.717,1019.1,1337.84,5.843,0.4787
457,14.786,1018.8,1336.27,5.836,0.4796
458,14.692,1022.6,1334.79,5.847,0.4798
459,14.573,1024.9,1333.51,5.871,0.4792
460,14.628,1022.8,1332.45,5.881,0.4792
461,14.615,1023.4,1331.5,5.89,0.4792
462,14.588,1025.6,1330.65,5.903,0.479
463,14.356,1028.0,1330.12,5.942,0.4776
464,14.482,1026.6,1329.76,5.956,0.4771
465,14.535,1026.2,1329.44,5.959,0.4771
466,14.47,1025.2,1329.25,5.968,0.4768
467,14.388,1024.0,1329.24,5.983,0.4762
468,14.343,1025.0,1329.35,6.0,0.4755
469,14.312,1028.3,1329.57,6.021,0.4745
470,14.233,1026.3,1330.01,6.044,0.4735
471,14.397,1027.3,1330.4,6.043,0.4734
472,14.595,1029.7,1330.52,6.021,0.4742
473,14.443,1033.5,1330.59,6.027,0.4739
474,14.436,1027.9,1330.79,6.026,0.4738
475,14.589,1029.2,1330.77,6.009,0.4745
476,14.513,1032.6,1330.68,6.009,0.4746
477,14.598,1030.8,1330.54,5.997,0.4751
478,14.498,1030.9,1330.42,5.999,0.4751
479,14.493,1033.1,1330.28,6.005,0.4749
480,14.518,1035.5,1330.13,6.008,0.4748
481,14.287,1033.5,1330.27,6.036,0.4737
482,14.527,1036.9,1330.29,6.033,0.4738
483,14.416,1038.1,1330.4,6.045,0.4733
484,14.316,1040.4,1330.68,6.068,0.4723
485,14.307,1040.3,1331.09,6.086,0.4714
486,14.268,1040.4,1331.65,6.105,0.4705
487,14.394,1036.7,1332.24,6.1,0.4704
488,14.534,1038.4,1332.6,6.081,0.471
489,14.521,1038.6,1332.83,6.069,0.4713
490,14.404,1040.2,1333.07,6.076,0.471
491,14.308,1040.1,1333.44,6.092,0.4702
492,14.389,1040.1,1333.82,6.094,0.47
493,14.679,1038.0,1333.9,6.06,0.4713
494,14.56,1034.4,1333.94,6.044,0.4719
495,14.677,1037.9,1333.69,6.022,0.4728
496,14.823,1037.0,1333.16,5.987,0.4745
497,14.901,1035.1,1332.36,5.95,0.4763
498,14.849,1034.0,1331.41,5.926,0.4777
499,14.822,1032.1,1330.42,5.91,0.4788
500,14.827,1030.3,1329.4,5.895,0.4799
501,14.831,1032.4,1328.29,5.886,0.4807
502,14.638,1033.3,1327.34,5.903,0.4804
503,14.567,1031.1,1326.64,5.921,0.4799
504,14.627,1034.5,1325.99,5.932,0.4797
505,14.437,1037.7,1325.63,5.966,0.4784
506,14.474,1034.6,1325.5,5.984,0.4777
507,14.478,1034.7,1325.5,5.996,0.4772
508,14.671,1038.2,1325.35,5.987,0.4776
509,14.671,1042.6,1325.1,5.986,0.4778
510,14.633,1045.2,1324.85,5.992,0.4776
511,14.598,1050.0,1324.61,6.006,0.4771
512,14.564,1051.2,1324.5,6.023,0.4765
513,14.448,1052.4,1324.61,6.05,0.4754
514,14.375,1049.4,1325.0,6.075,0.4743
515,14.514,1049.2,1325.39,6.078,0.474
516,14.339,1053.1,1325.91,6.105,0.4728
517,14.162,1053.0,1326.76,6.146,0.4709
518,14.135,1054.6,1327.87,6.182,0.4692
519,14.304,1055.7,1328.97,6.19,0.4685
520,14.338,1056.4,1330.05,6.193,0.4679
521,14.42,1055.1,1331.03,6.184,0.4678
522,14.497,1050.0,1331.89,6.162,0.4683
523,14.453,1054.7,1332.56,6.157,0.4682
524,14.251,1050.9,1333.41,6.172,0.4673
525,14.29,1053.1,1334.25,6.181,0.4667
526,14.436,1053.5,1334.94,6.171,0.4667
527,14.375,1055.4,1335.59,6.174,0.4664
528,14.548,1055.3,1336.03,6.155,0.4669
529,14.718,1058.0,1336.09,6.123,0.468
530,14.79,1059.8,1335.83,6.094,0.4692
531,14.881,1055.0,1335.37,6.055,0.4709
532,14.761,1055.2,1334.8,6.041,0.4717
533,14.865,1056.0,1334.05,6.018,0.4728
534,15.045,1053.7,1333.03,5.978,0.4749
535,15.148,1052.4,1331.69,5.934,0.4773
536,15.057,1055.3,1330.15,5.915,0.4787
537,14.921,1055.7,1328.7,5.917,0.4792
538,14.747,1055.4,1327.52,5.939,0.4788
539,14.848,1058.5,1326.39,5.947,0.4789
540,14.885,1060.7,1325.31,5.951,0.4791
541,14.89,1061.4,1324.31,5.955,0.4794
542,14.985,1060.9,1323.3,5.945,0.4802
543,14.83,1058.7,1322.47,5.954,0.4802
544,14.871,1062.5,1321.63,5.96,0.4803
545,14.864,1065.9,1320.83,5.97,0.4802
546,15.1,1066.9,1319.9,5.95,0.4814
547,15.048,1065.4,1318.96,5.94,0.4822
548,15.063,1068.8,1317.93,5.934,0.4829
549,15.025,1068.3,1316.93,5.934,0.4833
550,14.927,1065.4,1316.1,5.942,0.4833
551,15.091,1066.1,1315.19,5.93,0.4842
552,14.948,1062.9,1314.44,5.933,0.4843
553,14.934,1064.2,1313.74,5.939,0.4844
554,14.628,1068.7,1313.38,5.985,0.4826
555,14.702,1065.5,1313.29,6.007,0.4817
556,14.74,1070.0,1313.25,6.024,0.481
557,14.946,1071.2,1313.09,6.014,0.4815
558,15.019,1070.0,1312.85,5.997,0.4823
559,14.858,1071.9,1312.63,6.005,0.4821
560,14.812,1076.6,1312.46,6.021,0.4815
561,14.699,1076.6,1312.52,6.048,0.4804
562,14.637,1077.6,1312.8,6.076,0.4792
563,14.237,1077.7,1313.69,6.144,0.4762
564,14.143,1077.7,1315.08,6.206,0.4734
565,14.018,1080.0,1316.93,6.27,0.4705
566,13.944,1080.0,1319.18,6.327,0.4678
567,14.105,1078.4,1321.57,6.349,0.4662
568,13.99,1078.1,1324.14,6.378,0.4643
569,14.051,1079.4,1326.72,6.395,0.4628
570,14.041,1075.5,1329.37,6.404,0.4615
571,14.222,1072.3,1331.8,6.385,0.461
572,14.464,1072.0,1333.74,6.343,0.4615
573,14.621,1073.5,1335.11,6.294,0.4625
574,14.74,1078.3,1335.89,6.249,0.4637
575,14.693,1076.0,1336.37,6.218,0.4645
576,14.894,1075.7,1336.41,6.171,0.4661
577,15.023,1077.3,1335.96,6.122,0.4681
578,14.804,1073.0,1335.49,6.107,0.4688
579,14.987,1072.2,1334.76,6.072,0.4704
580,14.882,1075.0,1333.9,6.062,0.4712
581,14.911,1079.5,1332.92,6.056,0.4718
582,15.133,1080.0,1331.7,6.027,0.4735
583,15.273,1078.3,1330.23,5.986,0.4757
584,15.367,1074.7,1328.53,5.94,0.4783
585,15.366,1068.2,1326.72,5.898,0.4809
586,15.357,1069.7,1324.71,5.869,0.4829
587,15.366,1065.2,1322.64,5.841,0.485
588,15.281,1064.3,1320.61,5.83,0.4864
589,15.225,1067.4,1318.62,5.831,0.4872
590,15.29,1072.0,1316.58,5.83,0.4881
591,15.236,1066.7,1314.76,5.829,0.4889
592,15.228,1064.6,1313.05,5.827,0.4897
593,15.171,1067.0,1311.42,5.835,0.49
594,15.295,1068.3,1309.81,5.828,0.491
595,15.209,1070.0,1308.3,5.834,0.4913
596,15.383,1071.6,1306.71,5.821,0.4926
597,15.451,1070.8,1305.04,5.801,0.4941
598,15.426,1074.4,1303.3,5.794,0.4952
599,15.335,1076.1,1301.66,5.801,0.4955
600,15.205,1075.5,1300.27,5.822,0.4952
601,15.046,1074.3,1299.25,5.854,0.4941
602,14.995,1074.5,1298.55,5.885,0.493
603,14.947,1074.8,1298.12,5.914,0.4919
604,14.857,1073.4,1298.01,5.944,0.4906
605,14.846,1067.1,1298.19,5.961,0.4898
606,14.846,1071.2,1298.44,5.979,0.4889
607,14.761,1072.1,1298.86,6.003,0.4877
608,14.679,1068.0,1299.58,6.026,0.4865
609,14.714,1068.1,1300.39,6.039,0.4856
610,14.765,1067.2,1301.21,6.042,0.4852
611,14.744,1067.2,1302.02,6.047,0.4847
612,14.442,1067.0,1303.14,6.086,0.4827
613,14.443,1066.9,1304.45,6.114,0.4811
614,14.379,1066.8,1305.95,6.144,0.4794
615,14.292,1067.4,1307.66,6.176,0.4775
616,14.382,1063.9,1309.46,6.186,0.4764
617,14.392,1060.8,1311.28,6.189,0.4756
618,14.336,1062.3,1313.07,6.199,0.4745
619,14.312,1061.6,1314.89,6.209,0.4734
620,14.311,1062.9,1316.66,6.218,0.4724
621,14.37,1057.9,1318.42,6.212,0.4719
622,14.231,1058.8,1320.2,6.225,0.4708
623,14.152,1059.7,1322.06,6.245,0.4693
624,14.066,1063.2,1324.0,6.274,0.4676
625,14.035,1065.6,1326.04,6.302,0.4659
626,14.076,1063.6,1328.16,6.316,0.4646
627,13.721,1065.0,1330.64,6.371,0.4619
628,13.988,1063.0,1333.13,6.377,0.4607
629,14.082,1066.3,1335.41,6.375,0.4599
630,13.913,1067.8,1337.72,6.395,0.4584
631,13.914,1071.9,1340.02,6.415,0.4569
632,13.703,1068.5,1342.62,6.45,0.4549
633,13.731,1071.0,1345.28,6.477,0.4532
634,13.71,1069.5,1348.04,6.497,0.4515
635,13.765,1074.9,1350.69,6.512,0.4501
636,14.047,1074.4,1353.01,6.49,0.45
637,14.069,1077.0,1355.01,6.474,0.45
638,13.964,1070.0,1357.03,6.466,0.45
639,13.921,1064.5,1359.0,6.458,0.45
640,13.951,1064.2,1360.82,6.449,0.45
641,14.061,1064.3,1362.38,6.429,0.45
642,13.992,1065.3,1363.79,6.423,0.45
643,13.89,1063.7,1365.22,6.429,0.45
644,13.895,1060.8,1366.65,6.43,0.45
645,13.928,1063.6,1367.96,6.429,0.45
646,13.888,1060.3,1369.28,6.43,0.45
647,13.776,1060.4,1370.68,6.444,0.45
648,13.751,1062.5,1372.13,6.46,0.45
649,13.622,1063.0,1373.76,6.487,0.45
650,13.484,1063.2,1375.65,6.525,0.45
651,13.638,1060.2,1377.58,6.531,0.45
652,13.83,1061.3,1379.25,6.514,0.45
653,13.816,1057.7,1380.8,6.499,0.45
654,13.836,1059.9,1382.12,6.488,0.45
655,14.008,1055.9,1383.18,6.455,0.45
656,14.03,1053.9,1383.96,6.425,0.45
657,14.034,1050.9,1384.55,6.399,0.45
658,14.304,1049.3,1384.66,6.345,0.45
659,14.33,1050.3,1384.34,6.303,0.45
660,14.419,1052.9,1383.62,6.264,0.45
661,14.331,1051.7,1382.77,6.244,0.45
662,14.19,1051.0,1381.97,6.245,0.45
663,14.028,1049.6,1381.41,6.263,0.45
664,14.102,1053.1,1380.88,6.271,0.45
665,14.148,1052.9,1380.39,6.272,0.45
666,13.95,1051.9,1380.16,6.295,0.45
667,14.149,1054.4,1379.86,6.292,0.45
668,14.123,1054.5,1379.58,6.292,0.45
669,14.385,1055.4,1379.02,6.263,0.45
670,14.433,1054.4,1378.27,6.234,0.45
671,14.317,1054.4,1377.49,6.226,0.45
672,14.501,1054.3,1376.51,6.198,0.45
673,14.504,1053.8,1375.37,6.177,0.4503
674,14.411,1056.4,1374.19,6.174,0.4509
675,14.15,1057.4,1373.29,6.205,0.4502
676,14.127,1058.6,1372.65,6.231,0.45
677,14.084,1061.0,1372.24,6.259,0.45
678,14.09,1060.8,1372.01,6.279,0.45
679,14.023,1057.4,1372.06,6.298,0.45
680,14.078,1056.1,1372.2,6.304,0.45
681,14.084,1055.4,1372.4,6.308,0.45
682,14.05,1053.3,1372.69,6.312,0.45
683,13.975,1053.6,1373.05,6.324,0.45
684,14.114,1054.2,1373.34,6.317,0.45
685,14.047,1053.0,1373.66,6.319,0.45
686,14.039,1054.4,1373.95,6.322,0.45
687,14.143,1056.5,1374.1,6.315,0.45
688,14.167,1054.6,1374.19,6.305,0.45
689,14.108,1053.7,1374.28,6.303,0.45
690,13.827,1051.0,1374.69,6.332,0.45
691,13.601,1050.2,1375.53,6.379,0.45
692,13.686,1050.9,1376.56,6.405,0.45
693,13.733,1048.7,1377.7,6.417,0.45
694,13.718,1047.9,1378.9,6.426,0.45
695,13.85,1047.3,1379.97,6.417,0.45
696,13.677,1048.0,1381.12,6.432,0.45
697,13.704,1049.8,1382.26,6.441,0.45
698,13.765,1049.1,1383.35,6.44,0.45
699,13.626,1049.6,1384.54,6.457,0.45
700,13.858,1049.2,1385.55,6.441,0.45
701,13.731,1052.9,1386.49,6.449,0.45
702,13.508,1055.3,1387.63,6.484,0.45
703,13.456,1055.8,1388.98,6.517,0.45
704,13.178,1054.7,1390.83,6.573,0.45
705,13.19,1053.9,1392.99,6.612,0.45
706,13.249,1052.1,1395.29,6.633,0.45
707,13.326,1053.9,1397.52,6.642,0.45
708,13.43,1055.5,1399.58,6.638,0.45
709,13.291,1057.1,1401.64,6.653,0.45
710,13.184,1059.7,1403.8,6.68,0.45
711,13.169,1058.4,1406.08,6.701,0.45
712,13.199,1059.0,1408.38,6.713,0.45
713,13.035,1063.2,1410.77,6.747,0.45
714,13.072,1064.1,1413.23,6.769,0.45
715,13.228,1064.5,1415.54,6.767,0.45
716,13.079,1067.7,1417.85,6.787,0.45
717,13.103,1068.1,1420.17,6.8,0.45
718,13.336,1069.2,1422.2,6.784,0.45
719,13.478,1061.3,1423.99,6.745,0.45
720,13.363,1062.5,1425.55,6.731,0.45
721,13.457,1068.3,1426.74,6.717,0.45
722,13.193,1069.4,1428.05,6.738,0.45
723,13.414,1069.8,1429.19,6.728,0.45
724,13.424,1067.8,1430.24,6.718,0.45
725,13.377,1067.7,1431.21,6.715,0.45
726,13.288,1066.4,1432.24,6.722,0.45
727,13.319,1070.5,1433.19,6.729,0.45
728,13.442,1070.8,1433.99,6.719,0.45
729,13.436,1071.2,1434.69,6.713,0.45
730,13.65,1072.8,1435.07,6.686,0.45
731,13.605,1070.5,1435.34,6.668,0.45
732,13.476,1070.5,1435.6,6.669,0.45
733,13.512,1069.7,1435.84,6.665,0.45
734,13.425,1067.0,1436.16,6.669,0.45
735,13.365,1066.9,1436.58,6.679,0.45
736,13.193,1068.8,1437.21,6.709,0.45
737,13.038,1064.2,1438.26,6.745,0.45
738,13.0,1063.1,1439.56,6.774,0.45
739,13.0,1060.0,1441.06,6.793,0.45
740,13.105,1057.2,1442.57,6.792,0.45
741,13.168,1056.4,1443.93,6.782,0.45
742,13.184,1056.7,1445.16,6.774,0.45
743,13.0,1057.9,1446.46,6.79,0.45
744,13.329,1059.7,1447.42,6.766,0.45
745,13.202,1057.0,1448.35,6.759,0.45
746,13.091,1055.7,1449.33,6.766,0.45
747,13.059,1054.9,1450.36,6.774,0.45
748,13.0,1053.1,1451.48,6.785,0.45
749,13.263,1060.5,1452.21,6.771,0.45
750,13.168,1057.9,1452.96,6.768,0.45
751,13.238,1057.4,1453.58,6.757,0.45
752,13.131,1053.4,1454.29,6.757,0.45
753,13.16,1053.9,1454.93,6.754,0.45
754,13.199,1054.4,1455.47,6.748,0.45
755,13.459,1051.3,1455.7,6.709,0.45
756,13.398,1052.2,1455.71,6.688,0.45
757,13.46,1057.3,1455.43,6.671,0.45
758,13.509,1056.9,1454.98,6.652,0.45
759,13.672,1060.5,1454.18,6.623,0.45
760,13.739,1059.7,1453.15,6.592,0.45
761,13.712,1057.2,1452.04,6.569,0.45
762,13.544,1056.9,1450.99,6.571,0.45
763,13.445,1053.2,1450.19,6.581,0.45
764,13.357,1051.2,1449.6,6.596,0.45
765,13.462,1046.7,1449.09,6.589,0.45
766,13.59,1043.8,1448.48,6.566,0.45
767,13.615,1043.8,1447.72,6.545,0.45
768,13.805,1043.2,1446.65,6.507,0.45
769,13.744,1041.8,1445.45,6.484,0.45
770,13.706,1039.0,1444.23,6.468,0.45
771,13.673,1038.5,1443.02,6.459,0.45
772,13.596,1039.3,1441.87,6.462,0.45
773,13.912,1035.2,1440.51,6.423,0.45
774,13.785,1037.8,1439.03,6.411,0.45
775,13.883,1034.1,1437.47,6.387,0.45
776,13.939,1035.2,1435.73,6.363,0.45
777,13.85,1038.9,1433.95,6.36,0.45
778,13.782,1040.6,1432.29,6.367,0.45
779,13.946,1038.7,1430.6,6.352,0.45
780,13.803,1039.1,1429.05,6.357,0.45
781,13.735,1040.6,1427.65,6.371,0.45
782,13.733,1038.7,1426.43,6.38,0.45
783,13.851,1041.0,1425.15,6.375,0.45
784,13.642,1041.0,1424.13,6.396,0.45
785,13.61,1044.0,1423.3,6.419,0.45
786,13.485,1044.3,1422.79,6.451,0.45
787,13.493,1043.0,1422.53,6.473,0.45
788,13.462,1047.5,1422.41,6.498,0.45
789,13.459,1043.4,1422.53,6.512,0.45
790,13.521,1044.0,1422.66,6.517,0.45
791,13.391,1042.3,1423.0,6.533,0.45
792,13.339,1043.4,1423.46,6.553,0.45
793,13.285,1040.8,1424.14,6.571,0.45
794,13.062,1043.6,1425.11,6.615,0.45
795,13.136,1040.2,1426.31,6.634,0.45
796,13.041,1045.3,1427.62,6.666,0.45
797,13.085,1041.3,1429.1,6.68,0.45
798,13.231,1044.9,1430.39,6.678,0.45
799,13.255,1046.9,1431.55,6.676,0.45
800,13.309,1048.8,1432.55,6.67,0.45
801,13.325,1047.0,1433.48,6.661,0.45
802,13.32,1049.0,1434.29,6.658,0.45
803,13.027,1048.5,1435.36,6.689,0.45
804,13.0,1050.7,1436.59,6.718,0.45
805,13.013,1051.8,1437.94,6.74,0.45
806,13.074,1047.9,1439.36,6.745,0.45
807,13.166,1046.6,1440.68,6.736,0.45
808,13.149,1048.3,1441.86,6.733,0.45
809,13.118,1048.2,1443.01,6.735,0.45
810,13.232,1050.2,1443.96,6.725,0.45
811,13.228,1051.5,1444.8,6.719,0.45
812,13.054,1052.1,1445.74,6.736,0.45
813,13.0,1054.7,1446.79,6.758,0.45
814,13.0,1053.8,1447.95,6.774,0.45
815,13.0,1052.0,1449.19,6.784,0.45
816,13.0,1054.6,1450.39,6.794,0.45
817,13.0,1057.5,1451.57,6.805,0.45
818,13.0,1060.9,1452.73,6.817,0.45
819,13.11,1055.6,1453.89,6.807,0.45
820,13.063,1052.9,1455.02,6.802,0.45
821,13.0,1052.5,1456.13,6.805,0.45
822,13.0,1050.0,1457.27,6.805,0.45
823,13.0,1045.7,1458.42,6.799,0.45
824,13.102,1043.0,1459.4,6.78,0.45
825,13.063,1042.1,1460.25,6.769,0.45
826,13.051,1042.2,1461.0,6.763,0.45
827,13.118,1043.8,1461.58,6.751,0.45
828,13.153,1042.0,1462.04,6.737,0.45
829,13.252,1040.9,1462.29,6.713,0.45
830,13.262,1037.3,1462.41,6.69,0.45
831,13.153,1035.4,1462.51,6.683,0.45
832,13.31,1037.3,1462.36,6.662,0.45
833,13.424,1038.8,1461.91,6.634,0.45
834,13.258,1039.5,1461.46,6.634,0.45
835,13.305,1035.5,1461.04,6.623,0.45
836,13.468,1038.2,1460.35,6.599,0.45
837,13.329,1041.6,1459.62,6.602,0.45
838,13.662,1046.3,1458.49,6.57,0.45
839,13.527,1050.0,1457.29,6.566,0.45
840,13.375,1052.4,1456.25,6.584,0.45
841,13.303,1054.1,1455.44,6.608,0.45
842,13.299,1056.6,1454.79,6.629,0.45
843,13.171,1055.5,1454.47,6.659,0.45
844,13.399,1055.0,1454.14,6.654,0.45
845,13.308,1056.5,1453.88,6.662,0.45
846,13.264,1055.4,1453.74,6.673,0.45
847,13.356,1056.6,1453.56,6.671,0.45
848,13.409,1055.1,1453.35,6.662,0.45
849,13.393,1051.9,1453.15,6.653,0.45
850,13.156,1047.1,1453.25,6.669,0.45
851,13.221,1047.5,1453.37,6.673,0.45
852,13.128,1049.2,1453.58,6.69,0.45
853,13.0,1048.1,1454.05,6.716,0.45
854,13.134,1046.5,1454.57,6.718,0.45
855,13.02,1043.0,1455.24,6.729,0.45
856,13.0,1044.7,1455.97,6.741,0.45
857,13.0,1045.9,1456.73,6.752,0.45
858,13.0,1043.5,1457.56,6.757,0.45
859,13.004,1043.0,1458.41,6.76,0.45
860,13.0,1042.0,1459.26,6.761,0.45
861,13.0,1042.0,1460.08,6.762,0.45
862,13.0,1042.5,1460.86,6.764,0.45
863,13.0,1042.4,1461.61,6.765,0.45
864,13.0,1042.5,1462.34,6.766,0.45
865,13.026,1044.1,1462.97,6.765,0.45
866,13.061,1044.7,1463.53,6.761,0.45
867,13.176,1045.2,1463.9,6.745,0.45
868,13.248,1047.6,1464.03,6.728,0.45
869,13.276,1053.1,1463.91,6.718,0.45
870,13.192,1055.3,1463.78,6.723,0.45
871,13.151,1056.6,1463.71,6.733,0.45
872,13.116,1054.6,1463.79,6.742,0.45
873,13.068,1055.3,1463.97,6.755,0.45
874,13.025,1055.7,1464.28,6.771,0.45
875,13.128,1060.0,1464.51,6.776,0.45
876,13.272,1062.2,1464.56,6.764,0.45
877,13.351,1064.6,1464.41,6.75,0.45
878,13.311,1067.9,1464.16,6.747,0.45
879,13.51,1066.8,1463.71,6.721,0.45
880,13.459,1070.2,1463.09,6.711,0.45
881,13.418,1071.4,1462.46,6.709,0.45
882,13.405,1069.8,1461.89,6.708,0.45
883,13.433,1068.8,1461.31,6.703,0.45
884,13.361,1070.0,1460.78,6.708,0.45
885,13.547,1068.3,1460.14,6.689,0.45
886,13.618,1069.1,1459.29,6.667,0.45
887,13.664,1069.5,1458.27,6.645,0.45
888,13.768,1067.4,1457.08,6.614,0.45
889,13.743,1066.3,1455.78,6.593,0.45
890,13.636,1068.9,1454.46,6.593,0.45
891,13.565,1064.2,1453.36,6.595,0.45
892,13.569,1063.2,1452.33,6.595,0.45
893,13.424,1064.6,1451.49,6.614,0.45
894,13.38,1062.3,1450.89,6.631,0.45
895,13.419,1055.6,1450.5,6.631,0.45
896,13.449,1055.0,1450.11,6.627,0.45
897,13.39,1052.1,1449.82,6.627,0.45
898,13.306,1051.5,1449.66,6.637,0.45
899,13.473,1047.9,1449.44,6.62,0.45
900,13.555,1050.1,1449.0,6.601,0.45
901,13.388,1048.2,1448.66,6.603,0.45
902,13.273,1048.4,1448.46,6.619,0.45
903,13.22,1047.7,1448.45,6.637,0.45
904,13.467,1046.6,1448.31,6.619,0.45
905,13.481,1046.7,1448.02,6.605,0.45
906,13.534,1047.0,1447.59,6.588,0.45
907,13.386,1045.6,1447.24,6.591,0.45
908,13.394,1047.8,1446.88,6.595,0.45
909,13.372,1052.0,1446.53,6.606,0.45
910,13.266,1046.8,1446.45,6.62,0.45
911,13.318,1050.4,1446.38,6.629,0.45
912,13.385,1049.1,1446.32,6.626,0.45
913,13.288,1050.8,1446.31,6.637,0.45
914,13.159,1053.5,1446.48,6.664,0.45
915,13.0,1050.8,1447.03,6.7,0.45
916,13.09,1048.5,1447.77,6.713,0.45
917,13.0,1049.7,1448.64,6.735,0.45
918,13.0,1050.3,1449.63,6.752,0.45
919,13.202,1049.8,1450.47,6.741,0.45
920,13.394,1053.3,1450.93,6.714,0.45
921,13.494,1052.8,1451.08,6.681,0.45
922,13.665,1053.3,1450.79,6.637,0.45
923,13.528,1049.0,1450.43,6.615,0.45
924,13.705,1049.4,1449.73,6.578,0.45
925,13.516,1049.3,1449.01,6.573,0.45
926,13.44,1053.6,1448.3,6.583,0.45
927,13.538,1050.8,1447.61,6.575,0.45
928,13.536,1049.4,1446.92,6.569,0.45
929,13.533,1050.4,1446.2,6.565,0.45
930,13.34,1049.5,1445.72,6.584,0.45
931,13.231,1047.2,1445.55,6.608,0.45
932,13.115,1046.0,1445.72,6.639,0.45
933,13.167,1044.8,1446.06,6.654,0.45
934,13.208,1046.2,1446.44,6.662,0.45
935,13.164,1046.7,1446.89,6.674,0.45
936,13.305,1047.1,1447.25,6.667,0.45
937,13.339,1047.4,1447.49,6.658,0.45
938,13.3,1050.0,1447.66,6.659,0.45
939,13.158,1051.1,1447.97,6.678,0.45
940,13.283,1052.2,1448.25,6.678,0.45
941,13.196,1055.8,1448.56,6.693,0.45
942,13.16,1060.4,1448.91,6.714,0.45
943,13.0,1061.4,1449.55,6.749,0.45
944,13.0,1059.1,1450.44,6.773,0.45
945,13.0,1063.1,1451.39,6.796,0.45
946,13.132,1065.5,1452.29,6.8,0.45
947,13.297,1063.9,1453.01,6.782,0.45
948,13.241,1063.9,1453.64,6.775,0.45
949,13.343,1063.1,1454.1,6.757,0.45
950,13.412,1058.1,1454.41,6.729,0.45
951,13.564,1061.2,1454.29,6.694,0.45
952,13.485,1063.5,1453.99,6.68,0.45
953,13.335,1061.4,1453.8,6.685,0.45
954,13.433,1059.7,1453.56,6.674,0.45
955,13.484,1060.0,1453.19,6.661,0.45
956,13.331,1061.3,1452.89,6.671,0.45
957,13.248,1065.6,1452.7,6.693,0.45
958,13.097,1066.6,1452.83,6.728,0.45
959,13.095,1066.2,1453.22,6.755,0.45
960,13.169,1067.0,1453.68,6.766,0.45
961,13.232,1061.8,1454.22,6.762,0.45
962,13.225,1060.7,1454.73,6.758,0.45
963,13.296,1061.6,1455.11,6.748,0.45
964,13.38,1059.4,1455.34,6.728,0.45
965,13.52,1061.0,1455.23,6.698,0.45
966,13.577,1061.2,1454.86,6.669,0.45
967,13.438,1062.2,1454.44,6.665,0.45
968,13.379,1061.1,1454.09,6.668,0.45
969,13.453,1059.7,1453.7,6.659,0.45
970,13.427,1060.4,1453.29,6.657,0.45
971,13.59,1062.5,1452.66,6.639,0.45
972,13.414,1062.1,1452.13,6.645,0.45
973,13.513,1061.5,1451.58,6.637,0.45
974,13.412,1063.0,1451.09,6.645,0.45
975,13.416,1062.8,1450.67,6.651,0.45
976,13.287,1063.0,1450.46,6.67,0.45
977,13.063,1068.2,1450.57,6.717,0.45
978,13.0,1072.8,1450.99,6.765,0.45
979,13.094,1072.7,1451.63,6.79,0.45
980,13.0,1069.7,1452.56,6.816,0.45
981,13.0,1070.7,1453.62,6.837,0.45
982,13.23,1070.4,1454.53,6.825,0.45
983,13.375,1070.6,1455.16,6.799,0.45
984,13.423,1076.8,1455.43,6.781,0.45
985,13.367,1075.4,1455.64,6.773,0.45
986,13.425,1077.5,1455.69,6.762,0.45
987,13.5,1076.3,1455.59,6.744,0.45
988,13.47,1073.4,1455.45,6.731,0.45
989,13.57,1074.1,1455.08,6.71,0.45
990,13.354,1075.0,1454.8,6.72,0.45
991,13.454,1074.5,1454.51,6.716,0.45
992,13.409,1069.4,1454.32,6.712,0.45
993,13.353,1072.5,1454.13,6.719,0.45
994,13.296,1071.3,1454.1,6.73,0.45
995,13.344,1074.1,1454.05,6.736,0.45
996,13.266,1077.3,1454.09,6.753,0.45
997,13.181,1079.4,1454.3,6.778,0.45
998,13.164,1073.9,1454.79,6.793,0.45
999,13.271,1074.7,1455.23,6.792,0.45
1000,13.409,1079.8,1455.41,6.781,0.45
1001,13.34,1077.8,1455.62,6.779,0.45
1002,13.284,1080.0,1455.83,6.786,0.45
1003,13.078,1080.0,1456.3,6.816,0.45
1004,13.131,1080.0,1456.91,6.832,0.45
1005,13.29,1079.6,1457.43,6.825,0.45
1006,13.502,1080.0,1457.63,6.795,0.45
1007,13.451,1080.0,1457.67,6.779,0.45
1008,13.459,1077.8,1457.62,6.763,0.45
1009,13.278,1076.6,1457.67,6.771,0.45
1010,13.213,1080.0,1457.8,6.789,0.45
1011,13.305,1077.5,1457.98,6.789,0.45
1012,13.224,1076.6,1458.27,6.797,0.45
1013,13.412,1074.2,1458.43,6.778,0.45
1014,13.344,1073.8,1458.52,6.771,0.45
1015,13.344,1078.2,1458.48,6.771,0.45
1016,13.312,1076.8,1458.51,6.774,0.45
1017,13.236,1078.9,1458.61,6.787,0.45
1018,13.298,1076.3,1458.78,6.786,0.45
1019,13.357,1074.0,1458.91,6.776,0.45
1020,13.27,1078.6,1458.99,6.784,0.45
1021,13.317,1078.4,1459.06,6.785,0.45
1022,13.173,1077.2,1459.31,6.8,0.45
1023,13.239,1072.8,1459.66,6.799,0.45
1024,13.184,1074.3,1460.01,6.807,0.45
1025,13.064,1076.1,1460.52,6.829,0.45
1026,13.0,1075.1,1461.24,6.851,0.45
1027,13.0,1075.5,1462.08,6.869,0.45
1028,13.0,1074.2,1463.03,6.881,0.45
1029,13.05,1075.0,1463.95,6.884,0.45
1030,13.0,1073.2,1464.94,6.891,0.45
1031,13.0,1077.2,1465.87,6.901,0.45
1032,13.037,1078.5,1466.76,6.905,0.45
1033,13.0,1075.8,1467.73,6.909,0.45
1034,13.031,1076.1,1468.64,6.909,0.45
1035,13.0,1077.7,1469.52,6.915,0.45
1036,13.0,1075.1,1470.44,6.916,0.45
1037,13.0,1075.5,1471.32,6.917,0.45
1038,13.0,1073.0,1472.2,6.916,0.45
1039,13.0,1073.8,1473.02,6.915,0.45
1040,13.0,1070.5,1473.85,6.911,0.45
1041,13.0,1074.8,1474.55,6.913,0.45
1042,13.13,1069.2,1475.17,6.892,0.45
1043,13.0,1070.1,1475.75,6.893,0.45
1044,13.012,1066.3,1476.36,6.888,0.45
1045,13.029,1068.6,1476.85,6.885,0.45
1046,13.142,1065.9,1477.22,6.866,0.45
1047,13.11,1067.9,1477.43,6.858,0.45
1048,13.069,1066.1,1477.66,6.855,0.45
1049,13.057,1065.3,1477.88,6.853,0.45
1050,13.082,1059.8,1478.13,6.842,0.45
1051,13.012,1058.4,1478.4,6.841,0.45
1052,13.182,1056.6,1478.49,6.818,0.45
1053,13.209,1061.5,1478.3,6.803,0.45
1054,13.131,1063.1,1478.08,6.802,0.45
1055,13.174,1064.2,1477.8,6.799,0.45
1056,13.174,1065.5,1477.48,6.797,0.45
1057,13.209,1068.7,1477.08,6.796,0.45
1058,13.205,1072.3,1476.64,6.799,0.45
1059,13.177,1074.4,1476.24,6.808,0.45
1060,13.351,1075.3,1475.71,6.795,0.45
1061,13.574,1073.3,1474.89,6.756,0.45
1062,13.508,1071.9,1473.94,6.734,0.45
1063,13.444,1071.8,1472.94,6.724,0.45
1064,13.393,1070.5,1472.0,6.721,0.45
1065,13.532,1070.9,1470.93,6.703,0.45
1066,13.447,1070.2,1469.88,6.699,0.45
1067,13.253,1068.5,1469.09,6.717,0.45
1068,13.19,1065.6,1468.58,6.734,0.45
1069,13.067,1066.9,1468.32,6.763,0.45
1070,13.014,1070.4,1468.29,6.795,0.45
1071,13.044,1069.9,1468.45,6.815,0.45
1072,13.222,1073.8,1468.5,6.814,0.45
1073,13.168,1073.6,1468.61,6.819,0.45
1074,13.206,1072.3,1468.73,6.816,0.45
1075,13.438,1069.7,1468.6,6.784,0.45
1076,13.475,1071.1,1468.19,6.758,0.45
1077,13.477,1071.1,1467.62,6.737,0.45
1078,13.576,1075.3,1466.75,6.715,0.45
1079,13.394,1075.3,1465.96,6.72,0.45
1080,13.548,1074.9,1465.06,6.705,0.45
1081,13.588,1077.5,1464.01,6.692,0.45
1082,13.455,1079.1,1463.04,6.7,0.45
1083,13.512,1077.8,1462.12,6.698,0.45
1084,13.794,1078.7,1460.92,6.664,0.45
1085,13.915,1080.0,1459.38,6.626,0.45
1086,13.958,1080.0,1457.59,6.592,0.45
1087,14.056,1079.6,1455.57,6.555,0.45
1088,14.061,1079.6,1453.37,6.526,0.45
1089,13.955,1080.0,1451.18,6.518,0.45
1090,13.924,1080.0,1449.08,6.515,0.45
1091,13.69,1079.9,1447.29,6.54,0.45
1092,13.638,1079.5,1445.83,6.565,0.45
1093,14.0,1076.6,1444.26,6.538,0.45
1094,14.08,1074.0,1442.52,6.505,0.45
1095,14.23,1072.8,1440.48,6.461,0.45
1096,14.207,1074.9,1438.25,6.433,0.45
1097,14.117,1075.6,1436.02,6.424,0.45
1098,13.978,1075.2,1433.99,6.432,0.45
1099,13.896,1074.1,1432.22,6.447,0.45
1100,13.919,1073.3,1430.62,6.455,0.45
1101,14.087,1070.4,1429.0,6.438,0.45
1102,14.114,1073.1,1427.26,6.424,0.45
1103,13.863,1074.7,1425.73,6.446,0.45
1104,13.937,1077.4,1424.3,6.457,0.45
1105,13.87,1077.3,1423.1,6.472,0.45
1106,13.917,1077.0,1422.03,6.478,0.45
1107,13.915,1075.3,1421.08,6.481,0.45
1108,14.125,1073.1,1420.0,6.456,0.45
1109,14.298,1072.7,1418.6,6.416,0.45
1110,14.406,1075.7,1416.83,6.377,0.45
1111,14.298,1074.1,1414.99,6.358,0.45
1112,14.219,1072.4,1413.23,6.352,0.45
1113,14.158,1076.9,1411.51,6.359,0.45
1114,14.236,1077.1,1409.84,6.356,0.45
1115,14.199,1074.1,1408.28,6.355,0.45
1116,14.087,1075.8,1406.88,6.368,0.45
1117,13.994,1076.4,1405.73,6.391,0.45
1118,13.857,1078.3,1404.9,6.426,0.45
1119,13.894,1079.8,1404.28,6.449,0.45
1120,13.905,1078.6,1403.88,6.464,0.45
1121,14.052,1077.5,1403.47,6.457,0.45
1122,14.097,1079.0,1402.96,6.448,0.45
1123,13.988,1079.1,1402.52,6.454,0.45
1124,13.758,1080.0,1402.38,6.487,0.45
1125,13.946,1080.0,1402.25,6.489,0.45
1126,13.742,1080.0,1402.38,6.515,0.45
1127,13.749,1080.0,1402.67,6.534,0.45
1128,13.874,1080.0,1402.93,6.533,0.45
1129,13.767,1080.0,1403.28,6.545,0.45
1130,13.662,1080.0,1403.8,6.566,0.45
1131,13.442,1075.7,1404.76,6.603,0.45
1132,13.308,1077.1,1406.05,6.648,0.45
1133,13.485,1077.2,1407.41,6.661,0.45
1134,13.438,1076.9,1408.87,6.677,0.45
1135,13.37,1078.0,1410.41,6.697,0.45
1136,13.559,1080.0,1411.78,6.692,0.45
1137,13.485,1079.6,1413.15,6.697,0.45
1138,13.586,1077.8,1414.4,6.687,0.45
1139,13.507,1080.0,1415.58,6.691,0.45
1140,13.549,1080.0,1416.69,6.689,0.45
1141,13.656,1080.0,1417.62,6.675,0.45
1142,13.686,1080.0,1418.37,6.661,0.45
1143,13.678,1079.5,1418.99,6.651,0.45
1144,13.649,1078.8,1419.55,6.646,0.45
1145,13.756,1077.1,1419.97,6.628,0.45
1146,13.991,1076.0,1419.99,6.585,0.45
1147,13.943,1075.7,1419.78,6.558,0.45
1148,14.122,1074.7,1419.22,6.516,0.45
1149,14.095,1074.6,1418.41,6.487,0.45
1150,14.054,1072.7,1417.53,6.468,0.45
1151,14.13,1074.1,1416.45,6.447,0.45
1152,13.903,1074.2,1415.51,6.457,0.45
1153,13.778,1073.3,1414.85,6.479,0.45
1154,13.627,1075.7,1414.49,6.516,0.45
1155,13.66,1073.7,1414.4,6.538,0.45
1156,13.684,1068.5,1414.51,6.545,0.45
1157,13.527,1073.1,1414.78,6.574,0.45
1158,13.569,1075.4,1415.17,6.594,0.45
1159,13.362,1076.0,1415.89,6.633,0.45
1160,13.563,1077.1,1416.64,6.641,0.45
1161,13.771,1078.0,1417.16,6.623,0.45
1162,13.904,1080.0,1417.35,6.596,0.45
1163,14.108,1074.9,1417.22,6.546,0.45
1164,14.088,1073.6,1416.77,6.51,0.45
1165,14.164,1070.0,1416.05,6.469,0.45
1166,14.278,1072.6,1414.91,6.428,0.45
1167,14.164,1073.4,1413.65,6.412,0.45
1168,14.285,1074.0,1412.2,6.386,0.45
1169,14.199,1071.7,1410.75,6.374,0.45
1170,14.172,1070.7,1409.33,6.367,0.45
1171,14.138,1069.1,1407.97,6.364,0.45
1172,14.165,1068.9,1406.64,6.359,0.45
1173,14.216,1070.1,1405.28,6.35,0.45
1174,14.149,1073.0,1403.96,6.354,0.45
1175,14.044,1069.4,1402.91,6.366,0.45
1176,13.983,1072.0,1402.0,6.385,0.45
1177,14.099,1073.6,1401.13,6.387,0.45
1178,14.066,1072.4,1400.38,6.392,0.45
1179,13.963,1075.3,1399.74,6.411,0.45
1180,13.859,1075.4,1399.39,6.437,0.45
1181,13.858,1074.4,1399.24,6.456,0.45
1182,14.099,1073.3,1398.97,6.44,0.45
1183,14.174,1071.0,1398.57,6.417,0.45
1184,14.142,1070.9,1398.06,6.403,0.45
1185,14.248,1066.7,1397.43,6.375,0.45
1186,14.433,1064.5,1396.47,6.33,0.45
1187,14.373,1066.0,1395.28,6.305,0.45
1188,14.496,1066.9,1393.82,6.273,0.45
1189,14.388,1070.6,1392.28,6.266,0.45
1190,14.395,1068.7,1390.78,6.257,0.45
1191,14.353,1064.1,1389.39,6.251,0.45
1192,14.359,1063.5,1388.0,6.244,0.45
1193,14.388,1065.1,1386.59,6.238,0.45
1194,14.285,1061.9,1385.37,6.242,0.45
1195,14.144,1065.5,1384.33,6.265,0.45
1196,14.102,1066.6,1383.53,6.289,0.45
1197,14.165,1067.7,1382.84,6.301,0.45
1198,14.132,1064.5,1382.37,6.31,0.45
1199,14.22,1066.3,1381.85,6.308,0.45
1200,14.381,1069.3,1381.14,6.292,0.45
1201,14.459,1067.9,1380.28,6.268,0.45
1202,14.395,1070.7,1379.33,6.262,0.45
1203,14.26,1067.3,1378.56,6.269,0.45
1204,14.215,1062.3,1377.99,6.273,0.45
1205,14.058,1063.4,1377.64,6.296,0.45
1206,14.273,1061.1,1377.25,6.286,0.45
1207,14.049,1068.1,1376.94,6.313,0.45
1208,14.083,1068.0,1376.78,6.328,0.45
1209,14.205,1072.0,1376.55,6.331,0.45
1210,14.181,1069.2,1376.41,6.332,0.45
1211,14.143,1066.9,1376.37,6.334,0.45
1212,13.932,1064.0,1376.63,6.358,0.45
1213,13.986,1064.6,1376.98,6.37,0.45
1214,13.971,1063.2,1377.42,6.379,0.45
1215,13.801,1065.9,1378.04,6.409,0.45
1216,13.922,1065.3,1378.72,6.417,0.45
1217,13.829,1067.7,1379.47,6.436,0.45
1218,13.845,1065.4,1380.35,6.446,0.45
1219,13.737,1067.6,1381.33,6.469,0.45
1220,13.724,1068.6,1382.42,6.489,0.45
1221,13.653,1068.6,1383.69,6.512,0.45
1222,13.702,1069.6,1384.99,6.525,0.45
1223,13.715,1070.1,1386.3,6.533,0.45
1224,13.784,1071.2,1387.5,6.533,0.45
1225,13.819,1072.5,1388.59,6.53,0.45
1226,13.838,1075.0,1389.56,6.529,0.45
1227,13.771,1077.3,1390.5,6.538,0.45
1228,13.644,1079.3,1391.58,6.562,0.45
1229,13.579,1079.1,1392.85,6.588,0.45
1230,13.489,1080.0,1394.33,6.619,0.45
1231,13.39,1080.0,1396.06,6.654,0.45
1232,13.41,1078.7,1397.95,6.676,0.45
1233,13.568,1079.4,1399.72,6.675,0.45
1234,13.387,1076.9,1401.64,6.693,0.45
1235,13.667,1075.4,1403.32,6.671,0.45
1236,13.695,1073.7,1404.77,6.65,0.45
1237,13.631,1074.7,1406.07,6.642,0.45
1238,13.747,1074.0,1407.14,6.623,0.45
1239,13.756,1080.0,1407.92,6.613,0.45
1240,13.789,1080.0,1408.56,6.603,0.45
1241,13.858,1080.0,1409.02,6.586,0.45
1242,13.81,1079.7,1409.39,6.58,0.45
1243,13.749,1079.5,1409.77,6.581,0.45
1244,13.74,1080.0,1410.14,6.584,0.45
1245,13.557,1080.0,1410.73,6.608,0.45
1246,13.594,1080.0,1411.4,6.622,0.45
1247,13.596,1080.0,1412.16,6.632,0.45
1248,13.49,1080.0,1413.07,6.652,0.45
1249,13.366,1074.6,1414.28,6.675,0.45
1250,13.331,1074.2,1415.66,6.696,0.45
1251,13.215,1077.1,1417.21,6.729,0.45
1252,13.177,1074.9,1418.99,6.756,0.45
1253,13.208,1072.7,1420.89,6.769,0.45
1254,13.307,1071.7,1422.69,6.767,0.45
1255,13.34,1073.6,1424.34,6.763,0.45
1256,13.29,1075.7,1425.9,6.769,0.45
1257,13.478,1073.4,1427.26,6.748,0.45
1258,13.502,1073.0,1428.39,6.729,0.45
1259,13.495,1075.3,1429.31,6.719,0.45
1260,13.504,1078.7,1430.05,6.714,0.45
1261,13.544,1079.3,1430.66,6.706,0.45
1262,13.618,1079.6,1431.11,6.692,0.45
1263,13.575,1080.0,1431.46,6.687,0.45
1264,13.801,1080.0,1431.52,6.656,0.45
1265,13.855,1077.6,1431.34,6.624,0.45
1266,14.033,1072.2,1430.84,6.573,0.45
1267,14.059,1068.8,1430.03,6.528,0.45
1268,13.807,1067.4,1429.23,6.521,0.45
1269,13.826,1067.6,1428.42,6.515,0.45
1270,13.914,1068.8,1427.49,6.501,0.45
1271,13.699,1066.1,1426.78,6.513,0.45
1272,13.622,1061.4,1426.33,6.525,0.45
1273,13.597,1059.4,1426.05,6.535,0.45
1274,13.726,1058.1,1425.74,6.526,0.45
1275,13.67,1058.9,1425.43,6.527,0.45
1276,13.64,1062.2,1425.13,6.535,0.45
1277,13.622,1058.9,1424.97,6.539,0.45
1278,13.689,1058.9,1424.78,6.534,0.45
1279,13.809,1061.5,1424.41,6.519,0.45
1280,13.936,1064.8,1423.74,6.497,0.45
1281,13.936,1062.4,1422.99,6.477,0.45
1282,13.922,1061.7,1422.17,6.464,0.45
1283,13.899,1064.8,1421.25,6.46,0.45
1284,13.842,1068.9,1420.34,6.468,0.45
1285,13.684,1070.1,1419.68,6.495,0.45
1286,13.782,1066.0,1419.2,6.498,0.45
1287,13.987,1062.6,1418.59,6.473,0.45
1288,13.717,1063.2,1418.11,6.486,0.45
1289,13.8,1064.0,1417.64,6.487,0.45
1290,13.826,1064.0,1417.18,6.485,0.45
1291,13.86,1066.4,1416.66,6.482,0.45
1292,13.842,1068.7,1416.13,6.485,0.45
1293,13.845,1066.3,1415.68,6.484,0.45
1294,13.556,1066.5,1415.55,6.517,0.45
1295,13.65,1063.8,1415.6,6.528,0.45
1296,13.64,1062.4,1415.74,6.536,0.45
1297,13.868,1064.9,1415.64,6.518,0.45
1298,13.753,1065.4,1415.54,6.518,0.45
1299,13.823,1068.9,1415.33,6.514,0.45
1300,13.836,1070.6,1415.05,6.512,0.45
1301,13.894,1067.6,1414.75,6.5,0.45
1302,13.916,1067.4,1414.36,6.488,0.45
1303,13.889,1066.8,1413.95,6.481,0.45
1304,14.095,1070.7,1413.23,6.457,0.45
1305,14.252,1072.7,1412.17,6.422,0.45
1306,14.217,1075.4,1410.9,6.403,0.45
1307,14.156,1073.9,1409.65,6.395,0.45
1308,14.129,1073.6,1408.43,6.391,0.45
1309,14.118,1070.7,1407.32,6.386,0.45
1310,14.222,1071.4,1406.08,6.371,0.45
1311,14.366,1071.2,1404.66,6.343,0.45
1312,14.459,1072.8,1402.98,6.313,0.45
1313,14.315,1078.0,1401.25,6.313,0.45
1314,14.237,1074.3,1399.74,6.318,0.45
1315,14.273,1075.9,1398.27,6.319,0.45
1316,14.316,1076.6,1396.83,6.316,0.45
1317,13.914,1076.0,1395.89,6.36,0.45
1318,13.852,1074.7,1395.37,6.399,0.45
1319,13.878,1072.1,1395.15,6.422,0.45
1320,13.778,1071.0,1395.22,6.45,0.45
1321,13.692,1069.7,1395.59,6.48,0.45
1322,13.724,1069.5,1396.12,6.498,0.45
1323,13.553,1069.2,1396.95,6.531,0.45
1324,13.542,1069.4,1397.99,6.558,0.45
1325,13.583,1068.4,1399.12,6.572,0.45
1326,13.572,1067.9,1400.32,6.583,0.45
1327,13.641,1066.8,1401.49,6.582,0.45
1328,13.459,1063.0,1402.85,6.598,0.45
1329,13.547,1060.6,1404.18,6.597,0.45
1330,13.565,1055.8,1405.48,6.589,0.45
1331,13.616,1059.4,1406.57,6.581,0.45
1332,13.888,1058.3,1407.27,6.541,0.45
1333,13.581,1057.5,1408.0,6.547,0.45
1334,13.804,1061.3,1408.44,6.529,0.45
1335,13.722,1060.8,1408.82,6.525,0.45
1336,13.669,1061.2,1409.21,6.529,0.45
1337,13.525,1058.5,1409.81,6.545,0.45
1338,13.714,1060.6,1410.26,6.538,0.45
1339,13.837,1061.1,1410.5,6.518,0.45
1340,13.975,1063.8,1410.39,6.491,0.45
1341,13.977,1066.9,1410.06,6.473,0.45
1342,14.333,1069.8,1409.19,6.422,0.45
1343,14.212,1074.3,1408.07,6.402,0.45
1344,14.1,1072.5,1407.04,6.399,0.45
1345,14.06,1074.6,1406.02,6.404,0.45
1346,14.063,1074.1,1405.1,6.406,0.45
1347,14.199,1072.9,1404.11,6.391,0.45
1348,14.298,1071.4,1402.96,6.366,0.45
1349,14.025,1067.3,1402.03,6.374,0.45
1350,14.054,1069.8,1401.15,6.38,0.45
1351,14.179,1066.2,1400.28,6.366,0.45
1352,14.37,1062.6,1399.21,6.328,0.45
1353,14.249,1063.5,1398.05,6.315,0.45
1354,14.417,1061.7,1396.73,6.284,0.45
1355,14.37,1064.1,1395.26,6.268,0.45
1356,14.412,1064.1,1393.69,6.252,0.45
1357,14.264,1059.5,1392.31,6.252,0.45
1358,14.41,1061.3,1390.8,6.237,0.45
1359,14.35,1060.3,1389.35,6.231,0.45
1360,14.241,1060.2,1388.05,6.24,0.45
1361,14.064,1066.8,1386.93,6.275,0.45
1362,14.14,1068.6,1386.0,6.294,0.45
1363,13.975,1070.0,1385.4,6.33,0.45
1364,13.898,1067.2,1385.22,6.362,0.45
1365,14.008,1068.4,1385.11,6.375,0.45
1366,13.909,1075.1,1385.13,6.404,0.45
1367,14.052,1077.4,1385.15,6.411,0.45
1368,14.004,1080.0,1385.23,6.426,0.45
1369,13.708,1080.0,1385.72,6.472,0.45
1370,13.658,1079.1,1386.58,6.511,0.45
1371,13.816,1080.0,1387.49,6.523,0.45
1372,13.965,1078.6,1388.28,6.512,0.45
1373,13.761,1080.0,1389.16,6.53,0.45
1374,13.966,1079.4,1389.91,6.519,0.45
1375,14.087,1080.0,1390.39,6.496,0.45
1376,14.144,1080.0,1390.64,6.473,0.45
1377,14.167,1078.5,1390.72,6.451,0.45
1378,14.182,1079.6,1390.61,6.434,0.45
1379,14.049,1080.0,1390.53,6.438,0.45
1380,13.843,1080.0,1390.7,6.464,0.45
1381,13.847,1080.0,1391.02,6.484,0.45
1382,13.801,1079.4,1391.52,6.504,0.45
1383,13.745,1080.0,1392.19,6.525,0.45
1384,13.701,1080.0,1393.04,6.547,0.45
1385,13.641,1080.0,1394.05,6.57,0.45
1386,13.596,1080.0,1395.24,6.593,0.45
1387,13.446,1079.8,1396.71,6.628,0.45
1388,13.441,1077.5,1398.4,6.652,0.45
1389,13.385,1079.0,1400.22,6.678,0.45
1390,13.346,1078.8,1402.18,6.702,0.45
1391,13.121,1080.0,1404.45,6.748,0.45
1392,13.228,1077.6,1406.84,6.767,0.45
1393,13.102,1076.5,1409.41,6.795,0.45
1394,13.013,1077.1,1412.15,6.827,0.45
1395,13.0,1079.6,1414.97,6.855,0.45
1396,13.0,1080.0,1417.85,6.877,0.45
1397,13.075,1078.6,1420.7,6.883,0.45
1398,13.013,1078.2,1423.53,6.894,0.45
1399,13.006,1075.8,1426.35,6.901,0.45
1400,13.0,1072.5,1429.14,6.902,0.45
1401,13.0,1072.1,1431.83,6.903,0.45
1402,13.0,1069.6,1434.44,6.901,0.45
1403,13.171,1069.7,1436.71,6.879,0.45
1404,13.208,1070.4,1438.68,6.859,0.45
1405,13.211,1067.4,1440.47,6.841,0.45
1406,13.293,1073.2,1441.85,6.824,0.45
1407,13.414,1076.3,1442.88,6.8,0.45
1408,13.457,1076.5,1443.64,6.778,0.45
1409,13.476,1078.4,1444.17,6.761,0.45
1410,13.425,1078.8,1444.6,6.755,0.45
1411,13.363,1078.6,1445.04,6.757,0.45
1412,13.427,1079.5,1445.39,6.753,0.45
1413,13.631,1077.2,1445.5,6.723,0.45
1414,13.689,1079.7,1445.3,6.696,0.45
1415,13.718,1077.0,1444.94,6.669,0.45
1416,13.887,1074.0,1444.27,6.626,0.45
1417,13.912,1072.9,1443.33,6.589,0.45
1418,13.976,1076.3,1442.05,6.558,0.45
1419,14.064,1076.9,1440.52,6.525,0.45
1420,14.2,1076.5,1438.68,6.484,0.45
1421,14.311,1080.0,1436.48,6.444,0.45
1422,14.441,1079.1,1433.97,6.398,0.45
1423,14.628,1077.4,1431.07,6.339,0.45
1424,14.413,1079.3,1428.1,6.323,0.45
1425,14.498,1078.0,1425.1,6.299,0.45
1426,14.47,1080.0,1422.08,6.286,0.45
1427,14.489,1079.4,1419.1,6.274,0.45
1428,14.57,1079.9,1416.08,6.256,0.45
1429,14.505,1078.6,1413.18,6.249,0.45
1430,14.426,1079.0,1410.43,6.253,0.45
1431,14.367,1080.0,1407.89,6.264,0.45
1432,14.462,1077.7,1405.49,6.259,0.45
1433,14.623,1077.8,1402.99,6.236,0.45
1434,14.573,1080.0,1400.49,6.227,0.45
1435,14.709,1080.0,1397.9,6.205,0.45
1436,14.661,1077.3,1395.36,6.19,0.45
1437,14.747,1079.1,1392.72,6.171,0.45
1438,14.648,1075.9,1390.21,6.165,0.45
1439,14.521,1076.3,1387.91,6.176,0.45
1440,14.556,1078.9,1385.72,6.183,0.45
1441,14.358,1080.0,1383.85,6.213,0.45
1442,14.372,1080.0,1382.25,6.233,0.45
1443,14.381,1080.0,1380.85,6.248,0.45
1444,14.372,1080.0,1379.63,6.26,0.45
1445,14.272,1079.3,1378.67,6.28,0.45
1446,14.254,1079.2,1377.91,6.297,0.45
1447,14.372,1080.0,1377.17,6.296,0.45
1448,14.54,1080.0,1376.27,6.276,0.45
1449,14.733,1078.8,1375.11,6.237,0.45
1450,14.678,1076.3,1373.81,6.211,0.45
1451,14.547,1076.5,1372.53,6.208,0.4504
1452,14.512,1075.8,1371.33,6.208,0.4509
1453,14.614,1074.5,1370.08,6.195,0.4518
1454,14.801,1079.6,1368.52,6.169,0.4533
1455,14.653,1079.0,1367.03,6.167,0.454
1456,14.729,1080.0,1365.49,6.157,0.455
1457,14.715,1080.0,1363.95,6.151,0.4558
1458,14.615,1079.4,1362.56,6.158,0.4561
1459,14.623,1080.0,1361.27,6.163,0.4565
1460,14.669,1076.0,1360.1,6.156,0.4572
1461,14.657,1076.9,1358.95,6.154,0.4577
1462,14.683,1075.1,1357.83,6.147,0.4584
1463,14.705,1069.3,1356.76,6.132,0.4594
1464,14.65,1066.2,1355.74,6.124,0.4601
1465,14.656,1065.1,1354.73,6.116,0.4607
1466,14.712,1066.6,1353.65,6.106,0.4616
1467,14.613,1068.8,1352.61,6.112,0.4618
1468,14.638,1065.9,1351.67,6.11,0.4622
1469,14.717,1065.9,1350.68,6.099,0.463
1470,14.808,1063.5,1349.59,6.078,0.4642
1471,14.793,1065.6,1348.39,6.066,0.4652
1472,14.903,1063.1,1347.09,6.041,0.4667
1473,15.04,1060.5,1345.57,6.003,0.4688
1474,15.118,1058.4,1343.82,5.963,0.4711
1475,15.019,1058.1,1342.0,5.945,0.4726
1476,14.951,1057.5,1340.2,5.938,0.4736
1477,15.081,1060.2,1338.27,5.921,0.4751
1478,14.959,1058.0,1336.47,5.92,0.4759
1479,15.085,1058.2,1334.6,5.904,0.4773
1480,15.179,1060.5,1332.58,5.884,0.479
1481,15.39,1060.4,1330.31,5.844,0.4817
1482,15.468,1059.5,1327.82,5.804,0.4846
1483,15.496,1059.4,1325.15,5.771,0.4873
1484,15.548,1061.1,1322.31,5.741,0.4898
1485,15.684,1060.2,1319.3,5.702,0.493
1486,15.717,1055.6,1316.21,5.664,0.4962
1487,15.86,1055.1,1312.84,5.617,0.5
1488,15.965,1058.2,1309.17,5.574,0.5038
1489,15.971,1055.4,1305.43,5.537,0.5073
1490,16.033,1057.0,1301.51,5.504,0.5108
1491,15.975,1055.7,1297.65,5.485,0.5135
1492,15.903,1057.6,1293.89,5.481,0.5153
1493,15.68,1057.7,1290.54,5.505,0.5154
1494,15.589,1060.6,1287.54,5.536,0.515
1495,15.227,1056.5,1285.32,5.598,0.5126
1496,15.3,1052.5,1283.57,5.631,0.5116
1497,15.503,1056.5,1281.88,5.637,0.512
1498,15.509,1054.0,1280.33,5.637,0.5126
1499,15.374,1056.9,1278.97,5.657,0.5122
1500,15.174,1055.5,1278.03,5.693,0.5107
1501,14.992,1055.9,1277.55,5.743,0.5084
1502,15.173,1055.5,1277.24,5.758,0.5078
1503,15.263,1053.6,1276.97,5.757,0.5079
1504,15.072,1054.6,1276.88,5.779,0.5069
1505,15.141,1054.6,1276.84,5.788,0.5064
1506,14.913,1055.0,1277.08,5.822,0.5047
1507,14.86,1057.5,1277.5,5.857,0.5029
1508,14.865,1056.8,1278.15,5.881,0.5015
1509,14.862,1063.0,1278.88,5.907,0.5
1510,14.861,1064.8,1279.72,5.929,0.4987
1511,14.987,1067.5,1280.49,5.934,0.4982
1512,15.041,1071.3,1281.13,5.935,0.4979
1513,15.163,1069.0,1281.63,5.919,0.4984
1514,15.266,1067.7,1281.93,5.894,0.4994
1515,15.377,1065.5,1281.98,5.859,0.501
1516,15.357,1065.6,1281.79,5.835,0.5022
1517,15.476,1064.7,1281.36,5.802,0.5039
1518,15.617,1067.9,1280.51,5.765,0.5061
1519,15.611,1069.6,1279.43,5.739,0.5078
1520,15.467,1068.7,1278.39,5.736,0.5084
1521,15.429,1073.0,1277.36,5.743,0.5084
1522,15.345,1070.0,1276.55,5.755,0.5082
1523,15.436,1072.1,1275.75,5.756,0.5085
1524,15.62,1070.2,1274.83,5.732,0.5101
1525,15.768,1072.4,1273.63,5.699,0.5122
1526,15.773,1072.8,1272.28,5.675,0.514
1527,15.837,1071.2,1270.79,5.647,0.5161
1528,15.861,1067.7,1269.21,5.619,0.5182
1529,15.745,1067.2,1267.67,5.612,0.5193
1530,15.898,1069.1,1265.98,5.59,0.5212
1531,15.832,1065.5,1264.34,5.578,0.5226
1532,15.938,1064.0,1262.58,5.554,0.5246
1533,15.914,1068.2,1260.71,5.544,0.526
1534,15.994,1067.2,1258.78,5.526,0.5278
1535,15.903,1065.9,1256.94,5.521,0.5288
1536,15.981,1066.3,1255.1,5.509,0.5303
1537,15.971,1064.1,1253.32,5.499,0.5316
1538,15.979,1062.0,1251.57,5.488,0.533
1539,15.851,1060.3,1249.99,5.492,0.5334
1540,16.035,1063.2,1248.29,5.478,0.535
1541,16.098,1066.0,1246.46,5.462,0.5367
1542,15.883,1063.4,1244.88,5.473,0.5367
1543,16.054,1064.2,1243.25,5.462,0.538
1544,15.934,1061.4,1241.79,5.465,0.5385
1545,15.84,1063.1,1240.48,5.48,0.5382
1546,15.799,1059.8,1239.43,5.492,0.5379
1547,15.847,1054.0,1238.51,5.489,0.5385
1548,15.812,1061.0,1237.56,5.499,0.5384
1549,15.627,1059.8,1236.93,5.527,0.537
1550,15.551,1060.4,1236.57,5.557,0.5355
1551,15.595,1060.7,1236.35,5.575,0.5345
1552,15.789,1060.5,1236.1,5.565,0.5352
1553,15.823,1058.4,1235.79,5.552,0.5361
1554,15.644,1059.9,1235.54,5.565,0.5355
1555,15.603,1062.0,1235.43,5.581,0.5346
1556,15.419,1057.2,1235.65,5.61,0.5329
1557,15.322,1057.9,1236.13,5.644,0.5308
1558,15.516,1060.6,1236.56,5.649,0.5304
1559,15.48,1056.1,1237.12,5.653,0.53
1560,15.271,1052.2,1237.92,5.675,0.5284
1561,15.122,1051.7,1238.97,5.709,0.5262
1562,15.047,1055.5,1240.22,5.747,0.5237
1563,15.004,1057.1,1241.69,5.783,0.5212
1564,14.89,1056.8,1243.47,5.823,0.5185
1565,14.883,1058.1,1245.43,5.856,0.5162
1566,14.684,1058.8,1247.69,5.904,0.5129
1567,14.92,1060.3,1249.9,5.915,0.5116
1568,15.081,1064.4,1251.85,5.908,0.5111
1569,14.888,1061.9,1253.88,5.923,0.5095
1570,14.942,1062.0,1255.89,5.928,0.5085
1571,15.01,1057.0,1257.83,5.918,0.5082
1572,14.852,1061.0,1259.71,5.934,0.5067
1573,14.732,1066.3,1261.65,5.966,0.5045
1574,14.82,1067.9,1263.6,5.981,0.503
1575,15.004,1065.1,1265.4,5.968,0.5028
1576,15.058,1071.0,1266.89,5.959,0.5026
1577,14.918,1068.0,1268.44,5.965,0.5018
1578,15.032,1068.0,1269.81,5.956,0.5016
1579,14.944,1065.6,1271.21,5.956,0.501
1580,14.897,1066.0,1272.62,5.963,0.5001
1581,15.0,1070.8,1273.82,5.961,0.4997
1582,14.921,1072.2,1275.03,5.971,0.4988
1583,14.753,1073.7,1276.41,6.0,0.497
1584,14.71,1072.2,1277.96,6.025,0.4953
1585,14.846,1073.5,1279.45,6.029,0.4945
1586,14.686,1076.2,1281.03,6.054,0.4929
1587,14.459,1075.4,1282.98,6.099,0.4903
1588,14.589,1078.8,1284.97,6.121,0.4886
1589,14.475,1074.8,1287.18,6.147,0.4868
1590,14.525,1073.9,1289.42,6.159,0.4854
1591,14.459,1071.4,1291.74,6.173,0.484
1592,14.514,1073.4,1293.96,6.179,0.4829
1593,14.661,1073.0,1295.99,6.166,0.4825
1594,14.626,1075.3,1297.84,6.163,0.4819
1595,14.642,1070.3,1299.62,6.153,0.4815
1596,14.408,1072.3,1301.47,6.176,0.48
1597,14.393,1075.9,1303.37,6.198,0.4784
1598,14.527,1080.0,1305.12,6.204,0.4775
1599,14.41,1080.0,1306.95,6.223,0.4761
1600,14.273,1080.0,1308.97,6.253,0.4743
1601,14.186,1078.3,1311.21,6.283,0.4724
1602,14.301,1073.1,1313.51,6.287,0.4713
1603,14.23,1071.6,1315.82,6.296,0.4701
1604,14.208,1072.8,1318.1,6.307,0.4689
1605,14.038,1073.7,1320.54,6.336,0.467
1606,13.964,1072.8,1323.15,6.366,0.465
1607,13.891,1071.7,1325.94,6.395,0.4631
1608,13.709,1079.6,1328.88,6.448,0.4604
1609,13.587,1078.5,1332.2,6.501,0.4577
1610,13.709,1078.0,1335.62,6.525,0.4557
1611,13.808,1078.1,1338.93,6.532,0.4542
1612,13.732,1078.5,1342.22,6.547,0.4526
1613,13.811,1080.0,1345.34,6.55,0.4513
1614,13.665,1080.0,1348.52,6.57,0.45
1615,13.616,1080.0,1351.73,6.59,0.45
1616,13.665,1074.4,1354.97,6.594,0.45
1617,13.721,1072.7,1358.04,6.587,0.45
1618,13.82,1075.5,1360.78,6.574,0.45
1619,13.668,1078.9,1363.41,6.586,0.45
1620,13.681,1080.0,1365.97,6.595,0.45
1621,13.526,1080.0,1368.64,6.62,0.45
1622,13.452,1076.3,1371.5,6.643,0.45
1623,13.437,1080.0,1374.37,6.666,0.45
1624,13.344,1080.0,1377.37,6.695,0.45
1625,13.359,1077.1,1380.46,6.711,0.45
1626,13.291,1079.5,1383.56,6.734,0.45
1627,13.429,1077.1,1386.56,6.732,0.45
1628,13.265,1074.8,1389.63,6.748,0.45
1629,13.287,1076.0,1392.63,6.758,0.45
1630,13.029,1079.5,1395.81,6.8,0.45
1631,13.177,1080.0,1398.97,6.815,0.45
1632,13.367,1080.0,1401.88,6.803,0.45
1633,13.32,1076.9,1404.67,6.797,0.45
1634,13.138,1080.0,1407.43,6.817,0.45
1635,13.239,1080.0,1410.11,6.82,0.45
1636,13.297,1078.3,1412.64,6.814,0.45
1637,13.113,1079.3,1415.21,6.832,0.45
1638,13.135,1078.3,1417.77,6.842,0.45
1639,13.142,1075.4,1420.33,6.845,0.45
1640,13.065,1075.7,1422.87,6.856,0.45
1641,13.2,1074.7,1425.25,6.848,0.45
1642,13.311,1076.7,1427.3,6.831,0.45
1643,13.241,1077.4,1429.21,6.828,0.45
1644,13.328,1079.3,1430.89,6.817,0.45
1645,13.448,1080.0,1432.28,6.795,0.45
1646,13.469,1080.0,1433.42,6.777,0.45
1647,13.606,1080.0,1434.24,6.747,0.45
1648,13.412,1074.4,1435.11,6.741,0.45
1649,13.393,1071.9,1435.95,6.735,0.45
1650,13.535,1072.5,1436.55,6.715,0.45
1651,13.633,1069.6,1436.92,6.686,0.45
1652,13.728,1068.2,1436.98,6.65,0.45
1653,13.706,1067.1,1436.84,6.625,0.45
1654,13.489,1068.8,1436.74,6.634,0.45
1655,13.601,1071.9,1436.54,6.631,0.45
1656,13.802,1071.4,1436.12,6.604,0.45
1657,13.885,1070.5,1435.46,6.573,0.45
1658,13.878,1076.8,1434.53,6.558,0.45
1659,13.953,1073.2,1433.53,6.534,0.45
1660,13.971,1070.3,1432.41,6.51,0.45
1661,13.915,1073.0,1431.19,6.502,0.45
1662,13.81,1074.7,1430.08,6.511,0.45
1663,13.718,1077.3,1429.13,6.531,0.45
1664,13.532,1073.9,1428.63,6.564,0.45
1665,13.523,1075.1,1428.38,6.591,0.45
1666,13.426,1076.7,1428.39,6.625,0.45
1667,13.502,1074.8,1428.58,6.639,0.45
1668,13.412,1071.7,1429.03,6.657,0.45
1669,13.258,1072.7,1429.73,6.689,0.45
1670,13.265,1074.8,1430.59,6.715,0.45
1671,13.174,1075.4,1431.69,6.746,0.45
1672,13.031,1071.0,1433.18,6.781,0.45
1673,13.213,1070.6,1434.65,6.785,0.45
1674,13.289,1074.0,1435.94,6.784,0.45
1675,13.446,1074.1,1436.98,6.764,0.45
1676,13.446,1072.2,1437.86,6.747,0.45
1677,13.356,1072.0,1438.69,6.745,0.45
1678,13.421,1071.2,1439.39,6.734,0.45
1679,13.442,1068.8,1440.01,6.721,0.45
1680,13.465,1067.2,1440.5,6.707,0.45
1681,13.389,1068.2,1440.93,6.706,0.45
1682,13.48,1072.7,1441.17,6.7,0.45
1683,13.392,1072.5,1441.45,6.706,0.45
1684,13.349,1073.1,1441.79,6.716,0.45
1685,13.229,1070.6,1442.36,6.735,0.45
1686,13.221,1075.0,1442.98,6.755,0.45
1687,13.341,1074.2,1443.61,6.755,0.45
1688,13.24,1071.1,1444.37,6.763,0.45
1689,13.277,1074.1,1445.06,6.768,0.45
1690,13.382,1072.8,1445.67,6.758,0.45
1691,13.514,1071.7,1446.05,6.734,0.45
1692,13.482,1071.0,1446.29,6.719,0.45
1693,13.34,1069.0,1446.6,6.722,0.45
1694,13.324,1074.2,1446.85,6.732,0.45
1695,13.318,1073.4,1447.18,6.739,0.45
1696,13.275,1075.0,1447.57,6.752,0.45
1697,13.336,1078.4,1447.9,6.758,0.45
1698,13.48,1080.0,1448.08,6.748,0.45
1699,13.67,1080.0,1447.97,6.717,0.45
1700,13.595,1080.0,1447.74,6.704,0.45
1701,13.387,1080.0,1447.64,6.718,0.45
1702,13.271,1078.3,1447.81,6.74,0.45
1703,13.422,1079.5,1447.96,6.74,0.45
1704,13.398,1080.0,1448.11,6.744,0.45
1705,13.516,1079.3,1448.16,6.732,0.45
1706,13.439,1076.6,1448.24,6.729,0.45
1707,13.403,1075.8,1448.36,6.73,0.45
1708,13.404,1075.8,1448.47,6.731,0.45
1709,13.434,1080.0,1448.48,6.732,0.45
1710,13.32,1080.0,1448.64,6.747,0.45
1711,13.439,1080.0,1448.78,6.744,0.45
1712,13.36,1077.4,1449.01,6.748,0.45
1713,13.527,1072.8,1449.14,6.726,0.45
1714,13.522,1071.9,1449.12,6.709,0.45
1715,13.528,1070.2,1449.02,6.694,0.45
1716,13.465,1072.6,1448.84,6.693,0.45
1717,13.481,1070.7,1448.67,6.688,0.45
1718,13.466,1072.1,1448.47,6.687,0.45
1719,13.779,1071.2,1447.95,6.649,0.45
1720,13.865,1071.6,1447.08,6.611,0.45
1721,13.932,1069.8,1445.94,6.572,0.45
1722,13.913,1070.2,1444.59,6.545,0.45
1723,14.042,1074.4,1442.92,6.515,0.45
1724,14.247,1071.4,1440.93,6.465,0.45
1725,14.318,1073.7,1438.59,6.422,0.45
1726,14.348,1072.9,1436.03,6.385,0.45
1727,14.312,1073.8,1433.36,6.362,0.45
1728,14.403,1076.6,1430.51,6.338,0.45
1729,14.216,1078.9,1427.78,6.345,0.45
1730,14.28,1080.0,1425.14,6.343,0.45
1731,14.095,1078.6,1422.85,6.362,0.45
1732,14.305,1076.3,1420.6,6.349,0.45
1733,14.325,1075.6,1418.37,6.336,0.45
1734,14.122,1079.2,1416.3,6.355,0.45
1735,14.046,1076.4,1414.59,6.374,0.45
1736,14.051,1079.2,1413.06,6.391,0.45
1737,14.03,1077.7,1411.76,6.405,0.45
1738,14.021,1076.7,1410.64,6.415,0.45
1739,13.826,1074.7,1409.88,6.443,0.45
1740,14.029,1072.4,1409.17,6.438,0.45
1741,14.198,1072.8,1408.25,6.414,0.45
1742,14.339,1069.0,1407.12,6.376,0.45
1743,14.428,1070.3,1405.65,6.338,0.45
1744,14.226,1074.1,1404.16,6.338,0.45
1745,14.296,1068.5,1402.74,6.323,0.45
1746,14.389,1069.6,1401.16,6.302,0.45
1747,14.366,1068.5,1399.54,6.288,0.45
1748,14.421,1071.0,1397.8,6.273,0.45
1749,14.592,1072.5,1395.83,6.244,0.45
1750,14.474,1073.0,1393.87,6.237,0.45
1751,14.383,1073.2,1392.02,6.242,0.45
1752,14.532,1071.5,1390.18,6.227,0.45
1753,14.597,1067.4,1388.33,6.203,0.45
1754,14.576,1067.5,1386.42,6.188,0.45
1755,14.486,1068.1,1384.59,6.187,0.45
1756,14.509,1069.4,1382.78,6.186,0.45
1757,14.494,1065.4,1381.12,6.182,0.45
1758,14.405,1066.2,1379.6,6.19,0.45
1759,14.447,1065.3,1378.17,6.191,0.45
1760,14.533,1065.3,1376.72,6.181,0.45
1761,14.658,1065.7,1375.15,6.159,0.451
1762,14.727,1062.8,1373.46,6.132,0.4527
1763,14.548,1062.3,1371.84,6.131,0.4533
1764,14.589,1065.4,1370.23,6.13,0.454
1765,14.636,1067.7,1368.59,6.126,0.4548
1766,14.507,1068.5,1367.12,6.139,0.455
1767,14.523,1065.7,1365.83,6.144,0.4553
1768,14.381,1063.0,1364.81,6.161,0.4551
1769,14.353,1059.0,1364.04,6.172,0.455
1770,14.292,1060.1,1363.42,6.189,0.4547
1771,14.526,1060.8,1362.69,6.176,0.4555
1772,14.547,1058.6,1361.91,6.16,0.4563
1773,14.663,1058.4,1360.96,6.134,0.4576
1774,14.566,1061.0,1359.95,6.13,0.4582
1775,14.294,1062.1,1359.21,6.16,0.4574
1776,14.217,1062.6,1358.78,6.192,0.4565
1777,14.27,1063.8,1358.52,6.211,0.4559
1778,14.512,1061.4,1358.16,6.194,0.4566
1779,14.415,1062.7,1357.8,6.194,0.4568
1780,14.227,1065.8,1357.59,6.22,0.456
1781,14.165,1070.2,1357.56,6.252,0.455
1782,14.287,1071.5,1357.6,6.263,0.4546
1783,14.332,1070.1,1357.71,6.264,0.4545
1784,14.296,1071.9,1357.83,6.272,0.4542
1785,14.258,1067.8,1358.11,6.277,0.4539
1786,14.234,1065.7,1358.46,6.281,0.4537
1787,14.534,1064.3,1358.5,6.247,0.4547
1788,14.408,1066.6,1358.4,6.24,0.455
1789,14.543,1066.8,1358.11,6.218,0.4558
1790,14.553,1070.5,1357.65,6.205,0.4565
1791,14.443,1070.3,1357.23,6.208,0.4565
1792,14.602,1068.7,1356.69,6.19,0.4574
1793,14.718,1068.9,1355.91,6.163,0.4586
1794,14.932,1069.7,1354.77,6.118,0.4607
1795,15.002,1072.3,1353.26,6.079,0.4627
1796,15.086,1076.1,1351.42,6.045,0.4648
1797,15.19,1079.4,1349.27,6.01,0.467
1798,15.208,1075.7,1347.01,5.978,0.4692
1799,15.301,1075.1,1344.59,5.942,0.4717
1800,15.267,1074.7,1342.06,5.919,0.4737
1801,15.321,1074.1,1339.46,5.894,0.4758
1802,15.392,1074.1,1336.74,5.868,0.4781
1803,15.286,1073.8,1334.07,5.86,0.4795
1804,15.375,1071.5,1331.41,5.841,0.4815
1805,15.276,1070.0,1328.89,5.836,0.4827
1806,15.377,1071.6,1326.35,5.823,0.4844
1807,15.186,1074.3,1324.01,5.838,0.4846
1808,15.187,1076.3,1321.85,5.852,0.4849
1809,15.263,1075.9,1319.82,5.853,0.4857
1810,15.106,1078.5,1318.02,5.876,0.4854
1811,14.999,1077.6,1316.57,5.904,0.4847
1812,15.082,1080.0,1315.26,5.918,0.4847
1813,15.177,1080.0,1314.0,5.918,0.4852
1814,14.984,1078.6,1313.03,5.938,0.4847
1815,14.948,1073.2,1312.33,5.952,0.4844
1816,14.934,1074.5,1311.76,5.965,0.4841
1817,14.84,1071.5,1311.43,5.983,0.4835
1818,14.687,1069.0,1311.44,6.011,0.4823
1819,14.422,1068.1,1311.9,6.063,0.4801
1820,14.236,1068.8,1312.87,6.124,0.4773
1821,14.334,1073.2,1314.05,6.163,0.4754
1822,14.32,1075.4,1315.42,6.197,0.4736
1823,14.297,1080.0,1316.9,6.231,0.4719
1824,14.074,1080.0,1318.78,6.282,0.4694
1825,14.034,1076.8,1321.03,6.322,0.4672
1826,14.01,1074.8,1323.47,6.352,0.4653
1827,13.994,1076.1,1326.01,6.378,0.4635
1828,14.033,1079.4,1328.52,6.396,0.462
1829,13.91,1080.0,1331.17,6.426,0.4601
1830,13.832,1078.2,1333.99,6.455,0.4582
1831,13.779,1074.4,1336.98,6.478,0.4564
1832,13.677,1074.8,1340.09,6.509,0.4544
1833,13.611,1076.1,1343.32,6.541,0.4523
1834,13.521,1077.1,1346.72,6.576,0.4501
1835,13.69,1077.0,1350.02,6.583,0.45
1836,13.57,1080.0,1353.3,6.606,0.45
1837,13.644,1074.3,1356.59,6.607,0.45
1838,13.617,1076.4,1359.74,6.614,0.45
1839,13.735,1069.0,1362.77,6.597,0.45
1840,13.776,1065.5,1365.56,6.575,0.45
1841,13.65,1064.5,1368.21,6.572,0.45
1842,13.511,1063.3,1370.88,6.585,0.45
1843,13.57,1064.0,1373.45,6.589,0.45
1844,13.563,1067.4,1375.89,6.596,0.45
1845,13.496,1069.2,1378.31,6.612,0.45
1846,13.571,1064.3,1380.71,6.609,0.45
1847,13.389,1064.1,1383.2,6.628,0.45
1848,13.392,1064.2,1385.7,6.642,0.45
1849,13.086,1067.9,1388.47,6.693,0.45
1850,13.093,1072.1,1391.41,6.735,0.45
1851,13.053,1067.0,1394.63,6.766,0.45
1852,13.121,1068.4,1397.84,6.782,0.45
1853,13.415,1068.7,1400.67,6.76,0.45
1854,13.366,1065.4,1403.33,6.746,0.45
1855,13.402,1062.6,1405.77,6.727,0.45
1856,13.451,1063.0,1407.91,6.708,0.45
1857,13.566,1059.4,1409.75,6.676,0.45
1858,13.54,1058.5,1411.33,6.654,0.45
1859,13.584,1056.9,1412.65,6.631,0.45
1860,13.42,1055.3,1413.95,6.63,0.45
1861,13.498,1056.0,1415.08,6.622,0.45
1862,13.4,1058.3,1416.17,6.63,0.45
1863,13.325,1061.0,1417.3,6.647,0.45
1864,13.483,1058.8,1418.38,6.64,0.45
1865,13.403,1057.9,1419.47,6.642,0.45
1866,13.326,1057.1,1420.63,6.652,0.45
1867,13.192,1055.2,1421.98,6.673,0.45
1868,13.081,1057.7,1423.5,6.705,0.45
1869,13.075,1053.8,1425.26,6.725,0.45
1870,13.026,1053.9,1427.12,6.746,0.45
1871,13.181,1052.5,1428.91,6.742,0.45
1872,13.0,1048.9,1430.82,6.756,0.45
1873,13.102,1051.9,1432.6,6.758,0.45
1874,13.155,1055.4,1434.2,6.757,0.45
1875,13.177,1054.6,1435.71,6.753,0.45
1876,13.306,1057.1,1436.95,6.738,0.45
1877,13.269,1054.8,1438.1,6.728,0.45
1878,13.046,1059.0,1439.3,6.752,0.45
1879,13.184,1059.3,1440.46,6.754,0.45
1880,13.127,1058.5,1441.64,6.761,0.45
1881,13.131,1056.6,1442.85,6.764,0.45
1882,13.0,1052.0,1444.24,6.776,0.45
1883,13.0,1052.1,1445.66,6.785,0.45
1884,13.162,1052.3,1446.89,6.773,0.45
1885,13.06,1052.8,1448.09,6.777,0.45
1886,13.0,1053.3,1449.33,6.787,0.45
1887,13.003,1059.3,1450.49,6.802,0.45
1888,13.0,1056.9,1451.74,6.81,0.45
1889,13.0,1060.6,1452.94,6.821,0.45
1890,13.144,1063.4,1453.95,6.815,0.45
1891,13.201,1061.1,1454.85,6.801,0.45
1892,13.251,1063.2,1455.53,6.787,0.45
1893,13.013,1059.6,1456.4,6.801,0.45
1894,13.011,1056.7,1457.36,6.808,0.45
1895,13.016,1057.7,1458.31,6.814,0.45
1896,13.0,1063.5,1459.2,6.827,0.45
1897,13.008,1064.7,1460.1,6.837,0.45
1898,13.0,1064.5,1461.05,6.845,0.45
1899,13.136,1064.1,1461.86,6.835,0.45
1900,13.12,1065.0,1462.58,6.83,0.45
1901,13.079,1064.7,1463.28,6.831,0.45
1902,13.117,1063.9,1463.93,6.826,0.45
1903,13.298,1064.7,1464.31,6.803,0.45
1904,13.546,1066.3,1464.21,6.757,0.45
1905,13.605,1064.8,1463.74,6.714,0.45
1906,13.355,1064.4,1463.27,6.712,0.45
1907,13.404,1066.0,1462.73,6.705,0.45
1908,13.374,1068.3,1462.16,6.707,0.45
1909,13.046,1067.8,1462.0,6.746,0.45
1910,13.106,1063.6,1462.12,6.764,0.45
1911,13.117,1067.1,1462.3,6.78,0.45
1912,13.0,1069.5,1462.67,6.808,0.45
1913,13.0,1067.8,1463.26,6.828,0.45
1914,13.159,1069.3,1463.75,6.825,0.45
1915,13.134,1071.3,1464.21,6.829,0.45
1916,13.061,1072.6,1464.75,6.841,0.45
1917,13.0,1070.9,1465.45,6.856,0.45
1918,13.205,1074.3,1465.93,6.847,0.45
1919,13.257,1072.1,1466.31,6.831,0.45
1920,13.0,1070.5,1466.86,6.848,0.45
1921,13.0,1067.7,1467.54,6.857,0.45
1922,13.078,1069.5,1468.14,6.857,0.45
1923,13.095,1074.5,1468.61,6.861,0.45
1924,13.373,1075.2,1468.77,6.832,0.45
1925,13.346,1079.0,1468.68,6.817,0.45
1926,13.282,1079.0,1468.58,6.814,0.45
1927,13.322,1080.0,1468.39,6.808,0.45
1928,13.218,1080.0,1468.29,6.816,0.45
1929,13.123,1079.1,1468.36,6.832,0.45
1930,13.069,1080.0,1468.6,6.852,0.45
1931,13.028,1079.3,1469.02,6.87,0.45
1932,13.0,1076.9,1469.61,6.885,0.45
1933,13.0,1075.9,1470.29,6.894,0.45
1934,13.126,1080.0,1470.81,6.891,0.45
1935,13.061,1078.9,1471.38,6.896,0.45
1936,13.023,1080.0,1471.99,6.905,0.45
1937,13.071,1078.1,1472.61,6.904,0.45
1938,13.167,1080.0,1473.05,6.894,0.45
1939,13.132,1080.0,1473.45,6.89,0.45
1940,13.228,1077.8,1473.73,6.874,0.45
1941,13.299,1076.6,1473.82,6.852,0.45
1942,13.091,1076.7,1473.97,6.86,0.45
1943,13.283,1077.1,1473.95,6.844,0.45
1944,13.393,1078.0,1473.68,6.82,0.45
1945,13.447,1078.2,1473.2,6.796,0.45
1946,13.53,1077.4,1472.49,6.767,0.45
1947,13.481,1078.2,1471.65,6.752,0.45
1948,13.385,1077.5,1470.85,6.752,0.45
1949,13.435,1077.9,1470.03,6.746,0.45
1950,13.474,1078.6,1469.16,6.737,0.45
1951,13.559,1077.4,1468.19,6.72,0.45
1952,13.578,1077.9,1467.12,6.705,0.45
1953,13.632,1079.1,1465.92,6.689,0.45
1954,13.513,1080.0,1464.76,6.692,0.45
1955,13.698,1079.4,1463.49,6.671,0.45
1956,13.783,1074.8,1462.12,6.641,0.45
1957,13.754,1076.2,1460.62,6.623,0.45
1958,13.588,1075.0,1459.26,6.628,0.45
1959,13.613,1072.1,1458.02,6.625,0.45
1960,13.693,1071.1,1456.73,6.612,0.45
1961,14.01,1072.2,1455.05,6.567,0.45
1962,13.829,1070.9,1453.35,6.552,0.45
1963,13.812,1070.5,1451.65,6.543,0.45
1964,13.954,1067.5,1449.87,6.516,0.45
1965,14.036,1067.5,1447.88,6.486,0.45
1966,13.927,1067.5,1445.89,6.476,0.45
1967,14.01,1068.6,1443.83,6.46,0.45
1968,14.067,1073.8,1441.61,6.448,0.45
1969,14.128,1073.3,1439.35,6.431,0.45
1970,14.154,1071.7,1437.05,6.413,0.45
1971,14.189,1069.4,1434.74,6.393,0.45
1972,14.073,1067.1,1432.55,6.389,0.45
1973,14.077,1064.8,1430.49,6.383,0.45
1974,14.085,1069.4,1428.39,6.382,0.45
1975,13.912,1070.0,1426.55,6.403,0.45
1976,13.891,1071.7,1424.95,6.424,0.45
1977,14.12,1071.3,1423.32,6.411,0.45
1978,14.006,1069.5,1421.82,6.413,0.45
1979,14.071,1068.3,1420.36,6.406,0.45
1980,13.993,1067.3,1419.01,6.408,0.45
1981,13.895,1069.7,1417.82,6.424,0.45
1982,13.721,1071.9,1416.94,6.459,0.45
1983,13.578,1069.8,1416.53,6.5,0.45
1984,13.558,1067.1,1416.48,6.53,0.45
1985,13.542,1064.8,1416.68,6.551,0.45
1986,13.466,1062.5,1417.14,6.574,0.45
1987,13.396,1064.4,1417.77,6.601,0.45
1988,13.348,1062.8,1418.64,6.626,0.45
1989,13.353,1060.5,1419.69,6.641,0.45
1990,13.225,1061.9,1420.9,6.669,0.45
1991,13.127,1061.2,1422.37,6.7,0.45
1992,13.024,1061.1,1424.11,6.736,0.45
1993,13.09,1056.5,1426.01,6.75,0.45
1994,13.06,1056.7,1427.95,6.764,0.45
1995,13.102,1055.8,1429.86,6.768,0.45
1996,13.075,1057.4,1431.72,6.777,0.45
1997,13.218,1057.1,1433.4,6.766,0.45
1998,13.041,1057.0,1435.12,6.778,0.45
1999,13.0,1059.8,1436.86,6.796,0.45
2000,13.047,1060.9,1438.57,6.805,0.45
2001,13.0,1065.5,1440.25,6.822,0.45
2002,13.0,1066.6,1441.95,6.837,0.45
2003,13.0,1067.9,1443.66,6.849,0.45
2004,13.186,1064.8,1445.21,6.833,0.45
2005,13.209,1070.3,1446.47,6.825,0.45
2006,13.055,1065.8,1447.86,6.831,0.45
2007,13.134,1067.7,1449.11,6.829,0.45
2008,13.142,1067.7,1450.28,6.826,0.45
2009,13.21,1069.6,1451.29,6.818,0.45
2010,13.205,1072.7,1452.14,6.817,0.45
2011,13.077,1071.3,1453.11,6.829,0.45
2012,13.0,1071.6,1454.2,6.848,0.45
2013,13.143,1071.1,1455.23,6.844,0.45
2014,13.141,1070.9,1456.19,6.842,0.45
2015,13.206,1073.0,1456.98,6.834,0.45
2016,13.364,1072.3,1457.53,6.81,0.45
2017,13.259,1072.9,1457.99,6.804,0.45
2018,13.249,1073.7,1458.39,6.802,0.45
2019,13.27,1072.3,1458.75,6.796,0.45
2020,13.417,1069.0,1458.94,6.771,0.45
2021,13.523,1070.7,1458.82,6.741,0.45
2022,13.351,1066.6,1458.74,6.735,0.45
2023,13.396,1071.6,1458.48,6.73,0.45
2024,13.442,1067.8,1458.21,6.717,0.45
2025,13.235,1067.7,1458.1,6.731,0.45
2026,13.26,1070.2,1458.02,6.742,0.45
2027,13.077,1066.2,1458.29,6.767,0.45
2028,13.065,1061.7,1458.82,6.782,0.45
2029,13.005,1063.7,1459.45,6.803,0.45
2030,13.0,1061.4,1460.25,6.816,0.45
2031,13.0,1058.4,1461.15,6.823,0.45
2032,13.0,1058.2,1462.06,6.827,0.45
2033,13.0,1056.1,1463.01,6.828,0.45
2034,13.042,1052.9,1463.92,6.82,0.45
2035,13.093,1047.6,1464.76,6.802,0.45
2036,13.222,1045.4,1465.34,6.771,0.45
2037,13.083,1043.6,1465.83,6.762,0.45
2038,13.056,1044.6,1466.26,6.759,0.45
2039,13.105,1050.1,1466.5,6.758,0.45
2040,13.13,1051.6,1466.67,6.756,0.45
2041,13.204,1050.3,1466.75,6.744,0.45
2042,13.456,1051.6,1466.44,6.707,0.45
2043,13.558,1052.1,1465.77,6.667,0.45
2044,13.417,1050.3,1465.04,6.652,0.45
2045,13.413,1048.2,1464.28,6.639,0.45
2046,13.586,1050.5,1463.23,6.612,0.45
2047,13.454,1047.8,1462.23,6.604,0.45
2048,13.596,1048.2,1461.06,6.581,0.45
2049,13.864,1051.2,1459.43,6.536,0.45
2050,13.866,1051.6,1457.56,6.503,0.45
2051,13.915,1048.8,1455.53,6.469,0.45
2052,13.951,1050.8,1453.29,6.441,0.45
2053,13.97,1052.2,1450.92,6.42,0.45
2054,14.054,1053.4,1448.42,6.395,0.45
2055,14.165,1055.7,1445.71,6.366,0.45
2056,14.173,1054.2,1442.93,6.342,0.45
2057,14.129,1050.7,1440.2,6.325,0.45
2058,14.075,1052.0,1437.54,6.32,0.45
2059,14.175,1053.5,1434.81,6.307,0.45
2060,14.292,1056.6,1431.95,6.286,0.45
2061,14.252,1053.2,1429.2,6.271,0.45
2062,14.238,1052.9,1426.48,6.262,0.45
2063,14.401,1054.3,1423.63,6.237,0.45
2064,14.393,1053.4,1420.76,6.218,0.45
2065,14.335,1053.8,1417.95,6.211,0.45
2066,14.373,1053.7,1415.19,6.202,0.45
2067,14.4,1050.6,1412.51,6.188,0.45
2068,14.341,1056.6,1409.83,6.191,0.45
2069,14.292,1055.6,1407.35,6.198,0.45
2070,14.309,1053.4,1405.04,6.199,0.45
2071,14.281,1053.1,1402.88,6.203,0.45
2072,14.302,1049.7,1400.88,6.199,0.45
2073,14.164,1055.1,1399.01,6.219,0.45
2074,14.196,1060.6,1397.23,6.236,0.45
2075,14.129,1060.9,1395.74,6.257,0.45
2076,14.106,1061.0,1394.47,6.276,0.45
2077,14.114,1059.0,1393.41,6.287,0.45
2078,14.044,1059.8,1392.53,6.304,0.45
2079,14.075,1060.1,1391.77,6.314,0.45
2080,14.075,1061.8,1391.09,6.323,0.45
2081,13.988,1061.8,1390.58,6.34,0.45
2082,14.104,1062.9,1390.08,6.341,0.45
2083,14.165,1063.6,1389.52,6.335,0.45
2084,14.142,1061.8,1389.0,6.331,0.45
2085,14.319,1062.2,1388.27,6.308,0.45
2086,14.431,1063.1,1387.28,6.278,0.45
2087,14.645,1063.9,1385.89,6.232,0.45
2088,14.741,1061.0,1384.19,6.182,0.45
2089,14.793,1061.4,1382.17,6.139,0.45
2090,14.762,1065.4,1379.91,6.115,0.4507
2091,14.921,1068.8,1377.38,6.083,0.4529
2092,14.823,1069.3,1374.84,6.07,0.4543
2093,14.746,1067.7,1372.43,6.068,0.4554
2094,14.843,1066.5,1370.03,6.054,0.4569
2095,14.779,1061.3,1367.8,6.045,0.4581
2096,14.538,1060.1,1365.87,6.065,0.4582
2097,14.734,1056.4,1364.03,6.052,0.4594
2098,14.712,1053.9,1362.25,6.043,0.4605
2099,14.904,1049.0,1360.38,6.007,0.4626
2100,14.883,1054.6,1358.31,5.99,0.4641
2101,14.894,1054.9,1356.2,5.975,0.4656
2102,14.872,1056.4,1354.09,5.969,0.4667
2103,14.841,1062.2,1352.0,5.975,0.4673
2104,14.923,1059.7,1349.98,5.966,0.4685
2105,15.008,1059.9,1347.89,5.95,0.47
2106,15.045,1058.3,1345.78,5.932,0.4716
2107,15.086,1057.4,1343.61,5.913,0.4733
2108,15.132,1053.3,1341.39,5.888,0.4753
2109,15.144,1055.6,1339.08,5.87,0.477
2110,15.17,1056.5,1336.71,5.855,0.4786
2111,15.322,1055.4,1334.23,5.825,0.481
2112,15.105,1050.8,1331.94,5.822,0.4821
2113,15.038,1052.9,1329.79,5.83,0.4826
2114,15.049,1055.5,1327.73,5.839,0.4831
2115,14.823,1054.9,1326.05,5.87,0.4823
2116,14.787,1053.4,1324.72,5.897,0.4817
2117,14.725,1054.4,1323.69,5.925,0.4809
2118,14.648,1052.9,1323.0,5.954,0.48
2119,14.628,1057.6,1322.48,5.983,0.479
2120,14.526,1057.5,1322.3,6.017,0.4777
2121,14.407,1059.8,1322.44,6.059,0.4759
2122,14.383,1062.3,1322.85,6.096,0.4743
2123,14.546,1065.4,1323.3,6.108,0.4737
2124,14.581,1064.4,1323.76,6.113,0.4734
2125,14.688,1065.1,1324.1,6.104,0.4735
2126,14.596,1063.8,1324.48,6.107,0.4733
2127,14.755,1065.2,1324.65,6.091,0.4738
2128,14.755,1069.4,1324.65,6.085,0.474
2129,14.974,1064.8,1324.44,6.049,0.4755
2130,14.86,1064.3,1324.12,6.035,0.4762
2131,15.02,1066.0,1323.52,6.008,0.4775
2132,14.957,1058.1,1322.93,5.985,0.4787
2133,14.816,1057.8,1322.36,5.985,0.4789
2134,14.974,1059.4,1321.62,5.968,0.48
2135,14.675,1058.1,1321.14,5.988,0.4793
2136,14.678,1058.7,1320.82,6.004,0.4788
2137,14.698,1057.4,1320.63,6.012,0.4785
2138,14.822,1054.8,1320.39,6.001,0.4791
2139,14.717,1054.3,1320.22,6.004,0.479
2140,14.797,1053.7,1320.01,5.996,0.4794
2141,14.818,1051.2,1319.79,5.985,0.48
2142,14.886,1054.4,1319.37,5.972,0.4807
2143,14.705,1050.3,1319.16,5.979,0.4805
2144,14.774,1050.4,1318.91,5.977,0.4807
2145,14.917,1047.6,1318.54,5.954,0.4818
2146,14.692,1048.2,1318.28,5.965,0.4814
2147,14.618,1047.9,1318.15,5.981,0.4808
2148,14.591,1041.5,1318.25,5.989,0.4804
2149,14.774,1041.4,1318.21,5.974,0.4811
2150,14.8,1038.6,1318.09,5.956,0.4819
2151,14.849,1041.6,1317.75,5.94,0.4827
2152,14.954,1040.7,1317.24,5.914,0.484
2153,14.759,1041.3,1316.78,5.919,0.484
2154,14.81,1035.1,1316.41,5.909,0.4846
2155,14.605,1030.9,1316.23,5.921,0.4841
2156,14.78,1034.5,1315.93,5.914,0.4846
2157,14.741,1033.7,1315.65,5.912,0.4848
2158,14.794,1030.2,1315.35,5.9,0.4854
2159,15.105,1029.2,1314.65,5.854,0.4878
2160,14.999,1033.1,1313.74,5.836,0.489
2161,15.04,1031.8,1312.74,5.816,0.4903
2162,15.191,1035.2,1311.46,5.787,0.4922
2163,14.937,1032.6,1310.35,5.792,0.4924
2164,14.908,1031.2,1309.39,5.798,0.4925
2165,15.067,1030.4,1308.32,5.783,0.4937
2166,14.995,1033.0,1307.25,5.783,0.4941
2167,15.038,1033.8,1306.15,5.779,0.4947
2168,15.042,1036.4,1305.05,5.778,0.4952
2169,15.01,1041.0,1303.96,5.787,0.4953
2170,14.803,1041.3,1303.19,5.819,0.4941
2171,14.911,1044.9,1302.55,5.833,0.4937
2172,14.75,1045.3,1302.17,5.864,0.4924
2173,14.475,1045.8,1302.3,5.92,0.4899
2174,14.394,1049.5,1302.84,5.976,0.4873
2175,14.597,1050.9,1303.47,5.995,0.4862
2176,14.59,1051.3,1304.2,6.011,0.4852
2177,14.733,1056.1,1304.81,6.012,0.4849
2178,15.066,1059.0,1305.01,5.977,0.4863
2179,15.042,1062.1,1304.95,5.957,0.4872
2180,15.157,1062.4,1304.63,5.928,0.4886
2181,15.176,1063.4,1304.11,5.906,0.4898
2182,15.105,1061.0,1303.54,5.895,0.4905
2183,15.155,1056.8,1302.94,5.876,0.4916
2184,15.123,1059.5,1302.22,5.868,0.4922
2185,15.114,1062.9,1301.42,5.868,0.4926
2186,15.161,1066.0,1300.55,5.865,0.493
2187,15.145,1064.2,1299.76,5.863,0.4934
2188,14.959,1063.1,1299.2,5.883,0.4928
2189,14.881,1066.0,1298.86,5.91,0.4917
2190,14.724,1070.5,1298.85,5.954,0.4898
2191,14.74,1066.3,1299.17,5.98,0.4886
2192,14.719,1064.8,1299.7,6.0,0.4875
2193,14.688,1065.9,1300.36,6.02,0.4864
2194,14.773,1067.8,1301.0,6.028,0.4859
2195,14.739,1070.3,1301.68,6.04,0.4851
2196,14.761,1073.2,1302.34,6.05,0.4844
2197,14.671,1072.1,1303.14,6.067,0.4834
2198,14.783,1072.0,1303.92,6.067,0.4831
2199,14.753,1072.6,1304.67,6.07,0.4827
2200,14.617,1074.2,1305.52,6.091,0.4815
2201,14.728,1076.7,1306.32,6.096,0.481
2202,14.719,1075.9,1307.11,6.1,0.4805
2203,14.784,1077.3,1307.82,6.098,0.4803
2204,14.664,1078.6,1308.58,6.111,0.4795
2205,14.544,1075.9,1309.55,6.132,0.4783
2206,14.544,1076.2,1310.63,6.148,0.4773
2207,14.829,1076.6,1311.46,6.127,0.4777
2208,14.89,1074.5,1312.07,6.102,0.4785
2209,14.936,1070.4,1312.49,6.073,0.4794
2210,15.078,1069.0,1312.58,6.032,0.481
2211,15.193,1064.1,1312.34,5.983,0.4831
2212,15.383,1065.0,1311.55,5.924,0.4859
2213,15.413,1062.9,1310.42,5.875,0.4886
2214,15.455,1063.3,1308.96,5.833,0.4911
2215,15.501,1065.0,1307.23,5.798,0.4934
2216,15.444,1063.8,1305.41,5.777,0.4951
2217,15.328,1063.9,1303.63,5.775,0.496
2218,15.488,1061.3,1301.79,5.752,0.4979
2219,15.646,1060.1,1299.77,5.715,0.5005
2220,15.534,1054.7,1297.79,5.693,0.5024
2221,15.537,1049.9,1295.83,5.672,0.5043
2222,15.691,1044.6,1293.74,5.631,0.5073
2223,15.706,1042.9,1291.5,5.597,0.5101
2224,15.777,1043.6,1289.09,5.563,0.5129
2225,15.682,1045.0,1286.65,5.551,0.5145
2226,15.774,1046.5,1284.13,5.533,0.5166
2227,15.555,1047.6,1281.82,5.547,0.5168
2228,15.372,1048.7,1279.86,5.58,0.5159
2229,15.269,1048.0,1278.3,5.616,0.5146
2230,15.324,1050.6,1276.97,5.639,0.5139
2231,15.401,1051.1,1275.79,5.648,0.5139
2232,15.383,1052.4,1274.71,5.659,0.5138
2233,15.478,1053.3,1273.64,5.657,0.5144
2234,15.476,1055.2,1272.59,5.658,0.5148
2235,15.339,1053.8,1271.76,5.673,0.5144
2236,15.248,1054.7,1271.16,5.696,0.5134
2237,15.484,1053.9,1270.48,5.684,0.5143
2238,15.516,1050.8,1269.78,5.668,0.5154
2239,15.443,1051.9,1269.05,5.666,0.5158
2240,15.349,1054.6,1268.36,5.679,0.5155
2241,15.299,1048.4,1267.91,5.687,0.5152
2242,15.528,1046.7,1267.33,5.664,0.5167
2243,15.462,1043.0,1266.74,5.651,0.5176
2244,15.515,1042.6,1266.05,5.634,0.5188
2245,15.588,1039.5,1265.25,5.609,0.5205
2246,15.475,1037.9,1264.46,5.601,0.5212
2247,15.436,1040.0,1263.65,5.603,0.5215
2248,15.451,1039.9,1262.87,5.602,0.5218
2249,15.429,1039.9,1262.16,5.605,0.522
2250,15.287,1041.3,1261.64,5.624,0.5212
2251,15.364,1039.8,1261.19,5.629,0.5211
2252,15.357,1042.4,1260.76,5.636,0.5209
2253,15.167,1042.0,1260.58,5.663,0.5196
2254,15.075,1039.5,1260.74,5.691,0.518
2255,14.98,1040.0,1261.16,5.724,0.5162
2256,15.072,1040.4,1261.68,5.738,0.5152
2257,15.025,1041.9,1262.31,5.756,0.514
2258,14.952,1040.9,1263.11,5.777,0.5127
2259,15.02,1043.5,1263.9,5.788,0.5118
2260,14.885,1042.8,1264.87,5.811,0.5103
2261,14.815,1043.4,1266.02,5.838,0.5085
2262,14.917,1047.0,1267.12,5.85,0.5075
2263,14.717,1046.5,1268.47,5.882,0.5055
2264,14.638,1048.7,1270.03,5.917,0.5032
2265,14.547,1049.6,1271.81,5.956,0.5008
2266,14.641,1049.1,1273.67,5.973,0.4992
2267,14.53,1052.2,1275.63,6.003,0.4972
2268,14.492,1055.6,1277.7,6.034,0.4951
2269,14.19,1054.8,1280.21,6.091,0.4917
2270,14.185,1055.8,1282.98,6.136,0.4889
2271,14.103,1058.8,1285.98,6.183,0.4859
2272,14.16,1058.8,1289.09,6.212,0.4836
2273,13.971,1061.7,1292.41,6.259,0.4807
2274,14.06,1059.5,1295.85,6.281,0.4786
2275,14.021,1061.7,1299.27,6.305,0.4764
2276,14.13,1059.5,1302.62,6.307,0.475
2277,14.322,1059.2,1305.62,6.286,0.4745
2278,14.384,1065.1,1308.22,6.27,0.474
2279,14.307,1067.0,1310.63,6.269,0.4731
2280,14.363,1063.5,1312.91,6.257,0.4726
2281,14.515,1059.9,1314.88,6.227,0.4728
2282,14.667,1059.2,1316.4,6.185,0.4737
2283,14.583,1060.8,1317.63,6.166,0.4739
2284,14.691,1059.5,1318.58,6.137,0.4745
2285,14.785,1060.1,1319.17,6.105,0.4755
2286,14.988,1060.0,1319.32,6.056,0.4773
2287,14.714,1061.1,1319.4,6.054,0.4774
2288,14.811,1059.3,1319.4,6.039,0.478
2289,14.794,1060.4,1319.32,6.03,0.4783
2290,14.915,1061.2,1319.05,6.011,0.4792
2291,14.865,1063.8,1318.68,6.005,0.4796
2292,15.035,1062.2,1318.13,5.979,0.4809
2293,15.081,1064.1,1317.38,5.956,0.4822
2294,15.143,1065.9,1316.43,5.934,0.4835
2295,15.186,1070.6,1315.26,5.917,0.4847
2296,15.149,1068.2,1314.12,5.907,0.4856
2297,15.057,1070.0,1313.04,5.911,0.4859
2298,14.982,1073.2,1312.09,5.928,0.4855
2299,14.722,1075.4,1311.51,5.973,0.4839
2300,14.793,1073.6,1311.21,5.997,0.483
2301,14.772,1071.2,1311.14,6.014,0.4823
2302,14.793,1073.9,1311.14,6.028,0.4817
2303,14.911,1074.6,1311.1,6.025,0.4819
2304,14.985,1073.9,1310.98,6.013,0.4824
2305,15.101,1068.9,1310.75,5.985,0.4837
2306,15.071,1070.0,1310.36,5.969,0.4845
2307,15.079,1069.5,1309.89,5.955,0.4853
2308,15.346,1072.9,1309.02,5.917,0.4873
2309,15.248,1073.0,1308.02,5.9,0.4884
2310,15.239,1069.3,1307.02,5.884,0.4895
2311,15.257,1069.9,1305.89,5.871,0.4906
2312,15.28,1073.5,1304.67,5.863,0.4915
2313,15.357,1076.6,1303.31,5.851,0.4926
2314,15.355,1076.0,1301.96,5.842,0.4935
2315,15.182,1079.6,1300.74,5.859,0.4932
2316,15.131,1078.0,1299.78,5.876,0.4928
2317,15.148,1078.9,1298.96,5.889,0.4926
2318,15.188,1080.0,1298.2,5.894,0.4927
2319,15.13,1080.0,1297.57,5.905,0.4925
2320,15.235,1080.0,1296.96,5.901,0.4929
2321,15.011,1080.0,1296.58,5.924,0.492
2322,14.803,1075.9,1296.63,5.962,0.4904
2323,14.91,1080.0,1296.76,5.982,0.4895
2324,14.92,1079.8,1297.02,5.995,0.4888
2325,14.994,1080.0,1297.28,5.997,0.4886
2326,15.079,1080.0,1297.46,5.988,0.4889
2327,14.943,1080.0,1297.69,5.998,0.4884
2328,14.949,1078.7,1297.98,6.003,0.4881
2329,14.796,1080.0,1298.43,6.026,0.487
2330,14.596,1080.0,1299.23,6.067,0.485
2331,14.694,1077.4,1300.19,6.083,0.484
2332,14.8,1074.2,1301.16,6.079,0.4837
2333,14.851,1073.7,1301.99,6.069,0.4838
2334,14.74,1073.5,1302.82,6.075,0.4832
2335,14.887,1075.6,1303.48,6.064,0.4834
2336,14.87,1076.7,1304.04,6.06,0.4833
2337,14.723,1075.5,1304.72,6.072,0.4826
2338,14.578,1075.2,1305.62,6.098,0.4812
2339,14.451,1069.6,1306.85,6.126,0.4796
2340,14.453,1072.1,1308.17,6.15,0.4782
2341,14.493,1073.1,1309.52,6.164,0.4772
2342,14.615,1072.3,1310.78,6.159,0.4768
2343,14.552,1072.9,1312.01,6.164,0.4762
2344,14.673,1077.3,1313.04,6.158,0.476
2345,14.705,1074.6,1314.0,6.147,0.476
2346,14.718,1075.2,1314.8,6.138,0.476
2347,14.84,1079.1,1315.34,6.121,0.4764
2348,14.748,1080.0,1315.83,6.12,0.4763
2349,14.894,1080.0,1316.13,6.103,0.4768
2350,14.832,1079.7,1316.34,6.096,0.477
2351,14.95,1080.0,1316.37,6.078,0.4776
2352,14.892,1073.5,1316.42,6.063,0.4782
2353,14.996,1075.8,1316.23,6.043,0.4791
2354,14.92,1073.5,1316.04,6.034,0.4795
2355,15.073,1075.5,1315.6,6.012,0.4806
2356,14.986,1074.1,1315.16,6.003,0.4811
2357,14.859,1076.8,1314.78,6.015,0.4808
2358,15.04,1073.1,1314.36,5.999,0.4816
2359,15.145,1077.0,1313.7,5.978,0.4827
2360,14.984,1077.3,1313.08,5.982,0.4828
2361,14.841,1077.6,1312.69,6.003,0.4821
2362,14.979,1078.1,1312.28,6.002,0.4823
2363,15.094,1080.0,1311.76,5.99,0.483
2364,15.011,1079.2,1311.28,5.99,0.4832
2365,15.081,1078.9,1310.76,5.982,0.4838
2366,15.181,1075.7,1310.13,5.96,0.485
2367,15.006,1075.5,1309.59,5.964,0.485
2368,15.001,1074.5,1309.11,5.966,0.4851
2369,15.032,1075.3,1308.61,5.965,0.4853
2370,15.005,1076.9,1308.16,5.97,0.4854
2371,15.021,1076.1,1307.75,5.97,0.4855
2372,14.992,1073.9,1307.41,5.971,0.4856
2373,14.875,1074.2,1307.2,5.986,0.485
2374,15.125,1074.5,1306.85,5.968,0.4859
2375,14.96,1073.6,1306.58,5.973,0.4858
2376,15.123,1072.4,1306.21,5.957,0.4867
2377,15.176,1069.4,1305.73,5.934,0.4879
2378,15.399,1069.9,1304.89,5.892,0.4901
2379,15.497,1069.7,1303.7,5.848,0.4925
2380,15.442,1072.7,1302.28,5.825,0.4942
2381,15.656,1069.4,1300.61,5.779,0.497
2382,15.585,1069.5,1298.78,5.753,0.499
2383,15.729,1066.7,1296.75,5.713,0.5019
2384,15.712,1065.4,1294.58,5.684,0.5042
2385,15.771,1067.9,1292.21,5.658,0.5066
2386,16.004,1066.7,1289.59,5.609,0.5102
2387,16.049,1064.3,1286.72,5.565,0.5138
2388,16.04,1062.1,1283.76,5.53,0.5169
2389,16.111,1063.1,1280.63,5.497,0.5201
2390,16.148,1066.0,1277.38,5.471,0.5229
2391,16.24,1063.4,1274.07,5.438,0.5263
2392,16.164,1064.3,1270.74,5.423,0.5285
2393,16.192,1065.6,1267.45,5.41,0.5307
2394,16.377,1063.4,1264.05,5.375,0.5342
2395,16.523,1070.0,1260.38,5.34,0.5379
2396,16.252,1070.4,1256.91,5.346,0.539
2397,16.354,1068.7,1253.56,5.337,0.541
2398,16.178,1069.5,1250.51,5.351,0.5415
2399,16.153,1068.2,1247.73,5.364,0.5419
2400,16.098,1069.2,1245.2,5.381,0.542
2401,16.365,1070.7,1242.61,5.364,0.5441
2402,16.243,1068.3,1240.19,5.363,0.5453
2403,16.189,1066.7,1237.96,5.366,0.546
2404,16.219,1070.2,1235.76,5.37,0.5468
2405,16.205,1072.5,1233.67,5.376,0.5473
2406,16.352,1073.0,1231.6,5.365,0.5489
2407,16.264,1068.4,1229.71,5.361,0.5499
2408,16.34,1067.9,1227.77,5.349,0.5515
2409,16.333,1066.2,1225.88,5.338,0.553
2410,16.487,1064.5,1223.84,5.31,0.5556
2411,16.443,1066.7,1221.73,5.297,0.5573
2412,16.497,1062.1,1219.63,5.275,0.5596
2413,16.52,1059.3,1217.54,5.253,0.5619
2414,16.477,1060.1,1215.41,5.243,0.5635
2415,16.435,1054.7,1213.41,5.233,0.565
2416,16.498,1049.6,1211.44,5.213,0.5671
2417,16.491,1047.1,1209.46,5.196,0.5691
2418,16.517,1046.0,1207.48,5.178,0.5711
2419,16.493,1046.5,1205.47,5.169,0.5726
2420,16.651,1043.3,1203.39,5.139,0.5754
2421,16.572,1041.0,1201.32,5.124,0.5774
2422,16.418,1035.1,1199.49,5.123,0.5782
2423,16.375,1032.1,1197.81,5.124,0.5789
2424,16.377,1035.7,1196.18,5.129,0.5793
2425,16.339,1036.8,1194.67,5.139,0.5793
2426,16.507,1035.3,1193.14,5.124,0.581
2427,16.211,1034.0,1191.89,5.147,0.58
2428,16.097,1035.3,1190.94,5.179,0.5784
2429,16.056,1041.0,1190.2,5.214,0.5764
2430,16.073,1041.8,1189.7,5.24,0.575
2431,16.191,1042.9,1189.25,5.246,0.5747
2432,16.17,1039.1,1188.95,5.249,0.5747
2433,16.226,1037.8,1188.63,5.243,0.5752
2434,16.085,1037.7,1188.4,5.255,0.5745
2435,15.942,1033.4,1188.45,5.276,0.5732
2436,15.796,1031.5,1188.79,5.307,0.5711
2437,15.908,1024.2,1189.28,5.308,0.5708
2438,15.736,1025.6,1189.93,5.331,0.569
2439,15.725,1020.1,1190.73,5.343,0.5679
2440,15.82,1015.2,1191.52,5.335,0.5681
2441,16.101,1011.3,1191.98,5.292,0.5706
2442,16.192,1010.6,1192.07,5.247,0.5734
2443,16.26,1009.1,1191.84,5.204,0.5763
2444,16.371,1014.9,1191.16,5.166,0.5791
2445,16.515,1019.6,1190.09,5.125,0.5822
2446,16.565,1014.9,1188.78,5.084,0.5856
2447,16.67,1015.2,1187.13,5.041,0.5892
2448,16.553,1012.3,1185.4,5.019,0.5914
2449,16.707,1012.7,1183.46,4.984,0.5946
2450,16.543,1014.3,1181.51,4.98,0.5957
2451,16.275,1016.3,1179.85,5.01,0.5944
2452,16.142,1014.0,1178.64,5.046,0.5926
2453,15.951,1013.6,1177.96,5.095,0.5896
2454,15.998,1007.2,1177.66,5.119,0.5882
2455,16.081,1004.9,1177.48,5.124,0.5879
2456,15.928,1004.2,1177.52,5.146,0.5865
2457,15.99,1004.4,1177.66,5.155,0.5858
2458,15.919,1002.9,1177.95,5.168,0.5848
2459,16.079,1004.9,1178.14,5.161,0.5852
2460,16.068,1003.5,1178.29,5.156,0.5855
2461,15.968,999.3,1178.58,5.159,0.5851
2462,15.826,997.5,1179.0,5.176,0.5838
2463,15.976,997.7,1179.32,5.171,0.584
2464,15.892,999.8,1179.62,5.18,0.5833
2465,15.919,1002.5,1179.87,5.186,0.5828
2466,15.977,1006.2,1180.07,5.189,0.5825
2467,15.946,1009.7,1180.27,5.198,0.5818
2468,15.783,1014.2,1180.61,5.23,0.5796
2469,15.785,1011.7,1181.17,5.25,0.578
2470,15.578,1011.4,1182.04,5.29,0.5751
2471,15.633,1011.6,1183.09,5.313,0.5731
2472,15.569,1014.2,1184.28,5.341,0.5708
2473,15.474,1013.2,1185.68,5.372,0.5683
2474,15.497,1011.6,1187.2,5.391,0.5664
2475,15.675,1011.7,1188.61,5.384,0.5663
2476,15.743,1008.5,1189.87,5.367,0.5668
2477,15.735,1006.7,1191.0,5.353,0.5671
2478,15.746,1010.1,1191.96,5.346,0.5672
2479,15.845,1011.7,1192.7,5.33,0.5679
2480,15.757,1008.6,1193.41,5.325,0.5679
2481,15.614,1012.3,1194.16,5.343,0.5664
2482,15.651,1012.3,1194.91,5.352,0.5656
2483,15.586,1008.5,1195.81,5.361,0.5646
2484,15.549,1008.4,1196.76,5.373,0.5634
2485,15.541,1002.4,1197.81,5.376,0.5628
2486,15.602,1005.4,1198.73,5.374,0.5625
2487,15.36,1004.1,1199.89,5.4,0.5604
2488,15.351,1003.7,1201.19,5.42,0.5586
2489,15.227,1004.1,1202.69,5.45,0.5562
2490,15.264,1004.0,1204.27,5.468,0.5544
2491,15.184,1007.1,1205.96,5.494,0.5521
2492,15.149,1010.9,1207.73,5.523,0.5497
2493,15.01,1013.1,1209.69,5.563,0.5465
2494,15.096,1012.3,1211.76,5.582,0.5445
2495,15.162,1013.2,1213.78,5.59,0.5433
2496,15.08,1009.0,1215.88,5.6,0.5418
2497,15.11,1010.5,1217.91,5.606,0.5406
2498,15.37,1010.1,1219.64,5.58,0.5413
2499,15.432,1010.0,1221.03,5.552,0.5423
2500,15.544,1009.6,1222.07,5.518,0.5438
2501,15.577,1009.8,1222.8,5.489,0.5452
2502,15.683,1008.1,1223.21,5.452,0.5472
2503,15.583,1007.5,1223.48,5.436,0.5481
2504,15.686,1008.1,1223.51,5.413,0.5495
2505,15.787,1007.0,1223.27,5.382,0.5514
2506,16.027,1004.8,1222.64,5.328,0.555
2507,16.045,1006.8,1221.67,5.287,0.5579
2508,16.055,1011.5,1220.39,5.261,0.5601
2509,16.197,1012.6,1218.85,5.227,0.563
2510,16.222,1011.9,1217.18,5.197,0.5656
2511,16.085,1008.5,1215.59,5.186,0.567
2512,16.165,1005.0,1213.98,5.165,0.5691
2513,16.148,1002.3,1212.36,5.148,0.5709
2514,16.109,1003.7,1210.74,5.142,0.572
2515,16.12,999.1,1209.18,5.13,0.5735
2516,16.045,1001.3,1207.68,5.133,0.574
2517,15.987,1003.3,1206.31,5.144,0.5738
2518,16.024,1003.0,1205.09,5.147,0.5741
2519,16.052,1001.1,1203.94,5.145,0.5748
2520,15.995,1002.5,1202.86,5.151,0.5749
2521,15.919,1001.4,1201.99,5.164,0.5745
2522,15.839,1001.4,1201.31,5.182,0.5736
2523,15.925,1000.8,1200.68,5.185,0.5736
2524,15.98,997.7,1200.1,5.178,0.5744
2525,15.994,998.1,1199.47,5.171,0.5751
2526,16.037,996.5,1198.79,5.159,0.5762
2527,16.217,994.6,1197.91,5.126,0.5787
2528,16.245,993.5,1196.83,5.097,0.5811
2529,16.246,997.6,1195.55,5.08,0.5828
2530,16.247,997.0,1194.24,5.067,0.5843
2531,16.031,997.8,1193.11,5.083,0.5837
2532,16.131,998.6,1192.0,5.084,0.5841
2533,16.002,997.1,1191.09,5.098,0.5836
2534,16.036,993.5,1190.3,5.101,0.5838
2535,16.086,991.3,1189.55,5.094,0.5845
2536,16.157,991.1,1188.74,5.081,0.5858
2537,16.207,990.7,1187.83,5.065,0.5873
2538,16.236,988.4,1186.86,5.046,0.5889
2539,16.265,988.3,1185.83,5.029,0.5905
2540,16.183,989.0,1184.81,5.026,0.5912
2541,16.229,992.6,1183.72,5.023,0.5919
2542,16.176,991.9,1182.73,5.026,0.5921
2543,15.971,991.1,1181.97,5.052,0.5908
2544,15.943,987.7,1181.49,5.07,0.5897
2545,15.947,982.3,1181.18,5.077,0.5894
2546,15.876,984.0,1180.99,5.093,0.5884
2547,15.997,987.4,1180.76,5.094,0.5885
2548,15.853,983.6,1180.74,5.108,0.5876
2549,15.977,986.8,1180.66,5.107,0.5876
2550,15.951,984.0,1180.65,5.107,0.5877
2551,15.964,987.5,1180.58,5.109,0.5876
2552,15.906,984.0,1180.61,5.113,0.5873
2553,15.87,986.5,1180.69,5.123,0.5866
2554,15.82,983.6,1180.89,5.134,0.5858
2555,15.893,983.7,1181.05,5.133,0.5858
2556,15.952,985.9,1181.1,5.128,0.5861
2557,15.867,988.0,1181.18,5.137,0.5855
2558,15.74,982.7,1181.49,5.152,0.5843
2559,15.68,980.8,1181.98,5.169,0.583
2560,15.738,979.0,1182.5,5.172,0.5826
2561,15.536,975.5,1183.28,5.194,0.5807
2562,15.596,975.4,1184.1,5.204,0.5798
2563,15.7,973.1,1184.87,5.196,0.5799
2564,15.642,975.8,1185.58,5.2,0.5793
2565,15.68,977.9,1186.22,5.201,0.579
2566,15.442,978.3,1187.06,5.23,0.5767
2567,15.523,977.4,1187.99,5.242,0.5756
2568,15.578,976.0,1188.93,5.242,0.5751
2569,15.199,977.4,1190.17,5.289,0.5716
2570,15.2,978.0,1191.64,5.324,0.5687
2571,15.329,978.7,1193.12,5.336,0.5673
2572,15.236,979.6,1194.7,5.358,0.5653
2573,15.088,979.2,1196.48,5.391,0.5624
2574,15.199,986.5,1198.2,5.411,0.5605
2575,15.41,987.4,1199.77,5.402,0.5603
2576,15.496,990.5,1201.09,5.389,0.5606
2577,15.403,990.7,1202.36,5.39,0.5599
2578,15.302,991.3,1203.64,5.404,0.5585
2579,15.261,990.5,1205.02,5.418,0.5571
2580,15.203,990.5,1206.5,5.435,0.5554
2581,15.238,994.0,1207.89,5.448,0.554
2582,15.285,993.1,1209.26,5.451,0.5532
2583,15.372,997.6,1210.48,5.449,0.5529
2584,15.562,995.2,1211.45,5.422,0.5541
2585,15.356,994.6,1212.39,5.425,0.5535
2586,15.382,993.2,1213.32,5.423,0.5532
2587,15.45,990.6,1214.19,5.41,0.5536
2588,15.794,988.2,1214.64,5.357,0.5567
2589,15.806,989.2,1214.69,5.317,0.5591
2590,15.859,988.2,1214.43,5.28,0.5616
2591,15.937,990.5,1213.82,5.245,0.564
2592,15.89,991.6,1213.04,5.226,0.5656
2593,16.05,991.4,1212.02,5.193,0.5682
2594,16.002,992.7,1210.87,5.175,0.5698
2595,15.983,988.6,1209.74,5.159,0.5714
2596,15.859,988.7,1208.72,5.161,0.5716
2597,15.778,982.5,1207.87,5.166,0.5717
2598,15.924,982.8,1206.94,5.152,0.573
2599,16.061,981.1,1205.86,5.124,0.5753
2600,16.049,982.2,1204.72,5.106,0.577
2601,16.134,983.2,1203.4,5.083,0.5791
2602,16.08,982.5,1202.08,5.071,0.5804
2603,16.184,980.7,1200.66,5.048,0.5826
2604,16.118,977.8,1199.26,5.036,0.5841
2605,16.093,975.9,1197.91,5.027,0.5852
2606,16.082,972.8,1196.6,5.018,0.5864
2607,16.08,978.8,1195.22,5.018,0.587
2608,16.067,980.0,1193.88,5.022,0.5874
2609,15.916,981.6,1192.73,5.044,0.5865
2610,16.032,979.3,1191.7,5.044,0.5869
2611,15.993,976.9,1190.82,5.046,0.5872
2612,16.118,975.2,1189.88,5.031,0.5886
2613,16.172,975.4,1188.85,5.013,0.5902
2614,16.361,977.3,1187.53,4.98,0.593
2615,16.404,980.1,1186.0,4.953,0.5955
2616,16.476,981.7,1184.26,4.927,0.598
2617,16.373,983.4,1182.5,4.921,0.5992
2618,16.626,984.5,1180.52,4.888,0.6023
2619,16.707,985.3,1178.32,4.854,0.6055
2620,16.652,985.3,1176.05,4.836,0.6078
2621,16.743,987.8,1173.62,4.814,0.6104
2622,16.841,991.8,1171.03,4.791,0.6131
2623,17.201,988.7,1168.07,4.727,0.6186
2624,17.046,984.5,1165.07,4.693,0.6222
2625,17.18,986.2,1161.84,4.654,0.6263
2626,17.378,987.8,1158.32,4.603,0.6311
2627,17.499,988.2,1154.51,4.551,0.6362
2628,17.455,983.4,1150.65,4.511,0.6404
2629,17.436,981.3,1146.72,4.481,0.6441
2630,17.27,982.3,1142.99,4.48,0.6459
2631,17.0,982.5,1139.69,4.511,0.6456
2632,17.024,990.7,1136.61,4.54,0.6453
2633,16.943,986.5,1133.99,4.567,0.6448
2634,17.069,984.4,1131.58,4.57,0.6458
2635,17.101,982.1,1129.37,4.566,0.6471
2636,17.031,979.6,1127.29,4.568,0.6479
2637,17.191,979.6,1125.19,4.551,0.65
2638,17.104,983.4,1123.16,4.553,0.6508
2639,17.015,978.9,1121.39,4.56,0.6513
2640,17.059,973.6,1119.74,4.553,0.6524
2641,17.074,975.5,1118.09,4.549,0.6535
2642,17.06,974.5,1116.46,4.546,0.6544
2643,16.993,974.1,1114.89,4.551,0.6549
2644,16.981,976.2,1113.41,4.559,0.6551
2645,17.106,978.1,1111.88,4.552,0.6562
2646,17.054,974.2,1110.5,4.549,0.6571
2647,16.993,973.5,1109.23,4.553,0.6574
2648,17.006,971.6,1108.04,4.552,0.658
2649,16.916,969.4,1107.03,4.559,0.658
2650,16.885,966.2,1106.16,4.565,0.6581
2651,16.795,967.0,1105.42,4.581,0.6574
2652,17.049,968.8,1104.55,4.565,0.6589
2653,16.703,967.5,1103.98,4.592,0.6574
2654,16.745,968.6,1103.55,4.608,0.6565
2655,16.557,967.1,1103.43,4.641,0.6544
2656,16.744,966.5,1103.34,4.643,0.6543
2657,16.676,966.1,1103.36,4.652,0.6537
2658,16.739,968.8,1103.34,4.655,0.6535
2659,16.771,970.2,1103.28,4.655,0.6536
2660,16.583,973.4,1103.37,4.68,0.6518
2661,16.582,973.0,1103.61,4.699,0.6505
2662,16.535,970.9,1104.01,4.717,0.6491
2663,16.388,970.2,1104.64,4.746,0.6468
2664,16.089,965.0,1105.83,4.797,0.6427
2665,16.281,966.2,1107.02,4.815,0.641
2666,16.313,964.2,1108.27,4.821,0.6399
2667,16.501,967.2,1109.24,4.808,0.6404
2668,16.514,967.3,1110.12,4.796,0.6408
2669,16.396,966.2,1111.0,4.8,0.6401
2670,16.479,964.8,1111.81,4.792,0.6403
2671,16.199,964.5,1112.83,4.818,0.638
2672,16.035,963.9,1114.09,4.856,0.6348
2673,16.155,964.2,1115.42,4.872,0.6332
2674,16.042,960.5,1116.93,4.892,0.6311
2675,16.124,965.0,1118.34,4.903,0.6297
2676,16.264,964.2,1119.57,4.893,0.6298
2677,16.317,965.3,1120.66,4.881,0.6301
2678,16.288,968.3,1121.63,4.879,0.6298
2679,16.274,966.2,1122.62,4.877,0.6295
2680,16.19,963.8,1123.67,4.882,0.6287
2681,16.282,964.8,1124.58,4.876,0.6286
2682,16.329,963.7,1125.4,4.865,0.629
2683,16.322,969.2,1126.01,4.864,0.6288
2684,16.178,970.0,1126.68,4.881,0.6273
2685,16.201,973.0,1127.4,4.895,0.6261
2686,16.297,975.1,1128.03,4.896,0.6257
2687,16.133,979.0,1128.79,4.921,0.6236
2688,16.021,976.8,1129.83,4.95,0.6211
2689,15.835,977.2,1131.21,4.995,0.6174
2690,15.885,975.6,1132.77,5.02,0.615
2691,15.85,977.0,1134.44,5.045,0.6125
2692,15.983,977.8,1136.04,5.049,0.6115
2693,15.929,980.1,1137.64,5.061,0.61
2694,15.847,979.7,1139.35,5.079,0.608
2695,15.914,977.8,1141.05,5.083,0.607
2696,15.851,978.0,1142.73,5.093,0.6055
2697,15.873,979.0,1144.37,5.099,0.6043
2698,15.86,981.4,1145.99,5.108,0.603
2699,15.825,982.1,1147.6,5.12,0.6015
2700,15.841,981.4,1149.18,5.126,0.6004
2701,15.613,978.0,1150.96,5.154,0.5977
2702,15.5,976.1,1152.99,5.185,0.5947
2703,15.45,975.2,1155.18,5.214,0.5918
2704,15.351,974.9,1157.59,5.247,0.5886
2705,15.511,973.5,1159.95,5.251,0.5873
2706,15.496,973.0,1162.24,5.255,0.586
2707,15.4,974.0,1164.56,5.271,0.5839
2708,15.578,971.5,1166.72,5.259,0.5838
2709,15.533,965.1,1168.83,5.248,0.5836
2710,15.471,964.5,1170.84,5.246,0.5828
2711,15.538,962.9,1172.7,5.235,0.5827
2712,15.296,960.0,1174.69,5.251,0.5808
2713,15.239,963.4,1176.69,5.275,0.5784
2714,15.419,963.7,1178.54,5.271,0.5778
2715,15.465,961.6,1180.26,5.261,0.5777
2716,15.441,962.7,1181.83,5.257,0.5773
2717,15.596,961.2,1183.21,5.234,0.5782
2718,15.503,960.0,1184.48,5.227,0.5781
2719,15.505,960.0,1185.64,5.221,0.578
2720,15.342,962.5,1186.87,5.239,0.5763
2721,15.496,963.7,1187.99,5.235,0.576
2722,15.598,968.5,1188.87,5.226,0.5762
2723,15.603,965.7,1189.69,5.216,0.5765
2724,15.51,966.6,1190.45,5.22,0.5759
2725,15.251,967.6,1191.44,5.254,0.5732
2726,15.456,967.5,1192.44,5.256,0.5727
2727,15.636,967.7,1193.23,5.236,0.5736
2728,15.611,971.2,1193.85,5.229,0.5738
2729,15.494,968.0,1194.57,5.233,0.5733
2730,15.452,966.8,1195.32,5.24,0.5725
2731,15.554,966.9,1195.99,5.233,0.5726
2732,15.547,969.7,1196.52,5.232,0.5725
2733,15.634,972.1,1196.94,5.224,0.5728
2734,15.496,975.8,1197.4,5.238,0.5717
2735,15.527,971.1,1197.96,5.24,0.5713
2736,15.54,970.6,1198.48,5.239,0.5712
2737,15.539,975.0,1198.88,5.243,0.5707
2738,15.495,976.8,1199.34,5.254,0.5698
2739,15.362,976.8,1200.03,5.278,0.568
2740,15.251,972.2,1200.99,5.303,0.566
2741,14.972,970.9,1202.36,5.354,0.5622
2742,15.027,971.5,1203.92,5.386,0.5595
2743,14.837,967.2,1205.88,5.427,0.5561
2744,14.967,966.1,1207.91,5.442,0.5544
2745,14.927,965.0,1210.0,5.456,0.5526
2746,14.848,965.1,1212.16,5.476,0.5505
2747,14.739,969.0,1214.43,5.509,0.5476
2748,14.618,965.4,1216.97,5.543,0.5446
2749,14.882,968.5,1219.33,5.542,0.5436
2750,14.839,970.7,1221.58,5.548,0.5423
2751,14.754,965.8,1223.91,5.557,0.5408
2752,14.816,968.2,1226.08,5.559,0.5398
2753,14.876,967.3,1228.09,5.553,0.5393
2754,14.85,968.1,1230.0,5.552,0.5385
2755,14.83,966.9,1231.82,5.553,0.5377
2756,14.986,972.2,1233.37,5.541,0.5377
2757,14.966,975.0,1234.75,5.537,0.5373
2758,15.108,970.3,1235.96,5.513,0.5382
2759,15.09,970.5,1236.95,5.496,0.5388
2760,15.126,972.2,1237.72,5.482,0.5393
2761,15.276,974.9,1238.21,5.457,0.5405
2762,15.479,974.1,1238.32,5.413,0.5431
2763,15.515,971.1,1238.13,5.372,0.5456
2764,15.41,974.6,1237.75,5.358,0.5466
2765,15.454,975.8,1237.25,5.344,0.5477
2766,15.621,974.9,1236.52,5.312,0.5499
2767,15.726,977.3,1235.48,5.279,0.5524
2768,15.774,972.3,1234.3,5.243,0.5552
2769,15.741,971.0,1232.99,5.218,0.5573
2770,15.614,970.4,1231.74,5.214,0.5581
2771,15.354,967.9,1230.8,5.238,0.557
2772,15.123,968.7,1230.29,5.284,0.5544
2773,15.048,971.4,1230.17,5.331,0.5515
2774,15.042,972.6,1230.37,5.369,0.5492
2775,15.014,971.3,1230.86,5.398,0.5471
2776,14.821,971.9,1231.69,5.444,0.5441
2777,14.709,972.4,1232.89,5.492,0.5407
2778,14.635,974.3,1234.43,5.539,0.5374
2779,14.562,978.1,1236.25,5.587,0.5339
2780,14.591,975.0,1238.31,5.617,0.5314
2781,14.525,975.0,1240.54,5.646,0.5289
2782,14.834,976.9,1242.51,5.634,0.5287
2783,14.814,979.6,1244.27,5.631,0.5281
2784,14.958,982.1,1245.72,5.614,0.5284
2785,14.88,985.3,1247.03,5.614,0.5279
2786,14.961,984.8,1248.21,5.605,0.5279
2787,14.788,988.0,1249.41,5.621,0.5265
2788,14.568,989.1,1250.84,5.661,0.5237
2789,14.812,986.3,1252.25,5.659,0.5233
2790,14.633,987.3,1253.75,5.68,0.5216
2791,14.569,989.6,1255.34,5.705,0.5195
2792,14.697,990.0,1256.9,5.71,0.5187
2793,14.623,991.5,1258.47,5.724,0.5173
2794,14.407,991.3,1260.33,5.76,0.5147
2795,14.437,988.1,1262.35,5.779,0.5129
2796,14.358,989.5,1264.5,5.805,0.5108
2797,14.597,991.0,1266.44,5.797,0.5103
2798,14.704,990.2,1268.17,5.778,0.5105
2799,14.6,987.0,1269.82,5.773,0.5101
2800,14.589,980.9,1271.42,5.763,0.5099
2801,14.494,982.3,1273.0,5.768,0.509
2802,14.502,986.5,1274.47,5.776,0.508
2803,14.643,988.4,1275.74,5.767,0.5079
2804,14.747,990.0,1276.79,5.751,0.5083
2805,14.869,988.7,1277.57,5.722,0.5094
2806,14.759,989.1,1278.21,5.714,0.5096
2807,14.753,989.4,1278.77,5.709,0.5096
2808,14.845,984.7,1279.23,5.689,0.5104
2809,14.925,983.8,1279.51,5.664,0.5116
2810,14.983,987.2,1279.51,5.642,0.5127
2811,14.867,990.9,1279.43,5.643,0.5127
2812,14.894,990.7,1279.34,5.641,0.5128
2813,14.8,988.9,1279.34,5.648,0.5125
2814,14.816,991.3,1279.34,5.655,0.5121
2815,14.663,988.6,1279.6,5.674,0.511
2816,14.631,990.2,1280.0,5.695,0.5098
2817,14.615,993.0,1280.51,5.715,0.5085
2818,14.518,996.2,1281.18,5.746,0.5067
2819,14.455,998.1,1282.05,5.778,0.5048
2820,14.582,997.0,1283.0,5.786,0.504
2821,14.56,1001.1,1283.94,5.8,0.503
2822,14.602,1000.0,1284.91,5.804,0.5024
2823,14.749,1001.7,1285.67,5.791,0.5027
2824,14.873,999.6,1286.22,5.765,0.5037
2825,14.901,998.3,1286.55,5.74,0.5048
2826,14.988,1003.9,1286.54,5.718,0.5059
2827,14.937,1005.3,1286.4,5.709,0.5064
2828,14.832,1004.3,1286.33,5.713,0.5062
2829,14.646,1004.7,1286.47,5.739,0.5049
2830,14.728,1005.1,1286.67,5.749,0.5043
2831,14.671,1001.2,1287.03,5.759,0.5036
2832,14.75,1000.5,1287.39,5.756,0.5036
2833,14.511,1000.0,1287.96,5.782,0.5022
2834,14.551,1002.7,1288.61,5.799,0.501
2835,14.435,1000.4,1289.51,5.823,0.4995
2836,14.336,999.8,1290.65,5.852,0.4977
2837,14.259,1001.9,1291.99,5.886,0.4956
2838,14.16,998.2,1293.66,5.918,0.4935
2839,14.116,1000.7,1295.48,5.95,0.4913
2840,13.972,997.9,1297.6,5.988,0.4889
2841,13.873,996.6,1299.99,6.027,0.4863
2842,13.861,998.0,1302.54,6.059,0.484
2843,13.752,998.3,1305.3,6.096,0.4814
2844,13.921,997.1,1308.03,6.103,0.48
2845,13.974,995.6,1310.63,6.1,0.4791
2846,13.873,995.1,1313.21,6.109,0.4777
2847,13.944,996.8,1315.64,6.109,0.4767
2848,13.816,995.7,1318.1,6.123,0.4752
2849,13.791,997.2,1320.55,6.139,0.4737
2850,13.598,995.3,1323.21,6.171,0.4714
2851,13.559,994.1,1326.04,6.198,0.4693
2852,13.686,994.5,1328.77,6.204,0.4681
2853,13.692,1000.9,1331.32,6.215,0.4667
2854,13.844,1004.7,1333.62,6.21,0.4659
2855,13.901,1001.5,1335.76,6.195,0.4655
2856,14.077,1004.4,1337.5,6.167,0.4658
2857,13.883,1002.3,1339.22,6.167,0.4652
2858,13.853,1001.7,1340.88,6.169,0.4644
2859,14.061,1002.1,1342.27,6.147,0.4647
2860,14.067,1004.0,1343.41,6.132,0.4647
2861,14.137,1008.9,1344.25,6.118,0.4649
2862,14.085,1010.0,1344.98,6.115,0.4647
2863,13.83,1009.5,1345.93,6.142,0.4634
2864,13.947,1009.9,1346.9,6.149,0.4627
2865,13.932,1011.4,1347.88,6.158,0.462
2866,14.115,1007.9,1348.74,6.139,0.4624
2867,14.278,1008.2,1349.27,6.105,0.4633
2868,14.271,1008.0,1349.58,6.081,0.4641
2869,14.139,1013.4,1349.75,6.085,0.4639
2870,14.152,1015.7,1349.89,6.089,0.4637
2871,14.188,1012.8,1350.08,6.084,0.4638
2872,14.08,1012.4,1350.35,6.093,0.4634
2873,13.985,1012.7,1350.76,6.111,0.4625
2874,13.878,1013.2,1351.38,6.138,0.4613
2875,14.031,1012.2,1351.99,6.139,0.461
2876,14.168,1013.5,1352.42,6.125,0.4614
2877,13.969,1011.5,1352.97,6.135,0.4608
2878,13.869,1012.1,1353.69,6.156,0.4598
2879,13.733,1015.8,1354.63,6.191,0.4581
2880,13.661,1014.6,1355.85,6.225,0.4565
2881,13.628,1016.6,1357.25,6.257,0.4549
2882,13.682,1013.8,1358.78,6.271,0.4539
2883,13.607,1008.7,1360.5,6.284,0.4527
2884,13.629,1009.6,1362.19,6.293,0.4518
2885,13.74,1015.3,1363.66,6.293,0.4512
2886,13.722,1011.3,1365.13,6.29,0.4507
2887,13.835,1007.9,1366.46,6.271,0.4508
2888,13.724,1005.5,1367.76,6.267,0.4504
2889,13.646,1006.2,1369.04,6.274,0.45
2890,13.501,1005.2,1370.47,6.295,0.45
2891,13.563,1002.7,1371.94,6.301,0.45
2892,13.727,998.9,1373.25,6.281,0.45
2893,13.607,996.3,1374.54,6.278,0.45
2894,13.579,998.4,1375.76,6.281,0.45
2895,13.711,999.0,1376.79,6.268,0.45
2896,13.549,998.6,1377.87,6.277,0.45
2897,13.405,997.6,1379.14,6.3,0.45
2898,13.498,998.7,1380.4,6.308,0.45
2899,13.554,996.4,1381.63,6.304,0.45
2900,13.747,998.3,1382.55,6.281,0.45
2901,13.67,995.9,1383.37,6.269,0.45
2902,13.594,999.4,1384.1,6.274,0.45
2903,13.606,997.9,1384.85,6.274,0.45
2904,13.258,995.8,1385.98,6.313,0.45
2905,13.442,996.1,1387.12,6.321,0.45
2906,13.577,997.6,1388.09,6.312,0.45
2907,13.794,994.5,1388.79,6.277,0.45
2908,13.893,995.1,1389.08,6.239,0.45
2909,13.938,993.2,1389.08,6.204,0.45
2910,14.146,999.7,1388.52,6.16,0.45
2911,14.474,1003.4,1387.29,6.093,0.45
2912,14.417,1004.8,1385.73,6.051,0.4507
2913,14.194,1004.3,1384.18,6.045,0.4515
2914,14.448,1006.0,1382.36,6.013,0.4535
2915,14.544,1005.5,1380.31,5.976,0.4557
2916,14.645,1000.8,1378.03,5.932,0.4584
2917,14.877,1004.3,1375.27,5.875,0.4619
2918,14.874,1000.9,1372.33,5.829,0.4651
2919,14.802,997.3,1369.36,5.799,0.4677
2920,14.742,995.3,1366.42,5.781,0.4697
2921,14.681,992.6,1363.6,5.772,0.4713
2922,14.599,992.6,1360.94,5.774,0.4723
2923,14.699,992.4,1358.36,5.764,0.4738
2924,14.657,991.9,1355.87,5.761,0.475
2925,14.725,992.3,1353.36,5.751,0.4765
2926,14.823,994.2,1350.8,5.734,0.4783
2927,14.719,996.1,1348.33,5.736,0.4793
2928,14.671,991.4,1346.1,5.738,0.4801
2929,14.57,994.3,1344.08,5.754,0.4802
2930,14.764,995.1,1342.04,5.745,0.4815
2931,15.092,998.4,1339.63,5.703,0.4845
2932,15.093,1002.8,1336.98,5.676,0.4869
2933,15.205,1000.2,1334.18,5.64,0.4898
2934,15.246,1004.0,1331.16,5.613,0.4925
2935,15.209,1001.0,1328.19,5.593,0.4948
2936,15.114,1001.0,1325.31,5.589,0.4962
2937,14.943,997.2,1322.76,5.602,0.4966
2938,14.894,998.1,1320.47,5.619,0.4967
2939,15.07,995.4,1318.22,5.607,0.4982
2940,15.262,993.8,1315.81,5.574,0.501
2941,15.476,994.8,1313.04,5.525,0.5047
2942,15.498,993.2,1310.1,5.484,0.5082
2943,15.282,994.7,1307.28,5.481,0.5096
2944,15.099,989.1,1304.81,5.493,0.51
2945,15.099,988.6,1302.55,5.502,0.5105
2946,15.013,985.3,1300.59,5.514,0.5106
2947,14.816,984.8,1298.99,5.547,0.5096
2948,14.741,989.0,1297.68,5.585,0.5081
2949,14.696,989.5,1296.68,5.619,0.5067
2950,14.607,987.7,1296.06,5.653,0.5052
2951,14.298,989.9,1296.01,5.718,0.5019
2952,14.37,992.8,1296.28,5.761,0.4997
2953,14.325,992.1,1296.91,5.798,0.4977
2954,14.281,992.0,1297.81,5.831,0.4957
2955,14.405,995.3,1298.68,5.845,0.4947
2956,14.479,997.2,1299.49,5.849,0.4942
2957,14.295,996.5,1300.48,5.872,0.4927
2958,14.408,997.7,1301.45,5.878,0.4921
2959,14.558,1001.5,1302.18,5.869,0.4922
2960,14.509,1003.6,1302.84,5.871,0.4918
2961,14.468,1004.5,1303.5,5.878,0.4913
2962,14.397,1004.9,1304.24,5.892,0.4903
2963,14.403,997.7,1305.1,5.894,0.4899
2964,14.52,999.5,1305.79,5.883,0.4901
2965,14.623,1003.3,1306.21,5.867,0.4906
2966,14.746,1005.1,1306.36,5.843,0.4917
2967,14.722,997.7,1306.48,5.819,0.4927
2968,14.639,997.8,1306.53,5.812,0.4931
2969,14.584,1001.1,1306.52,5.816,0.4929
2970,14.517,1000.3,1306.63,5.826,0.4923
2971,14.401,999.6,1306.95,5.846,0.4913
2972,14.405,996.7,1307.43,5.858,0.4905
2973,14.416,995.5,1307.95,5.864,0.4901
2974,14.366,996.4,1308.53,5.875,0.4893
2975,14.363,991.0,1309.23,5.878,0.4889
2976,14.187,989.3,1310.14,5.899,0.4876
2977,14.302,987.6,1311.07,5.899,0.4872
2978,14.273,984.7,1312.03,5.899,0.4868
2979,14.271,985.4,1312.95,5.9,0.4864
2980,14.373,984.6,1313.73,5.888,0.4866
2981,14.485,986.0,1314.26,5.867,0.4873
2982,14.549,987.1,1314.53,5.846,0.4882
2983,14.533,990.2,1314.61,5.835,0.4886
2984,14.7,984.5,1314.53,5.8,0.4903
2985,14.71,980.0,1314.26,5.768,0.4919
2986,14.843,986.1,1313.57,5.735,0.4938
2987,14.756,990.0,1312.74,5.726,0.4946
2988,14.828,993.9,1311.72,5.714,0.4956
2989,15.109,995.5,1310.37,5.675,0.4981
2990,15.13,994.4,1308.82,5.641,0.5005
2991,15.12,997.1,1307.08,5.62,0.5023
2992,15.092,998.6,1305.3,5.609,0.5036
2993,15.042,997.4,1303.61,5.606,0.5045
2994,15.143,1005.2,1301.78,5.601,0.5055
2995,14.949,1005.4,1300.18,5.62,0.5052
2996,15.011,1007.4,1298.71,5.629,0.5053
2997,14.937,1008.0,1297.43,5.645,0.505
2998,15.053,1006.7,1296.23,5.642,0.5057
2999,15.184,1008.1,1294.9,5.627,0.5071
3000,15.127,1005.8,1293.62,5.619,0.508
3001,15.204,1004.7,1292.32,5.602,0.5094
3002,15.211,1004.4,1290.97,5.589,0.5107
3003,15.239,1005.8,1289.54,5.577,0.5119
3004,15.28,1007.3,1288.04,5.565,0.5132
3005,15.316,1009.3,1286.45,5.554,0.5145
3006,15.41,1012.4,1284.73,5.539,0.516
3007,15.391,1014.3,1282.96,5.531,0.5172
3008,15.294,1014.8,1281.32,5.538,0.5175
3009,15.179,1015.6,1279.88,5.557,0.5171
3010,15.111,1020.6,1278.66,5.586,0.5161
3011,15.191,1020.0,1277.62,5.597,0.5159
3012,15.248,1021.3,1276.61,5.6,0.5162
3013,15.483,1020.0,1275.45,5.573,0.5181
3014,15.317,1018.3,1274.37,5.571,0.5187
3015,15.489,1015.2,1273.18,5.545,0.5206
3016,15.465,1010.6,1271.97,5.523,0.5223
3017,15.526,1008.7,1270.64,5.497,0.5243
3018,15.459,1011.3,1269.25,5.489,0.5254
3019,15.32,1009.6,1268.03,5.497,0.5255
3020,15.347,1008.9,1266.87,5.499,0.5258
3021,15.584,1011.9,1265.49,5.476,0.5277
3022,15.607,1012.2,1263.98,5.457,0.5295
3023,15.42,1015.6,1262.56,5.468,0.5294
3024,15.219,1017.6,1261.47,5.503,0.5279
3025,15.31,1018.3,1260.58,5.519,0.5274
3026,15.222,1017.2,1259.92,5.54,0.5265
3027,15.041,1019.9,1259.59,5.58,0.5244
3028,14.894,1021.3,1259.66,5.629,0.5217
3029,14.981,1023.9,1259.94,5.659,0.5201
3030,15.021,1027.5,1260.3,5.68,0.5188
3031,15.088,1028.4,1260.69,5.69,0.5181
3032,15.045,1033.0,1261.11,5.707,0.517
3033,15.096,1030.0,1261.65,5.711,0.5166
3034,15.091,1030.8,1262.18,5.715,0.5162
3035,15.102,1035.6,1262.62,5.723,0.5156
3036,14.933,1031.7,1263.29,5.744,0.5143
3037,14.692,1032.1,1264.32,5.788,0.5116
3038,14.695,1031.0,1265.59,5.82,0.5096
3039,14.683,1032.3,1266.99,5.847,0.5077
3040,14.692,1029.4,1268.52,5.863,0.5063
3041,14.74,1028.1,1270.07,5.867,0.5055
3042,14.71,1033.8,1271.53,5.881,0.5043
3043,14.788,1032.4,1272.97,5.88,0.5037
3044,14.899,1029.9,1274.25,5.863,0.5039
3045,14.85,1026.9,1275.47,5.853,0.5039
3046,15.023,1025.0,1276.41,5.823,0.5049
3047,15.295,1024.5,1276.83,5.768,0.5074
3048,15.218,1025.0,1276.93,5.736,0.509
3049,15.228,1024.6,1276.78,5.711,0.5103
3050,15.293,1029.4,1276.34,5.69,0.5116
3051,15.063,1029.3,1276.02,5.701,0.5111
3052,14.778,1026.7,1276.11,5.74,0.5091
3053,14.794,1026.6,1276.45,5.767,0.5077
3054,14.452,1021.0,1277.37,5.821,0.5047
3055,14.269,1024.0,1278.77,5.887,0.501
3056,14.357,1022.5,1280.49,5.924,0.4986
3057,14.347,1025.0,1282.35,5.956,0.4965
3058,14.462,1025.2,1284.23,5.966,0.4952
3059,14.67,1024.0,1285.93,5.948,0.4953
3060,14.726,1023.4,1287.38,5.928,0.4956
3061,14.917,1022.1,1288.45,5.888,0.497
3062,14.766,1021.1,1289.4,5.875,0.4972
3063,14.911,1021.5,1290.03,5.849,0.4981
3064,14.875,1020.5,1290.48,5.832,0.4987
3065,14.728,1018.9,1290.97,5.835,0.4984
3066,14.625,1014.8,1291.58,5.844,0.4977
3067,14.674,1017.2,1292.12,5.849,0.4973
3068,14.607,1018.5,1292.73,5.861,0.4964
3069,14.677,1020.8,1293.29,5.865,0.496
3070,14.856,1024.0,1293.64,5.851,0.4966
3071,14.887,1023.2,1293.88,5.835,0.4972
3072,14.795,1027.9,1294.05,5.84,0.4969
3073,14.842,1027.7,1294.22,5.838,0.4969
3074,14.735,1023.3,1294.52,5.843,0.4965
3075,14.561,1025.4,1295.01,5.871,0.4951
3076,14.267,1029.9,1295.9,5.931,0.492
3077,14.253,1026.9,1297.19,5.974,0.4896
3078,14.406,1033.2,1298.46,5.996,0.4882
3079,14.527,1034.6,1299.68,6.0,0.4875
3080,14.334,1033.9,1301.08,6.025,0.4859
3081,14.22,1035.6,1302.69,6.059,0.4839
3082,14.143,1039.9,1304.49,6.098,0.4816
3083,14.004,1038.3,1306.65,6.143,0.4791
3084,14.042,1036.8,1308.98,6.17,0.4772
3085,13.983,1040.5,1311.41,6.201,0.4751
3086,13.858,1044.2,1314.02,6.244,0.4726
3087,13.8,1040.9,1316.89,6.279,0.4703
3088,13.842,1040.9,1319.8,6.3,0.4684
3089,13.858,1041.1,1322.71,6.314,0.4668
3090,13.91,1041.7,1325.54,6.32,0.4655
3091,13.936,1041.2,1328.27,6.32,0.4644
3092,13.934,1035.6,1330.94,6.314,0.4636
3093,14.024,1038.2,1333.31,6.302,0.463
3094,13.997,1037.3,1335.53,6.295,0.4623
3095,14.023,1036.6,1337.58,6.286,0.4618
3096,13.783,1036.3,1339.74,6.307,0.4603
3097,13.819,1035.3,1341.91,6.317,0.4591
3098,13.938,1033.3,1343.96,6.309,0.4586
3099,13.957,1034.4,1345.81,6.301,0.458
3100,14.143,1034.7,1347.33,6.274,0.4583
3101,13.837,1032.3,1348.97,6.287,0.4572
3102,13.728,1034.5,1350.71,6.312,0.4558
3103,13.697,1037.4,1352.54,6.338,0.4542
3104,13.7,1036.3,1354.48,6.356,0.4529
3105,13.663,1039.2,1356.46,6.377,0.4515
3106,13.868,1037.8,1358.3,6.367,0.4511
3107,13.813,1040.9,1360.01,6.37,0.4504
3108,13.382,1041.6,1362.09,6.423,0.45
3109,13.485,1040.7,1364.36,6.45,0.45
3110,13.417,1043.6,1366.75,6.482,0.45
3111,13.205,1048.0,1369.42,6.536,0.45
3112,13.114,1047.1,1372.47,6.586,0.45
3113,13.194,1047.3,1375.63,6.614,0.45
3114,13.097,1045.2,1378.97,6.644,0.45
3115,13.093,1043.0,1382.4,6.665,0.45
3116,13.183,1042.9,1385.73,6.67,0.45
3117,13.0,1046.3,1389.1,6.699,0.45
3118,13.086,1043.9,1392.48,6.707,0.45
3119,13.199,1050.1,1395.55,6.708,0.45
3120,13.093,1052.9,1398.54,6.724,0.45
3121,13.166,1053.9,1401.42,6.729,0.45
3122,13.174,1052.8,1404.22,6.73,0.45
3123,13.115,1053.8,1406.93,6.739,0.45
3124,13.126,1054.7,1409.56,6.746,0.45
3125,13.025,1049.8,1412.31,6.757,0.45
3126,13.18,1045.7,1414.89,6.742,0.45
3127,13.255,1047.2,1417.16,6.724,0.45
3128,13.087,1052.4,1419.31,6.736,0.45
3129,13.013,1051.0,1421.55,6.753,0.45
3130,13.04,1052.5,1423.75,6.763,0.45
3131,13.061,1051.0,1425.94,6.767,0.45
3132,13.145,1055.3,1427.89,6.765,0.45
3133,13.164,1055.1,1429.73,6.761,0.45
3134,13.149,1053.8,1431.5,6.759,0.45
3135,13.317,1052.1,1433.0,6.735,0.45
3136,13.401,1052.1,1434.18,6.707,0.45
3137,13.368,1047.7,1435.22,6.685,0.45
3138,13.422,1046.3,1436.02,6.66,0.45
3139,13.492,1048.4,1436.52,6.636,0.45
3140,13.583,1051.8,1436.66,6.611,0.45
3141,13.399,1049.1,1436.86,6.611,0.45
3142,13.342,1048.1,1437.13,6.617,0.45
3143,13.609,1047.5,1437.14,6.589,0.45
3144,13.605,1046.4,1436.99,6.567,0.45
3145,13.539,1046.1,1436.76,6.558,0.45
3146,13.586,1046.7,1436.43,6.546,0.45
3147,13.535,1045.8,1436.1,6.542,0.45
3148,13.401,1043.9,1435.95,6.553,0.45
3149,13.394,1045.1,1435.87,6.563,0.45
3150,13.526,1046.2,1435.7,6.557,0.45
3151,13.297,1047.3,1435.74,6.58,0.45
3152,13.2,1049.4,1436.01,6.612,0.45
3153,13.445,1046.7,1436.25,6.603,0.45
3154,13.236,1045.9,1436.66,6.621,0.45
3155,13.039,1043.0,1437.45,6.653,0.45
3156,13.067,1044.2,1438.38,6.676,0.45
3157,13.0,1043.4,1439.52,6.7,0.45
3158,13.0,1046.5,1440.72,6.722,0.45
3159,13.068,1050.4,1441.89,6.735,0.45
3160,13.262,1051.5,1442.86,6.722,0.45
3161,13.308,1052.4,1443.63,6.709,0.45
3162,13.143,1055.4,1444.42,6.722,0.45
3163,13.105,1056.2,1445.28,6.737,0.45
3164,13.093,1057.2,1446.2,6.751,0.45
3165,13.0,1056.8,1447.3,6.772,0.45
3166,13.0,1058.0,1448.47,6.789,0.45
3167,13.162,1057.0,1449.53,6.781,0.45
3168,13.078,1056.3,1450.6,6.785,0.45
3169,13.0,1054.3,1451.76,6.794,0.45
3170,13.0,1052.6,1452.96,6.8,0.45
3171,13.0,1055.4,1454.1,6.807,0.45
3172,13.029,1051.1,1455.29,6.804,0.45
3173,13.013,1044.7,1456.53,6.796,0.45
3174,13.07,1045.6,1457.56,6.784,0.45
3175,13.011,1042.0,1458.6,6.778,0.45
3176,13.059,1041.6,1459.49,6.768,0.45
3177,13.11,1041.1,1460.22,6.753,0.45
3178,13.0,1033.2,1461.06,6.746,0.45
3179,13.0,1034.9,1461.79,6.743,0.45
3180,13.0,1034.2,1462.48,6.739,0.45
3181,13.029,1034.3,1463.08,6.734,0.45
3182,13.005,1034.4,1463.63,6.732,0.45
3183,13.0,1031.3,1464.2,6.728,0.45
3184,13.183,1029.8,1464.55,6.702,0.45
3185,13.138,1028.7,1464.76,6.686,0.45
3186,13.193,1033.2,1464.72,6.673,0.45
3187,13.211,1033.7,1464.56,6.662,0.45
3188,13.149,1034.9,1464.38,6.662,0.45
3189,13.131,1033.9,1464.25,6.663,0.45
3190,13.0,1037.4,1464.22,6.683,0.45
3191,13.092,1040.4,1464.18,6.691,0.45
3192,13.0,1040.0,1464.31,6.708,0.45
3193,13.265,1043.6,1464.19,6.693,0.45
3194,13.441,1041.5,1463.82,6.659,0.45
3195,13.567,1038.2,1463.14,6.614,0.45
3196,13.236,1038.1,1462.55,6.62,0.45
3197,13.384,1038.2,1461.87,6.606,0.45
3198,13.419,1038.4,1461.08,6.593,0.45
3199,13.391,1038.8,1460.25,6.586,0.45
3200,13.379,1039.8,1459.41,6.584,0.45
3201,13.2,1036.1,1458.85,6.599,0.45
3202,13.03,1032.3,1458.65,6.626,0.45
3203,13.041,1034.8,1458.6,6.648,0.45
3204,13.001,1035.2,1458.74,6.669,0.45
3205,13.018,1033.0,1459.06,6.681,0.45
3206,13.0,1033.1,1459.47,6.692,0.45
3207,13.0,1032.5,1459.96,6.699,0.45
3208,13.0,1030.8,1460.48,6.703,0.45
3209,13.161,1034.5,1460.78,6.691,0.45
3210,13.112,1037.6,1460.99,6.691,0.45
3211,13.134,1039.5,1461.14,6.691,0.45
3212,13.162,1039.9,1461.24,6.688,0.45
3213,13.284,1038.8,1461.19,6.67,0.45
3214,13.524,1038.4,1460.76,6.628,0.45
3215,13.325,1040.0,1460.24,6.622,0.45
3216,13.344,1038.2,1459.7,6.613,0.45
3217,13.258,1035.9,1459.26,6.614,0.45
3218,13.194,1035.1,1458.92,6.621,0.45
3219,13.285,1035.8,1458.54,6.616,0.45
3220,13.248,1033.8,1458.21,6.615,0.45
3221,13.355,1031.6,1457.82,6.599,0.45
3222,13.325,1034.4,1457.32,6.593,0.45
3223,13.432,1035.0,1456.67,6.577,0.45
3224,13.437,1033.8,1455.96,6.563,0.45
3225,13.361,1031.1,1455.32,6.559,0.45
3226,13.27,1028.8,1454.82,6.563,0.45
3227,13.406,1033.1,1454.15,6.556,0.45
3228,13.267,1036.5,1453.55,6.57,0.45
3229,13.138,1037.4,1453.21,6.598,0.45
3230,13.238,1033.5,1453.01,6.602,0.45
3231,13.164,1033.1,1452.95,6.613,0.45
3232,13.145,1036.0,1452.94,6.627,0.45
3233,13.419,1040.8,1452.66,6.611,0.45
3234,13.288,1041.6,1452.41,6.615,0.45
3235,13.237,1036.3,1452.34,6.618,0.45
3236,13.025,1038.3,1452.5,6.648,0.45
3237,13.206,1038.8,1452.65,6.649,0.45
3238,13.079,1037.1,1452.97,6.663,0.45
3239,13.201,1035.9,1453.26,6.658,0.45
3240,13.0,1034.3,1453.74,6.676,0.45
3241,13.053,1038.0,1454.2,6.688,0.45
3242,13.129,1038.9,1454.63,6.688,0.45
3243,13.06,1039.9,1455.1,6.698,0.45
3244,13.0,1042.4,1455.64,6.716,0.45
3245,13.0,1046.0,1456.24,6.733,0.45
3246,13.033,1047.3,1456.87,6.743,0.45
3247,13.0,1049.0,1457.56,6.757,0.45
3248,13.0,1049.2,1458.29,6.768,0.45
3249,13.0,1052.0,1459.04,6.779,0.45
3250,13.033,1052.5,1459.77,6.784,0.45
3251,13.009,1051.2,1460.57,6.789,0.45
3252,13.0,1051.0,1461.37,6.794,0.45
3253,13.079,1049.3,1462.1,6.786,0.45
3254,13.0,1049.6,1462.84,6.79,0.45
3255,13.0,1053.6,1463.5,6.797,0.45
3256,13.0,1055.7,1464.16,6.805,0.45
3257,13.0,1053.9,1464.86,6.809,0.45
3258,13.0,1057.4,1465.52,6.816,0.45
3259,13.0,1059.0,1466.16,6.823,0.45
3260,13.0,1059.7,1466.82,6.83,0.45
3261,13.051,1055.4,1467.5,6.823,0.45
3262,13.113,1057.2,1468.01,6.813,0.45
3263,13.057,1061.8,1468.42,6.818,0.45
3264,13.0,1067.1,1468.82,6.834,0.45
3265,13.0,1069.4,1469.28,6.849,0.45
3266,13.067,1069.6,1469.75,6.852,0.45
3267,13.0,1070.8,1470.28,6.864,0.45
3268,13.402,1072.7,1470.39,6.828,0.45
3269,13.313,1071.3,1470.36,6.81,0.45
3270,13.198,1074.5,1470.28,6.813,0.45
3271,13.096,1071.3,1470.39,6.824,0.45
3272,13.203,1071.4,1470.46,6.82,0.45
3273,13.175,1069.2,1470.56,6.817,0.45
3274,13.137,1068.5,1470.69,6.819,0.45
3275,13.143,1069.7,1470.81,6.821,0.45
3276,13.0,1069.2,1471.09,6.839,0.45
3277,13.0,1069.7,1471.48,6.853,0.45
3278,13.0,1068.0,1471.98,6.861,0.45
3279,13.142,1067.1,1472.37,6.85,0.45
3280,13.003,1066.6,1472.85,6.857,0.45
3281,13.077,1064.3,1473.3,6.851,0.45
3282,13.132,1063.7,1473.64,6.839,0.45
3283,13.0,1067.3,1473.96,6.85,0.45
3284,13.0,1069.5,1474.32,6.861,0.45
3285,13.036,1070.9,1474.68,6.867,0.45
3286,13.153,1068.8,1474.95,6.855,0.45
3287,13.049,1066.4,1475.29,6.855,0.45
3288,13.215,1070.4,1475.36,6.841,0.45
3289,13.153,1072.8,1475.35,6.84,0.45
3290,13.177,1073.6,1475.3,6.837,0.45
3291,13.174,1072.8,1475.25,6.834,0.45
3292,13.354,1072.2,1475.0,6.811,0.45
3293,13.456,1068.3,1474.54,6.776,0.45
3294,13.283,1065.2,1474.1,6.767,0.45
3295,13.112,1067.0,1473.77,6.783,0.45
3296,13.22,1063.7,1473.5,6.778,0.45
3297,13.134,1064.4,1473.29,6.785,0.45
3298,13.206,1066.3,1473.04,6.784,0.45
3299,13.346,1066.9,1472.62,6.768,0.45
3300,13.18,1066.5,1472.3,6.775,0.45
3301,13.16,1065.5,1472.08,6.781,0.45
3302,13.063,1063.8,1472.06,6.795,0.45
3303,13.0,1068.8,1472.12,6.819,0.45
3304,13.021,1070.0,1472.31,6.836,0.45
3305,13.0,1069.3,1472.65,6.85,0.45
3306,13.0,1069.9,1473.06,6.861,0.45
3307,13.002,1069.8,1473.53,6.87,0.45
3308,13.049,1069.5,1473.98,6.87,0.45
3309,13.0,1067.9,1474.5,6.874,0.45
3310,13.0,1068.3,1475.02,6.877,0.45
3311,13.041,1067.4,1475.51,6.874,0.45
3312,13.021,1063.9,1476.03,6.87,0.45
3313,13.0,1067.1,1476.47,6.873,0.45
3314,13.024,1071.7,1476.81,6.878,0.45
3315,13.0,1068.1,1477.25,6.88,0.45
3316,13.0,1070.4,1477.65,6.885,0.45
3317,13.0,1066.8,1478.12,6.884,0.45
3318,13.0,1063.4,1478.61,6.879,0.45
3319,13.0,1066.4,1479.0,6.879,0.45
3320,13.0,1066.0,1479.39,6.879,0.45
3321,13.033,1066.5,1479.7,6.875,0.45
3322,13.0,1064.6,1480.05,6.874,0.45
3323,13.0,1066.0,1480.35,6.875,0.45
3324,13.041,1067.7,1480.57,6.873,0.45
3325,13.053,1067.6,1480.75,6.87,0.45
3326,13.0,1069.6,1480.93,6.876,0.45
3327,13.0,1067.5,1481.18,6.878,0.45
3328,13.0,1065.4,1481.46,6.877,0.45
3329,13.184,1067.5,1481.49,6.857,0.45
3330,13.217,1064.1,1481.4,6.834,0.45
3331,13.217,1057.9,1481.25,6.81,0.45
3332,13.364,1055.8,1480.8,6.772,0.45
3333,13.509,1055.3,1479.96,6.726,0.45
3334,13.559,1052.9,1478.82,6.683,0.45
3335,13.534,1048.9,1477.51,6.649,0.45
3336,13.522,1046.9,1476.07,6.622,0.45
3337,13.56,1049.3,1474.43,6.6,0.45
3338,13.583,1050.9,1472.66,6.583,0.45
3339,13.665,1052.0,1470.74,6.562,0.45
3340,13.674,1051.8,1468.75,6.545,0.45
3341,13.717,1048.1,1466.76,6.523,0.45
3342,13.692,1052.1,1464.66,6.514,0.45
3343,13.586,1054.4,1462.67,6.522,0.45
3344,13.499,1054.9,1460.93,6.539,0.45
3345,13.452,1051.1,1459.5,6.553,0.45
3346,13.436,1052.2,1458.24,6.567,0.45
3347,13.546,1056.7,1456.93,6.569,0.45
3348,13.343,1060.4,1455.86,6.599,0.45
3349,13.464,1057.2,1454.97,6.604,0.45
3350,13.529,1058.4,1454.06,6.601,0.45
3351,13.67,1057.8,1453.03,6.582,0.45
3352,13.504,1053.1,1452.17,6.581,0.45
3353,13.367,1048.2,1451.57,6.591,0.45
3354,13.412,1049.9,1450.99,6.596,0.45
3355,13.292,1052.0,1450.56,6.615,0.45
3356,13.334,1053.5,1450.21,6.627,0.45
3357,13.369,1057.3,1449.86,6.636,0.45
3358,13.454,1059.5,1449.45,6.635,0.45
3359,13.497,1061.0,1448.99,6.631,0.45
3360,13.522,1056.7,1448.56,6.621,0.45
3361,13.486,1055.3,1448.14,6.615,0.45
3362,13.294,1052.5,1447.95,6.63,0.45
3363,13.145,1049.4,1448.1,6.656,0.45
3364,13.087,1051.5,1448.44,6.684,0.45
3365,13.0,1046.5,1449.13,6.71,0.45
3366,13.0,1050.4,1449.91,6.733,0.45
3367,13.017,1051.5,1450.78,6.751,0.45
3368,13.099,1052.5,1451.62,6.755,0.45
3369,13.149,1048.3,1452.47,6.747,0.45
3370,13.13,1048.8,1453.25,6.745,0.45
3371,13.114,1050.6,1453.97,6.746,0.45
3372,13.174,1050.0,1454.61,6.74,0.45
3373,13.331,1054.1,1454.94,6.722,0.45
3374,13.245,1057.0,1455.17,6.721,0.45
3375,13.256,1056.4,1455.37,6.719,0.45
3376,13.461,1055.5,1455.34,6.692,0.45
3377,13.71,1057.0,1454.81,6.644,0.45
3378,13.796,1054.2,1453.93,6.595,0.45
3379,13.594,1052.4,1452.99,6.58,0.45
3380,13.849,1051.7,1451.72,6.537,0.45
3381,13.808,1052.1,1450.26,6.511,0.45
3382,13.775,1049.0,1448.76,6.492,0.45
3383,13.884,1049.8,1447.06,6.465,0.45
3384,13.593,1051.1,1445.56,6.481,0.45
3385,13.423,1053.0,1444.39,6.515,0.45
3386,13.457,1054.3,1443.45,6.538,0.45
3387,13.669,1054.6,1442.48,6.531,0.45
3388,13.704,1055.2,1441.47,6.522,0.45
3389,13.731,1055.5,1440.43,6.513,0.45
3390,13.663,1059.9,1439.37,6.519,0.45
3391,13.717,1059.4,1438.34,6.516,0.45
3392,13.762,1055.2,1437.38,6.504,0.45
3393,13.867,1056.7,1436.23,6.484,0.45
3394,13.751,1060.2,1435.07,6.487,0.45
3395,13.786,1058.5,1433.97,6.483,0.45
3396,13.928,1058.1,1432.73,6.463,0.45
3397,14.085,1056.6,1431.25,6.428,0.45
3398,13.96,1054.0,1429.76,6.413,0.45
3399,14.014,1056.0,1428.17,6.398,0.45
3400,13.983,1054.7,1426.6,6.389,0.45
3401,13.904,1052.1,1425.16,6.388,0.45
3402,13.944,1053.4,1423.72,6.385,0.45
3403,13.804,1053.5,1422.46,6.399,0.45
3404,13.841,1053.5,1421.32,6.405,0.45
3405,13.788,1059.7,1420.25,6.423,0.45
3406,13.788,1056.7,1419.38,6.433,0.45
3407,13.629,1057.5,1418.78,6.46,0.45
3408,13.524,1053.7,1418.58,6.488,0.45
3409,13.356,1055.6,1418.74,6.531,0.45
3410,13.391,1056.5,1419.13,6.561,0.45
3411,13.475,1050.9,1419.71,6.566,0.45
3412,13.341,1049.3,1420.47,6.584,0.45
3413,13.505,1050.9,1421.11,6.581,0.45
3414,13.437,1050.1,1421.79,6.585,0.45
3415,13.576,1049.2,1422.32,6.57,0.45
3416,13.736,1048.5,1422.56,6.54,0.45
3417,13.815,1045.0,1422.55,6.504,0.45
3418,13.735,1048.1,1422.33,6.49,0.45
3419,13.782,1050.3,1421.93,6.476,0.45
3420,14.001,1053.3,1421.16,6.444,0.45
3421,14.046,1051.9,1420.16,6.413,0.45
3422,14.107,1050.9,1418.94,6.381,0.45
3423,14.092,1052.3,1417.56,6.36,0.45
3424,14.24,1052.0,1415.94,6.327,0.45
3425,14.14,1056.3,1414.21,6.319,0.45
3426,14.037,1062.5,1412.52,6.332,0.45
3427,14.041,1064.9,1410.97,6.345,0.45
3428,14.035,1063.7,1409.6,6.353,0.45
3429,14.086,1066.1,1408.27,6.356,0.45
3430,14.005,1069.5,1407.05,6.372,0.45
3431,13.982,1068.8,1406.04,6.386,0.45
3432,13.897,1065.9,1405.31,6.403,0.45
3433,13.921,1068.5,1404.67,6.416,0.45
3434,13.781,1068.5,1404.31,6.442,0.45
3435,13.721,1067.0,1404.22,6.467,0.45
3436,13.631,1070.5,1404.37,6.501,0.45
3437,13.386,1072.4,1404.97,6.557,0.45
3438,13.71,1072.0,1405.58,6.56,0.45
3439,13.683,1069.1,1406.26,6.563,0.45
3440,13.763,1067.0,1406.86,6.553,0.45
3441,13.882,1065.1,1407.28,6.529,0.45
3442,14.178,1063.5,1407.21,6.474,0.45
3443,14.059,1063.4,1406.9,6.447,0.45
3444,14.016,1064.0,1406.45,6.433,0.45
3445,13.839,1062.0,1406.14,6.44,0.45
3446,14.007,1064.2,1405.67,6.429,0.45
3447,13.92,1063.9,1405.23,6.43,0.45
3448,13.903,1062.3,1404.86,6.431,0.45
3449,13.923,1059.6,1404.52,6.426,0.45
3450,13.797,1060.4,1404.3,6.439,0.45
3451,13.994,1063.7,1403.92,6.429,0.45
3452,14.109,1058.7,1403.44,6.402,0.45
3453,14.065,1057.9,1402.87,6.386,0.45
3454,13.882,1056.8,1402.44,6.394,0.45
3455,13.942,1057.6,1402.01,6.394,0.45
3456,14.107,1059.3,1401.39,6.377,0.45
3457,13.998,1055.5,1400.84,6.372,0.45
3458,13.932,1054.9,1400.37,6.376,0.45
3459,13.949,1056.0,1399.91,6.378,0.45
3460,14.006,1057.2,1399.4,6.374,0.45
3461,13.83,1059.1,1399.05,6.394,0.45
3462,13.704,1061.6,1398.95,6.427,0.45
3463,13.813,1062.3,1398.96,6.439,0.45
3464,13.809,1065.2,1399.02,6.452,0.45
3465,13.943,1063.7,1399.05,6.445,0.45
3466,14.117,1066.3,1398.79,6.422,0.45
3467,14.256,1065.3,1398.24,6.387,0.45
3468,14.342,1065.1,1397.41,6.35,0.45
3469,14.269,1067.1,1396.41,6.334,0.45
3470,14.2,1064.8,1395.43,6.327,0.45
3471,14.247,1069.5,1394.34,6.321,0.45
3472,14.323,1067.4,1393.21,6.306,0.45
3473,14.362,1065.7,1392.0,6.288,0.45
3474,14.59,1063.6,1390.49,6.245,0.45
3475,14.698,1066.5,1388.62,6.204,0.45
3476,14.821,1067.8,1386.39,6.16,0.45
3477,14.941,1066.4,1383.87,6.111,0.45
3478,15.006,1064.9,1381.11,6.065,0.452
3479,14.932,1068.1,1378.2,6.042,0.454
3480,14.955,1065.3,1375.3,6.02,0.456
3481,15.057,1069.7,1372.2,5.996,0.4582
3482,15.214,1067.6,1368.94,5.957,0.4611
3483,15.224,1071.6,1365.5,5.932,0.4636
3484,15.247,1070.2,1362.04,5.908,0.4659
3485,15.507,1070.4,1358.32,5.86,0.4695
3486,15.564,1070.2,1354.41,5.817,0.473
3487,15.42,1071.4,1350.54,5.803,0.4753
3488,15.225,1074.4,1346.93,5.819,0.476
3489,15.48,1080.0,1343.25,5.808,0.4781
3490,15.498,1080.0,1339.65,5.797,0.48
3491,15.507,1080.0,1336.12,5.788,0.4819
3492,15.574,1080.0,1332.63,5.773,0.484
3493,15.615,1080.0,1329.16,5.757,0.4862
3494,15.57,1079.0,1325.82,5.749,0.488
3495,15.366,1077.5,1322.82,5.766,0.4885
3496,15.313,1079.3,1320.09,5.787,0.4886
3497,15.277,1075.7,1317.73,5.802,0.4889
3498,15.452,1073.5,1315.44,5.791,0.4904
3499,15.438,1072.9,1313.18,5.783,0.4916
3500,15.354,1074.7,1311.01,5.789,0.4923
3501,15.13,1075.2,1309.23,5.821,0.4915
3502,15.105,1073.3,1307.79,5.845,0.491
3503,15.134,1075.2,1306.52,5.862,0.4907
3504,15.243,1080.0,1305.25,5.868,0.491
3505,15.395,1079.8,1303.93,5.854,0.4922
3506,15.291,1080.0,1302.67,5.856,0.4926
3507,15.366,1079.7,1301.38,5.849,0.4935
3508,15.755,1079.5,1299.7,5.797,0.4966
3509,15.676,1080.0,1297.82,5.768,0.4987
3510,15.507,1076.0,1296.09,5.761,0.4998
3511,15.389,1077.5,1294.49,5.772,0.4999
3512,15.201,1074.5,1293.26,5.799,0.4991
3513,15.437,1072.7,1292.01,5.789,0.5001
3514,15.503,1069.8,1290.71,5.771,0.5016
3515,15.458,1067.5,1289.44,5.759,0.5026
3516,15.593,1064.8,1288.06,5.732,0.5046
3517,15.481,1062.3,1286.73,5.721,0.5056
3518,15.278,1065.3,1285.54,5.741,0.5051
3519,15.471,1066.4,1284.34,5.734,0.506
3520,15.232,1065.1,1283.45,5.756,0.5053
3521,15.317,1067.7,1282.61,5.765,0.5052
3522,15.112,1069.9,1282.03,5.799,0.5038
3523,15.075,1065.5,1281.78,5.823,0.5027
3524,15.196,1064.9,1281.56,5.827,0.5027
3525,15.092,1066.9,1281.48,5.844,0.5019
3526,15.327,1066.4,1281.29,5.828,0.5027
3527,15.295,1065.7,1281.04,5.82,0.5032
3528,15.184,1065.8,1280.88,5.827,0.5029
3529,15.178,1072.5,1280.67,5.84,0.5024
3530,15.102,1071.4,1280.63,5.858,0.5016
3531,15.07,1074.6,1280.73,5.879,0.5006
3532,14.942,1070.8,1281.11,5.905,0.4992
3533,14.823,1069.1,1281.8,5.937,0.4975
3534,14.825,1067.5,1282.67,5.959,0.4962
3535,14.726,1067.9,1283.73,5.987,0.4946
3536,14.568,1069.7,1285.09,6.029,0.4923
3537,14.629,1067.5,1286.63,6.051,0.4907
3538,14.619,1066.0,1288.29,6.067,0.4894
3539,14.607,1066.8,1289.98,6.081,0.4882
3540,14.603,1070.7,1291.64,6.096,0.4869
3541,14.591,1074.2,1293.29,6.114,0.4856
3542,14.669,1075.5,1294.88,6.119,0.4847
3543,14.71,1080.0,1296.33,6.123,0.484
3544,14.623,1076.9,1297.86,6.133,0.483
3545,14.626,1072.8,1299.43,6.135,0.4823
3546,14.616,1071.2,1300.98,6.136,0.4816
3547,14.609,1071.9,1302.45,6.139,0.4809
3548,14.829,1068.2,1303.67,6.11,0.4815
3549,14.743,1067.9,1304.75,6.099,0.4815
3550,14.755,1069.5,1305.67,6.091,0.4815
3551,14.827,1062.7,1306.51,6.068,0.482
3552,15.127,1060.8,1306.87,6.014,0.484
3553,15.175,1061.0,1306.8,5.968,0.486
3554,15.195,1055.9,1306.49,5.925,0.488
3555,15.111,1057.6,1305.97,5.904,0.4891
3556,14.968,1058.5,1305.46,5.907,0.4892
3557,14.995,1061.9,1304.92,5.909,0.4893
3558,14.718,1061.0,1304.72,5.943,0.4879
3559,14.666,1061.8,1304.8,5.975,0.4865
3560,14.621,1063.4,1305.13,6.007,0.485
3561,14.727,1062.0,1305.56,6.016,0.4845
3562,14.733,1061.8,1306.04,6.022,0.484
3563,14.52,1059.8,1306.78,6.05,0.4826
3564,14.32,1057.2,1307.96,6.091,0.4805
3565,14.379,1061.4,1309.24,6.12,0.4789
3566,14.551,1062.9,1310.46,6.123,0.4783
3567,14.657,1064.2,1311.51,6.114,0.4782
3568,14.667,1063.5,1312.43,6.105,0.4782
3569,14.574,1061.7,1313.39,6.108,0.4777
3570,14.574,1059.6,1314.32,6.107,0.4774
3571,14.433,1058.3,1315.37,6.122,0.4764
3572,14.462,1059.5,1316.41,6.131,0.4756
3573,14.395,1062.6,1317.51,6.149,0.4745
3574,14.179,1063.4,1318.9,6.189,0.4725
3575,14.037,1063.2,1320.64,6.236,0.4702
3576,13.9,1060.0,1322.78,6.283,0.4678
3577,13.702,1060.5,1325.36,6.343,0.4649
3578,13.681,1056.7,1328.32,6.385,0.4624
3579,13.739,1057.6,1331.37,6.411,0.4604
3580,13.951,1061.0,1334.19,6.41,0.4594
3581,13.895,1056.2,1336.99,6.41,0.4583
3582,13.863,1054.2,1339.74,6.411,0.4572
3583,13.932,1056.6,1342.25,6.407,0.4563
3584,13.907,1055.9,1344.66,6.406,0.4554
3585,13.828,1054.0,1347.06,6.412,0.4542
3586,13.759,1054.0,1349.46,6.425,0.4529
3587,13.831,1051.3,1351.79,6.423,0.4521
3588,13.877,1050.8,1353.95,6.416,0.4514
3589,13.783,1053.9,1356.01,6.425,0.4504
3590,13.763,1058.6,1357.99,6.439,0.45
3591,13.887,1060.6,1359.83,6.438,0.45
3592,13.805,1061.1,1361.68,6.447,0.45
3593,13.738,1064.0,1363.53,6.466,0.45
3594,13.502,1058.2,1365.76,6.5,0.45
3595,13.673,1057.7,1367.96,6.505,0.45
3596,13.626,1056.9,1370.16,6.514,0.45
3597,13.763,1059.0,1372.14,6.507,0.45
3598,13.868,1060.4,1373.84,6.491,0.45
3599,13.884,1055.6,1375.41,6.471,0.45
3600,13.625,1055.2,1377.06,6.486,0.45
3601,13.469,1052.8,1378.94,6.513,0.45
3602,13.354,1051.7,1381.07,6.546,0.45
3603,13.416,1052.7,1383.26,6.565,0.45
3604,13.425,1052.8,1385.46,6.577,0.45
3605,13.478,1055.6,1387.54,6.584,0.45
3606,13.393,1050.7,1389.73,6.593,0.45
3607,13.312,1047.8,1392.03,6.606,0.45
3608,13.261,1045.5,1394.41,6.619,0.45
3609,13.376,1044.0,1396.67,6.614,0.45
3610,13.493,1044.9,1398.67,6.597,0.45
3611,13.588,1044.9,1400.36,6.574,0.45
3612,13.741,1047.6,1401.59,6.541,0.45
3613,13.773,1044.7,1402.53,6.509,0.45
3614,13.799,1043.3,1403.2,6.481,0.45
3615,13.743,1045.9,1403.67,6.469,0.45
3616,13.864,1045.9,1403.91,6.446,0.45
3617,13.86,1044.7,1404.0,6.428,0.45
3618,13.927,1046.7,1403.86,6.408,0.45
3619,13.797,1047.9,1403.7,6.411,0.45
3620,13.689,1050.7,1403.64,6.428,0.45
3621,13.532,1051.0,1403.88,6.46,0.45
3622,13.766,1049.5,1404.11,6.455,0.45
3623,13.724,1049.9,1404.34,6.457,0.45
3624,13.69,1048.4,1404.63,6.46,0.45
3625,13.806,1048.5,1404.82,6.449,0.45
3626,14.064,1051.2,1404.6,6.414,0.45
3627,14.332,1050.8,1403.86,6.355,0.45
3628,14.394,1054.7,1402.64,6.308,0.45
3629,14.281,1053.4,1401.3,6.285,0.45
3630,14.079,1052.6,1400.09,6.29,0.45
3631,14.19,1051.7,1398.85,6.28,0.45
3632,14.196,1049.4,1397.62,6.269,0.45
3633,14.145,1049.0,1396.41,6.266,0.45
3634,14.241,1046.1,1395.2,6.25,0.45
3635,14.414,1045.0,1393.76,6.215,0.45
3636,14.258,1045.2,1392.3,6.208,0.45
3637,14.082,1047.2,1391.04,6.226,0.45
3638,14.065,1044.9,1390.02,6.239,0.45
3639,13.973,1043.8,1389.28,6.258,0.45
3640,14.032,1044.8,1388.62,6.267,0.45
3641,13.965,1044.3,1388.12,6.28,0.45
3642,13.847,1043.6,1387.85,6.304,0.45
3643,13.803,1045.0,1387.79,6.328,0.45
3644,13.919,1045.9,1387.77,6.334,0.45
3645,13.792,1045.8,1387.91,6.353,0.45
3646,14.156,1044.9,1387.81,6.323,0.45
3647,14.238,1044.8,1387.45,6.291,0.45
3648,14.188,1045.2,1386.91,6.273,0.45
3649,14.158,1049.8,1386.23,6.269,0.45
3650,14.221,1052.6,1385.44,6.262,0.45
3651,14.157,1055.0,1384.66,6.267,0.45
3652,14.152,1056.7,1383.93,6.273,0.45
3653,14.078,1057.4,1383.34,6.287,0.45
3654,14.011,1055.7,1382.95,6.303,0.45
3655,13.88,1055.6,1382.84,6.331,0.45
3656,13.776,1059.5,1382.98,6.369,0.45
3657,13.887,1058.2,1383.27,6.382,0.45
3658,13.925,1063.0,1383.55,6.393,0.45
3659,13.743,1066.4,1384.05,6.427,0.45
3660,13.955,1069.7,1384.48,6.432,0.45
3661,14.065,1070.2,1384.79,6.422,0.45
3662,14.125,1069.4,1384.98,6.408,0.45
3663,14.203,1070.1,1384.96,6.388,0.45
3664,14.19,1065.9,1384.88,6.37,0.45
3665,14.016,1069.9,1384.8,6.382,0.45
3666,14.21,1070.4,1384.58,6.368,0.45
3667,13.953,1069.7,1384.56,6.387,0.45
3668,14.017,1066.9,1384.64,6.391,0.45
3669,14.102,1063.9,1384.69,6.38,0.45
3670,14.183,1065.8,1384.56,6.365,0.45
3671,14.059,1067.1,1384.44,6.369,0.45
3672,13.922,1065.7,1384.53,6.387,0.45
3673,13.824,1062.6,1384.9,6.409,0.45
3674,13.913,1062.5,1385.31,6.414,0.45
3675,13.761,1060.4,1385.94,6.434,0.45
3676,13.729,1060.6,1386.7,6.453,0.45
3677,13.645,1059.4,1387.66,6.475,0.45
3678,13.53,1059.4,1388.87,6.506,0.45
3679,13.652,1058.7,1390.09,6.513,0.45
3680,13.61,1059.2,1391.35,6.525,0.45
3681,13.413,1061.5,1392.83,6.559,0.45
3682,13.47,1058.3,1394.46,6.574,0.45
3683,13.415,1057.3,1396.19,6.591,0.45
3684,13.54,1058.7,1397.8,6.59,0.45
3685,13.552,1060.1,1399.29,6.59,0.45
3686,13.693,1058.1,1400.6,6.571,0.45
3687,13.589,1053.8,1401.88,6.564,0.45
3688,13.364,1051.7,1403.33,6.583,0.45
3689,13.236,1053.4,1404.96,6.614,0.45
3690,13.285,1051.5,1406.7,6.629,0.45
3691,13.206,1051.3,1408.56,6.65,0.45
3692,13.238,1047.0,1410.51,6.657,0.45
3693,13.522,1048.7,1412.08,6.63,0.45
3694,13.548,1048.1,1413.38,6.607,0.45
3695,13.524,1045.8,1414.51,6.589,0.45
3696,13.537,1041.6,1415.52,6.569,0.45
3697,13.446,1044.2,1416.42,6.569,0.45
3698,13.55,1046.0,1417.14,6.558,0.45
3699,13.656,1047.5,1417.61,6.539,0.45
3700,13.704,1044.1,1417.91,6.515,0.45
3701,13.778,1046.0,1417.92,6.491,0.45
3702,13.765,1041.5,1417.84,6.469,0.45
3703,13.923,1045.5,1417.38,6.438,0.45
3704,13.805,1050.6,1416.78,6.435,0.45
3705,13.987,1052.9,1415.98,6.414,0.45
3706,13.77,1049.6,1415.35,6.42,0.45
3707,13.804,1044.7,1414.83,6.415,0.45
3708,14.035,1044.3,1414.05,6.384,0.45
3709,13.748,1048.0,1413.34,6.398,0.45
3710,13.707,1043.7,1412.87,6.409,0.45
3711,13.935,1039.3,1412.33,6.385,0.45
3712,13.925,1038.4,1411.67,6.367,0.45
3713,14.109,1038.6,1410.73,6.332,0.45
3714,14.276,1044.3,1409.32,6.293,0.45
3715,14.138,1047.4,1407.83,6.283,0.45
3716,14.245,1048.2,1406.19,6.264,0.45
3717,14.15,1046.3,1404.65,6.259,0.45
3718,14.094,1040.3,1403.27,6.255,0.45
3719,14.018,1037.0,1402.06,6.257,0.45
3720,13.909,1037.7,1401.03,6.272,0.45
3721,13.998,1036.9,1400.05,6.272,0.45
3722,13.968,1037.7,1399.13,6.276,0.45
3723,13.894,1038.0,1398.37,6.289,0.45
3724,14.001,1036.3,1397.64,6.283,0.45
3725,14.008,1036.3,1396.91,6.278,0.45
3726,13.971,1036.2,1396.24,6.279,0.45
3727,14.008,1037.6,1395.53,6.277,0.45
3728,14.326,1033.2,1394.57,6.233,0.45
3729,14.372,1035.9,1393.26,6.197,0.45
3730,14.503,1035.0,1391.63,6.154,0.45
3731,14.471,1034.9,1389.81,6.125,0.45
3732,14.481,1037.7,1387.82,6.106,0.45
3733,14.346,1037.3,1385.94,6.107,0.45
3734,14.265,1037.7,1384.23,6.117,0.45
3735,14.281,1039.6,1382.6,6.126,0.45
3736,14.379,1042.4,1380.98,6.124,0.45
3737,14.153,1040.9,1379.67,6.147,0.45
3738,14.21,1043.9,1378.47,6.161,0.45
3739,14.109,1042.6,1377.55,6.182,0.45
3740,14.167,1042.5,1376.78,6.191,0.45
3741,13.982,1045.6,1376.26,6.223,0.45
3742,13.974,1047.7,1375.97,6.251,0.45
3743,13.937,1050.1,1375.88,6.278,0.45
3744,13.657,1050.8,1376.28,6.333,0.45
3745,13.733,1050.8,1376.93,6.365,0.45
3746,13.548,1048.5,1378.0,6.408,0.45
3747,13.546,1046.7,1379.34,6.439,0.45
3748,13.319,1048.3,1381.07,6.49,0.45
3749,13.406,1050.3,1382.93,6.521,0.45
3750,13.399,1048.9,1384.96,6.543,0.45
3751,13.456,1045.1,1387.03,6.549,0.45
3752,13.44,1050.1,1389.0,6.561,0.45
3753,13.483,1048.6,1390.93,6.563,0.45
3754,13.476,1050.8,1392.76,6.568,0.45
3755,13.584,1053.0,1394.39,6.561,0.45
3756,13.56,1050.6,1395.95,6.556,0.45
3757,13.622,1053.9,1397.3,6.549,0.45
3758,13.483,1057.0,1398.63,6.564,0.45
3759,13.579,1057.1,1399.9,6.564,0.45
3760,13.653,1057.7,1401.0,6.555,0.45
3761,13.537,1058.8,1402.12,6.564,0.45
3762,13.542,1059.6,1403.23,6.571,0.45
3763,13.296,1063.0,1404.56,6.609,0.45
3764,13.194,1060.7,1406.24,6.647,0.45
3765,13.151,1060.3,1408.17,6.68,0.45
3766,13.0,1062.2,1410.38,6.725,0.45
3767,13.012,1065.3,1412.76,6.761,0.45
3768,13.134,1067.2,1415.11,6.776,0.45
3769,13.002,1064.2,1417.66,6.799,0.45
3770,13.016,1064.7,1420.23,6.815,0.45
3771,13.102,1062.7,1422.74,6.815,0.45
3772,13.056,1064.8,1425.15,6.822,0.45
3773,13.169,1066.7,1427.35,6.817,0.45
3774,13.0,1065.9,1429.62,6.832,0.45
3775,13.0,1065.8,1431.88,6.843,0.45
3776,13.013,1064.5,1434.12,6.848,0.45
3777,13.108,1064.8,1436.18,6.842,0.45
3778,13.058,1065.9,1438.13,6.844,0.45
3779,13.0,1064.3,1440.11,6.85,0.45
3780,13.24,1064.0,1441.78,6.826,0.45
3781,13.3,1062.5,1443.16,6.8,0.45
3782,13.365,1059.9,1444.27,6.769,0.45
3783,13.331,1055.7,1445.21,6.745,0.45
3784,13.199,1057.9,1446.06,6.745,0.45
3785,13.233,1059.5,1446.81,6.743,0.45
3786,13.152,1062.9,1447.54,6.755,0.45
3787,13.095,1061.2,1448.42,6.769,0.45
3788,13.004,1062.0,1449.44,6.791,0.45
3789,13.0,1061.9,1450.58,6.808,0.45
3790,13.013,1059.6,1451.81,6.816,0.45
3791,13.081,1058.4,1452.98,6.813,0.45
3792,13.1,1057.7,1454.08,6.808,0.45
3793,13.302,1056.5,1454.89,6.778,0.45
3794,13.246,1057.4,1455.52,6.764,0.45
3795,13.337,1056.7,1455.92,6.742,0.45
3796,13.431,1056.3,1456.05,6.714,0.45
3797,13.322,1053.1,1456.14,6.702,0.45
3798,13.406,1055.6,1456.01,6.686,0.45
3799,13.366,1055.4,1455.82,6.678,0.45
3800,13.189,1051.9,1455.83,6.689,0.45
3801,13.192,1050.3,1455.93,6.695,0.45
3802,13.266,1047.4,1456.04,6.688,0.45
3803,13.297,1049.9,1456.02,6.682,0.45
3804,13.135,1053.2,1456.09,6.7,0.45
3805,13.172,1050.9,1456.29,6.706,0.45
3806,13.162,1048.8,1456.57,6.71,0.45
3807,13.578,1049.7,1456.39,6.665,0.45
3808,13.69,1052.5,1455.75,6.621,0.45
3809,13.509,1056.5,1454.96,6.614,0.45
3810,13.634,1058.3,1453.99,6.596,0.45
3811,13.675,1058.9,1452.89,6.579,0.45
3812,13.588,1055.4,1451.86,6.572,0.45
3813,13.629,1056.6,1450.75,6.563,0.45
3814,13.719,1055.5,1449.56,6.545,0.45
3815,13.687,1054.2,1448.36,6.533,0.45
3816,13.645,1052.9,1447.18,6.528,0.45
3817,13.598,1047.1,1446.16,6.523,0.45
3818,13.507,1044.9,1445.28,6.527,0.45
3819,13.483,1043.1,1444.56,6.531,0.45
3820,13.359,1039.8,1444.09,6.545,0.45
3821,13.398,1036.5,1443.73,6.547,0.45
3822,13.312,1036.0,1443.51,6.558,0.45
3823,13.492,1032.5,1443.23,6.541,0.45
3824,13.447,1036.2,1442.84,6.538,0.45
3825,13.39,1037.0,1442.49,6.543,0.45
3826,13.401,1035.2,1442.22,6.543,0.45
3827,13.427,1036.8,1441.91,6.543,0.45
3828,13.297,1035.6,1441.76,6.556,0.45
3829,13.184,1037.5,1441.8,6.582,0.45
3830,13.089,1039.7,1442.08,6.614,0.45
3831,13.0,1034.7,1442.75,6.644,0.45
3832,13.159,1033.8,1443.43,6.646,0.45
3833,13.179,1032.6,1444.09,6.644,0.45
3834,13.111,1034.9,1444.74,6.653,0.45
3835,13.103,1035.5,1445.44,6.661,0.45
3836,13.021,1035.6,1446.25,6.678,0.45
3837,13.056,1032.7,1447.14,6.682,0.45
3838,13.202,1030.4,1447.9,6.666,0.45
3839,13.034,1028.2,1448.74,6.671,0.45
3840,13.0,1029.2,1449.58,6.68,0.45
3841,13.195,1026.2,1450.28,6.66,0.45
3842,13.247,1024.0,1450.78,6.636,0.45
3843,13.278,1024.7,1451.04,6.616,0.45
3844,13.139,1022.0,1451.35,6.614,0.45
3845,13.148,1026.0,1451.56,6.616,0.45
3846,13.219,1024.0,1451.73,6.607,0.45
3847,13.205,1026.7,1451.8,6.604,0.45
3848,13.285,1023.9,1451.8,6.59,0.45
3849,13.152,1025.1,1451.83,6.596,0.45
3850,13.25,1027.3,1451.77,6.592,0.45
3851,13.296,1031.5,1451.56,6.588,0.45
3852,13.473,1032.4,1451.12,6.566,0.45
3853,13.459,1030.7,1450.6,6.549,0.45
3854,13.691,1028.1,1449.77,6.505,0.45
3855,13.91,1030.1,1448.42,6.449,0.45
3856,14.012,1028.6,1446.64,6.394,0.45
3857,14.178,1032.1,1444.32,6.336,0.45
3858,14.269,1033.9,1441.59,6.285,0.45
3859,14.415,1031.5,1438.51,6.226,0.45
3860,14.381,1031.3,1435.2,6.186,0.45
3861,14.527,1035.5,1431.54,6.143,0.45
3862,14.43,1035.0,1427.87,6.122,0.45
3863,14.608,1036.7,1424.0,6.087,0.45
3864,14.587,1039.5,1420.07,6.067,0.45
3865,14.601,1038.2,1416.18,6.049,0.45
3866,14.824,1037.3,1412.13,6.008,0.45
3867,14.814,1035.5,1408.05,5.976,0.45
3868,14.881,1035.9,1403.87,5.944,0.45
3869,14.866,1037.2,1399.68,5.924,0.45
3870,14.971,1035.8,1395.46,5.895,0.4528
3871,15.229,1030.0,1391.06,5.836,0.4571
3872,15.292,1032.3,1386.37,5.787,0.4611
3873,15.365,1033.5,1381.48,5.743,0.4651
3874,15.345,1029.1,1376.59,5.707,0.4688
3875,15.486,1027.7,1371.58,5.662,0.4731
3876,15.487,1026.5,1366.51,5.627,0.4769
3877,15.705,1025.8,1361.21,5.574,0.4818
3878,15.637,1025.5,1355.91,5.542,0.4857
3879,15.452,1023.5,1350.85,5.537,0.488
3880,15.37,1021.8,1346.1,5.542,0.4898
3881,15.44,1023.2,1341.48,5.538,0.492
3882,15.253,1020.4,1337.3,5.554,0.4929
3883,15.232,1017.2,1333.5,5.565,0.4939
3884,15.18,1015.6,1330.03,5.578,0.4948
3885,15.381,1016.0,1326.59,5.564,0.497
3886,15.621,1016.7,1322.95,5.526,0.5005
3887,15.827,1014.6,1319.06,5.471,0.5051
3888,15.766,1012.4,1315.09,5.434,0.5088
3889,15.587,1010.4,1311.29,5.425,0.511
3890,15.502,1011.9,1307.65,5.431,0.5122
3891,15.683,1013.0,1303.98,5.414,0.5147
3892,15.82,1014.5,1300.19,5.388,0.5179
3893,15.908,1014.6,1296.32,5.358,0.5213
3894,15.873,1010.2,1292.49,5.334,0.5243
3895,15.752,1011.3,1288.77,5.332,0.526
3896,15.626,1009.2,1285.35,5.343,0.5269
3897,15.584,1008.3,1282.24,5.355,0.5275
3898,15.499,1008.2,1279.46,5.374,0.5276
3899,15.32,1007.6,1277.15,5.408,0.5266
3900,15.359,1004.0,1275.15,5.425,0.5265
3901,15.374,1001.6,1273.34,5.434,0.5268
3902,15.588,1000.6,1271.45,5.413,0.5288
3903,15.795,1001.6,1269.32,5.375,0.5319
3904,15.622,1006.1,1267.16,5.372,0.533
3905,15.613,1002.9,1265.15,5.367,0.5342
3906,15.504,1005.5,1263.26,5.379,0.5343
3907,15.588,1004.3,1261.45,5.377,0.5352
3908,15.497,1002.9,1259.78,5.384,0.5355
3909,15.393,1005.2,1258.31,5.405,0.5349
3910,15.359,1001.2,1257.1,5.42,0.5346
3911,15.398,999.2,1256.0,5.424,0.5348
3912,15.338,997.4,1255.06,5.432,0.5348
3913,15.444,999.8,1254.08,5.428,0.5354
3914,15.275,1002.9,1253.29,5.449,0.5345
3915,15.41,1006.7,1252.5,5.453,0.5346
3916,15.211,1008.0,1251.94,5.481,0.5332
3917,15.354,1005.6,1251.46,5.482,0.5334
3918,15.371,1004.3,1251.0,5.48,0.5337
3919,15.325,1008.0,1250.55,5.488,0.5335
3920,15.427,1010.7,1250.03,5.485,0.5338
3921,15.442,1010.9,1249.47,5.481,0.5343
3922,15.553,1011.6,1248.78,5.466,0.5355
3923,15.663,1009.6,1247.95,5.439,0.5374
3924,15.648,1009.8,1246.99,5.421,0.5388
3925,15.409,1011.8,1246.18,5.438,0.5382
3926,15.308,1012.5,1245.59,5.464,0.5369
3927,15.381,1013.4,1245.12,5.476,0.5365
3928,15.448,1015.1,1244.63,5.478,0.5365
3929,15.452,1016.0,1244.19,5.481,0.5366
3930,15.391,1015.8,1243.84,5.49,0.5362
3931,15.397,1015.0,1243.57,5.495,0.536
3932,15.482,1017.3,1243.24,5.491,0.5364
3933,15.477,1023.9,1242.83,5.497,0.5362
3934,15.498,1023.3,1242.47,5.498,0.5363
3935,15.573,1021.3,1242.11,5.488,0.5371
3936,15.526,1019.5,1241.76,5.483,0.5375
3937,15.493,1021.1,1241.37,5.486,0.5375
3938,15.435,1026.5,1241.0,5.501,0.5368
3939,15.529,1027.7,1240.63,5.502,0.5368
3940,15.611,1028.1,1240.22,5.494,0.5375
3941,15.632,1022.9,1239.81,5.48,0.5385
3942,15.478,1021.1,1239.5,5.485,0.5383
3943,15.531,1020.5,1239.19,5.482,0.5386
3944,15.751,1019.3,1238.68,5.452,0.5406
3945,15.788,1020.6,1237.95,5.427,0.5424
3946,15.64,1022.0,1237.22,5.427,0.5427
3947,15.647,1024.3,1236.5,5.429,0.5429
3948,15.513,1021.9,1235.98,5.444,0.5422
3949,15.281,1024.2,1235.78,5.485,0.5399
3950,15.226,1023.5,1235.91,5.521,0.5378
3951,15.174,1022.4,1236.35,5.553,0.5358
3952,15.142,1018.8,1237.07,5.577,0.5341
3953,15.242,1022.8,1237.76,5.588,0.5332
3954,15.307,1025.2,1238.37,5.591,0.5328
3955,15.257,1025.7,1239.02,5.6,0.5321
3956,15.275,1026.0,1239.71,5.604,0.5315
3957,15.382,1026.0,1240.3,5.595,0.5317
3958,15.299,1025.8,1240.88,5.598,0.5313
3959,15.223,1027.0,1241.5,5.611,0.5304
3960,15.239,1029.4,1242.12,5.621,0.5296
3961,15.425,1034.6,1242.49,5.613,0.5299
3962,15.395,1036.4,1242.79,5.612,0.5298
3963,15.665,1035.6,1242.8,5.579,0.5316
3964,15.477,1036.1,1242.78,5.577,0.5317
3965,15.237,1036.6,1243.0,5.604,0.5301
3966,15.494,1037.0,1243.12,5.595,0.5306
3967,15.467,1038.2,1243.19,5.592,0.5307
3968,15.621,1041.1,1243.04,5.576,0.5317
3969,15.4,1045.8,1242.98,5.595,0.5306
3970,15.326,1048.2,1243.08,5.621,0.5292
3971,15.344,1048.9,1243.3,5.639,0.5281
3972,15.318,1049.6,1243.65,5.656,0.527
3973,15.141,1044.8,1244.36,5.684,0.5252
3974,15.262,1042.6,1245.13,5.689,0.5247
3975,15.289,1045.6,1245.86,5.692,0.5242
3976,15.356,1043.9,1246.51,5.685,0.5243
3977,15.41,1041.2,1247.04,5.67,0.5248
3978,15.425,1041.0,1247.46,5.657,0.5254
3979,15.4,1040.9,1247.8,5.65,0.5256
3980,15.07,1041.1,1248.44,5.684,0.5235
3981,15.106,1038.3,1249.24,5.702,0.5223
3982,14.964,1040.7,1250.23,5.735,0.5202
3983,15.078,1042.1,1251.25,5.748,0.5191
3984,14.868,1040.7,1252.55,5.78,0.5169
3985,14.884,1041.9,1253.95,5.805,0.5151
3986,14.897,1046.3,1255.39,5.826,0.5135
3987,14.983,1047.3,1256.81,5.834,0.5125
3988,15.035,1048.6,1258.16,5.834,0.5119
3989,15.002,1051.2,1259.46,5.842,0.511
3990,15.084,1050.9,1260.67,5.838,0.5107
3991,15.033,1047.0,1261.9,5.836,0.5103
3992,14.903,1045.2,1263.18,5.848,0.5092
3993,14.891,1051.6,1264.42,5.866,0.5079
3994,15.012,1051.0,1265.58,5.864,0.5075
3995,14.882,1050.1,1266.85,5.877,0.5063
3996,14.655,1051.8,1268.33,5.916,0.504
3997,14.527,1049.3,1270.17,5.957,0.5014
3998,14.379,1049.1,1272.36,6.005,0.4984
3999,14.256,1045.9,1274.95,6.051,0.4954
4000,14.375,1047.3,1277.6,6.074,0.4934
4001,14.272,1050.2,1280.36,6.107,0.491
4002,14.425,1049.1,1283.07,6.112,0.4898
4003,14.484,1051.7,1285.59,6.112,0.4887
4004,14.52,1052.7,1287.94,6.108,0.4879
4005,14.624,1053.3,1290.05,6.094,0.4876
4006,14.552,1056.5,1292.01,6.096,0.4868
4007,14.68,1058.4,1293.73,6.085,0.4865
4008,14.777,1057.2,1295.19,6.063,0.4868
4009,14.627,1058.9,1296.56,6.067,0.4861
4010,14.704,1057.7,1297.81,6.059,0.4859
4011,14.814,1057.6,1298.83,6.04,0.4862
4012,14.867,1057.7,1299.63,6.02,0.4867
4013,14.937,1053.7,1300.23,5.992,0.4877
4014,14.626,1052.2,1300.98,6.005,0.4868
4015,14.485,1047.7,1302.0,6.027,0.4855
4016,14.569,1041.5,1303.12,6.026,0.4851
4017,14.624,1037.4,1304.19,6.014,0.4851
4018,14.42,1037.4,1305.35,6.029,0.484
4019,14.387,1037.3,1306.6,6.045,0.4829
4020,14.517,1041.7,1307.71,6.046,0.4824
4021,14.301,1040.4,1309.01,6.07,0.4809
4022,14.386,1044.8,1310.28,6.084,0.4799
4023,14.437,1043.3,1311.56,6.087,0.4792
4024,14.478,1042.4,1312.78,6.083,0.4789
4025,14.42,1046.2,1313.93,6.091,0.4781
4026,14.2,1044.4,1315.31,6.121,0.4764
4027,14.496,1045.5,1316.49,6.11,0.4764
4028,14.544,1045.7,1317.5,6.096,0.4765
4029,14.545,1044.7,1318.4,6.085,0.4766
4030,14.405,1044.2,1319.3,6.092,0.4759
4031,14.218,1047.3,1320.38,6.123,0.4743
4032,14.147,1047.2,1321.7,6.154,0.4726
4033,14.092,1046.0,1323.23,6.183,0.471
4034,13.975,1047.6,1324.99,6.221,0.469
4035,14.262,1051.0,1326.59,6.219,0.4684
4036,14.283,1049.7,1328.1,6.213,0.468
4037,14.074,1053.8,1329.66,6.238,0.4665
4038,14.306,1053.7,1331.07,6.23,0.4662
4039,14.254,1055.4,1332.41,6.232,0.4656
4040,14.123,1053.5,1333.87,6.246,0.4646
4041,14.15,1053.2,1335.35,6.254,0.4637
4042,13.986,1055.7,1336.94,6.281,0.4622
4043,13.934,1056.8,1338.66,6.309,0.4606
4044,14.125,1057.2,1340.29,6.309,0.46
4045,14.263,1057.4,1341.69,6.292,0.46
4046,14.079,1055.9,1343.12,6.299,0.4592
4047,14.066,1051.9,1344.63,6.302,0.4585
4048,14.059,1049.6,1346.13,6.302,0.4579
4049,14.185,1049.6,1347.41,6.287,0.4579
4050,14.026,1050.6,1348.71,6.296,0.4571
4051,13.961,1055.5,1350.01,6.316,0.4559
4052,14.006,1050.9,1351.39,6.32,0.4553
4053,13.912,1052.4,1352.82,6.336,0.4542
4054,13.783,1050.9,1354.45,6.362,0.4528
4055,13.66,1049.4,1356.32,6.393,0.4511
4056,13.587,1051.2,1358.4,6.428,0.45
4057,13.693,1050.4,1360.54,6.441,0.45
4058,13.683,1053.3,1362.62,6.455,0.45
4059,13.736,1052.8,1364.65,6.458,0.45
4060,13.676,1055.1,1366.65,6.471,0.45
4061,13.596,1055.2,1368.74,6.49,0.45
4062,13.723,1057.4,1370.69,6.491,0.45
4063,13.756,1054.4,1372.57,6.485,0.45
4064,13.884,1052.9,1374.21,6.464,0.45
4065,14.033,1057.9,1375.39,6.436,0.45
4066,14.109,1060.9,1376.2,6.41,0.45
4067,14.069,1061.0,1376.82,6.395,0.45
4068,14.121,1059.3,1377.27,6.376,0.45
4069,14.222,1055.4,1377.53,6.345,0.45
4070,14.147,1052.4,1377.69,6.327,0.45
4071,14.135,1049.6,1377.77,6.312,0.45
4072,14.26,1047.5,1377.64,6.283,0.45
4073,14.19,1041.5,1377.48,6.263,0.45
4074,14.322,1036.9,1377.12,6.227,0.45
4075,14.358,1033.7,1376.54,6.192,0.45
4076,14.161,1033.6,1375.98,6.189,0.45
4077,14.15,1036.8,1375.39,6.191,0.45
4078,14.066,1039.8,1374.91,6.207,0.45
4079,14.046,1041.3,1374.54,6.222,0.45
4080,14.088,1037.2,1374.32,6.224,0.45
4081,14.223,1032.2,1374.06,6.204,0.45
4082,14.237,1033.9,1373.62,6.189,0.4506
4083,14.337,1036.2,1372.97,6.169,0.4516
4084,14.44,1036.6,1372.1,6.142,0.4528
4085,14.321,1033.7,1371.25,6.133,0.4535
4086,14.307,1035.3,1370.38,6.129,0.454
4087,14.23,1035.1,1369.62,6.135,0.4541
4088,14.36,1035.9,1368.75,6.125,0.4548
4089,14.4,1034.4,1367.84,6.112,0.4556
4090,14.32,1034.7,1366.95,6.111,0.456
4091,14.291,1036.2,1366.1,6.116,0.4562
4092,14.297,1033.6,1365.35,6.116,0.4565
4093,14.273,1036.3,1364.64,6.122,0.4566
4094,14.284,1036.1,1363.99,6.124,0.4567
4095,14.43,1031.8,1363.3,6.104,0.4577
4096,14.37,1026.8,1362.66,6.09,0.4585
4097,14.4,1025.3,1361.92,6.075,0.4594
4098,14.443,1024.8,1361.08,6.057,0.4604
4099,14.232,1028.7,1360.31,6.074,0.4601
4100,14.309,1029.3,1359.61,6.078,0.4602
4101,14.095,1027.9,1359.22,6.104,0.4594
4102,13.913,1028.0,1359.21,6.146,0.4579
4103,13.764,1029.3,1359.61,6.196,0.456
4104,13.761,1024.4,1360.41,6.228,0.4546
4105,13.994,1025.9,1361.12,6.227,0.4544
4106,13.883,1026.7,1361.89,6.24,0.4536
4107,13.729,1026.4,1362.9,6.267,0.4523
4108,13.729,1025.8,1364.06,6.287,0.4512
4109,13.813,1022.7,1365.26,6.288,0.4507
4110,13.765,1021.2,1366.49,6.293,0.4501
4111,13.946,1018.7,1367.53,6.273,0.4503
4112,14.052,1017.8,1368.28,6.244,0.4509
4113,14.071,1019.5,1368.75,6.222,0.4515
4114,13.993,1021.3,1369.09,6.217,0.4515
4115,13.986,1021.2,1369.37,6.214,0.4515
4116,13.936,1021.5,1369.67,6.218,0.4513
4117,14.027,1024.7,1369.86,6.213,0.4513
4118,13.974,1025.1,1370.05,6.217,0.4511
4119,14.073,1023.9,1370.16,6.207,0.4514
4120,13.957,1020.8,1370.36,6.209,0.4513
4121,13.945,1020.2,1370.6,6.211,0.4511
4122,13.71,1023.0,1371.05,6.244,0.45
4123,13.68,1024.8,1371.73,6.275,0.45
4124,13.679,1025.8,1372.57,6.298,0.45
4125,13.57,1024.4,1373.69,6.328,0.45
4126,13.685,1022.5,1374.85,6.334,0.45
4127,13.803,1022.0,1375.88,6.324,0.45
4128,13.77,1016.3,1376.91,6.314,0.45
4129,13.855,1011.3,1377.82,6.29,0.45
4130,13.77,1010.5,1378.62,6.282,0.45
4131,13.688,1010.8,1379.43,6.285,0.45
4132,13.741,1013.3,1380.12,6.285,0.45
4133,13.82,1011.1,1380.72,6.272,0.45
4134,13.651,1008.2,1381.42,6.28,0.45
4135,13.651,1003.9,1382.2,6.28,0.45
4136,13.691,1003.9,1382.9,6.276,0.45
4137,13.696,1004.7,1383.52,6.273,0.45
4138,13.526,1001.0,1384.33,6.287,0.45
4139,13.561,997.4,1385.23,6.288,0.45
4140,13.602,997.5,1386.05,6.285,0.45
4141,13.578,996.8,1386.86,6.285,0.45
4142,13.441,995.6,1387.79,6.299,0.45
4143,13.629,997.7,1388.54,6.29,0.45
4144,13.629,999.4,1389.17,6.285,0.45
4145,13.635,994.8,1389.81,6.276,0.45
4146,13.666,997.6,1390.27,6.268,0.45
4147,13.685,998.8,1390.62,6.262,0.45
4148,13.918,999.3,1390.66,6.23,0.45
4149,13.866,998.4,1390.55,6.211,0.45
4150,13.772,998.3,1390.4,6.208,0.45
4151,13.596,997.3,1390.44,6.225,0.45
4152,13.605,997.8,1390.59,6.238,0.45
4153,13.534,1000.2,1390.85,6.258,0.45
4154,13.426,999.2,1391.37,6.285,0.45
4155,13.369,997.0,1392.15,6.309,0.45
4156,13.226,998.7,1393.19,6.347,0.45
4157,13.31,999.3,1394.34,6.365,0.45
4158,13.149,1000.4,1395.74,6.4,0.45
4159,13.436,999.0,1397.01,6.39,0.45
4160,13.352,998.0,1398.29,6.391,0.45
4161,13.363,995.7,1399.55,6.388,0.45
4162,13.442,996.9,1400.61,6.378,0.45
4163,13.537,994.6,1401.48,6.357,0.45
4164,13.535,1000.5,1402.08,6.348,0.45
4165,13.607,999.1,1402.54,6.331,0.45
4166,13.566,999.3,1402.88,6.323,0.45
4167,13.498,1001.3,1403.2,6.328,0.45
4168,13.384,1000.4,1403.67,6.344,0.45
4169,13.299,1000.1,1404.32,6.365,0.45
4170,13.178,994.1,1405.3,6.389,0.45
4171,13.134,991.5,1406.51,6.409,0.45
4172,13.185,991.9,1407.74,6.418,0.45
4173,13.176,995.1,1408.94,6.429,0.45
4174,13.048,998.5,1410.26,6.457,0.45
4175,13.0,998.0,1411.79,6.483,0.45
4176,13.023,997.4,1413.41,6.499,0.45
4177,13.0,999.4,1415.07,6.516,0.45
4178,13.028,1001.6,1416.71,6.529,0.45
4179,13.0,1005.2,1418.34,6.545,0.45
4180,13.065,1008.4,1419.89,6.554,0.45
4181,13.075,1011.6,1421.36,6.562,0.45
4182,13.103,1008.6,1422.84,6.562,0.45
4183,13.003,1004.9,1424.41,6.57,0.45
4184,13.222,1006.1,1425.71,6.551,0.45
4185,13.366,1007.6,1426.64,6.521,0.45
4186,13.409,1009.8,1427.25,6.497,0.45
4187,13.382,1005.7,1427.74,6.477,0.45
4188,13.314,1005.4,1428.16,6.47,0.45
4189,13.436,1005.5,1428.37,6.45,0.45
4190,13.289,1006.9,1428.57,6.454,0.45
4191,13.531,1004.8,1428.56,6.426,0.45
4192,13.459,1002.5,1428.48,6.411,0.45
4193,13.489,999.7,1428.31,6.393,0.45
4194,13.364,1003.2,1428.11,6.398,0.45
4195,13.231,1002.7,1428.09,6.417,0.45
4196,13.042,1005.2,1428.39,6.457,0.45
4197,13.06,1009.6,1428.87,6.489,0.45
4198,13.171,1010.2,1429.44,6.501,0.45
4199,13.251,1011.0,1429.95,6.502,0.45
4200,13.322,1012.7,1430.35,6.496,0.45
4201,13.276,1011.3,1430.76,6.495,0.45
4202,13.374,1012.7,1431.01,6.485,0.45
4203,13.169,1013.5,1431.41,6.502,0.45
4204,13.343,1016.7,1431.66,6.498,0.45
4205,13.448,1016.2,1431.77,6.482,0.45
4206,13.486,1015.6,1431.73,6.465,0.45
4207,13.34,1012.8,1431.77,6.466,0.45
4208,13.297,1011.2,1431.87,6.47,0.45
4209,13.215,1012.7,1432.05,6.485,0.45
4210,13.197,1012.9,1432.36,6.498,0.45
4211,13.193,1012.4,1432.76,6.508,0.45
4212,13.27,1012.3,1433.13,6.506,0.45
4213,13.106,1014.7,1433.62,6.527,0.45
4214,13.185,1014.8,1434.14,6.533,0.45
4215,13.278,1011.9,1434.62,6.523,0.45
4216,13.039,1010.2,1435.31,6.543,0.45
4217,13.285,1004.8,1435.92,6.521,0.45
4218,13.11,1004.6,1436.55,6.526,0.45
4219,13.236,1003.0,1437.07,6.513,0.45
4220,13.338,1000.2,1437.41,6.488,0.45
4221,13.403,997.4,1437.52,6.458,0.45
4222,13.498,995.3,1437.34,6.422,0.45
4223,13.618,995.2,1436.8,6.381,0.45
4224,13.523,993.1,1436.14,6.358,0.45
4225,13.474,986.3,1435.51,6.34,0.45
4226,13.282,983.5,1435.02,6.345,0.45
4227,13.306,985.0,1434.55,6.348,0.45
4228,13.558,983.9,1433.85,6.319,0.45
4229,13.517,982.8,1433.06,6.301,0.45
4230,13.591,982.2,1432.1,6.278,0.45
4231,13.519,981.0,1431.12,6.268,0.45
4232,13.715,986.2,1429.84,6.243,0.45
4233,13.56,989.8,1428.56,6.247,0.45
4234,13.68,988.5,1427.26,6.234,0.45
4235,13.769,989.6,1425.84,6.216,0.45
4236,13.851,985.7,1424.31,6.187,0.45
4237,13.741,982.0,1422.82,6.175,0.45
4238,13.714,985.0,1421.28,6.172,0.45
4239,13.742,985.5,1419.75,6.167,0.45
4240,13.719,988.2,1418.26,6.17,0.45
4241,13.937,986.1,1416.64,6.143,0.45
4242,13.842,988.6,1414.99,6.138,0.45
4243,13.923,987.0,1413.3,6.122,0.45
4244,13.919,989.9,1411.55,6.114,0.45
4245,13.744,993.8,1409.94,6.133,0.45
4246,13.957,992.8,1408.33,6.121,0.45
4247,13.988,996.0,1406.63,6.112,0.45
4248,13.973,995.1,1404.99,6.107,0.45
4249,13.973,994.9,1403.37,6.102,0.45
4250,14.009,997.2,1401.71,6.097,0.45
4251,14.205,996.2,1399.9,6.069,0.45
4252,14.118,998.0,1398.04,6.06,0.45
4253,13.979,997.8,1396.38,6.07,0.45
4254,14.001,999.5,1394.79,6.076,0.45
4255,14.173,995.2,1393.21,6.056,0.45
4256,14.244,1001.3,1391.39,6.04,0.45
4257,14.385,1002.5,1389.36,6.012,0.4507
4258,14.278,1004.5,1387.33,6.006,0.4517
4259,14.157,1001.7,1385.53,6.013,0.4522
4260,14.093,1006.0,1383.85,6.03,0.4522
4261,14.143,999.2,1382.41,6.03,0.4528
4262,14.102,1003.4,1381.01,6.039,0.453
4263,14.202,1005.7,1379.61,6.037,0.4537
4264,13.96,1004.7,1378.53,6.063,0.4531
4265,13.641,1005.9,1377.96,6.121,0.4512
4266,13.603,1004.5,1377.88,6.167,0.45
4267,13.586,1003.5,1378.17,6.203,0.45
4268,13.676,1001.1,1378.63,6.217,0.45
4269,13.762,998.9,1379.11,6.214,0.45
4270,13.651,1002.7,1379.61,6.229,0.45
4271,13.474,1002.5,1380.37,6.262,0.45
4272,13.485,1004.9,1381.27,6.287,0.45
4273,13.725,1008.0,1382.0,6.282,0.45
4274,13.64,1006.6,1382.78,6.286,0.45
4275,13.455,1002.1,1383.82,6.306,0.45
4276,13.488,999.8,1384.93,6.314,0.45
4277,13.42,998.2,1386.12,6.327,0.45
4278,13.57,994.6,1387.23,6.314,0.45
4279,13.532,995.8,1388.22,6.311,0.45
4280,13.587,995.7,1389.11,6.302,0.45
4281,13.677,998.7,1389.75,6.287,0.45
4282,13.403,1003.5,1390.49,6.315,0.45
4283,13.345,997.7,1391.51,6.335,0.45
4284,13.336,995.0,1392.69,6.349,0.45
4285,13.396,995.0,1393.85,6.352,0.45
4286,13.449,997.3,1394.89,6.35,0.45
4287,13.337,995.3,1396.01,6.36,0.45
4288,13.385,995.2,1397.11,6.362,0.45
4289,13.33,991.5,1398.27,6.365,0.45
4290,13.223,989.1,1399.57,6.378,0.45
4291,13.189,988.3,1400.95,6.39,0.45
4292,13.051,990.8,1402.46,6.418,0.45
4293,13.0,989.1,1404.2,6.444,0.45
4294,13.12,988.0,1405.9,6.447,0.45
4295,13.184,987.4,1407.49,6.442,0.45
4296,13.234,988.1,1408.9,6.433,0.45
4297,13.032,988.2,1410.41,6.45,0.45
4298,13.019,990.5,1411.96,6.467,0.45
4299,13.0,990.1,1413.58,6.481,0.45
4300,13.047,988.2,1415.21,6.484,0.45
4301,13.217,986.6,1416.63,6.465,0.45
4302,13.323,985.4,1417.74,6.436,0.45
4303,13.385,986.7,1418.52,6.409,0.45
4304,13.504,985.4,1418.97,6.373,0.45
4305,13.576,986.0,1419.05,6.338,0.45
4306,13.489,983.9,1419.03,6.32,0.45
4307,13.712,985.6,1418.62,6.282,0.45
4308,13.729,987.0,1417.93,6.253,0.45
4309,13.789,986.6,1417.0,6.224,0.45
4310,13.593,988.8,1416.09,6.228,0.45
4311,13.474,987.8,1415.38,6.243,0.45
4312,13.363,989.6,1414.91,6.27,0.45
4313,13.41,991.4,1414.58,6.287,0.45
4314,13.093,991.2,1414.73,6.337,0.45
4315,13.28,992.4,1415.0,6.353,0.45
4316,13.243,992.6,1415.42,6.37,0.45
4317,13.344,992.1,1415.85,6.371,0.45
4318,13.367,994.5,1416.18,6.371,0.45
4319,13.343,994.1,1416.56,6.373,0.45
4320,13.567,996.3,1416.66,6.352,0.45
4321,13.526,994.4,1416.69,6.338,0.45
4322,13.585,991.3,1416.59,6.317,0.45
4323,13.632,992.7,1416.27,6.297,0.45
4324,13.603,993.0,1415.85,6.286,0.45
4325,13.645,992.9,1415.33,6.273,0.45
4326,13.905,995.9,1414.39,6.236,0.45
4327,13.914,995.7,1413.25,6.207,0.45
4328,13.912,999.5,1411.9,6.19,0.45
4329,13.886,998.6,1410.55,6.179,0.45
4330,13.906,999.6,1409.14,6.169,0.45
4331,14.003,997.7,1407.65,6.149,0.45
4332,14.037,999.6,1406.04,6.132,0.45
4333,14.159,999.3,1404.26,6.104,0.45
4334,14.303,999.7,1402.22,6.067,0.45
4335,14.396,998.4,1399.93,6.026,0.45
4336,14.461,996.4,1397.44,5.986,0.45
4337,14.32,995.2,1394.95,5.971,0.45
4338,14.402,995.5,1392.4,5.95,0.4518
4339,14.451,995.0,1389.79,5.929,0.4538
4340,14.322,992.7,1387.31,5.925,0.4549
4341,14.274,992.1,1384.97,5.927,0.4558
4342,14.372,993.5,1382.62,5.918,0.4571
4343,14.313,992.4,1380.41,5.918,0.458
4344,14.246,989.6,1378.4,5.922,0.4587
4345,14.306,987.4,1376.49,5.916,0.4597
4346,14.389,985.9,1374.58,5.899,0.4612
4347,14.294,983.5,1372.78,5.895,0.4621
4348,14.343,983.6,1370.98,5.887,0.4632
4349,14.455,984.1,1369.07,5.868,0.4648
4350,14.521,986.1,1367.02,5.848,0.4665
4351,14.633,984.8,1364.84,5.818,0.4687
4352,14.678,985.1,1362.49,5.791,0.4708
4353,14.471,985.6,1360.27,5.796,0.4716
4354,14.529,982.3,1358.17,5.789,0.4727
4355,14.8,977.3,1355.9,5.746,0.4757
4356,14.762,975.9,1353.49,5.716,0.4781
4357,14.724,978.7,1351.0,5.702,0.4798
4358,14.509,976.2,1348.78,5.713,0.4801
4359,14.596,974.0,1346.67,5.709,0.4812
4360,14.761,972.6,1344.48,5.685,0.4833
4361,14.701,972.7,1342.3,5.674,0.4847
4362,14.657,972.1,1340.2,5.671,0.4858
4363,14.565,974.0,1338.25,5.681,0.4861
4364,14.606,973.0,1336.43,5.683,0.4868
4365,14.387,970.0,1334.93,5.706,0.4863
4366,14.543,974.1,1333.45,5.71,0.4867
4367,14.45,976.8,1332.15,5.727,0.4864
4368,14.397,975.5,1331.09,5.745,0.486
4369,14.541,973.6,1330.06,5.739,0.4867
4370,14.391,971.3,1329.19,5.75,0.4866
4371,14.303,973.2,1328.51,5.77,0.4859
4372,14.344,974.3,1327.95,5.782,0.4856
4373,14.472,973.7,1327.36,5.775,0.4861
4374,14.454,974.1,1326.76,5.772,0.4865
4375,14.455,973.4,1326.17,5.769,0.4869
4376,14.415,973.1,1325.63,5.772,0.487
4377,14.61,973.4,1324.89,5.751,0.4883
4378,14.74,975.8,1323.9,5.722,0.4901
4379,14.804,971.2,1322.76,5.688,0.4922
4380,14.862,970.7,1321.38,5.655,0.4945
4381,15.074,971.8,1319.62,5.607,0.4977
4382,15.075,973.9,1317.58,5.573,0.5003
4383,15.188,973.9,1315.27,5.534,0.5033
4384,15.271,977.5,1312.68,5.499,0.5063
4385,15.322,975.1,1309.97,5.464,0.5094
4386,15.362,969.4,1307.18,5.427,0.5126
4387,15.333,968.3,1304.32,5.401,0.5153
4388,15.476,968.6,1301.25,5.365,0.5187
4389,15.79,969.1,1297.79,5.302,0.5239
4390,15.705,968.8,1294.17,5.264,0.5277
4391,15.653,969.7,1290.52,5.242,0.5306
4392,15.49,972.6,1287.02,5.249,0.5317
4393,15.402,968.1,1283.9,5.259,0.5325
4394,15.348,968.1,1281.04,5.273,0.5329
4395,15.563,967.9,1278.19,5.258,0.535
4396,15.505,965.0,1275.47,5.25,0.5367
4397,15.373,963.3,1272.99,5.258,0.5373
4398,15.48,963.1,1270.56,5.251,0.5388
4399,15.523,964.1,1268.13,5.242,0.5404
4400,15.51,963.4,1265.79,5.235,0.5418
4401,15.507,965.2,1263.54,5.233,0.543
4402,15.393,963.5,1261.5,5.243,0.5433
4403,15.363,965.7,1259.6,5.256,0.5433
4404,15.288,965.3,1257.92,5.275,0.5429
4405,15.436,965.5,1256.26,5.271,0.5438
4406,15.52,960.7,1254.62,5.254,0.5456
4407,15.429,961.4,1253.05,5.252,0.5464
4408,15.406,960.0,1251.57,5.251,0.5471
4409,15.386,960.1,1250.14,5.253,0.5476
4410,15.399,960.0,1248.8,5.253,0.5482
4411,15.271,961.4,1247.63,5.27,0.5477
4412,15.3,965.0,1246.54,5.283,0.5473
4413,15.644,960.7,1245.29,5.248,0.5501
4414,15.471,960.0,1244.03,5.241,0.5511
4415,15.404,962.0,1242.82,5.246,0.5513
4416,15.495,962.9,1241.57,5.24,0.5522
4417,15.345,968.0,1240.44,5.259,0.5515
4418,15.368,969.7,1239.46,5.272,0.5511
4419,15.18,970.2,1238.78,5.305,0.5494
4420,14.921,968.8,1238.6,5.359,0.5462
4421,15.11,972.9,1238.54,5.381,0.5449
4422,15.19,969.7,1238.58,5.385,0.5446
4423,15.162,969.6,1238.66,5.391,0.5442
4424,15.14,969.6,1238.8,5.399,0.5437
4425,15.299,969.0,1238.88,5.384,0.5445
4426,15.344,971.6,1238.76,5.372,0.5453
4427,15.343,971.0,1238.57,5.362,0.546
4428,15.391,970.5,1238.29,5.348,0.547
4429,15.411,972.0,1237.86,5.337,0.5479
4430,15.254,972.5,1237.55,5.347,0.5473
4431,15.218,974.1,1237.3,5.362,0.5466
4432,15.187,974.5,1237.13,5.376,0.5458
4433,15.023,973.5,1237.28,5.406,0.5439
4434,14.835,978.8,1237.75,5.456,0.5408
4435,14.817,981.6,1238.5,5.499,0.5379
4436,15.142,980.8,1239.18,5.492,0.5381
4437,15.126,979.7,1239.83,5.487,0.538
4438,15.157,980.3,1240.4,5.481,0.5382
4439,14.963,977.6,1241.13,5.496,0.537
4440,15.03,978.4,1241.85,5.5,0.5364
4441,15.121,980.1,1242.46,5.495,0.5365
4442,15.31,980.1,1242.79,5.468,0.5379
4443,15.12,979.9,1243.13,5.471,0.5376
4444,15.118,980.5,1243.46,5.473,0.5373
4445,15.203,978.4,1243.7,5.463,0.5378
4446,15.271,974.9,1243.81,5.443,0.5389
4447,15.384,974.8,1243.68,5.414,0.5407
4448,15.371,980.8,1243.35,5.402,0.5416
4449,15.809,977.8,1242.55,5.337,0.5458
4450,15.826,980.1,1241.32,5.289,0.5493
4451,15.9,977.4,1239.77,5.241,0.5529
4452,15.939,976.4,1237.96,5.2,0.5563
4453,15.66,977.6,1236.24,5.203,0.5568
4454,15.918,975.2,1234.42,5.172,0.5596
4455,16.013,976.3,1232.34,5.139,0.5626
4456,16.054,976.9,1230.08,5.11,0.5655
4457,15.905,977.0,1227.9,5.106,0.5667
4458,15.793,975.9,1225.93,5.115,0.567
4459,15.773,976.2,1224.13,5.124,0.5672
4460,15.619,972.9,1222.67,5.146,0.5665
4461,15.504,973.5,1221.59,5.176,0.565
4462,15.56,977.5,1220.65,5.197,0.5641
4463,15.375,978.6,1220.07,5.235,0.5619
4464,15.417,976.0,1219.75,5.256,0.5607
4465,15.352,974.3,1219.62,5.278,0.5594
4466,15.458,972.3,1219.59,5.279,0.5594
4467,15.529,977.0,1219.46,5.277,0.5595
4468,15.326,977.7,1219.53,5.3,0.5581
4469,15.289,976.7,1219.76,5.321,0.5567
4470,15.504,975.9,1219.89,5.31,0.5573
4471,15.802,976.0,1219.65,5.267,0.5601
4472,15.786,978.4,1219.1,5.239,0.5621
4473,15.767,978.1,1218.39,5.221,0.5636
4474,15.919,979.9,1217.44,5.191,0.5659
4475,15.845,983.1,1216.34,5.181,0.567
4476,15.778,986.2,1215.25,5.185,0.5673
4477,15.972,983.1,1214.07,5.161,0.5693
4478,15.931,980.8,1212.88,5.146,0.5708
4479,15.746,983.2,1211.81,5.159,0.5704
4480,15.584,976.4,1211.08,5.18,0.5694
4481,15.438,977.7,1210.63,5.214,0.5674
4482,15.309,979.4,1210.58,5.257,0.5647
4483,15.465,983.1,1210.65,5.275,0.5635
4484,15.445,986.4,1210.81,5.295,0.5622
4485,15.535,988.6,1210.97,5.302,0.5617
4486,15.63,986.0,1211.13,5.293,0.5622
4487,15.917,983.1,1210.95,5.249,0.5651
4488,15.997,984.9,1210.4,5.208,0.5679
4489,16.034,982.7,1209.63,5.171,0.5706
4490,16.297,985.2,1208.36,5.115,0.5748
4491,16.166,985.1,1206.88,5.088,0.5772
4492,16.246,984.3,1205.2,5.058,0.5799
4493,16.152,986.2,1203.44,5.049,0.5813
4494,15.986,983.9,1201.86,5.058,0.5814
4495,16.036,986.8,1200.36,5.063,0.5817
4496,15.945,985.7,1199.06,5.076,0.5815
4497,15.846,984.9,1198.02,5.097,0.5806
4498,15.708,985.6,1197.3,5.129,0.5788
4499,15.521,988.1,1197.03,5.179,0.5757
4500,15.365,988.7,1197.25,5.235,0.572
4501,15.467,985.8,1197.76,5.261,0.57
4502,15.291,984.8,1198.64,5.301,0.5671
4503,15.261,983.6,1199.76,5.333,0.5646
4504,15.311,984.9,1200.99,5.352,0.5629
4505,15.259,988.9,1202.27,5.378,0.5608
4506,15.193,992.1,1203.66,5.408,0.5583
4507,15.291,992.4,1205.09,5.42,0.557
4508,15.29,988.0,1206.58,5.424,0.5561
4509,15.077,986.7,1208.24,5.45,0.5538
4510,15.033,990.5,1209.98,5.479,0.5513
4511,15.213,988.7,1211.64,5.478,0.5506
4512,15.254,990.6,1213.13,5.475,0.5502
4513,15.125,987.8,1214.72,5.484,0.549
4514,15.135,989.2,1216.24,5.491,0.5479
4515,15.299,990.3,1217.56,5.479,0.5481
4516,15.288,988.1,1218.79,5.468,0.5482
4517,15.506,987.0,1219.69,5.433,0.5499
4518,15.467,985.1,1220.37,5.409,0.551
4519,15.349,986.9,1220.98,5.408,0.5508
4520,15.43,991.3,1221.42,5.402,0.551
4521,15.326,988.3,1221.91,5.406,0.5505
4522,15.426,988.7,1222.3,5.398,0.5509
4523,15.275,987.3,1222.81,5.408,0.55
4524,15.176,987.0,1223.48,5.427,0.5486
4525,15.25,990.4,1224.11,5.437,0.5478
4526,15.351,989.4,1224.68,5.431,0.5479
4527,15.369,992.2,1225.16,5.427,0.5479
4528,15.366,995.1,1225.56,5.428,0.5476
4529,15.276,992.1,1226.12,5.436,0.5469
4530,15.276,994.6,1226.66,5.445,0.5461
4531,15.402,993.4,1227.11,5.436,0.5465
4532,15.227,994.2,1227.66,5.45,0.5454
4533,15.345,994.5,1228.14,5.448,0.5454
4534,15.31,999.3,1228.58,5.455,0.5448
4535,15.168,1000.6,1229.14,5.479,0.5431
4536,15.175,999.1,1229.84,5.495,0.5419
4537,15.311,1003.0,1230.43,5.495,0.5416
4538,15.304,1004.3,1231.0,5.497,0.5413
4539,15.311,1001.3,1231.59,5.494,0.5412
4540,15.309,1002.8,1232.13,5.495,0.5409
4541,15.379,999.5,1232.6,5.482,0.5414
4542,15.458,999.0,1232.89,5.464,0.5424
4543,15.36,996.8,1233.2,5.458,0.5426
4544,15.097,991.7,1233.76,5.48,0.5411
4545,15.002,993.0,1234.54,5.508,0.5391
4546,14.907,990.9,1235.58,5.538,0.5369
4547,15.053,992.6,1236.59,5.546,0.5361
4548,14.802,995.6,1237.81,5.585,0.5334
4549,14.821,997.4,1239.22,5.613,0.5312
4550,14.897,996.2,1240.68,5.625,0.53
4551,14.94,994.2,1242.14,5.626,0.5293
4552,14.867,991.9,1243.65,5.632,0.5283
4553,14.752,993.1,1245.24,5.652,0.5266
4554,14.6,991.8,1247.08,5.684,0.5241
4555,14.632,994.2,1248.97,5.706,0.5221
4556,14.705,998.6,1250.76,5.72,0.5207
4557,14.646,1004.0,1252.54,5.743,0.5188
4558,14.767,1003.6,1254.27,5.746,0.5179
4559,14.787,1001.8,1255.96,5.743,0.5173
4560,14.797,998.0,1257.56,5.736,0.517
4561,14.813,997.1,1259.05,5.728,0.5169
4562,14.781,997.1,1260.46,5.725,0.5164
4563,14.837,1000.9,1261.69,5.721,0.5161
4564,14.818,1004.6,1262.8,5.724,0.5155
4565,14.72,1007.5,1263.94,5.742,0.5141
4566,15.01,1008.6,1264.81,5.722,0.5147
4567,14.997,1007.7,1265.55,5.708,0.5152
4568,15.103,1009.4,1266.03,5.686,0.5161
4569,15.354,1012.4,1266.05,5.644,0.5182
4570,15.359,1019.6,1265.72,5.621,0.5196
4571,15.481,1022.4,1265.08,5.592,0.5215
4572,15.294,1017.7,1264.54,5.587,0.522
4573,15.221,1018.8,1264.05,5.593,0.5219
4574,15.377,1018.5,1263.46,5.578,0.5229
4575,15.521,1021.4,1262.63,5.554,0.5246
4576,15.274,1018.5,1261.96,5.562,0.5244
4577,15.242,1020.6,1261.36,5.574,0.524
4578,15.182,1019.0,1260.99,5.588,0.5234
4579,15.017,1022.2,1260.86,5.621,0.5217
4580,15.151,1023.2,1260.81,5.632,0.5211
4581,15.143,1015.1,1260.98,5.632,0.5211
4582,15.021,1013.0,1261.29,5.643,0.5203
4583,14.887,1017.2,1261.77,5.673,0.5186
4584,14.804,1022.1,1262.41,5.71,0.5163
4585,14.985,1026.0,1263.03,5.721,0.5155
4586,14.781,1022.6,1263.96,5.75,0.5137
4587,14.786,1026.9,1265.0,5.776,0.512
4588,14.884,1026.0,1266.04,5.783,0.5112
4589,14.911,1031.3,1266.98,5.791,0.5104
4590,14.944,1029.1,1267.92,5.79,0.51
4591,14.796,1036.6,1268.85,5.816,0.5084
4592,14.797,1031.2,1269.99,5.829,0.5073
4593,14.828,1031.5,1271.14,5.836,0.5065
4594,14.726,1034.0,1272.33,5.855,0.5051
4595,14.668,1035.5,1273.63,5.879,0.5035
4596,14.532,1039.9,1275.1,5.917,0.5011
4597,14.446,1035.2,1276.93,5.951,0.4989
4598,14.426,1036.7,1278.88,5.981,0.4968
4599,14.294,1041.4,1281.02,6.024,0.4941
4600,14.323,1038.5,1283.38,6.049,0.4921
4601,14.354,1036.5,1285.79,6.062,0.4906
4602,14.321,1031.7,1288.29,6.071,0.4893
4603,14.282,1033.8,1290.73,6.084,0.4878
4604,14.34,1033.1,1293.1,6.086,0.4867
4605,14.419,1033.7,1295.29,6.079,0.4861
4606,14.479,1032.2,1297.29,6.065,0.4859
4607,14.619,1031.3,1298.97,6.037,0.4863
4608,14.556,1034.3,1300.4,6.027,0.4861
4609,14.415,1033.5,1301.85,6.035,0.4852
4610,14.369,1029.0,1303.39,6.041,0.4843
4611,14.588,1026.2,1304.7,6.017,0.4848
4612,14.644,1024.7,1305.76,5.99,0.4855
4613,14.579,1021.8,1306.7,5.975,0.4857
4614,14.622,1021.4,1307.45,5.957,0.4862
4615,14.695,1021.5,1307.98,5.936,0.4869
4616,14.641,1020.0,1308.42,5.924,0.4872
4617,14.663,1016.6,1308.8,5.909,0.4877
4618,14.785,1015.5,1308.95,5.882,0.4888
4619,14.782,1014.4,1308.95,5.861,0.4898
4620,14.813,1013.6,1308.78,5.84,0.4908
4621,14.749,1015.1,1308.52,5.834,0.4912
4622,14.67,1014.4,1308.31,5.838,0.4911
4623,14.703,1017.4,1308.09,5.841,0.4911
4624,14.846,1020.2,1307.72,5.829,0.4917
4625,15.004,1024.6,1307.06,5.807,0.4931
4626,14.872,1025.1,1306.41,5.806,0.4933
4627,14.83,1024.6,1305.84,5.81,0.4934
4628,14.705,1022.3,1305.49,5.825,0.4928
4629,14.57,1020.5,1305.41,5.85,0.4917
4630,14.644,1020.1,1305.44,5.86,0.4913
4631,14.64,1014.9,1305.61,5.862,0.4911
4632,14.656,1014.8,1305.77,5.861,0.4911
4633,14.774,1016.0,1305.78,5.848,0.4917
4634,14.726,1015.5,1305.74,5.843,0.4919
4635,14.852,1012.0,1305.6,5.821,0.493
4636,14.825,1016.9,1305.29,5.813,0.4935
4637,14.966,1014.9,1304.85,5.788,0.4949
4638,15.008,1016.1,1304.18,5.766,0.4962
4639,15.071,1017.9,1303.3,5.743,0.4976
4640,15.023,1018.2,1302.35,5.733,0.4986
4641,14.971,1013.7,1301.46,5.726,0.4993
4642,14.956,1017.5,1300.55,5.727,0.4996
4643,14.989,1017.0,1299.64,5.723,0.5002
4644,14.916,1016.6,1298.84,5.728,0.5002
4645,14.965,1019.2,1298.04,5.73,0.5005
4646,15.028,1022.0,1297.17,5.726,0.501
4647,15.035,1020.0,1296.35,5.721,0.5017
4648,15.028,1016.3,1295.59,5.713,0.5024
4649,15.053,1016.7,1294.79,5.705,0.5031
4650,15.071,1016.2,1293.97,5.696,0.5039
4651,15.345,1013.6,1292.89,5.654,0.5065
4652,15.327,1012.4,1291.61,5.623,0.5086
4653,15.392,1013.4,1290.1,5.594,0.5108
4654,15.469,1018.7,1288.31,5.568,0.5129
4655,15.262,1016.8,1286.68,5.572,0.5134
4656,15.427,1021.5,1284.9,5.56,0.5148
4657,15.239,1021.2,1283.33,5.574,0.5147
4658,15.015,1022.0,1282.13,5.611,0.5132
4659,14.898,1020.1,1281.38,5.65,0.5115
4660,15.016,1018.1,1280.83,5.664,0.511
4661,15.026,1014.3,1280.42,5.668,0.511
4662,15.185,1013.1,1279.92,5.652,0.512
4663,15.207,1012.8,1279.35,5.636,0.5131
4664,15.255,1017.0,1278.6,5.624,0.5141
4665,15.263,1017.5,1277.79,5.614,0.5149
4666,15.467,1017.9,1276.76,5.583,0.517
4667,15.451,1020.0,1275.53,5.564,0.5186
4668,15.377,1022.3,1274.3,5.562,0.5192
4669,15.352,1018.7,1273.15,5.558,0.5199
4670,15.159,1020.9,1272.16,5.581,0.5191
4671,15.246,1019.8,1271.28,5.587,0.5191
4672,15.346,1020.6,1270.38,5.58,0.5199
4673,15.077,1017.5,1269.78,5.603,0.5189
4674,15.232,1016.5,1269.25,5.601,0.5192
4675,14.914,1017.0,1269.04,5.638,0.5173
4676,14.92,1013.1,1269.13,5.66,0.5161
4677,15.098,1007.7,1269.25,5.649,0.5167
4678,15.197,1007.2,1269.23,5.629,0.5177
4679,15.164,1005.6,1269.13,5.616,0.5185
4680,15.278,1006.1,1268.81,5.593,0.5198
4681,15.102,1003.2,1268.58,5.593,0.5199
4682,15.328,997.5,1268.17,5.56,0.5219
4683,15.235,997.2,1267.68,5.546,0.5229
4684,15.22,996.3,1267.16,5.536,0.5236
4685,15.261,998.9,1266.49,5.527,0.5244
4686,15.264,998.8,1265.8,5.52,0.5252
4687,15.359,998.6,1264.95,5.503,0.5265
4688,15.355,1001.2,1264.0,5.493,0.5274
4689,15.314,999.2,1263.13,5.489,0.528
4690,15.487,1000.4,1262.09,5.467,0.5297
4691,15.608,997.0,1260.87,5.432,0.5323
4692,15.495,997.0,1259.61,5.419,0.5336
4693,15.598,998.7,1258.16,5.399,0.5353
4694,15.654,1006.7,1256.53,5.387,0.5368
4695,15.614,1008.3,1254.89,5.384,0.5376
4696,15.507,1007.3,1253.43,5.394,0.5377
4697,15.514,1010.5,1252.05,5.404,0.5377
4698,15.459,1008.5,1250.87,5.416,0.5375
4699,15.547,1010.1,1249.73,5.416,0.538
4700,15.494,1012.7,1248.66,5.425,0.5379
4701,15.459,1011.2,1247.75,5.435,0.5377
4702,15.371,1013.9,1247.01,5.455,0.5368
4703,15.399,1009.4,1246.49,5.462,0.5367
4704,15.394,1007.5,1246.05,5.466,0.5366
4705,15.494,1005.4,1245.59,5.454,0.5375
4706,15.547,1007.4,1245.01,5.442,0.5385
4707,15.342,1003.0,1244.63,5.451,0.5381
4708,15.356,1005.2,1244.26,5.459,0.5378
4709,15.42,1005.1,1243.91,5.458,0.538
4710,15.443,1002.1,1243.56,5.451,0.5386
4711,15.521,1004.0,1243.09,5.438,0.5395
4712,15.684,1000.1,1242.44,5.405,0.5418
4713,15.858,996.6,1241.47,5.355,0.5452
4714,15.937,995.2,1240.14,5.307,0.5486
4715,16.162,993.1,1238.37,5.242,0.5534
4716,16.163,993.6,1236.25,5.194,0.5574
4717,16.241,996.1,1233.83,5.152,0.5611
4718,16.109,992.9,1231.41,5.132,0.5635
4719,16.181,993.8,1228.86,5.109,0.566
4720,16.183,994.6,1226.26,5.093,0.5682
4721,16.301,995.3,1223.55,5.068,0.5711
4722,16.204,996.9,1220.88,5.062,0.5726
4723,16.139,996.8,1218.37,5.066,0.5735
4724,15.967,997.6,1216.19,5.089,0.573
4725,15.91,997.3,1214.34,5.113,0.5722
4726,15.906,998.0,1212.74,5.133,0.5717
4727,16.011,1002.4,1211.21,5.14,0.5719
4728,15.878,1001.8,1209.93,5.161,0.5712
4729,15.84,1002.7,1208.89,5.181,0.5703
4730,15.907,1004.7,1207.9,5.192,0.5701
4731,16.005,1005.7,1206.92,5.189,0.5707
4732,16.107,1003.6,1205.9,5.172,0.5722
4733,16.19,1001.8,1204.77,5.148,0.5743
4734,16.042,999.3,1203.69,5.144,0.575
4735,16.013,1002.7,1202.62,5.149,0.5752
4736,16.17,1005.0,1201.4,5.136,0.5765
4737,15.892,1002.4,1200.46,5.157,0.5756
4738,16.19,1001.5,1199.4,5.136,0.5774
4739,16.32,998.9,1198.17,5.102,0.5802
4740,16.318,996.5,1196.79,5.074,0.5826
4741,16.298,997.7,1195.29,5.057,0.5845
4742,16.122,997.4,1193.93,5.064,0.5846
4743,15.992,990.3,1192.91,5.077,0.5842
4744,15.915,990.7,1192.11,5.096,0.5833
4745,15.61,991.8,1191.77,5.147,0.5801
4746,15.433,988.6,1191.96,5.203,0.5763
4747,15.398,990.8,1192.49,5.251,0.573
4748,15.505,990.4,1193.24,5.275,0.5712
4749,15.699,990.6,1193.86,5.27,0.5712
4750,15.58,990.2,1194.59,5.279,0.5703
4751,15.585,989.6,1195.38,5.285,0.5695
4752,15.583,992.4,1196.14,5.293,0.5687
4753,15.573,993.0,1196.92,5.301,0.5679
4754,15.788,991.2,1197.5,5.28,0.569
4755,15.911,986.9,1197.81,5.244,0.5711
4756,16.052,987.7,1197.72,5.202,0.5739
4757,16.002,988.7,1197.35,5.177,0.5757
4758,16.011,991.4,1196.76,5.16,0.577
4759,15.968,990.6,1196.14,5.152,0.5778
4760,16.08,990.6,1195.4,5.133,0.5794
4761,15.91,987.5,1194.82,5.135,0.5795
4762,15.883,985.5,1194.29,5.137,0.5796
4763,15.763,987.2,1193.91,5.155,0.5786
4764,15.792,987.1,1193.63,5.165,0.5781
4765,15.757,992.0,1193.4,5.182,0.5771
4766,15.782,990.3,1193.32,5.19,0.5766
4767,15.946,986.8,1193.2,5.172,0.5778
4768,16.111,990.9,1192.78,5.145,0.5798
4769,16.165,991.9,1192.13,5.119,0.5818
4770,16.11,994.6,1191.37,5.109,0.5828
4771,15.971,994.2,1190.71,5.117,0.5825
4772,15.969,993.2,1190.17,5.123,0.5824
4773,15.767,991.7,1189.88,5.149,0.5808
4774,15.746,989.6,1189.81,5.168,0.5796
4775,15.841,989.0,1189.75,5.171,0.5794
4776,15.914,987.9,1189.66,5.163,0.5799
4777,15.768,984.9,1189.7,5.171,0.5794
4778,16.068,985.7,1189.48,5.143,0.5814
4779,16.13,982.3,1189.1,5.11,0.5837
4780,15.861,982.4,1188.82,5.118,0.5833
4781,15.675,984.1,1188.78,5.147,0.5814
4782,15.758,987.1,1188.8,5.163,0.5804
4783,15.546,987.9,1189.1,5.201,0.5778
4784,15.677,988.0,1189.49,5.214,0.5767
4785,15.992,989.1,1189.58,5.187,0.5784
4786,16.162,988.7,1189.34,5.147,0.5811
4787,16.094,988.9,1188.93,5.126,0.5828
4788,16.166,988.6,1188.35,5.1,0.5847
4789,16.153,989.1,1187.61,5.084,0.5861
4790,16.105,988.6,1186.9,5.076,0.5869
4791,16.089,992.1,1186.17,5.076,0.5872
4792,15.932,995.9,1185.53,5.1,0.586
4793,15.966,999.6,1184.96,5.117,0.5851
4794,15.778,999.4,1184.72,5.152,0.5828
4795,16.038,999.0,1184.43,5.148,0.5833
4796,15.981,1000.0,1184.19,5.152,0.5831
4797,15.798,1001.9,1184.2,5.179,0.5813
4798,15.895,1001.9,1184.32,5.188,0.5807
4799,15.81,1003.2,1184.55,5.206,0.5794
4800,15.842,999.2,1184.91,5.211,0.5789
4801,15.872,996.9,1185.29,5.209,0.5789
4802,15.694,993.5,1185.84,5.224,0.5777
4803,15.848,992.6,1186.32,5.216,0.578
4804,15.809,989.6,1186.77,5.212,0.5781
4805,15.753,993.1,1187.2,5.219,0.5774
4806,15.807,990.2,1187.6,5.215,0.5775
4807,15.808,988.3,1188.02,5.209,0.5777
4808,15.632,990.6,1188.53,5.228,0.5762
4809,15.61,988.4,1189.15,5.243,0.575
4810,15.54,990.5,1189.9,5.264,0.5733
4811,15.528,988.6,1190.78,5.279,0.5719
4812,15.657,994.8,1191.52,5.283,0.5714
4813,15.647,996.0,1192.25,5.288,0.5707
4814,15.468,997.2,1193.12,5.315,0.5687
4815,15.362,996.4,1194.26,5.346,0.5662
4816,15.399,993.2,1195.54,5.361,0.5647
4817,15.252,995.2,1196.99,5.393,0.5621
4818,15.286,993.6,1198.56,5.41,0.5604
4819,15.249,987.9,1200.29,5.421,0.5589
4820,15.261,985.0,1202.0,5.424,0.558
4821,15.261,987.4,1203.63,5.43,0.557
4822,15.416,988.1,1205.05,5.416,0.5572
4823,15.502,989.3,1206.22,5.398,0.5578
4824,15.401,988.4,1207.36,5.394,0.5575
4825,15.26,982.0,1208.64,5.401,0.5566
4826,15.271,984.3,1209.84,5.407,0.5557
4827,15.082,982.4,1211.22,5.432,0.5536
4828,15.25,980.9,1212.57,5.429,0.5532
4829,15.118,983.8,1213.91,5.446,0.5516
4830,14.992,983.8,1215.43,5.474,0.5493
4831,14.888,982.1,1217.19,5.505,0.5467
4832,14.811,980.2,1219.17,5.534,0.5441
4833,14.88,983.3,1221.16,5.552,0.5423
4834,14.67,984.7,1223.4,5.592,0.539
4835,14.574,987.9,1225.87,5.637,0.5355
4836,14.499,990.2,1228.56,5.683,0.5319
4837,14.561,990.8,1231.34,5.71,0.5293
4838,14.379,989.9,1234.37,5.751,0.5259
4839,14.198,991.3,1237.7,5.804,0.5218
4840,14.244,989.2,1241.22,5.837,0.5188
4841,14.019,988.0,1245.04,5.886,0.5149
4842,13.959,985.8,1249.1,5.928,0.5113
4843,13.968,986.4,1253.23,5.958,0.5082
4844,13.943,987.2,1257.39,5.985,0.5053
4845,13.976,983.5,1261.58,5.998,0.5031
4846,13.849,983.8,1265.77,6.022,0.5004
4847,13.855,987.8,1269.88,6.044,0.4978
4848,13.938,991.5,1273.82,6.055,0.4957
4849,13.967,993.4,1277.61,6.062,0.4939
4850,13.852,1000.2,1281.31,6.089,0.4914
4851,13.792,1000.2,1285.07,6.116,0.4888
4852,13.688,1000.7,1288.96,6.15,0.4859
4853,13.717,997.4,1292.89,6.167,0.4837
4854,13.756,998.6,1296.72,6.177,0.4818
4855,13.885,1001.1,1300.28,6.173,0.4806
4856,14.002,1000.5,1303.53,6.155,0.4799
4857,14.058,999.7,1306.47,6.134,0.4795
4858,13.977,1000.5,1309.21,6.128,0.4786
4859,13.856,1000.6,1311.93,6.139,0.4771
4860,13.961,1001.9,1314.47,6.135,0.4762
4861,13.855,1000.3,1317.02,6.144,0.4749
4862,13.809,1002.0,1319.53,6.157,0.4734
4863,14.138,1006.1,1321.62,6.134,0.4734
4864,14.282,1006.5,1323.28,6.099,0.474
4865,14.503,1003.0,1324.46,6.043,0.4757
4866,14.479,1005.7,1325.2,6.007,0.4769
4867,14.346,1007.3,1325.81,5.998,0.477
4868,14.394,1004.8,1326.32,5.982,0.4774
4869,14.448,1006.6,1326.63,5.966,0.478
4870,14.558,1005.8,1326.7,5.941,0.479
4871,14.412,1006.8,1326.73,5.94,0.4791
4872,14.416,1010.6,1326.7,5.943,0.4789
4873,14.306,1010.1,1326.8,5.957,0.4783
4874,14.351,1008.7,1326.97,5.962,0.478
4875,14.237,1013.5,1327.25,5.984,0.477
4876,14.162,1014.8,1327.74,6.011,0.4757
4877,14.027,1015.7,1328.54,6.048,0.4739
4878,14.053,1012.2,1329.57,6.069,0.4727
4879,13.964,1009.0,1330.82,6.091,0.4713
4880,13.883,1010.4,1332.24,6.119,0.4697
4881,14.008,1011.9,1333.63,6.127,0.4689
4882,14.169,1014.7,1334.82,6.117,0.4687
4883,13.976,1014.4,1336.09,6.132,0.4677
4884,14.016,1014.9,1337.35,6.139,0.4669
4885,14.058,1013.3,1338.58,6.138,0.4665
4886,13.872,1013.9,1339.93,6.159,0.4651
4887,13.876,1016.0,1341.33,6.177,0.4639
4888,13.806,1018.2,1342.82,6.202,0.4625
4889,14.0,1015.7,1344.23,6.194,0.4622
4890,14.135,1012.6,1345.44,6.169,0.4626
4891,14.062,1009.3,1346.53,6.155,0.4626
4892,14.036,1002.7,1347.6,6.14,0.4628
4893,14.111,1001.1,1348.47,6.118,0.4632
4894,14.068,1000.3,1349.22,6.106,0.4634
4895,14.218,1000.6,1349.68,6.079,0.4642
4896,14.259,999.7,1349.92,6.053,0.4651
4897,14.175,997.4,1350.09,6.041,0.4655
4898,14.066,996.0,1350.3,6.043,0.4653
4899,13.975,998.5,1350.56,6.058,0.4646
4900,13.856,996.4,1351.07,6.081,0.4635
4901,13.853,1001.7,1351.66,6.105,0.4624
4902,13.842,1001.2,1352.42,6.123,0.4614
4903,13.952,1002.6,1353.12,6.126,0.461
4904,13.823,1004.3,1353.92,6.145,0.46
4905,13.696,1000.4,1355.01,6.17,0.4587
4906,13.74,999.4,1356.19,6.182,0.4578
4907,13.658,993.3,1357.58,6.194,0.4569
4908,13.643,993.1,1359.02,6.204,0.4559
4909,13.645,992.1,1360.47,6.211,0.4552
4910,13.507,994.2,1362.0,6.234,0.4538
4911,13.544,986.1,1363.7,6.238,0.453
4912,13.473,985.5,1365.42,6.248,0.4519
4913,13.554,987.4,1367.03,6.249,0.4513
4914,13.501,986.2,1368.65,6.254,0.4505
4915,13.626,989.6,1370.06,6.247,0.4501
4916,13.414,986.0,1371.63,6.263,0.45
4917,13.353,984.6,1373.31,6.28,0.45
4918,13.379,985.0,1375.01,6.291,0.45
4919,13.252,987.0,1376.81,6.316,0.45
4920,13.278,988.7,1378.65,6.334,0.45
4921,13.357,986.8,1380.47,6.335,0.45
4922,13.251,984.8,1382.36,6.347,0.45
4923,13.343,989.1,1384.08,6.35,0.45
4924,13.439,992.1,1385.6,6.344,0.45
4925,13.347,988.9,1387.17,6.347,0.45
4926,13.275,990.2,1388.74,6.359,0.45
4927,13.155,991.0,1390.46,6.383,0.45
4928,13.011,993.5,1392.37,6.421,0.45
4929,13.0,992.0,1394.49,6.449,0.45
4930,13.0,993.0,1396.7,6.471,0.45
4931,13.0,990.3,1399.0,6.485,0.45
4932,13.045,986.3,1401.31,6.485,0.45
4933,13.123,986.2,1403.43,6.476,0.45
4934,13.279,990.2,1405.17,6.455,0.45
4935,13.193,986.3,1406.85,6.445,0.45
4936,13.156,986.5,1408.43,6.443,0.45
4937,13.272,986.5,1409.8,6.427,0.45
4938,13.395,984.1,1410.89,6.398,0.45
4939,13.516,983.0,1411.61,6.36,0.45
4940,13.648,982.5,1411.9,6.316,0.45
4941,13.599,983.2,1411.92,6.29,0.45
4942,13.653,979.3,1411.75,6.259,0.45
4943,13.52,978.2,1411.54,6.25,0.45
4944,13.692,978.2,1411.1,6.223,0.45
4945,13.824,975.5,1410.4,6.185,0.45
4946,13.943,971.1,1409.42,6.136,0.45
4947,13.805,974.6,1408.24,6.12,0.45
4948,13.989,977.5,1406.76,6.09,0.45
4949,14.031,977.5,1405.1,6.063,0.45
4950,13.96,973.6,1403.48,6.046,0.45
4951,13.792,975.3,1401.98,6.055,0.45
4952,13.614,982.5,1400.69,6.091,0.45
4953,13.657,981.1,1399.68,6.112,0.45
4954,13.644,978.4,1398.91,6.125,0.45
4955,13.631,979.6,1398.25,6.138,0.45
4956,13.707,979.1,1397.64,6.139,0.45
4957,13.754,982.5,1396.98,6.138,0.45
4958,13.813,983.5,1396.28,6.131,0.45
4959,14.019,988.8,1395.24,6.108,0.45
4960,14.241,988.2,1393.89,6.063,0.45
4961,14.234,983.4,1392.38,6.025,0.45
4962,14.424,980.1,1390.52,5.971,0.4518
4963,14.383,980.9,1388.39,5.935,0.454
4964,14.555,976.3,1385.98,5.883,0.4572
4965,14.648,980.8,1383.17,5.838,0.4602
4966,14.681,979.4,1380.17,5.799,0.4632
4967,14.759,980.1,1376.94,5.762,0.4662
4968,14.746,981.9,1373.59,5.737,0.4687
4969,14.844,982.3,1370.13,5.707,0.4715
4970,14.925,983.8,1366.51,5.677,0.4745
4971,15.239,980.1,1362.62,5.614,0.4792
4972,15.273,979.7,1358.47,5.561,0.4836
4973,15.31,982.9,1354.07,5.521,0.4875
4974,15.24,984.0,1349.69,5.501,0.4904
4975,15.318,987.4,1345.22,5.481,0.4934
4976,15.378,991.6,1340.72,5.463,0.4963
4977,15.338,997.3,1336.28,5.461,0.4983
4978,15.139,996.1,1332.23,5.482,0.4989
4979,15.127,993.6,1328.56,5.496,0.4997
4980,15.048,999.0,1325.14,5.522,0.4998
4981,15.077,1003.6,1321.95,5.543,0.5
4982,15.133,1007.6,1318.95,5.558,0.5005
4983,15.102,1007.2,1316.24,5.571,0.5009
4984,14.98,1006.9,1313.88,5.596,0.5007
4985,15.062,1009.7,1311.66,5.608,0.501
4986,15.091,1008.1,1309.6,5.611,0.5017
4987,15.152,1006.3,1307.62,5.605,0.5028
4988,15.216,1005.8,1305.64,5.592,0.5044
4989,15.386,1012.0,1303.39,5.569,0.5065
4990,15.318,1009.7,1301.16,5.557,0.5081
4991,15.287,1008.7,1299.01,5.551,0.5093
4992,15.421,1008.8,1296.75,5.531,0.5114
4993,15.484,1007.4,1294.42,5.507,0.5137
4994,15.382,1002.4,1292.21,5.495,0.5153
4995,15.31,1003.0,1290.09,5.495,0.5162
4996,15.373,1002.3,1287.98,5.487,0.5175
4997,15.269,1005.6,1285.98,5.497,0.5178
4998,15.258,1007.3,1284.13,5.507,0.518
4999,15.289,1002.8,1282.46,5.506,0.5188
