adim,fuel,fan,sicaklik,o2,efficiency
0,16.031611827385085,998.5526347896698,1415.0386404983715,4.186402473367081,0.5919939374102137
1,16.109061768586738,999.6135937932038,1428.1641317927692,4.33372537733976,0.5199673232547924
2,16.025836196571326,1003.0847381354976,1439.5460226632545,4.46395553746523,0.4578537183331484
3,15.87619942588971,1004.5649232376923,1449.3749741621375,4.584091605605477,0.402941578275618
4,15.670592884859587,1004.5037121375791,1457.7798048423479,4.6993590724217755,0.4
5,15.726707498248032,1003.5827606994338,1465.056976473598,4.788596469717799,0.4
6,15.629811939805085,1004.7731301547419,1471.2758630010599,4.8705893598447085,0.4
7,15.64120558124586,1004.5539767736387,1476.6648631664364,4.93672676141412,0.4
8,15.84639364196245,1005.4585672052781,1481.464684921057,4.974875332745597,0.4
9,15.795657282241761,1008.7060261237089,1485.6639140112588,5.0127584154961164,0.4
10,15.835130401888367,1007.4828661442438,1489.5120147252564,5.039672091069546,0.4
11,15.906693262960726,1008.289824582592,1493.0468393957333,5.056503248612317,0.4
12,15.971897550060223,1007.4099601417706,1496.4949110880953,5.064311125938357,0.4
13,15.961842985170133,1009.7743207932074,1499.8805271689507,5.073322701041014,0.4
14,16.01033025214365,1007.86693461207,1502.9821275919,5.075307829215177,0.4
15,16.015334476200227,1007.5164265043954,1505.6114161064295,5.076261704998686,0.4
16,16.084419625852338,1007.5393652661154,1507.6653296491402,5.071415586415452,0.4
17,16.060181969151067,1008.6798159507968,1509.782910269631,5.070284651200448,0.4
18,15.989937902641332,1009.0238865054589,1511.5482574346115,5.075357746778645,0.4
19,16.061717481091623,1008.287998572397,1513.315934248317,5.073095526724413,0.4
20,15.908553110321725,1008.8204760582568,1515.4672707674981,5.084159651638569,0.4
21,15.832122190708636,1006.8387154385907,1517.3721429646516,5.097979957790492,0.4
22,15.70026002212,1009.6052391022591,1519.0205853995171,5.122179877141865,0.4
23,15.729100943976952,1006.3436702759626,1520.766206319283,5.1372011848431605,0.4
24,15.60727679250251,1005.7113808247543,1522.4553738541795,5.1589961159916005,0.4
25,15.359755733804604,1007.9344806817822,1523.62581257588,5.198776043942027,0.4
26,15.319595403183897,1008.1390115739814,1524.545577497303,5.234832112434204,0.4
27,15.329413407318574,1009.2338448026644,1525.1469291793028,5.264423455220787,0.4
28,15.229481998406564,1010.8866152440388,1525.5284453405843,5.298104245495754,0.4
29,15.320132233328371,1011.1759850628893,1525.6633083704364,5.318533319906468,0.4
30,15.334185253091166,1009.2270236514543,1525.5723348636689,5.332663333321193,0.4
31,15.271981499106555,1011.8039392085208,1525.3968458306952,5.351281383258032,0.4
32,15.212701748364763,1013.9436241727632,1524.5739339892316,5.3730101272698265,0.4
33,15.222131747777393,1013.567013413058,1523.4648900667244,5.389772360073161,0.4
34,15.270609957796953,1010.7861967168848,1522.117196475016,5.39745345422679,0.4
35,15.289977825581094,1013.1303593178083,1520.7426492781233,5.403941396203744,0.4
36,15.33435608272187,1012.4666249716894,1519.1335523165785,5.405133134285636,0.4
37,15.346712998811082,1013.1989691745581,1516.93770372363,5.4056542045473455,0.4
38,15.549664091389827,1014.4700318880314,1514.8034368651306,5.390457242287798,0.4
39,15.493933153986184,1014.9870648330564,1512.7992925671847,5.382940942346034,0.4
40,15.450051695576455,1017.239313641754,1510.5325870682,5.3820662692744055,0.4
41,15.43264639212249,1017.8837163985295,1508.523442014281,5.383258567238051,0.4
42,15.437289170268649,1015.0405154404589,1506.7278468030331,5.3817073838138345,0.4
43,15.468738363811665,1014.107403615342,1504.907807884731,5.377159952769854,0.4
44,15.473433734360547,1012.8412751667883,1503.0847976469126,5.372090160525428,0.4
45,15.518477524163925,1011.426175244295,1501.4657507988888,5.363182136840861,0.4
46,15.527062337743592,1009.5373356620798,1500.159693313183,5.353748043729632,0.4
47,15.301920200079882,1010.480960222676,1498.7995202707316,5.365124083036113,0.4
48,15.119768981235703,1011.6351901903014,1497.3084599525894,5.390210430726898,0.4
49,15.186545838936137,1012.6116677037859,1495.742408080173,5.406062448022258,0.4
50,15.25158149511826,1011.9385020029655,1494.6992506668557,5.413237475111429,0.4
51,15.422780422042532,1013.6706174088924,1493.5656445661832,5.406440100263179,0.4
52,15.506057746313989,1010.7205699948508,1492.5874661944385,5.391830594103135,0.4
53,15.5340624298305,1008.5280145226892,1491.8031529089476,5.375904684377975,0.4
54,15.406850875598876,1011.9068268325169,1490.9320014443642,5.375795548721382,0.4
55,15.432719852021618,1010.6789306494192,1490.2359456895276,5.372663755215288,0.4
56,15.345832999870451,1009.832693686466,1489.563895512997,5.376556322954091,0.4
57,15.338374558647311,1006.9171485368486,1489.1131912509234,5.378153580183554,0.4
58,15.38825351242432,1009.7301423124377,1488.606292127915,5.377513846303401,0.4
59,15.390373084225931,1010.9165600275295,1487.5187543188172,5.377712984906658,0.4
60,15.392184253422565,1013.2014345312434,1485.920954461897,5.379455634939387,0.4
61,15.470931898071573,1013.4833869933977,1484.5714547242662,5.374662506506898,0.4
62,15.35251802628179,1015.8779522313646,1483.2636724327642,5.382219214114819,0.4
63,15.266106938056208,1016.4728676775075,1482.2675274553906,5.395926984560394,0.4
64,15.294198065102053,1018.0884260832056,1481.3680870073754,5.406093111578287,0.4
65,15.197261704059065,1015.8020002843684,1480.5119075486025,5.4206224372534715,0.4
66,15.233893352132782,1013.5532097778703,1479.4059167865496,5.427842860403626,0.4
67,15.119775619201679,1014.3267047628415,1478.2158304305167,5.44367407073052,0.4
68,15.018236802954963,1013.7566720021616,1476.680124338382,5.464522470495181,0.4
69,15.094229517972025,1011.7701491139594,1475.1976974494169,5.473906222327527,0.4
70,14.94912110457012,1009.9694820469836,1473.7676029371983,5.492097854070622,0.4
71,14.861792854269925,1009.7000804893997,1472.198834875382,5.5139477891369575,0.4
72,14.846299012782142,1013.7270471544721,1470.3469490269226,5.536175279416529,0.4
73,14.890963224054099,1015.912582891598,1468.548337699032,5.552404127117901,0.4
74,15.109717381003065,1017.9731914142649,1466.5400081853797,5.549393012570293,0.4
75,15.14410664035822,1014.925965709353,1464.568527607375,5.541809905733837,0.4
76,14.914313786830348,1015.5523040871232,1462.5313836415085,5.554843941931836,0.4
77,14.770068156144044,1018.8562955870602,1459.9453146915384,5.579817422127832,0.4
78,14.878603489428615,1019.7426309400894,1457.4511617331877,5.592096237979423,0.4
79,14.777487889729642,1018.9224785027269,1454.6225771753848,5.609807998542482,0.4
80,14.966222479386248,1017.7981735305644,1451.7784252367128,5.608058276978498,0.4
81,15.109984731951766,1016.246310639012,1449.4105077796087,5.593702045670363,0.4
82,15.009088296815719,1013.7740393930393,1446.8740280340155,5.588306155615054,0.4
83,15.153420094569793,1014.4511509582214,1444.333492124737,5.572598627600517,0.4
84,15.053991080394946,1012.8549382759694,1441.9119349206492,5.566637056879181,0.4
85,15.083763163125816,1016.6134278354513,1439.570916159879,5.562157012393888,0.4
86,15.088314088181914,1016.3640440007139,1437.866028913849,5.557922940141301,0.4
87,15.131026494577714,1019.1308976624624,1436.2398555488599,5.553052284411798,0.4
88,15.320433438148903,1021.5622696201466,1434.1994758298977,5.535418128484976,0.4
89,15.290121423635707,1022.7068025939415,1431.9096706179396,5.52430048537919,0.4
90,15.08675223196022,1021.5275533680226,1429.8914169825293,5.530911835961372,0.4
91,15.20026104528652,1019.3135735165212,1427.8482352260912,5.525383434446001,0.4
92,15.205861393416296,1020.9942049894152,1426.2884969750264,5.521663042147739,0.4
93,15.229190629511917,1019.8836398733021,1425.2117713476048,5.515866268061648,0.4
94,15.213918133609239,1020.5014773519333,1423.9223974447211,5.512828066810067,0.4
95,15.092934132671568,1018.4202945318463,1423.0192982067733,5.51865018012841,0.4
96,14.977481154795802,1018.2043419361189,1421.7709892689152,5.532695870239089,0.4
97,14.883454104797703,1021.430111338899,1420.3091330374143,5.554335908324193,0.4
98,14.907290505914752,1020.4291001133765,1418.8428073720045,5.569376064368197,0.4
99,14.990357892700317,1023.6377726506604,1417.3745329047204,5.577346481914351,0.4
100,14.998176192389284,1024.796406267458,1416.3096978315098,5.584119239865913,0.4
101,15.049323032206793,1026.7655315299712,1415.1295248397282,5.586981840334768,0.4
102,15.165556139219936,1031.5453831572343,1413.3898915381424,5.583444171044325,0.4
103,14.961898657086843,1030.2848471118057,1411.8451753032634,5.596233206415735,0.4
104,14.708213055445515,1031.93416949813,1409.921537897071,5.628698290510481,0.4
105,14.764577765784582,1034.971390978621,1407.850884552659,5.653009674778516,0.4
106,14.976859892777565,1037.266332785688,1405.80709646008,5.657332290466581,0.4
107,15.007582732222003,1035.8462953524088,1403.6159030993067,5.657292616591835,0.4
108,14.95014541858771,1036.2754412778784,1401.1422947913466,5.662278295604393,0.4
109,14.878536077846661,1035.61673911198,1398.449676722712,5.67172048888263,0.4
110,14.881098967027672,1034.9928374220556,1395.8757034798273,5.678781978389329,0.4
111,14.844278164369117,1033.843415062508,1393.5483955089626,5.686712432474262,0.4
112,15.000053337867056,1033.4310614033247,1391.4524480228465,5.680173718279312,0.4
113,15.151345771679258,1029.5206520064232,1389.8939887055155,5.659492085444263,0.4
114,15.275146994915875,1030.312440518086,1388.8520900723397,5.633014702671444,0.4
115,15.333642746999576,1032.151237117151,1387.4884908128079,5.607913106166345,0.4
116,15.386201594232208,1033.9644903274943,1385.6800629417196,5.584405507463332,0.4
117,15.259294359010724,1032.8764216604768,1384.135124896731,5.574677555876896,0.4
118,15.159644998518832,1032.6517463367618,1383.1171771877684,5.574674126770687,0.4
119,15.064613583822917,1033.5997067171438,1382.068613130633,5.583153940160115,0.4
120,15.027115200442779,1037.8561686751902,1380.6403563517006,5.596389640269554,0.4
121,14.797703352178448,1037.3968584603083,1378.7739681420776,5.625643212077005,0.4
122,14.862687782656485,1035.4478939756714,1376.970006973436,5.642847196150064,0.4
123,14.986609265133254,1037.3547948948603,1375.0890850221958,5.648269216636877,0.4
124,14.989265573225543,1040.70630094012,1373.4551387335293,5.655031938508978,0.4
125,15.018315814311215,1041.8015111622835,1372.1708166386309,5.659031363670536,0.4
126,14.88499020162857,1042.5235853058032,1371.0087245127954,5.67375214942394,0.4
127,14.879812275371732,1044.5433703471022,1369.8373166647366,5.687773291366662,0.4
128,14.83354069130892,1043.9819484796858,1368.7159906726565,5.7026275066775405,0.4
129,14.89249931811723,1043.7882221640393,1367.3332243032032,5.709843407155057,0.4
130,14.907320347527184,1046.947879298282,1365.5968114935913,5.716937971816726,0.4
131,14.988289784290277,1045.4856666304809,1363.815088926825,5.715033259690157,0.4
132,14.865742682914311,1050.3670069187347,1361.648172164557,5.727176238128735,0.4
133,14.791251035484915,1052.1266471094243,1358.7823624588223,5.7445512258604605,0.4
134,15.032410967005493,1046.579083599895,1356.5978509139845,5.7348971681834096,0.4
135,15.05003916233838,1043.2181551690537,1354.9875344180862,5.722999402871908,0.4
136,15.007404484351753,1044.7722730006026,1353.3844411623506,5.717902254282195,0.4
137,15.184201364142938,1047.0669682985642,1352.0123563248087,5.701009541067354,0.4
138,15.162463049024831,1047.0534544541506,1350.444177521365,5.688923754876258,0.4
139,15.151718109392474,1043.2791377360634,1349.1314810858137,5.677038103227442,0.4
140,15.059564970992401,1044.8816382235825,1347.652929898714,5.6760341137140315,0.4
141,15.042262157323048,1044.0213675732243,1346.3830026586324,5.675974463634424,0.4
142,15.136775436182285,1046.196712602235,1345.1928242693414,5.669846486262701,0.4
143,15.100348127561146,1049.8608421467961,1344.064530635113,5.670568466414096,0.4
144,15.062073916503486,1048.4276852005328,1342.703179721059,5.673204792014497,0.4
145,15.102571859523955,1050.7621061499194,1341.1379358667868,5.673821909340929,0.4
146,15.261871508029197,1049.4037476139165,1340.406753388818,5.660283059219537,0.4
147,15.114457400416708,1051.981068965203,1339.548881324778,5.66317633793566,0.4
148,14.956951466629507,1049.6450629342664,1338.527026717889,5.676654190832584,0.4
149,15.155886006731983,1049.095068497521,1338.1200262762795,5.6710333037967064,0.4
150,15.009470818665598,1048.3065680947957,1337.5800978588732,5.6777931192916125,0.4
151,15.154635078742984,1050.040699292205,1337.0784677027102,5.672784347849152,0.4
152,15.097233086257852,1049.3843315559927,1336.3726215138647,5.6728718320836435,0.4
153,15.070396994791587,1046.957810623616,1335.7249635388948,5.673302164725673,0.4
154,14.962412859717832,1046.0777583636116,1335.2330806014118,5.6818141815018,0.4
155,14.959878697498977,1044.4818802233933,1334.6927418938164,5.687794643120745,0.4
156,14.955128365412103,1044.4382440663908,1334.044139254694,5.693053829851726,0.4
157,14.868521767966765,1045.1089981499633,1333.3507265623734,5.704950944201543,0.4
158,14.939802313221042,1045.1631563719477,1333.0624025783018,5.708922475426034,0.4
159,14.864786194457055,1043.5763923702443,1332.4049847577323,5.7171098546702215,0.4
160,14.970022746212539,1042.7516630903597,1331.5152086815738,5.714600079305405,0.4
161,14.963967092656388,1042.5056366933893,1331.131019836563,5.7128509355587545,0.4
162,14.851639174067422,1040.0364974891374,1330.4128882561918,5.718729405955177,0.4
163,14.755343172490505,1039.9574054660109,1329.9104926784935,5.7313592673596245,0.4
164,14.756990181058528,1038.6471218291433,1329.2850132695307,5.7405905857416215,0.4
165,14.766061127980834,1038.4157047625056,1328.5892365611223,5.74724403772999,0.4
166,14.629410041655817,1036.186717485744,1327.569267541495,5.762181880753701,0.4
167,14.49944528381395,1037.094616802842,1326.2915843164014,5.785738003927707,0.4
168,14.54950351278184,1032.9261516560734,1325.1774421651337,5.79781190680818,0.4
169,14.614702772365094,1031.0546360543356,1324.001904111394,5.80096955788211,0.4
170,14.678464387116744,1034.5169993626102,1322.92902990368,5.800965779266282,0.4
171,14.57130986217438,1037.5859329166874,1321.4513249277807,5.812039462346477,0.4
172,14.58117788364378,1036.9979002311718,1320.2417970009512,5.819868915047508,0.4
173,14.54195336175443,1037.4752437101045,1318.9460865945798,5.829855365861223,0.4
174,14.574212702506852,1039.1307334076978,1317.3515984238552,5.836659572413563,0.4
175,14.728833831597301,1038.9898342073027,1315.745869087396,5.829496863321711,0.4
176,14.840997339035964,1042.8451853389495,1314.1868230352995,5.817372085494029,0.4
177,14.883224274441705,1042.484982717674,1312.8207726582475,5.803706669332289,0.4
178,14.954623105880993,1040.974036841338,1311.3951492479532,5.785524040491934,0.4
179,15.0479689089718,1042.826194921746,1309.8247589778375,5.764386297323051,0.4
180,15.011280805360032,1045.6113194400368,1308.372205768373,5.752157053887547,0.4
181,15.025926957646687,1043.8923503802614,1307.267851736261,5.739632650096379,0.4
182,15.111156967817612,1045.224694899546,1306.4423025844892,5.723404895013032,0.4
183,15.082102655651115,1045.1142574731439,1305.455637657525,5.712388963540573,0.4
184,15.272377261299402,1044.4088450480908,1304.7957696759297,5.68727336716624,0.4
185,15.212748578079715,1043.826383709919,1304.1691062700452,5.671111093360341,0.4
186,15.200981676277422,1041.4671167541853,1303.8114622466858,5.657036014236252,0.4
187,15.125751448044285,1038.425126439958,1303.9570427523506,5.649342518928155,0.4
188,14.942617746079183,1035.9319598444163,1304.3201074466062,5.656114704953875,0.4
189,15.006570735197942,1036.309848676815,1304.783707686407,5.656727343181474,0.4
190,14.934598193247803,1036.8024078189112,1305.298718811498,5.6634836773676955,0.4
191,15.079371430564459,1036.753748337387,1306.1298992783888,5.657156215878848,0.4
192,15.066307290602115,1034.93886757281,1306.9477963887439,5.651663249117695,0.4
193,14.881657243254823,1034.8078312718494,1307.6173160458222,5.662149554799243,0.4
194,14.841623559823425,1036.5363410025786,1308.2857215267409,5.675326631424559,0.4
195,14.870043352839115,1034.3386544726302,1308.9201704776472,5.682147917755434,0.4
196,14.953322174835963,1033.2339700346304,1310.0740421922983,5.680100685778042,0.4
197,14.868564486603299,1033.6723602362554,1310.955959670229,5.685679776831382,0.4
198,14.782511136023855,1035.973359023598,1311.5549424974968,5.6990264663877035,0.4
199,14.901338755616843,1035.5062824509703,1312.042620325397,5.699907048861842,0.4
200,14.898462020250244,1037.989735202608,1311.976964935246,5.7027417035850325,0.4
201,14.99904824892112,1039.5150709836512,1312.088589632063,5.697999367701533,0.4
202,15.175333586604063,1042.0607269795976,1312.1275580025485,5.6816291304145485,0.4
203,15.10424745359038,1041.9246486217958,1312.527027498478,5.673911819390601,0.4
204,15.095112058841131,1043.1742795698074,1312.8643937881227,5.6692748898065695,0.4
205,15.109128547479605,1044.7123832599293,1312.736614698557,5.66548998648586,0.4
206,15.036152050997737,1045.816233446633,1312.4158781079132,5.669184515796525,0.4
207,15.203073279378831,1045.6551942897,1312.331313060542,5.658451481445326,0.4
208,15.14705020923416,1047.989117721303,1312.3479627140225,5.655993044683856,0.4
209,15.301293376733993,1048.438493820201,1312.3164761630394,5.641712103222132,0.4
210,15.3869674783422,1049.1597252296276,1312.2162161937338,5.623545694585622,0.4
211,15.270039660245658,1048.5341528483011,1312.4148285992692,5.617731648078251,0.4
212,15.352291294637233,1049.683527112788,1312.6666499430448,5.607111453323679,0.4
213,15.234083971302475,1050.1636298613764,1313.0697767251377,5.608425753765778,0.4
214,15.211687982829895,1054.550928424291,1313.6551045699314,5.614650478019843,0.4
215,15.17141365942889,1054.9010092149128,1313.9603950536098,5.623310630694217,0.4
216,14.976026481014246,1053.7033309429175,1314.011482971812,5.64547355133362,0.4
217,15.046150851888841,1053.607880872722,1314.056102342813,5.657844422416989,0.4
218,14.918388940774546,1053.0199524658271,1313.7349768529464,5.677984766206,0.4
219,14.965898118207015,1058.2068329734766,1313.5235126034472,5.694538679796991,0.4
220,14.862903598510353,1059.14143142784,1312.9261487726026,5.717236157522713,0.4
221,14.873343029194762,1056.3050620526028,1312.721771252648,5.732850683734596,0.4
222,14.888932670348979,1056.9373419572212,1312.6265905659825,5.744858613361109,0.4
223,15.060416883160787,1056.3118899774126,1312.4370983671452,5.740218584087134,0.4
224,15.071978483726362,1053.0704058714566,1312.6227682259478,5.733018384100153,0.4
225,15.102279004369972,1054.0775437231969,1312.5598657271285,5.725399457779748,0.4
226,15.1713903091705,1051.279632636183,1312.6841173945131,5.711388941586934,0.4
227,15.05265025834363,1047.3420564239793,1312.82955360143,5.706626947645972,0.4
228,15.040363777329683,1050.2100502476778,1312.4070798256528,5.70589436717356,0.4
229,15.073982873295872,1047.8609294559305,1312.3024493752484,5.7007703633452635,0.4
230,15.134192369850059,1050.0919677435584,1311.9017357996665,5.693335025093099,0.4
231,15.159345987189099,1054.7027011268517,1311.4938075569116,5.688668208555148,0.4
232,15.137201898028524,1057.41499856946,1310.7436127129786,5.688701530826842,0.4
233,15.27960465696472,1056.2431221988907,1310.2437090420374,5.676205763093215,0.4
234,15.243315745471644,1054.973123093121,1309.8811517312222,5.6679646440748925,0.4
235,15.310767492826207,1053.3838825894727,1310.1118754692961,5.654493303865296,0.4
236,15.367886893042236,1051.9691211116926,1310.5537209772338,5.637709447830571,0.4
237,15.353867524297435,1054.3763345364732,1311.0347414087573,5.626912202045055,0.4
238,15.454499816834673,1053.6389677946793,1311.8536218258707,5.609277340297993,0.4
239,15.41308278958717,1046.9844447547198,1312.7024911638193,5.593170533713859,0.4
240,15.420843510298127,1047.691801226913,1313.568569489904,5.579863507711347,0.4
241,15.381302063637932,1046.4950660377974,1314.5770420822282,5.571278341607387,0.4
242,15.308226835874837,1047.8276538204923,1315.6210026650217,5.571217649378657,0.4
243,15.350772568943338,1043.6920519561386,1316.903986263493,5.56456452943529,0.4
244,15.345486733555711,1044.190693178248,1318.1089665116692,5.55991790231352,0.4
245,15.087521906044362,1043.3277696834652,1319.4119102759773,5.576536183615841,0.4
246,14.949153458823746,1042.8609052169427,1320.355661248251,5.601117694253921,0.4
247,14.943410836953433,1044.5238571664129,1321.204664483025,5.623001011710189,0.4
248,15.042733529714829,1045.183460080173,1322.1190740852398,5.633327341374669,0.4
249,15.050114588263305,1044.1670220006936,1322.9652841812797,5.640423324406876,0.4
250,15.027241367349465,1042.4717335975831,1324.0266442562556,5.646829592073613,0.4
251,15.066732301538712,1044.7384091012677,1324.8673174910934,5.6505691390991775,0.4
252,15.064079012574233,1043.1242724411798,1325.7453256018803,5.652632107119291,0.4
253,15.111683244904771,1043.7480642745923,1326.5165581986155,5.650905109655792,0.4
254,15.203670252078632,1047.4756104868868,1327.040724616794,5.64478981844597,0.4
255,15.205400344680442,1048.0025965662385,1327.6622158993098,5.6400322979624855,0.4
256,15.092874355239783,1051.1777968935673,1328.0192390086293,5.64772720647058,0.4
257,15.106398142305313,1053.4103275243422,1327.6376741096194,5.654619660725088,0.4
258,15.144601175873305,1054.6979757607087,1326.8929719116531,5.658122983377302,0.4
259,15.032916251440467,1053.4673011075581,1326.0668106179528,5.669192209938987,0.4
260,15.108617487438861,1054.6338599599183,1325.471056366413,5.672964589206163,0.4
261,14.977617478531556,1051.4613317692695,1324.8801489103269,5.684364829621023,0.4
262,15.033200478158971,1051.5163920895839,1324.2537310595358,5.689212409633813,0.4
263,15.177463198253216,1051.3215056338677,1323.8786151196118,5.6812509415976775,0.4
264,15.254571485540659,1048.033548570441,1323.772085752428,5.665935553030966,0.4
265,15.273748138284079,1048.8737198518354,1323.8499544095457,5.652444987832805,0.4
266,15.316036076283654,1055.6808235884137,1323.9722505573925,5.64307312450184,0.4
267,15.42554292809628,1057.5734001154092,1324.1795689650337,5.62787008449473,0.4
268,15.573205174561444,1053.7560718828731,1324.4998022635982,5.60045073276397,0.4
269,15.576223544911205,1056.081905044997,1324.9111188753673,5.579478532990329,0.4
270,15.444438279414513,1056.8466486638188,1325.3666460745847,5.573628967248163,0.4
271,15.459011952954222,1055.0499275074371,1325.6675381536409,5.566283041543697,0.4
272,15.452460543953984,1053.7200280518316,1326.2307377177694,5.559789359621096,0.4
273,15.433296010112867,1055.6514549472306,1326.4051895547186,5.557490824882981,0.4
274,15.224753195543588,1057.3701746922638,1326.426273911466,5.573947497331574,0.4
275,15.379513378425493,1058.8893848552711,1326.7918870228386,5.575943489477544,0.4
276,15.371088679080243,1062.9363834299693,1327.1333163708753,5.581328200390206,0.4
277,15.187820554854653,1061.181953321787,1327.3470881759692,5.5993939852885175,0.4
278,15.314782397428205,1058.1066743134504,1327.8245684414783,5.60150769619972,0.4
279,15.35078473416034,1057.449737488474,1328.5981550248189,5.599802183949474,0.4
280,15.198888298302423,1057.317406367505,1329.5416427610212,5.610716598315128,0.4
281,15.224219034758665,1055.012077614375,1330.5277181581398,5.6158535617743945,0.4
282,15.301435571005538,1055.0992506948141,1331.224567779918,5.6138216393177105,0.4
283,15.265828732521644,1057.075284931388,1331.8217802360118,5.616559135626983,0.4
284,15.407919369020346,1056.8674370154192,1332.5279592399436,5.60703510276144,0.4
285,15.443351453442684,1056.5559852231927,1333.2720976589387,5.5960944283177785,0.4
286,15.45097861248236,1056.4345058588135,1333.579110130086,5.586407945437783,0.4
287,15.48397429335841,1056.3434681631134,1334.335492934711,5.575699797937046,0.4
288,15.562081086482829,1058.993869142213,1335.0778986650482,5.5625399329925145,0.4
289,15.615365535212531,1057.217230941957,1335.5651178551554,5.546051300108413,0.4
290,15.573542118293458,1056.1023336830285,1336.445761566572,5.535105568446327,0.4
291,15.444276334875449,1056.1449665048754,1337.323004402652,5.536725898717652,0.4
292,15.347783602514257,1057.5100353493149,1337.6439212120576,5.546971947675091,0.4
293,15.573319311374249,1058.1342070456656,1338.154100419591,5.5374148034945945,0.4
294,15.564008655026836,1058.0950975532437,1338.8828360292168,5.530309245327026,0.4
295,15.673288666986396,1060.1207494925736,1339.5667324504934,5.5170837179184185,0.4
296,15.724527426328349,1057.6754376105062,1340.7963336528815,5.500202898247093,0.4
297,15.713477293807436,1058.2047767486451,1342.1465218262263,5.487663823334649,0.4
298,15.860983246044254,1060.527649562917,1343.5880027115002,5.467083687337241,0.4
299,15.859096434204485,1058.1132854103014,1345.2898519541632,5.448536906783535,0.4
300,15.593692181195571,1059.28675690791,1346.9536417240727,5.4559045267375765,0.4
301,15.657560279259952,1060.4490527813837,1348.6597397596981,5.457605369806416,0.4
302,15.459422344327676,1058.9737342385006,1350.062290221666,5.4740765523471095,0.4
303,15.470826749785179,1059.3092319931459,1351.0051173849738,5.4869045903190035,0.4
304,15.645525843701543,1060.3376969072388,1351.7380616807438,5.483924690976165,0.4
305,15.642579010667964,1061.3560423485942,1352.9613105420199,5.482491857864207,0.4
306,15.672401449222937,1059.1584259304482,1354.2532202066052,5.47721844702157,0.4
307,15.64759079430135,1059.7425522806136,1355.7517142019221,5.475363376371525,0.4
308,15.677374822685124,1058.1268749240153,1357.4333978535965,5.470186815557377,0.4
309,15.754773047480674,1058.34681873704,1359.1317807280386,5.45978333028213,0.4
310,15.970124471256245,1059.2940144298898,1361.3462956189762,5.434370033949283,0.4
311,16.05238261651841,1061.360890009835,1363.6405310673633,5.4083715532639625,0.4
312,16.015452057133263,1059.6393137088658,1365.4320078667736,5.3887692527314215,0.4
313,16.038783992508865,1062.425340777761,1367.362710361742,5.372894916999929,0.4
314,16.26543517010631,1065.1085783643675,1368.9270471241275,5.343384555082316,0.4
315,16.410779975590838,1064.2071166942314,1370.8083236739615,5.306626975783054,0.4
316,16.340358505388753,1067.0791227248392,1373.1584731280927,5.284411839861714,0.4
317,16.452785098346837,1065.9558419878706,1375.7066971391023,5.256158726992532,0.4
318,16.610642215819542,1066.6891214713398,1378.5277052240892,5.220645450089436,0.4
319,16.668152494051075,1065.129858832084,1381.5487056981176,5.185646020536539,0.4
320,16.656708560200464,1065.8963151310486,1384.772018757406,5.158461127539453,0.4
321,16.558689852853345,1064.3961266703545,1388.2828905101421,5.1430454615699635,0.4
322,16.484779271155652,1063.8458883232831,1392.3103155306533,5.136028608020932,0.4
323,16.52481561940338,1066.52565162518,1396.3985545245905,5.129028918788156,0.4
324,16.53775691541149,1068.5653248227306,1400.251476382344,5.123773603844845,0.4
325,16.494262496886332,1069.5455096295216,1404.0134070149752,5.12375962918714,0.4
326,16.454856243885974,1067.0248866663796,1408.2947228986163,5.1250628580028765,0.4
327,16.59639602411236,1065.5139663922612,1412.9546776081843,5.113422619064446,0.4
328,16.550359313467332,1066.093156963345,1417.3296304169078,5.108077611200584,0.4
329,16.526865179757674,1065.022248933594,1421.9163371232994,5.104805038888479,0.4
330,16.566845864260614,1064.7100652206616,1426.821756415248,5.098618297167995,0.4
331,16.52564411170392,1066.3885526440483,1431.6742697791403,5.098181112668212,0.4
332,16.493925212037766,1066.1048536642566,1436.338580421747,5.100200213430385,0.4
333,16.44937702091012,1067.4212294969948,1440.5107093011238,5.106491534363869,0.4
334,16.43211109351924,1070.0442666316624,1444.199617120583,5.115044405189517,0.4
335,16.431922479598132,1068.0032724889718,1447.8887364365717,5.120530181224307,0.4
336,16.5253026484258,1064.929910110776,1451.6430463639542,5.115074028218322,0.4
337,16.623728815851408,1072.2701878758085,1454.9957917873135,5.108105846341758,0.4
338,16.597483084522658,1068.0568576996227,1458.3449000613637,5.101351460753964,0.4
339,16.581672875108275,1068.3363606106732,1461.9773365881713,5.0973161790860715,0.4
340,16.57689459397545,1069.3832728244338,1465.3667719412156,5.095189194886177,0.4
341,16.439866558255243,1071.215124571177,1468.4287778668734,5.106027878841856,0.4
342,16.289611607510327,1074.1917408148424,1471.158624265999,5.129444756140599,0.4
343,16.386307593919042,1077.2224608409917,1473.472895344167,5.1430358238560165,0.4
344,16.247775311102064,1080.0,1475.2835653826082,5.167601177138673,0.4
345,16.311452147961475,1080.0,1476.7957477965058,5.1825410957223,0.4
346,16.30512552008318,1076.0402025721703,1478.2671075440182,5.192315234135649,0.4
347,16.207542008293192,1076.2744126064406,1479.5185187417474,5.208481615003982,0.4
348,16.139401153057158,1075.2588181851322,1480.8215958596063,5.226538728623394,0.4
349,16.124693381589427,1075.0418211261906,1482.187955584008,5.242383431099095,0.4
350,16.22349658969062,1075.6995473802067,1483.390510072882,5.247799130011177,0.4
351,16.1486584946589,1076.3285737119645,1484.3777130757844,5.258831316151885,0.4
352,16.337513961977713,1077.498497404258,1485.3598588403477,5.253328902309346,0.4
353,16.243219776482068,1076.5530865300777,1485.9682929635894,5.255807913176287,0.4
354,16.291772472981588,1074.7394472447525,1486.2854054376721,5.252501864429533,0.4
355,16.281529353782737,1073.978496190763,1486.8819086876479,5.250052693161308,0.4
356,16.362811266106096,1072.193919702922,1487.2752354964032,5.240052875021491,0.4
357,16.355528045370033,1070.64151782872,1487.9491436728013,5.231274593128496,0.4
358,16.448436434313134,1071.6456251199957,1488.6824716159429,5.217243033544014,0.4
359,16.649999025532715,1070.4926261997832,1489.444762112695,5.188393792546593,0.4
360,16.558270200232037,1070.0368009638369,1490.1846465060103,5.1718888906539044,0.4
361,16.644158738914456,1074.2142141723602,1490.8810449250614,5.154494184106417,0.4
362,16.67853914560394,1073.7172069014382,1491.9835011219,5.137045220405995,0.4
363,16.614058935713246,1074.6848429074987,1492.9103123760444,5.128737925744499,0.4
364,16.570089680935418,1071.5749514521608,1494.4465762804296,5.123168033682281,0.4
365,16.60423209540108,1069.0780169418251,1495.8639111400482,5.113922921591314,0.4
366,16.702461659050662,1068.1735262135485,1497.5350721769262,5.0976308147447,0.4
367,16.598142166636876,1071.4435602484825,1499.0514958930598,5.095268421780941,0.4
368,16.63570542727644,1073.4819159720294,1500.6899548626511,5.091802586818194,0.4
369,16.51503971900248,1074.793134005602,1502.139198488296,5.099812684662272,0.4
370,16.561180558664585,1077.2074764918914,1503.6515284323866,5.1044355783968625,0.4
371,16.67927680348321,1077.5310906077057,1505.6691537901374,5.098820178404205,0.4
372,16.714407170250933,1078.4931810438163,1507.4203712035815,5.092072037207667,0.4
373,16.74522379518963,1078.533441540576,1509.409370635882,5.084050663772065,0.4
374,16.542360046284774,1076.8509156404248,1511.4013229374675,5.092779173534863,0.4
375,16.49739916877233,1078.2840504714286,1512.9987747938674,5.104694204382913,0.4
376,16.535818136687375,1080.0,1514.2978552537056,5.112622189463896,0.4
377,16.375283378231117,1080.0,1515.4408096135294,5.132242037691348,0.4
378,16.214781312169116,1080.0,1516.4904218961547,5.161446542076445,0.4
379,16.136514280315527,1080.0,1516.9390535576233,5.1917902175153,0.4
380,16.09717280955113,1074.842790997482,1517.4308454123843,5.215988166360124,0.4
381,15.996232069905618,1073.1438324600902,1517.3982328762586,5.242794949002443,0.4
382,15.979963797023428,1073.410537916934,1517.252196232327,5.26630758335445,0.4
383,15.84563212296784,1073.086936492411,1517.1021551500278,5.29632088524998,0.4
384,15.841833380176189,1073.7211355301126,1516.78885109609,5.321721680537751,0.4
385,15.870376387827399,1070.4302059129452,1516.5605380603884,5.337729855297887,0.4
386,15.960034063814552,1070.1154044201157,1515.8297240837983,5.3432917433909495,0.4
387,15.903392744001113,1071.576363597352,1514.847978282726,5.3535857054204055,0.4
388,16.106363084764155,1071.7865119347239,1514.1045794886659,5.345598890180457,0.4
389,16.122346866846932,1073.570383392299,1512.981498845853,5.339092113833821,0.4
390,16.015954685719265,1072.2693520530715,1511.5037360494973,5.341467346578877,0.4
391,15.976887109936438,1075.8016242653318,1509.6641112715329,5.349278037515265,0.4
392,15.88429195554265,1073.4970090299562,1507.7442795319369,5.361507390982219,0.4
393,15.874262893776704,1074.1023923222556,1505.513971842062,5.372812705521612,0.4
394,15.638187902754694,1075.8253974555719,1502.8977315200357,5.402677703591021,0.4
395,15.546865033126167,1076.6687714124412,1499.6874004123467,5.4352674976253725,0.4
396,15.395211752045121,1075.7116685168194,1496.2152642346214,5.4736606650743935,0.4
397,15.476580196659235,1076.653410883046,1492.728961592289,5.499205590317593,0.4
398,15.567261704441833,1077.463846548985,1489.4747015981939,5.513354625564472,0.4
399,15.527566417130274,1078.5800239586372,1485.9979006217231,5.529044563467711,0.4
400,15.635871841650467,1078.6383844209015,1483.1426567373571,5.533103713766048,0.4
401,15.598102074955637,1080.0,1480.2829210712382,5.540548143722784,0.4
402,15.670884905789938,1079.8955545669435,1477.3023693254845,5.540625802604138,0.4
403,15.683670949918456,1079.5720738990644,1474.3538380320654,5.53940005597575,0.4
404,15.739971402088585,1079.7307282032862,1471.3408851715662,5.53391401344312,0.4
405,15.83568336408473,1078.8621849054223,1468.5767012236856,5.520937258298853,0.4
406,15.91735519084186,1080.0,1465.446442643183,5.504482285609463,0.4
407,15.9944178129506,1079.7013820363518,1462.3894622495382,5.484465895344918,0.4
408,16.035432657957617,1080.0,1459.217283768654,5.4649264773745365,0.4
409,15.938014528795744,1079.847618087646,1456.3864939391813,5.456749963428192,0.4
410,16.07978071606262,1080.0,1454.0485086268934,5.43857528989448,0.4
411,16.122477542525743,1080.0,1451.8478844513656,5.42018287293827,0.4
412,16.024399560697123,1079.618044072888,1450.0316325272672,5.412827265028316,0.4
413,15.974772005217483,1080.0,1448.16597525838,5.411139989056847,0.4
414,16.00825609416523,1079.613930608909,1446.5992109795463,5.406728234551767,0.4
415,15.737751899664087,1080.0,1444.8460925100476,5.4255080670919,0.4
416,15.85137018416048,1080.0,1443.2839231277862,5.431622643565763,0.4
417,15.716445952355794,1080.0,1441.817613304974,5.447662604497411,0.4
418,15.754491514607126,1080.0,1440.5322585801384,5.457706289114182,0.4
419,15.858752346404286,1078.0245654639557,1439.608513632919,5.455928486816222,0.4
420,16.027877909715354,1079.0973647661287,1438.9454244059068,5.441460784170556,0.4
421,16.074520099012748,1077.9636382516574,1438.2569900753062,5.424928571046787,0.4
422,15.9674188312033,1074.7492464084391,1438.0857956971734,5.417694391657212,0.4
423,15.936575015732801,1077.306914282424,1437.9303361332582,5.416216518070741,0.4
424,15.927111189839577,1075.963878291899,1437.6014590354544,5.414762710372993,0.4
425,15.9159210267037,1073.8875782217665,1437.2526481026803,5.412915365339283,0.4
426,15.886601994448615,1067.3545574626792,1437.2659804045493,5.408857530033657,0.4
427,15.923013504433046,1065.5186524447101,1436.7601337161636,5.401166612293531,0.4
428,15.734041287125617,1064.4786070009584,1436.4646598600898,5.4095165949895145,0.4
429,15.785725808751627,1062.8414642146354,1435.9163497161246,5.410902241746483,0.4
430,15.766171316115038,1061.4353263593705,1435.5114158888541,5.4125734250068795,0.4
431,15.68072565129317,1062.488693376665,1435.231452919075,5.421722760474722,0.4
432,15.525109667144465,1061.4848233069451,1435.1902556119285,5.441183228010277,0.4
433,15.416263704202489,1063.1309158264494,1434.9351787225962,5.467280149425795,0.4
434,15.340907160279691,1064.385845578917,1434.113130286249,5.495786488648757,0.4
435,15.358921128425282,1066.8092396403172,1432.9677399045986,5.519521671245146,0.4
436,15.293462094213432,1066.1065801312263,1431.6398354246976,5.543802622661105,0.4
437,15.319838213644255,1067.9422773307188,1430.1207551434834,5.562945333425121,0.4
438,15.239536629613113,1068.9995662249623,1428.3126401631293,5.586003912102687,0.4
439,15.275429581325264,1063.4826807080465,1426.8134092682878,5.597808009153586,0.4
440,15.34088728414696,1061.3355581742694,1425.0199382115597,5.600514940625199,0.4
441,15.188492564588923,1064.6753621353178,1423.0526705163081,5.617713212708757,0.4
442,15.31772664989805,1064.7768217782782,1421.1489915999414,5.62133148985589,0.4
443,15.283708196476015,1065.2285911225433,1419.0228774049192,5.6274200027544525,0.4
444,15.31739347567401,1065.1260377155663,1416.606485837201,5.629582291939539,0.4
445,15.272101527644157,1066.8718300136109,1413.8651029947007,5.6363764460416315,0.4
446,15.268151841661792,1067.2970655013237,1410.9705104631512,5.642591898772537,0.4
447,15.190336433795279,1068.7574996789397,1408.013090479045,5.655151733381008,0.4
448,15.135946111434034,1064.4901659353197,1405.060842970905,5.666669470593139,0.4
449,15.048435474971878,1068.5088030728155,1401.89809051983,5.6863034739947205,0.4
450,15.052781653286269,1067.481304655297,1398.5954988479868,5.7012713982885215,0.4
451,15.201946102346332,1068.2766240066778,1395.5446981446012,5.701956638861894,0.4
452,15.24546076551361,1067.6426354907053,1392.8207007996011,5.698483222539954,0.4
453,15.12822333834592,1067.5489193632893,1389.7139386397403,5.70514481431178,0.4
454,15.11241516369979,1070.2298289012826,1386.8236480190674,5.713925931207482,0.4
455,15.129883791021268,1068.5561901423573,1383.999419664219,5.718433639935499,0.4
456,15.213721487651599,1069.4238241483042,1381.379642849633,5.715934675832338,0.4
457,15.062729488225877,1070.357820633395,1378.5232663113043,5.7269306928035455,0.4
458,15.086913860428325,1068.638435917844,1375.8010459420032,5.732671224978595,0.4
459,14.972866660066652,1069.992741279596,1372.7458984106804,5.747722253429175,0.4
460,15.147307934059704,1068.145090198145,1369.8878252448421,5.744411931630363,0.4
461,15.079146256510572,1068.2932795521233,1366.848164376392,5.747379671196258,0.4
462,14.983786923103319,1065.7936187223652,1363.89845135245,5.755716238779036,0.4
463,14.975701668772466,1062.6440868792379,1361.478486777619,5.760831905107428,0.4
464,15.130916864012917,1062.245767069343,1359.4132445931448,5.752041435965379,0.4
465,15.108676465862267,1060.2112510209474,1357.257303684501,5.745112642473182,0.4
466,15.1754629811584,1060.287221407647,1355.2429536370719,5.734030671391926,0.4
467,14.884294607397457,1058.6110782093815,1353.1221677816457,5.747470570351151,0.4
468,14.814802903360139,1058.1147787765412,1351.123055682787,5.763794947180418,0.4
469,14.84968797137952,1059.9806635244522,1348.7136973293327,5.775740737291295,0.4
470,14.833230993440669,1061.2513227219044,1346.2930662975537,5.787841767772649,0.4
471,14.851812215398402,1058.0510503117061,1343.7999994338716,5.793826749366865,0.4
472,14.935957985044018,1056.1370850254402,1341.9448552732006,5.7904110842222645,0.4
473,14.86431346048185,1053.5145972355297,1340.0436633805532,5.79148242858174,0.4
474,14.84886368698676,1051.6614375238987,1338.0452146798364,5.792222497704536,0.4
475,14.825146353183174,1049.9475469478698,1336.1371077139638,5.79347183362818,0.4
476,14.885352287527262,1045.6773729889271,1334.9007243348171,5.786348008618009,0.4
477,15.114672924021008,1044.773811554465,1333.9767234185651,5.761083297250946,0.4
478,15.022752288380891,1045.3205350167054,1333.2503527980055,5.7482913112119185,0.4
479,14.95036764282982,1045.619330373678,1331.8518909463826,5.743943045184221,0.4
480,14.91948094255725,1043.715961686529,1330.409678491619,5.741462581460298,0.4
481,15.020951822528142,1044.3744546371872,1329.1877806873563,5.731634221566158,0.4
482,15.114093987788532,1044.82514377128,1328.0960866953365,5.716304109693258,0.4
483,15.01760966626892,1048.7708425391145,1326.8913774995215,5.714601064980546,0.4
484,14.891871215966015,1048.3377250428375,1325.8039206083176,5.72315247764769,0.4
485,14.753338026523197,1047.6026904722007,1324.405823598337,5.740929882140614,0.4
486,14.642287886610186,1048.6199516793845,1322.7346974889167,5.765351420731133,0.4
487,14.711841252632155,1049.3267155329934,1320.9927653317884,5.780227494777372,0.4
488,14.745730550993219,1047.4093288641782,1319.4964302187595,5.788206897711598,0.4
489,14.619579131521107,1047.0929858644756,1318.3820229733462,5.8048199468091495,0.4
490,14.686543613411839,1048.6275325088864,1317.0252392951709,5.814130426872205,0.4
491,14.537950449234302,1047.8832298859136,1315.3405533774394,5.833345361117531,0.4
492,14.555228099445754,1047.0061984602676,1313.6079478824527,5.8470266418656305,0.4
493,14.55051740406533,1046.2652195981611,1312.119119019042,5.858070070085808,0.4
494,14.55426450978159,1047.7552454188187,1310.7677239580094,5.8679459272676375,0.4
495,14.510399944620005,1051.9118163561552,1308.9402491304527,5.882771110050369,0.4
496,14.47417394541962,1049.470028441702,1306.883603940892,5.896042156923538,0.4
497,14.39822369882765,1048.2791210855614,1304.4718223559607,5.91223074354979,0.4
498,14.326383365697067,1051.401991139735,1301.5646704862381,5.933737066367703,0.4
499,14.467932850043658,1050.6366366495924,1299.0387687622451,5.939226219223041,0.4
500,14.559968732777705,1056.6066102296445,1296.4885293356767,5.94071945225391,0.4
501,14.559364421492946,1057.743813127895,1293.6786380033054,5.942853013048492,0.4
502,14.449718265767714,1059.9685155168502,1290.841416781269,5.955244691751964,0.4
503,14.595091287009039,1063.6584278072062,1287.7381416998574,5.956315558684479,0.4
504,14.42501682297692,1061.0328315438098,1284.6548873069632,5.969107203994719,0.4
505,14.455859660148898,1064.9592588375272,1281.461415737045,5.980044255529472,0.4
506,14.606544508191325,1064.8167914560513,1278.5456684534367,5.976590966665547,0.4
507,14.794856708182346,1068.044174384035,1275.73888388255,5.960810298307417,0.4
508,14.9543514658495,1064.2211704125054,1273.3731979096858,5.931946047654715,0.4
509,14.98978106544618,1064.007429553949,1271.0949203386374,5.9052204671513895,0.4
510,14.830880129965204,1064.9752417761708,1268.622453265996,5.897022541626168,0.4
511,14.929381448382612,1065.889607117674,1266.664032180462,5.882941975152592,0.4
512,15.007442123907763,1069.0735673330937,1264.9957589048427,5.867423866163202,0.4
513,15.12919861423683,1069.4178046798663,1263.5796703166131,5.845009319836371,0.4
514,15.141290059487455,1067.9487473257811,1262.1452662633471,5.8245306715828,0.4
515,15.0166538241295,1067.48490395818,1261.0649273906556,5.817572787582417,0.4
516,15.032681162892871,1065.7220039683657,1259.7618452755055,5.809224816186061,0.4
517,14.859952761087232,1066.9575742093452,1258.348544384949,5.8174289357387865,0.4
518,14.843096187356807,1064.931609736177,1257.349738033553,5.824002203835557,0.4
519,14.857213657275697,1066.6016982888668,1256.7192732993287,5.82950119097897,0.4
520,14.90551444127943,1063.8965996405916,1256.622139928147,5.828018165789688,0.4
521,14.845228556484345,1059.298155189372,1256.7427774826851,5.828252223634808,0.4
522,14.82124478819724,1057.321763181102,1256.557088237062,5.828909952253977,0.4
523,15.00681106012256,1056.8888581901836,1256.8348803270292,5.813957537806824,0.4
524,15.013939102244153,1056.0778009104895,1257.3992385955548,5.800500895054533,0.4
525,15.028619671690146,1057.4423111232365,1258.2499377172226,5.789298321583365,0.4
526,15.059374955391812,1056.9664334463837,1259.2145465844478,5.777239126029206,0.4
527,15.342947735636098,1057.2741382003614,1260.2125030926504,5.74440964286724,0.4
528,15.364098729723116,1057.3932616986408,1261.4071191127646,5.715851064802337,0.4
529,15.312802069940426,1055.2651524587257,1262.3551103679727,5.6950161432411806,0.4
530,15.383652015054244,1054.0598466326417,1263.4648026670695,5.671230438841812,0.4
531,15.314284429932904,1055.3737271285058,1264.5830536956762,5.658388173945319,0.4
532,15.369009407163231,1057.121003213326,1265.8336843470686,5.644706332311057,0.4
533,15.518075974813842,1057.7436579500436,1267.0989032894774,5.621776229243513,0.4
534,15.50461588046132,1058.5996379766548,1268.3518567935762,5.604720624538732,0.4
535,15.533535440903936,1060.4916724722068,1270.0511263790918,5.589802100280079,0.4
536,15.46172982924795,1058.0332264892604,1271.8296482529354,5.581578279809403,0.4
537,15.737320735719997,1058.7924010187844,1273.8570036499864,5.552887394090873,0.4
538,15.575523803567132,1056.9690489687232,1275.991755385379,5.541204458947364,0.4
539,15.636374081596651,1058.979234874638,1278.777068509999,5.528171467953986,0.4
540,15.60798794213844,1058.6099127085486,1281.592993931939,5.519524923098378,0.4
541,15.461176749541698,1056.745126720237,1284.1846885971195,5.523022388768621,0.4
542,15.414117884256251,1057.6286606406763,1286.757124262244,5.530403912733199,0.4
543,15.446200006745151,1059.30429239485,1289.0048757583563,5.535101788940516,0.4
544,15.450978807740206,1060.9418930514228,1291.2201373867902,5.539801549909568,0.4
545,15.462104721245916,1060.7691684311214,1293.7072801118459,5.542615564439558,0.4
546,15.466577463861112,1060.9593214788358,1296.0644915327882,5.544701299531707,0.4
547,15.324442664955757,1063.793709850565,1298.1288600204714,5.560169655682842,0.4
548,15.407269425235475,1061.525712270649,1300.054355408469,5.564370498706299,0.4
549,15.457602420475046,1063.182119600268,1302.524799195998,5.564954221555746,0.4
550,15.53233617817681,1057.151456309866,1304.859633140874,5.554766450165362,0.4
551,15.508789320855604,1054.873554777932,1307.3967660156115,5.546614633247393,0.4
552,15.543314115721433,1058.930524983218,1309.7057442217322,5.54017584661342,0.4
553,15.530104259317193,1060.6868407946008,1311.5496794342653,5.537303325792322,0.4
554,15.58126947543224,1061.0539930638577,1313.2774693193624,5.531044204373657,0.4
555,15.563847663147428,1059.7887652454544,1315.1003417721163,5.526378923079554,0.4
556,15.602326925808581,1060.4135744929645,1316.9179042732512,5.519881222864838,0.4
557,15.748004442541765,1061.2499760154403,1318.8474046860556,5.503280661572328,0.4
558,15.518109946973595,1065.0083710475128,1320.450591561631,5.511296526134546,0.4
559,15.590900733379506,1065.0084611348261,1321.6908932409895,5.511921140116483,0.4
560,15.71080171159266,1064.8709711343352,1323.2083440731633,5.502531073201721,0.4
561,15.700290638013055,1062.610931098342,1324.938947214114,5.493981592997331,0.4
562,15.707497484127236,1062.8763966415936,1326.8430866658412,5.486582767715978,0.4
563,15.611386897769487,1061.920502005635,1328.6241992310256,5.48764723175764,0.4
564,15.628136199121323,1060.7693117508302,1330.4890881739225,5.486281039532697,0.4
565,15.63378217542762,1060.193086943274,1332.3018355755078,5.484263746769981,0.4
566,15.713862633384032,1057.6009902273265,1334.3736455823257,5.4741057665631,0.4
567,15.87422348891827,1057.4480224126582,1336.5495027200618,5.45255589001131,0.4
568,15.968203553405326,1054.5652048515487,1339.0768881230324,5.4250255302927615,0.4
569,16.014306456873832,1056.1455940185037,1342.0331230085349,5.3998778802623235,0.4
570,15.860465064724512,1055.5322341075207,1344.40824213446,5.391365025711104,0.4
571,15.832173110528379,1059.0679645945913,1346.7764584404442,5.389369515724237,0.4
572,15.82973798712909,1059.0315603848765,1349.3733066318991,5.387904674236652,0.4
573,15.791167315409524,1058.9201118577496,1351.84303063924,5.3897712444232475,0.4
574,15.748030447020541,1058.5518496133977,1354.215736168598,5.394548570604273,0.4
575,15.614590338172674,1059.274328625808,1356.091189824466,5.409916897901144,0.4
576,15.665143000848724,1055.5655667094916,1358.0512576287706,5.415583938681956,0.4
577,15.528630099458159,1056.6359188137965,1359.7472002101172,5.432195932614713,0.4
578,15.4992611031754,1055.5081895198584,1361.4921023179897,5.447365238669583,0.4
579,15.626365692759663,1052.782524437805,1363.7080191087216,5.447356479771719,0.4
580,15.762051896329359,1054.586933384393,1366.1305299596415,5.437625154083376,0.4
581,15.359882168026783,1053.2035385479637,1368.310342808074,5.4614649307194805,0.4
582,15.411559631541481,1056.269791092467,1369.8227843561563,5.479108552166309,0.4
583,15.329253422422408,1057.646479742178,1370.955406276703,5.501343161781101,0.4
584,15.48032543438383,1058.9018967287948,1372.015304950093,5.508179032089625,0.4
585,15.445603567276933,1058.561906208045,1372.8849024521965,5.516364883888904,0.4
586,15.517239036248384,1060.1080603942967,1373.5808405047983,5.518392124404771,0.4
587,15.477581826866835,1058.9397726380898,1373.934082068073,5.52241202323475,0.4
588,15.531694022494202,1058.7331230019352,1374.4357964967662,5.521130064523732,0.4
589,15.439372386727054,1059.7822904547818,1374.4634313606252,5.52841655304994,0.4
590,15.447403018974924,1062.3114676038163,1374.2725883849298,5.535647268298805,0.4
591,15.780144070829188,1059.3318702239096,1374.797400912974,5.512132280426135,0.4
592,15.693037942945647,1058.5994690566329,1375.7303019234714,5.499414607858727,0.4
593,15.670073925893378,1058.9851799625633,1375.7135851497012,5.491154333271846,0.4
594,15.57417799048709,1061.6280253322366,1375.6677787257297,5.49421551505148,0.4
595,15.637087405897766,1062.025439849975,1375.4520112965733,5.491885172058829,0.4
596,15.678743850334811,1062.0565075441339,1375.6592937767641,5.486593613342245,0.4
597,15.6897780273764,1063.0814159234405,1375.7773667326824,5.482127652981562,0.4
598,15.688219204525957,1064.0495100001135,1376.0495173418253,5.479324831611105,0.4
599,15.618406765874168,1062.0248177738542,1376.2534660976287,5.481200923250903,0.4
600,15.62629362957677,1063.2809562282469,1376.5228457005421,5.483044444565281,0.4
601,15.599544376670295,1065.4086010852795,1376.4315359341151,5.488350580502505,0.4
602,15.701948605742524,1064.6876326664155,1376.4618550850803,5.4837880862465855,0.4
603,15.900073438455266,1068.7001063007622,1377.3373705976808,5.466889509695012,0.4
604,16.08222628389352,1064.3596091394948,1378.417267119897,5.434865730539589,0.4
605,16.109645972038383,1063.0373738347723,1379.6933372642372,5.405365884826574,0.4
606,16.121417443338427,1060.780297642296,1380.9913104983787,5.378507697105751,0.4
607,16.389906252961296,1061.7117963178937,1382.7396852776578,5.335247290651046,0.4
608,16.461071561031073,1063.4411767698798,1384.8175138538452,5.2952655400044275,0.4
609,16.43413583567591,1067.9779260157702,1386.9493185118238,5.268111474380118,0.4
610,16.359642778223737,1065.1033591315877,1389.260524546828,5.249759540658733,0.4
611,16.16810247739128,1063.6519559960818,1391.3674756031548,5.249266367620783,0.4
612,16.34714297417916,1066.798345393979,1393.4460933763885,5.236609446716969,0.4
613,16.26558449648551,1067.808297566472,1395.3811209128917,5.233659254215372,0.4
614,16.365043359200993,1070.2927069523796,1397.5108947685367,5.224990531598698,0.4
615,16.271232046743055,1068.1263998757322,1400.1416659091146,5.223910711357144,0.4
616,16.205216414312066,1066.748066007705,1403.1510898521096,5.227378035837101,0.4
617,16.395938396144857,1065.871098687014,1406.2926812614235,5.213972454260848,0.4
618,16.45763965443515,1065.1794212694572,1409.5356365757764,5.197414742413164,0.4
619,16.45720825828565,1067.0866381451888,1413.3950979354483,5.185314528349454,0.4
620,16.373548888880826,1067.2261379974807,1417.333752590646,5.182334458373306,0.4
621,16.313518985918424,1067.9754025889742,1421.0275888425003,5.185362888694122,0.4
622,16.36733649781775,1064.0808425952634,1424.5942142174106,5.180503947129533,0.4
623,16.431795784119355,1066.8476421308892,1427.5473011642127,5.1733437026189355,0.4
624,16.065440738088224,1066.2246097227185,1430.6301015723684,5.1969398239813325,0.4
625,16.013413598533536,1066.818150038943,1433.163692070454,5.220989017821973,0.4
626,16.183773025895704,1068.0691555390345,1435.7873693715785,5.227733344525331,0.4
627,16.115372465230337,1065.3226760194827,1438.1005702799253,5.236777047722877,0.4
628,16.078420635705747,1066.3274739057895,1440.0358750185978,5.247972215055663,0.4
629,16.183858572171328,1067.0353495446916,1442.3629785762873,5.24907101808359,0.4
630,16.220208899959122,1065.6334457080472,1444.8498840855689,5.245941648479167,0.4
631,16.192490009881293,1068.362254993707,1447.1444289740818,5.247703732920661,0.4
632,16.32216414888562,1065.4610418170207,1449.3713142992233,5.236358354361676,0.4
633,16.44280541409709,1064.5399251350134,1451.5899307932418,5.21649997553863,0.4
634,16.398526883906975,1065.747841306748,1453.9413859883637,5.2047477310167,0.4
635,16.26480262529503,1066.742900030599,1456.3226283535362,5.206791101317717,0.4
636,16.23355960757875,1068.5866037367625,1457.595619624381,5.212413684374185,0.4
637,16.260972824779518,1065.5807977862978,1458.8038603529337,5.21251160507229,0.4
638,16.278449556953163,1062.8281986143695,1460.5264931011604,5.209082736517529,0.4
639,16.195474989090965,1058.076075090129,1462.1792261908138,5.209459140603998,0.4
640,16.19215469058251,1054.8544811131444,1463.8139171010644,5.207603601702412,0.4
641,16.142396342920364,1053.3734451055882,1465.697163028174,5.2090286487523505,0.4
642,16.167147642784965,1056.822619243647,1467.4796150438683,5.210782086756737,0.4
643,16.16512661604871,1057.508084630462,1469.0940449910045,5.212903276057653,0.4
644,16.067973228785473,1058.530216087206,1470.8429558106163,5.223354757472855,0.4
645,16.018309780882102,1060.7654624078489,1472.6206795124972,5.237673315414389,0.4
646,16.024349745133872,1060.7274854360935,1474.1331309908155,5.248892236457145,0.4
647,15.986684512000938,1056.6052668406178,1475.3264357590317,5.258053357305649,0.4
648,15.84737409185594,1056.4276137057125,1476.2196986810663,5.276815618165683,0.4
649,15.80460865966304,1059.1513098894127,1476.8554263490064,5.297754577504592,0.4
650,15.961045688017835,1061.570811707213,1477.404065601725,5.303969633579601,0.4
651,16.152320902277875,1062.2271114768118,1477.8218421229915,5.293931131677594,0.4
652,16.146759555554368,1061.8326217009287,1478.3030062614278,5.2858557991016255,0.4
653,16.222325387061883,1063.5769092705757,1478.6917532321634,5.274377468041191,0.4
654,16.159360505706594,1062.845569655948,1479.193272817736,5.269557833927331,0.4
655,16.065340306395488,1060.7241106622303,1479.7204056316707,5.271685241642418,0.4
656,15.970110463232905,1060.5413164609806,1479.8986891951845,5.281073706335891,0.4
657,16.045118116089586,1059.5889617604485,1479.9864921914077,5.281922641839489,0.4
658,16.019547490553293,1064.0949356173312,1479.8639980356716,5.288114916707068,0.4
659,16.130733478908336,1062.3448336459367,1479.7777009676583,5.282783386039735,0.4
660,16.129576572538575,1064.9740082071953,1479.2729843872216,5.280493729249369,0.4
661,15.972417468845753,1065.8780794962088,1478.5165643450705,5.292142730529542,0.4
662,16.058681833386217,1066.7565872932132,1478.1294038381156,5.295309539603572,0.4
663,16.09585565565789,1067.643481046846,1478.2008083306905,5.295538969965982,0.4
664,16.092480280523603,1068.1608558691676,1478.2291262852718,5.296394073884807,0.4
665,16.03496515259454,1066.286900428266,1478.4672537711342,5.300378685039285,0.4
666,16.29252126884879,1066.1744747688522,1478.7341709267255,5.282513586567143,0.4
667,16.221700620134683,1067.977959087535,1478.7561774442318,5.275015103377827,0.4
668,16.133503477068835,1064.3342906426776,1478.6761226604644,5.273319204349617,0.4
669,16.101229788867357,1064.2485369996202,1478.7738597730543,5.2745011431921585,0.4
670,16.181647376460703,1064.483394308336,1478.8536860949528,5.269076159910303,0.4
671,16.150668498409527,1063.5249316694988,1479.262286698962,5.266434669778563,0.4
672,16.20483936753282,1060.6221791817352,1479.8401667456137,5.257647323565031,0.4
673,15.978068724914992,1064.3516895671692,1479.7196482068882,5.271792906436052,0.4
674,15.959325608239986,1062.1245611976349,1479.7953855456,5.2832402628376025,0.4
675,16.04806681260223,1058.0933939400547,1480.1295841833523,5.282327601419661,0.4
676,16.10800747460432,1058.7607010047632,1480.472639432499,5.277185352299058,0.4
677,16.193449704702306,1059.9788168633613,1480.7161244409797,5.266907264565656,0.4
678,16.033099435263473,1061.3240352253956,1481.4772660464816,5.272600041724506,0.4
679,15.952251219669451,1062.7485252928634,1481.8622032113535,5.284951949664112,0.4
680,15.78473386246145,1061.5300727156543,1481.8202253119543,5.3078488824572565,0.4
681,15.84144745082218,1067.1094624678042,1481.341538479366,5.326207751559422,0.4
682,15.727172119880223,1070.139864847849,1480.6874552762206,5.352891588467088,0.4
683,15.73096462490952,1069.6823517929322,1479.8167523393902,5.374116531350863,0.4
684,15.616012485795125,1070.914887864353,1478.7738041501516,5.401846670593981,0.4
685,15.544044956637046,1069.6602747957759,1477.0007674528308,5.4295180837762915,0.4
686,15.526206384515037,1068.53755624377,1475.0867644848272,5.45281763547428,0.4
687,15.466605073100583,1070.8273331904186,1473.114946910176,5.478524958407086,0.4
688,15.34542094252021,1070.2711564900562,1471.060514045811,5.509087660777541,0.4
689,15.461344916482675,1066.1155749910765,1469.4176480827105,5.521534149955873,0.4
690,15.483246227096666,1062.806221998141,1467.5437897516272,5.5274486251160715,0.4
691,15.424093972623979,1064.3083619479871,1465.3620963038234,5.538268034785025,0.4
692,15.513145583779561,1063.001103171117,1462.9402955199016,5.538874365414619,0.4
693,15.46530845536941,1061.9445085286866,1460.7249707989538,5.542482021114886,0.4
694,15.35369344364011,1062.6593741204833,1458.1270981513062,5.555101915935023,0.4
695,15.421680303531872,1062.944166406982,1455.6058271195925,5.560109646465772,0.4
696,15.419549193699346,1066.3709641250875,1452.6977511712525,5.566980798871389,0.4
697,15.466888988178841,1065.7377063036874,1449.7511021773648,5.568267792926151,0.4
698,15.431790512376782,1065.5103118220043,1446.8205003987218,5.5720194652654484,0.4
699,15.370105781042223,1066.6438621885616,1443.6969894599554,5.580993676905449,0.4
700,15.30371731931323,1065.56305616148,1440.3065391083112,5.59296070618627,0.4
701,15.429151269820482,1066.4357539271382,1437.3285771868811,5.593182967271928,0.4
702,15.444233818652357,1066.9006968706783,1434.4916543372156,5.592484172336943,0.4
703,15.48505017329274,1064.8083995332267,1431.7490486985598,5.58699387120193,0.4
704,15.42514097338686,1070.3753910158277,1429.0168609386367,5.591596249648374,0.4
705,15.308212258148359,1071.201023784911,1426.0561159017002,5.605549792957175,0.4
706,15.225055411500465,1068.1611228743002,1422.8885508513297,5.621489110890036,0.4
707,15.18890209805732,1066.152184710009,1419.9404651135949,5.635995043117352,0.4
708,15.274599797676544,1067.095199411198,1417.0550950379345,5.641599610644967,0.4
709,15.3633983720031,1067.8083965251528,1414.4096341733275,5.6394779135417945,0.4
710,15.414505687248793,1065.454452715554,1411.9429262254669,5.631782050595259,0.4
711,15.356167225377414,1063.8153137055485,1409.465877688516,5.6289996729916645,0.4
712,15.345065734884903,1064.065627024062,1406.9041612520562,5.6278145740285614,0.4
713,15.155344030083505,1065.8198658691829,1404.4228190321583,5.643673055162099,0.4
714,15.003903572502258,1064.5318802229103,1401.8340852872204,5.668079006736557,0.4
715,15.10198966283079,1064.984028061746,1399.3872559058013,5.680418115492124,0.4
716,15.088101612879559,1067.7197727478556,1396.6621689290266,5.693739339096402,0.4
717,15.168805604734574,1068.5219936954422,1393.740307099368,5.698674091273895,0.4
718,15.179143709310884,1069.164196773684,1390.673929484211,5.702361263680613,0.4
719,15.160334225628706,1068.9711269766697,1387.5879072469281,5.706775895294087,0.4
720,15.113227821820812,1072.2499068155487,1384.5624707316567,5.71672418609451,0.4
721,15.15311582969754,1071.0248299159837,1381.892535824967,5.720695978411099,0.4
722,15.380220604546707,1071.6717885530343,1379.6419976039906,5.705882946639638,0.4
723,15.175862599925738,1070.2488971014993,1377.2375297259139,5.709360690787305,0.4
724,15.025349753487927,1071.6418721380358,1374.6088907957253,5.725565439926911,0.4
725,14.85859496860638,1073.90948231646,1371.2046926249275,5.754194848536797,0.4
726,14.994574962630919,1074.317970346909,1367.5772042369697,5.766867495436238,0.4
727,14.89630098161613,1075.5341255706028,1364.0338763335005,5.7862094289714205,0.4
728,14.811354484594622,1073.5856815180946,1360.4499034544835,5.807538618503171,0.4
729,14.75446039409069,1070.0123716026148,1357.1494403271943,5.826976516699086,0.4
730,14.782062648866233,1069.0787130205813,1353.9638670772563,5.839954091071461,0.4
731,14.717460796967815,1065.3370572681138,1350.8644144253672,5.853046273645083,0.4
732,14.843034227078496,1067.1173296156628,1347.7771035649948,5.854865888541554,0.4
733,14.848635966875886,1070.1662626608618,1344.7325258124379,5.858205191962589,0.4
734,14.750560606476025,1068.9175511189983,1342.2055433802236,5.868014113294064,0.4
735,14.809109452904684,1068.5464210452965,1339.3499482411341,5.870992242720006,0.4
736,14.838249249421251,1068.6099445183618,1336.26841027733,5.871101028423582,0.4
737,14.698011283172152,1066.7008818464149,1332.812686459948,5.881207227922399,0.4
738,14.756228706575534,1065.5070418535397,1329.859444127022,5.883834240636291,0.4
739,14.765574702940397,1065.6799978911902,1326.7716957376135,5.885355391003209,0.4
740,14.699199903638272,1066.6361331123476,1323.4510606155377,5.892749721130246,0.4
741,14.77662106751847,1065.7634200189545,1320.2180195848937,5.891826443223522,0.4
742,14.693247256749387,1066.7976392710725,1316.9955104942574,5.898664532910659,0.4
743,14.668305889521172,1067.0666537403874,1313.653011093401,5.906513349922803,0.4
744,14.59342969367312,1066.6347976943648,1310.5773044597781,5.918741779426671,0.4
745,14.778943449421066,1067.1388718807184,1307.7838136187931,5.913989987585003,0.4
746,14.725679067711447,1064.5552532308013,1304.9329417079894,5.912493067848809,0.4
747,14.764077909912523,1065.3552594400142,1302.3244105319088,5.908732444974622,0.4
748,14.633081820426927,1066.6329269931462,1299.6463737528418,5.91731965132072,0.4
749,14.442712920105942,1064.5334020067253,1296.5315285182899,5.938330866169017,0.4
750,14.51321301464008,1061.4128656350074,1293.7991481315535,5.947439669122272,0.4
751,14.765013929448264,1061.4919899880038,1291.4637474807892,5.934391534796682,0.4
752,14.879650084128746,1060.6603682612179,1289.2922131013872,5.913695292063759,0.4
753,14.780230003962764,1061.110231881874,1287.319124365287,5.905189078871142,0.4
754,14.93496986214949,1062.8189457108708,1285.374127262067,5.886860430496898,0.4
755,15.163516745088224,1064.735656012442,1283.697330455121,5.854603120544253,0.4
756,15.069661460476254,1066.3736979126425,1281.8871544139417,5.837060339918125,0.4
757,14.96125550282131,1066.171787960031,1280.5229628620964,5.831381550740089,0.4
758,14.981534564329323,1067.5346487514232,1279.073965859346,5.826098061465956,0.4
759,15.019079775496559,1068.975734573198,1277.766336410072,5.819786866485843,0.4
760,14.836733728658228,1070.84463309893,1275.921318973544,5.830925892835232,0.4
761,14.899827747780284,1074.498080575398,1273.5675517241343,5.837665857491286,0.4
762,14.801254106832278,1077.3875582127662,1271.1531908346296,5.853432511541372,0.4
763,14.825086531944054,1075.8105525840467,1269.4110417858699,5.863221365826996,0.4
764,14.90248305245683,1073.5112659057475,1268.1422564359093,5.863185121956109,0.4
765,14.991537389099669,1070.3105134331015,1266.9455800850324,5.853458112722209,0.4
766,14.762833984252334,1066.1584030155602,1266.076708848029,5.8610326119188745,0.4
767,14.779969217101556,1066.700210408809,1265.7086099535,5.866253016420997,0.4
768,14.589550518828432,1068.4577719451943,1264.7701078636378,5.887423480657125,0.4
769,14.684811849348465,1068.581244377142,1263.6489342413633,5.897091850559205,0.4
770,14.817404639753192,1067.5987174361017,1262.7854829820324,5.89344164067961,0.4
771,14.725041809109493,1070.2001378125692,1261.8088030485776,5.8999630329031545,0.4
772,14.64509092409123,1072.400620252757,1260.213917119787,5.913507725574935,0.4
773,14.5564608742794,1070.375833501378,1258.7140409480633,5.930326482452376,0.4
774,14.615063713025222,1069.1543592563246,1257.107690708154,5.938405404580308,0.4
775,14.607853570262131,1070.4001144116485,1255.5006794324233,5.946561124489238,0.4
776,14.97812496640075,1071.7405159373109,1254.5056505681926,5.924003579875512,0.4
777,14.932274939006883,1073.1195025308602,1253.7294578633555,5.9102957713956075,0.4
778,14.95286480530836,1077.511936707501,1252.3631453461337,5.900693444805469,0.4
779,14.900283521812412,1078.6950024770724,1251.003232928578,5.898010877210641,0.4
780,15.141327349696965,1079.3025333615697,1249.5465618533044,5.8765723635168365,0.4
781,15.124410089915914,1080.0,1248.4036632284337,5.860902545535877,0.4
782,15.095018764449602,1077.9380650108258,1247.726565701062,5.848896331056782,0.4
783,15.126493191459467,1072.6423913347437,1247.18765660268,5.832475615709559,0.4
784,15.331819726520525,1069.5607529988324,1246.9202181364212,5.799901626097698,0.4
785,15.289601526674657,1072.081795962502,1246.474249271428,5.778546934387911,0.4
786,15.285244356810683,1071.2027233956737,1246.3174214337473,5.760727576246647,0.4
787,15.251110240020978,1072.8697718654732,1246.1333861163466,5.750165431238034,0.4
788,15.383425742391756,1071.265519553688,1247.0716095703463,5.729478834729521,0.4
789,15.426799763707072,1069.174554432883,1248.1160902007443,5.707390530939325,0.4
790,15.372338663618653,1071.50257467214,1249.141255767216,5.695488666231467,0.4
791,15.402334463403783,1073.976460339968,1250.006971238025,5.685148137977462,0.4
792,15.48707925228412,1075.2167157573087,1251.4994855486027,5.670681193757386,0.4
793,15.423647329792269,1074.4180753076357,1252.950293711965,5.663398184023005,0.4
794,15.466187571158017,1071.3366846309102,1254.500632571171,5.6516201961647985,0.4
795,15.542745287019924,1072.7503371244768,1256.163298171967,5.636774670865971,0.4
796,15.72524395923216,1071.7210875292735,1258.5581840304776,5.608909435933775,0.4
797,15.695434802362866,1072.4984093543721,1260.8821096475203,5.589083602888508,0.4
798,15.816870874107096,1076.6470830419594,1263.1912560761612,5.566039061316266,0.4
799,15.74212487134517,1076.7141481830586,1265.4092278344328,5.553301481819403,0.4
800,15.850414000984784,1074.3960799777242,1268.1415172276422,5.532254819394593,0.4
801,15.75147789273946,1072.9529434658787,1270.9812932164837,5.521990603769102,0.4
802,15.6238757644616,1073.1293436701576,1273.5296620518957,5.524134951433501,0.4
803,15.545538600142201,1073.8965774377973,1275.9397968005376,5.532875058314825,0.4
804,15.643784378538097,1075.1796952133543,1278.472235295628,5.532983337985319,0.4
805,15.748361377694602,1074.6774130580955,1280.9014292196675,5.524146369634678,0.4
806,15.70381286034338,1073.7277257760677,1283.4025197429125,5.519822596839883,0.4
807,15.615680568675504,1075.0034314860686,1285.8875354535453,5.5244437075400095,0.4
808,15.421388327401232,1076.8052028306859,1288.3971783272627,5.545472719407577,0.4
809,15.365421784075407,1077.3546511031511,1290.5375616156648,5.567705477953553,0.4
810,15.35737479070956,1077.7520317447927,1292.7318590035936,5.586894360024192,0.4
811,15.226499232062656,1077.2038648318076,1294.4270274175578,5.612909979788523,0.4
812,15.134791122755402,1080.0,1295.9161208245316,5.643851052875018,0.4
813,15.107314859813599,1080.0,1296.9140849594205,5.671468093013547,0.4
814,15.02256343993722,1080.0,1297.3142446654701,5.701039951959439,0.4
815,15.084984751221228,1080.0,1297.444651958235,5.720187806736941,0.4
816,15.1295169529842,1079.4655531126432,1297.7743005375792,5.731845834279581,0.4
817,15.109449312541328,1077.1053430799523,1298.3495144340734,5.741261025656823,0.4
818,15.070674769959455,1076.2687521226808,1298.7405337303974,5.751517675442255,0.4
819,15.063308836822195,1076.277853078135,1298.852852872286,5.760536952644609,0.4
820,15.065859965662288,1078.931028617639,1298.3528734803092,5.769730082409592,0.4
821,15.094507195517918,1077.7981746072119,1297.7822572094358,5.774070959561193,0.4
822,15.238712722865525,1080.0,1297.2708907092292,5.767510583127607,0.4
823,15.312371240663815,1076.9093835722715,1296.735758751708,5.753775194358228,0.4
824,15.249553367493087,1078.4717593552691,1295.9377491294056,5.748826808254796,0.4
825,15.071713326723184,1079.0622624722412,1294.8793423124034,5.759748640138128,0.4
826,15.024297926158154,1080.0,1293.499236155226,5.773288258387621,0.4
827,14.974895284095508,1077.8076966177239,1292.2704990457503,5.786770547904563,0.4
828,15.123805140241195,1077.8272243105366,1291.304944431575,5.785671874799997,0.4
829,15.33323802069773,1075.9411231514182,1290.6624925583985,5.766230215387051,0.4
830,15.289769639909343,1075.0814031433656,1290.042229987157,5.753190342420374,0.4
831,15.33709464907465,1076.528176258854,1289.4854038802794,5.739724007314019,0.4
832,15.379457791782428,1079.1806294258922,1288.9577341116542,5.727224951099011,0.4
833,15.577169878863218,1078.6398768186625,1288.8184558850398,5.700409884275396,0.4
834,15.456429493390058,1079.385156956699,1289.0040496783083,5.688851865565253,0.4
835,15.442883316909077,1077.3463974701551,1289.49089470526,5.6789399815931345,0.4
836,15.477701851701662,1078.8215747228933,1289.8477356874193,5.669082100075817,0.4
837,15.4621109337238,1076.7844846866694,1289.9048277243976,5.660732686981383,0.4
838,15.553778211689991,1073.5222578060805,1290.131167265234,5.643928874766825,0.4
839,15.563739473976616,1073.0778150347387,1290.3585477150923,5.628999715661689,0.4
840,15.596155340511187,1074.3702373527365,1290.992549068918,5.61508585185468,0.4
841,15.567464281158111,1075.080217372191,1292.118247385072,5.606557861797973,0.4
842,15.492121560888306,1074.4398438806677,1293.101934755682,5.60523779469233,0.4
843,15.382354202420972,1075.0764132544887,1294.0212976846424,5.613606774646263,0.4
844,15.340838356679285,1076.0482587965928,1294.8702672843906,5.624596728352328,0.4
845,15.290081225726285,1076.3800847588261,1296.0118126225366,5.63800722356023,0.4
846,15.223645150454866,1074.2186142584544,1296.7740620747936,5.652798914003609,0.4
847,15.390503952165613,1071.1049100836124,1297.7293334262467,5.648938438535196,0.4
848,15.264479525282509,1069.1998561900011,1298.6949549366695,5.654631344072414,0.4
849,15.317289343549596,1070.0592226590497,1299.5853618875,5.655633589314748,0.4
850,15.271788186260506,1071.6052314560397,1300.5330986690822,5.661342567637651,0.4
851,15.322447996729228,1072.1936712947747,1301.4752649282113,5.662328870669011,0.4
852,15.338778519291072,1071.0424768000828,1302.5260949578083,5.660932805812985,0.4
853,15.319540577369326,1067.5747837050271,1303.6135704075964,5.658738581265027,0.4
854,15.344110453809321,1067.1901305847982,1304.5487072686478,5.654640669074132,0.4
855,15.308166014120662,1068.0878457602653,1305.1433230546877,5.654896433361608,0.4
856,15.272114122481002,1065.060054316211,1305.711665079839,5.655763310330427,0.4
857,15.252487873217587,1065.4715561515657,1306.0989341858483,5.658389101922192,0.4
858,15.209250093878973,1062.389068179832,1306.3896818056126,5.66174528144836,0.4
859,15.404761510620885,1061.9861618191499,1307.270405701103,5.648215558474994,0.4
860,15.328382912786196,1064.6645946941762,1307.7116135267067,5.645387739905404,0.4
861,15.355365790566095,1065.4137409302525,1308.2754908989616,5.641430242460641,0.4
862,15.350153509613389,1069.559181846541,1308.553512709855,5.641744995488104,0.4
863,15.316363695305446,1069.283791079088,1308.9125303421506,5.644556201175674,0.4
864,15.303061494616038,1072.3386391385163,1309.1326777437273,5.650257910812749,0.4
865,15.400443037695009,1072.2119338154444,1309.3857212064959,5.646879503790494,0.4
866,15.478194988221835,1075.2925756841964,1309.6606521066253,5.640084285887969,0.4
867,15.204384713331708,1074.9008705984463,1309.5772857508966,5.656591853827093,0.4
868,15.10483708329466,1078.3007450487214,1309.037057887996,5.68083339694821,0.4
869,15.105169071027115,1077.3517188032226,1308.3788233508637,5.699966868428433,0.4
870,15.151571672625542,1075.8917454201603,1307.6634525104978,5.710760554561997,0.4
871,15.42002842020869,1074.487575216995,1307.7430719897643,5.696611539105431,0.4
872,15.331230159739654,1075.0091567896193,1307.598622228785,5.692660255945482,0.4
873,15.306169270979254,1074.6326947951343,1307.5304548115237,5.691183574315992,0.4
874,15.148942802328998,1075.887501298161,1307.2117722525145,5.7037698761141975,0.4
875,15.044372222701867,1077.357765852835,1306.5526252558327,5.723747671359189,0.4
876,15.02835616669506,1078.9553581444584,1305.6805408450364,5.742646075329425,0.4
877,15.040615971332976,1080.0,1304.925439407382,5.757930644592798,0.4
878,15.057641920601485,1080.0,1304.313039891798,5.769072630814541,0.4
879,15.050708262194128,1080.0,1303.0293094510753,5.778775678081419,0.4
880,14.9097520601814,1080.0,1301.319162077804,5.798251117668739,0.4
881,14.858198538589159,1080.0,1299.4932719006786,5.81843393191486,0.4
882,14.901105323736136,1080.0,1297.78918923906,5.831477497114467,0.4
883,14.930636813691343,1079.0594336567292,1296.7632775265488,5.839048839063494,0.4
884,14.780000927528087,1077.972444636925,1295.3714312109878,5.856745540379985,0.4
885,14.739592857022712,1078.4972987841177,1293.7968377903176,5.8749557727164845,0.4
886,14.697102954885741,1080.0,1291.6996280220376,5.894496480154254,0.4
887,14.666614307597833,1080.0,1289.2996513962844,5.913011392509594,0.4
888,14.67068770446185,1080.0,1286.8608205209596,5.927860742649244,0.4
889,14.698854584310977,1080.0,1284.5000044109229,5.937735412342487,0.4
890,14.565627818210094,1080.0,1282.0087668978756,5.956719932816711,0.4
891,14.53504944315593,1079.8053914975399,1279.4591155583198,5.97463898038714,0.4
892,14.598917401666547,1079.826660286484,1276.698005993196,5.984129389029846,0.4
893,14.482656953983868,1079.3832140672378,1273.717405822818,6.0010770825597435,0.4
894,14.55529752629213,1079.5642363978043,1270.9539440085239,6.009174856567137,0.4
895,14.662297439003734,1080.0,1268.4449896341225,6.007400435669667,0.4
896,14.688711298646847,1080.0,1265.7325753366342,6.003786869923706,0.4
897,14.543799029011629,1080.0,1262.8254558137887,6.012665976686609,0.4
898,14.568889637527612,1079.9341695909316,1259.921625352337,6.017846671915007,0.4
899,14.595200964832115,1079.5579309599805,1257.0789879052193,6.0196602439299705,0.4
900,14.536178143225856,1078.4049538395773,1254.2977168510256,6.0250990672608795,0.4
901,14.555346563680274,1075.2831878549848,1251.8187396205626,6.025632403988338,0.4
902,14.58482364369805,1072.784740306231,1249.284004706834,6.021772046778943,0.4
903,14.673165137930626,1073.4321832270937,1246.8716482265427,6.0118767538067255,0.4
904,14.605492599904954,1076.9829022793049,1244.4632240536419,6.0119771569804366,0.4
905,14.579135136411272,1075.376377794134,1241.914822962965,6.012998886988794,0.4
906,14.42597653413667,1076.1883422025646,1239.34148761112,6.026966671666301,0.4
907,14.62125376971346,1077.8584457005807,1237.2317128488564,6.023724797655022,0.4
908,14.684576235132916,1080.0,1235.2522555941148,6.017510764142056,0.4
909,14.64437682179806,1079.8257378708204,1232.9984207917475,6.015568610549488,0.4
910,14.493854800742437,1080.0,1230.6541923695825,6.0264084463339085,0.4
911,14.535832281885062,1080.0,1228.4592337916665,6.031866711918157,0.4
912,14.501681041754454,1079.153340559878,1226.173291906439,6.038493254503982,0.4
913,14.62808515610854,1078.763990145103,1224.174579111459,6.033302926285773,0.4
914,14.69621924457888,1075.6874451668443,1222.5593077162614,6.021153071433482,0.4
915,14.639724488941347,1075.9432414184423,1221.1523501805132,6.016000323851511,0.4
916,14.670648760464873,1077.4071781167927,1219.6415219363776,6.010354675509345,0.4
917,14.637194810376137,1080.0,1217.9817483405045,6.010419274013725,0.4
918,14.470587665907601,1080.0,1215.7997405386684,6.0240873806332855,0.4
919,14.603267081130502,1080.0,1214.2489237872155,6.024452666249309,0.4
920,14.692673803440057,1080.0,1213.010605303652,6.017445883107312,0.4
921,14.72755270383438,1080.0,1211.8025481259938,6.0088500171906505,0.4
922,14.593062402264438,1078.6766326034592,1210.2136915993144,6.0117914888314985,0.4
923,14.412360155688628,1076.826534002266,1208.5748264327515,6.027571808624667,0.4
924,14.43728173217105,1074.7774403336946,1206.980717415699,6.0369259648114815,0.4
925,14.348650641491437,1074.3173262427713,1205.5602205008972,6.0514914593622695,0.4
926,14.411386139471924,1074.008388137526,1204.38105446834,6.0580748627913845,0.4
927,14.274199528071586,1076.6839945900758,1202.7555232526481,6.076706901965022,0.4
928,14.312079700013014,1078.477703551329,1201.1482770681553,6.09024565041106,0.4
929,14.272683758501657,1077.6292263337107,1199.4451521085516,6.103925411700598,0.4
930,14.186131356117798,1076.650119352222,1197.2973124732027,6.1214756734028235,0.4
931,14.110821850884538,1079.14431661209,1195.1904374768792,6.143906793894771,0.4
932,14.12767749681463,1078.0461681152183,1193.3346102582896,6.160092669049125,0.4
933,14.154939500175685,1080.0,1191.502190389005,6.172614332665925,0.4
934,14.107183192250815,1075.5277063577043,1189.533723866264,6.1834036883217465,0.4
935,13.83616073843864,1074.904701453173,1186.7864097753854,6.213927923177225,0.4
936,13.69529058443103,1073.8860711040663,1183.872185821724,6.249699620200295,0.4
937,13.67163823156122,1075.7812264482384,1180.6124089898049,6.282398019475927,0.4
938,13.676222890489434,1074.5619142469354,1177.544726726283,6.307914248530147,0.4
939,13.655644303787273,1072.6785133875642,1174.2685854671533,6.329095387410223,0.4
940,13.64164543558168,1071.2019735880688,1171.154020622637,6.346491644713227,0.4
941,13.612097922301173,1069.9388875418792,1168.0140193474754,6.362216305436055,0.4
942,13.540492965270479,1071.8898923337833,1164.5302144032928,6.382437043940001,0.4
943,13.284332384346293,1072.9731726677308,1160.4238063219568,6.420770452118826,0.4
944,13.152779056993495,1071.9607690153355,1156.1717060656583,6.462189007575522,0.4
945,13.067861220595177,1073.8329642672127,1151.7366470969357,6.504507088250903,0.4
946,13.24451981718891,1075.4869881990076,1147.4954684447896,6.526021815983512,0.4
947,13.110805061337743,1075.35496011162,1142.5647537972286,6.554491249338344,0.4
948,13.26569509202318,1072.8657175258681,1137.8536310882644,6.563296703986865,0.4
949,13.164360274791255,1071.3783265730976,1133.1151294641104,6.5776737905025495,0.4
950,13.0,1071.458924426012,1128.1951689527625,6.602955455078155,0.4
951,13.0,1071.5649532677357,1123.3291202997395,6.623766577834496,0.4
952,13.0,1068.7066826441396,1118.6817434320205,6.638670845903256,0.4
953,13.0,1068.4025482270445,1114.107710347775,6.650662420100316,0.4
954,13.139873142786387,1068.3008588381874,1109.774420583624,6.648988200535425,0.4
955,13.22407924511669,1070.8929583941892,1105.1176246919492,6.64269364507412,0.4
956,13.263987330815556,1066.0139044904902,1100.6631335984475,6.630582256081341,0.4
957,13.389422841284457,1063.8027591382404,1096.520310397377,6.608728701305444,0.4
958,13.501908852137563,1060.4624660200818,1093.2397187628821,6.579091167984965,0.4
959,13.293128373719297,1064.427222627294,1089.3583553360877,6.574847287353564,0.4
960,13.552899671333986,1062.990562418345,1086.402031290523,6.549052679676778,0.4
961,13.642857369550489,1063.8797228227397,1083.503805568459,6.521221963549283,0.4
962,13.69275886755968,1062.0257075565826,1080.5960732456854,6.492921190366211,0.4
963,13.599036837946475,1061.4436859540156,1077.7409329693103,6.476933512284543,0.4
964,13.54148304849586,1060.4647021362036,1074.9740351399507,6.4677868001652135,0.4
965,13.559430323203333,1058.117012318766,1072.450332424507,6.457044991436286,0.4
966,13.489346678874147,1060.9036235312328,1070.0853467594543,6.456070621769771,0.4
967,13.611133713398452,1058.8357713728728,1068.2496529498362,6.443755905950183,0.4
968,13.607261575407898,1057.4466346058198,1066.6417807593195,6.4329240826988165,0.4
969,13.676959568444383,1058.3014188203913,1065.4394751259035,6.41899248450797,0.4
970,13.717177127915244,1058.9569015009254,1064.5769097918962,6.404777539938001,0.4
971,13.494079624536662,1061.9443161831555,1062.8772275656193,6.41361129886649,0.4
972,13.552601507825702,1061.2520588250852,1061.8550956720321,6.41554922632277,0.4
973,13.773060936128951,1061.5000725674377,1061.3786241032158,6.3993098807451965,0.4
974,13.819146245809392,1061.280304008819,1061.1465790815778,6.382061380834185,0.4
975,13.741567465173246,1056.7700128642164,1060.8588095000223,6.370847568755421,0.4
976,13.602527031002873,1057.7336652230135,1060.238092709266,6.373743148314488,0.4
977,13.563924334026352,1055.7631698960683,1059.6897097157207,6.377782441482674,0.4
978,13.685067177069802,1058.8847132032556,1059.0591892295934,6.3735547554873095,0.4
979,13.685791651841944,1060.2894465497948,1058.6490852035008,6.371090827302715,0.4
980,13.588060887873134,1059.1757241945438,1058.144560064454,6.376214990122309,0.4
981,13.759788571721677,1062.149208258099,1057.9242344949562,6.3686311712623205,0.4
982,13.62672373724458,1060.295680354909,1057.6858153723679,6.371885230975787,0.4
983,13.57614804042141,1059.4829574476298,1056.9477505570244,6.378072187367316,0.4
984,13.434463536923404,1056.5414982663322,1056.2309778784288,6.392500206093166,0.4
985,13.486772116016896,1057.1006557220505,1056.0002962539409,6.400479247401365,0.4
986,13.396067111340312,1057.3608528097532,1055.6811019946535,6.414631183254563,0.4
987,13.34551423740696,1056.822579337349,1055.114038506875,6.42996001676688,0.4
988,13.354948440382403,1056.6988381705235,1054.2664981043656,6.441665148857707,0.4
989,13.471508486768514,1061.947673431972,1053.297728828069,6.445706189639168,0.4
990,13.470648938005745,1064.4065112293558,1052.47929887231,6.450948966779681,0.4
991,13.41502362970358,1064.3136071499055,1051.5836599417273,6.45972350874529,0.4
992,13.29703864242529,1065.615384118445,1050.2363899671568,6.477544509705687,0.4
993,13.432277774441213,1067.2159960044637,1049.3854283763312,6.482316051210702,0.4
994,13.326387024909089,1062.6135569154676,1048.3105546870906,6.491402663345299,0.4
995,13.415590785241012,1066.0913959618156,1047.1426067761813,6.494193200320382,0.4
996,13.457872842373579,1064.9316493522128,1045.8461244891205,6.492149382494217,0.4
997,13.494316240636318,1062.9479337014907,1044.8476359996355,6.485995608338785,0.4
998,13.54823320001428,1064.620041569323,1043.7309027338088,6.477807533159044,0.4
999,13.461955498317687,1062.3836223623207,1042.5292495699407,6.47645319237381,0.4
1000,13.339548889879431,1058.3825175023617,1041.3623743746618,6.482320865697362,0.4
1001,13.379572109925661,1057.6917881944814,1040.5453139291105,6.48333946892374,0.4
1002,13.24162708665554,1057.9050365541427,1039.5069934969993,6.495608806630908,0.4
1003,13.0,1059.34131663657,1037.8678744014087,6.5265012568145915,0.4
1004,13.0,1063.024096521282,1035.808538541236,6.554617247558054,0.4
1005,13.0,1063.662962089531,1033.977811106602,6.57815534233729,0.4
1006,13.0,1063.666704842658,1031.9457853813974,6.5974594095776276,0.4
1007,13.093961025185616,1065.8528047579143,1030.174215491827,6.607262941272469,0.4
1008,13.0,1069.9463058245713,1028.1630373812716,6.626075019046801,0.4
1009,13.096086307403978,1069.2817065889597,1026.446510472193,6.633146312758577,0.4
1010,13.178877791800414,1069.2119124108526,1025.022447116718,6.632126289098708,0.4
1011,13.28071966852353,1071.0849750913617,1023.5742127326039,6.624383386918267,0.4
1012,13.2821372266947,1070.8861821246148,1021.9652170598482,6.617768076793697,0.4
1013,13.358242979510152,1072.2418558273503,1020.57076273374,6.607149049690738,0.4
1014,13.526543075126616,1070.9994068406215,1019.3067084176381,6.583748672218568,0.4
1015,13.510087327300834,1070.1827209296412,1017.6733258627248,6.56528771185501,0.4
1016,13.725547918362054,1069.5514651133008,1016.4939695620258,6.532065055458216,0.4
1017,13.779958614652143,1068.1877572478083,1015.5737061578573,6.499345071965707,0.4
1018,13.774225716174866,1066.6384126421658,1014.8242831938186,6.471811873443547,0.4
1019,13.534756151801554,1064.6292642035758,1014.0807178474056,6.467285187236389,0.4
1020,13.411575540434816,1061.4726545631895,1013.1240404227956,6.471253227219276,0.4
1021,13.415483164157045,1057.5213620511943,1012.5538192798225,6.471200511855596,0.4
1022,13.61207436055648,1057.1094558968434,1012.4909528994438,6.454780451634926,0.4
1023,13.581060945848332,1055.1672717596687,1012.7138645864012,6.442382127296224,0.4
1024,13.455172733785538,1055.0004291264324,1012.77669042379,6.442376952997532,0.4
1025,13.520353133184491,1053.0060928664493,1013.1778187468253,6.435538449621175,0.4
1026,13.563194679990215,1050.2877556807475,1014.1053809559041,6.424374802735208,0.4
1027,13.57281114595295,1048.8554948425235,1015.077412181875,6.413351965496544,0.4
1028,13.476409953839184,1048.1066613688956,1016.3650854538532,6.411625026274312,0.4
1029,13.334503791181637,1049.1808781100133,1017.4460709501908,6.422617615580743,0.4
1030,13.346570055418146,1048.4638413878513,1018.5019954648101,6.430103403936654,0.4
1031,13.458446850799724,1050.9022000155985,1019.1026539850066,6.428942577792495,0.4
1032,13.350806867157978,1050.9542836062226,1019.2640612662753,6.436826415012,0.4
1033,13.28592075796206,1051.0163669513772,1019.2960584899804,6.448640589384421,0.4
1034,13.293204098205463,1049.6030881401555,1019.759123860095,6.456664579023832,0.4
1035,13.316432078198481,1052.5670625489902,1020.0333966852575,6.4635868246562,0.4
1036,13.330189077352978,1051.543566720957,1020.0978593163345,6.467365081257841,0.4
1037,13.230754430670011,1053.767123577052,1020.0141632895471,6.480270059981328,0.4
1038,13.197169062692186,1056.3366717326003,1019.8112032083231,6.495539317211329,0.4
1039,13.139112006164767,1055.078099357023,1019.5476854328301,6.511853050083414,0.4
1040,13.117984123678271,1054.7961974791983,1019.0375847134916,6.526743763775685,0.4
1041,13.182015433891895,1054.562617646049,1018.3494959059003,6.533544923978829,0.4
1042,13.086332405229067,1056.3084001518762,1017.4471840473785,6.548260904022138,0.4
1043,13.257864205377196,1058.5134479826995,1016.9535675778433,6.547977445109649,0.4
1044,13.01187006158166,1055.5309144909163,1015.9714481350517,6.565592854912592,0.4
1045,13.011220439724223,1060.482319878695,1014.6308709742557,6.583833840522355,0.4
1046,13.066236609356084,1057.7135155759147,1013.5236017168813,6.592202311287143,0.4
1047,13.038308371626776,1059.470981406745,1012.3496982323389,6.602675397069616,0.4
1048,13.0,1056.41220060602,1011.2831076227678,6.6120814492552356,0.4
1049,13.0,1058.603866219204,1009.9404389659863,6.621451311251011,0.4
1050,13.0,1057.2206407841131,1008.6156450096263,6.628088879658619,0.4
1051,13.067744140842885,1058.4562401238265,1007.2693491294726,6.6289297476639994,0.4
1052,13.209641207564323,1061.0729274451485,1006.0495174591429,6.620001646750855,0.4
1053,13.457257261410417,1059.6414021640217,1005.4755611309452,6.591363186969242,0.4
1054,13.23188419036028,1062.6205293860721,1004.3098043926318,6.588549357494407,0.4
1055,13.239790324285732,1062.7688837762391,1003.528513992552,6.585708083979621,0.4
1056,13.29422402373927,1061.92316697075,1002.4261310071805,6.5782905558732025,0.4
1057,13.122632475485855,1063.137162393986,1001.036108907809,6.587148424689175,0.4
1058,13.0,1060.979871333491,999.6577525780024,6.602802490973243,0.4
1059,13.090983014286882,1061.1627170734962,998.3831509731114,6.608341924778098,0.4
1060,13.0,1062.56797641981,996.8444726371716,6.621381768491417,0.4
1061,13.030205330485071,1060.2880447412538,995.477215884601,6.627882432380109,0.4
1062,13.0,1063.9615287039908,993.9267522003994,6.6384585102519065,0.4
1063,13.032563025197893,1063.5663207454265,992.6057073209035,6.644171066470934,0.4
1064,13.154751663125946,1062.1731913646104,991.8567602885959,6.637816901267159,0.4
1065,13.191619661928739,1063.5866071071812,991.6254567229593,6.630662175239283,0.4
1066,13.338368789488706,1062.5545073658516,991.2712537716308,6.612022693787778,0.4
1067,13.260567871292718,1060.4806244864924,990.9482812378745,6.601528354575725,0.4
1068,13.288835809220332,1060.961776215597,990.7928371072694,6.5909766912416,0.4
1069,13.264074852642487,1063.2760944984122,990.193379734796,6.586097417300968,0.4
1070,13.230689275546313,1063.4199519961785,989.3245177236245,6.584933438298259,0.4
1071,13.130083177098685,1063.282153467705,988.4985857234221,6.592096330193653,0.4
1072,13.0,1063.4240743051648,987.2759612759148,6.608707590933499,0.4
1073,13.0,1060.2649447226675,986.2496755151493,6.619940522775806,0.4
1074,13.026949859025263,1064.5155700155299,985.0355047995379,6.630162657128357,0.4
1075,13.109189031003579,1069.617189907679,983.8213549496384,6.635681046801846,0.4
1076,13.210992355555723,1068.7266325916407,983.0807475076506,6.63121349732078,0.4
1077,13.09379545083735,1072.0868890521756,982.0973030405173,6.639667791684055,0.4
1078,13.176794889097138,1072.9126121226245,981.5162184456215,6.640441845608612,0.4
1079,13.163278089794444,1070.4672769750605,980.8854090518263,6.640332489294205,0.4
1080,13.078496934689507,1072.746779020139,980.0816197676329,6.648894436657646,0.4
1081,13.152852405321699,1071.0097071023442,979.4430460672222,6.648525678065753,0.4
1082,13.176957874392865,1073.6358863044468,978.690457092208,6.6482387885646945,0.4
1083,13.25344604435663,1072.0024394945376,977.9704028228472,6.6405180401360955,0.4
1084,13.30116505628708,1070.5347684850956,977.1817655398166,6.629177869486551,0.4
1085,13.421115481537937,1072.4408301905435,976.5593448495207,6.611517563451742,0.4
1086,13.307658841317139,1075.0031757180398,975.7561157024796,6.60824492236083,0.4
1087,13.512093669233405,1076.3697718241056,975.4232093757001,6.589888089185151,0.4
1088,13.668523233130424,1079.766696605053,975.4512703382005,6.564620137153826,0.4
1089,13.690629954827493,1076.872148708299,975.4631483293772,6.539905576981108,0.4
1090,13.492012976780062,1074.9378325302469,975.4657431693856,6.5344082740549085,0.4
1091,13.525253105559038,1073.14399910379,975.5844671607146,6.525827964261206,0.4
1092,13.550893152952186,1071.3292581241762,975.6703376090467,6.515324861376813,0.4
1093,13.393341314342791,1069.5406792628648,975.7465621628535,6.518235287643619,0.4
1094,13.504007925755056,1071.8622426635438,975.9435017192976,6.513333263628703,0.4
1095,13.459235449661877,1074.6736565721662,976.1051174165398,6.5150978395977255,0.4
1096,13.364716495478168,1073.3487073412496,976.2482110190679,6.523267219209643,0.4
1097,13.363352326783836,1072.6399024721063,976.6280713999781,6.529541733876044,0.4
1098,13.33186345516847,1073.2420861250973,976.6794535211326,6.537715357332562,0.4
1099,13.44985857692492,1071.527683113889,977.3801988596483,6.533479078540497,0.4
1100,13.660260010737991,1072.1122894776122,978.6961932963342,6.513253287170773,0.4
1101,13.70670103618404,1070.7414909387196,980.1982881594879,6.491836653952746,0.4
1102,13.765444743967569,1068.7413650726833,981.4877297212772,6.46796238375917,0.4
1103,13.771441029194209,1067.9030087418028,982.9116108795849,6.447261668385571,0.4
1104,13.796444109614864,1066.3465367964122,984.5012856902325,6.427067137256529,0.4
1105,13.800255688352287,1066.0207445742096,985.7989984920787,6.409949840596307,0.4
1106,13.751221096355087,1065.6525147561272,987.2683456647651,6.399642382450466,0.4
1107,13.886243658515284,1069.348763762328,988.6825518164799,6.382950587239833,0.4
1108,13.912038314582105,1064.5319704562266,990.1418466155104,6.363513880133921,0.4
1109,13.885752333710771,1065.0541761302047,991.5502822915338,6.350118658153406,0.4
1110,13.997249358851283,1065.2398215221417,993.0427631079336,6.330163387151205,0.4
1111,13.961833266668366,1067.644177179574,994.6429239361893,6.318511960859607,0.4
1112,14.041587891987733,1068.7366592801038,996.7318778360114,6.303266159787398,0.4
1113,13.982404177738623,1066.8817060104534,998.8870746317571,6.294198751364769,0.4
1114,14.058202732892426,1066.2151348618943,1001.2616979663237,6.2800652907427335,0.4
1115,14.19339380407538,1067.0687896367913,1003.7763911679695,6.258073401705415,0.4
1116,14.208716586373564,1070.4905514508648,1006.2208428836005,6.241374726856846,0.4
1117,14.297213553838665,1068.781572393977,1008.8424234305038,6.2191578531327645,0.4
1118,14.214254704702931,1069.3404169624357,1011.2179411625511,6.2081419003241445,0.4
1119,14.164455905220109,1070.3466918105262,1013.7256438366096,6.203939120699969,0.4
1120,14.285551268660313,1069.1740705784148,1016.4415163118395,6.189710426656335,0.4
1121,14.062706759106877,1069.2139025746335,1018.7428818414311,6.196283863850404,0.4
1122,13.982128099684564,1069.1165965446694,1021.0605594158371,6.2081854070388784,0.4
1123,13.947930670882714,1067.1300740161946,1023.2214912327314,6.219237475303588,0.4
1124,13.972287513499017,1064.7428930226654,1025.5793574306667,6.224505021270938,0.4
1125,14.096909422547201,1063.385013247111,1027.9641397950393,6.217613749446428,0.4
1126,14.079981221660278,1065.2730261337636,1030.3520923108815,6.214773616869118,0.4
1127,14.076713690385569,1062.673086533518,1033.0589145429299,6.210746176473707,0.4
1128,14.095487112256164,1061.7640601450746,1035.7919570487556,6.205222287364543,0.4
1129,13.975846790916213,1061.5562568611967,1038.4712931416516,6.210312606072317,0.4
1130,14.033864241650942,1059.9807039276463,1041.0305689981597,6.208554363320885,0.4
1131,14.251387572769309,1057.9030533030607,1043.8061282205426,6.187765893773531,0.4
1132,14.392178051013904,1055.412209975519,1047.1100903224503,6.157330873306932,0.4
1133,14.324035231956339,1059.1537866779638,1049.7138710082672,6.140771419684753,0.4
1134,14.27262249494954,1060.8354665969441,1051.988939679869,6.132665466601511,0.4
1135,14.252610550979405,1059.6664839858688,1054.1703412543206,6.126770210280519,0.4
1136,14.275537614330059,1053.039129004504,1056.6569118629182,6.115052220114378,0.4
1137,14.232260936614532,1054.1132963432897,1059.2733713405598,6.109792108789177,0.4
1138,14.195941612266223,1053.2066615093108,1061.7793927668126,6.107761416753768,0.4
1139,14.085477550448331,1052.0319721594974,1064.1013214708455,6.114235307268032,0.4
1140,14.009659001946057,1049.9535440647978,1066.3437581986589,6.124168497633741,0.4
1141,13.992843406689913,1049.6443984969562,1068.2150859135384,6.133454170128667,0.4
1142,14.059855369771588,1045.1902224667997,1070.398164996151,6.132224846872673,0.4
1143,13.857442653158811,1045.6433965432852,1072.6620627423079,6.148100568606178,0.4
1144,13.948843975999095,1044.8561260322522,1075.2631026092884,6.153054167818802,0.4
1145,13.784719583390626,1049.6169354111794,1077.1636997209557,6.174127536427587,0.4
1146,13.920057700821857,1052.3735218030517,1078.9116624680248,6.182431847042566,0.4
1147,14.101504727132124,1057.087145496623,1080.6002627241405,6.177977030269114,0.4
1148,13.919077246063665,1058.9271363634064,1081.9445906164376,6.190623087363086,0.4
1149,14.009000205509635,1059.2633536687085,1083.2346444738723,6.193898530217027,0.4
1150,13.958452720793295,1058.7349816435992,1084.3423364522823,6.200315684557294,0.4
1151,13.930341805684446,1061.3249200583743,1085.0051061019121,6.209832968540579,0.4
1152,13.856228996766264,1059.3158175251187,1085.4286596407721,6.222174758636525,0.4
1153,13.95557390756934,1062.3357425424133,1085.7825551083204,6.2264596237174485,0.4
1154,13.901805910586498,1062.7481441174782,1086.148352821809,6.234678909387992,0.4
1155,13.71695367194383,1062.8978015496202,1085.7529079237631,6.256637989598416,0.4
1156,13.947373248787986,1058.0015290232532,1086.0634001985734,6.252112965521326,0.4
1157,13.985984680696808,1058.8414623533492,1086.0582247080843,6.2458821091600765,0.4
1158,14.093828040762663,1058.2660402890021,1086.537466662842,6.231524828478624,0.4
1159,14.07626083344884,1058.3657260831035,1087.4021208263848,6.221262812961858,0.4
1160,14.09589761632745,1058.288417650119,1087.9242098514076,6.211184797165934,0.4
1161,14.174797494879009,1054.9681771467904,1088.9050903782254,6.193963024317527,0.4
1162,14.201874592180129,1054.8596818392746,1089.8514183352813,6.177546407737903,0.4
1163,14.03353738581168,1057.8194506349573,1090.404207261433,6.180078883856578,0.4
1164,13.99513704772215,1056.6885241701127,1090.7668772347633,6.184438609495145,0.4
1165,13.899658842601708,1058.0037080736809,1091.109451445669,6.19681034247231,0.4
1166,13.791160538750667,1056.5585964666354,1091.180152234463,6.214729140529366,0.4
1167,13.611726713574681,1055.7385915316675,1090.5516905021477,6.243465963398697,0.4
1168,13.634119201663816,1054.0747617740617,1090.4339538444106,6.263942388728156,0.4
1169,13.641385673214852,1052.0065426691149,1090.436501819198,6.278575667799821,0.4
1170,13.788297758470922,1053.849236966381,1090.7645779267054,6.279962377920193,0.4
1171,13.673806086186554,1055.1608086828564,1090.8003342967745,6.2914472878956325,0.4
1172,13.870798499594695,1054.533397396273,1091.1753117479557,6.284292371119123,0.4
1173,13.853669906416476,1052.5339754183283,1091.787123898243,6.2783135249815825,0.4
1174,13.94529360956362,1053.4296919041494,1092.5547181917907,6.266600543790895,0.4
1175,13.87088059426813,1053.1637677949684,1092.8882183189228,6.262875892197939,0.4
1176,13.987732622301964,1054.0312473067638,1093.2792511354185,6.250928344671706,0.4
1177,14.089488877364687,1058.129334330044,1093.4694664414776,6.23591398832607,0.4
1178,14.050180643034592,1062.3395766993272,1093.2408089149785,6.229997428263282,0.4
1179,14.174783289406692,1063.255291694535,1092.8009047307596,6.215655601286644,0.4
1180,14.152892235512596,1062.5424577640879,1092.471377996996,6.205145337638609,0.4
1181,14.139742135408827,1062.9918521020718,1092.1666109636149,6.197941289747217,0.4
1182,14.254062701447273,1062.949650685933,1092.3678241701562,6.182659789549012,0.4
1183,14.246711184797539,1061.1215027381616,1092.4409785765254,6.169347645478585,0.4
1184,14.267306363923483,1062.3400974929843,1092.9550862055262,6.1576699069373095,0.4
1185,14.196343493212074,1064.3938413276103,1093.2730549930995,6.155445877466977,0.4
1186,14.394029558613697,1064.5193114336485,1094.0504832907936,6.137562123436847,0.4
1187,14.409731273259483,1063.8311827029486,1094.7602898175992,6.121094075690879,0.4
1188,14.437493000655804,1062.2808504254588,1095.8605782899097,6.104149536974575,0.4
1189,14.460383890522511,1059.2509590974762,1097.3639527999756,6.086093773863343,0.4
1190,14.533837841955686,1061.5422643546333,1098.8061344469716,6.067017617975425,0.4
1191,14.699730097776696,1059.0205921755125,1100.8520179702512,6.035912070834224,0.4
1192,14.669705117990066,1060.1933316815941,1102.831505977472,6.0137457545932005,0.4
1193,14.676804156498658,1063.0896273181158,1104.7047068609013,5.997178841349849,0.4
1194,14.718702626269124,1064.193502224854,1106.8451870808287,5.981004558970153,0.4
1195,14.747068558727337,1065.7559060005326,1108.9430373362982,5.96660476067273,0.4
1196,14.728541059207371,1063.7951320659627,1111.1382658208747,5.95482864823508,0.4
1197,14.647095710186015,1063.0245700030928,1113.0895504919497,5.951245405038702,0.4
1198,14.511107189835876,1064.078846165653,1115.204638016651,5.960217160279582,0.4
1199,14.57093126002697,1061.5766419087915,1117.433004236566,5.960793510142899,0.4
1200,14.56434332685445,1063.740476478415,1119.5504437511713,5.963440341864313,0.4
1201,14.498439371849281,1064.0769651182025,1121.5362879836316,5.971250800490575,0.4
1202,14.468379664366326,1064.0497324338603,1123.545084658219,5.980091267950253,0.4
1203,14.403228666023086,1065.0573577440184,1125.6759352820795,5.993426355586278,0.4
1204,14.379812793203236,1065.209517224951,1127.577178983308,6.006389705142243,0.4
1205,14.487950330700137,1064.7450569527493,1129.5522499322333,6.007831520248102,0.4
1206,14.566404543017214,1063.8614074698721,1131.6940569637661,6.0019344913953,0.4
1207,14.605053206458328,1065.0440849200777,1133.8569560196606,5.99483466311195,0.4
1208,14.583150073347873,1062.8464293683605,1136.0056648386062,5.989141300360291,0.4
1209,14.463251680385039,1063.2582737054872,1137.7535553823486,5.994582193895722,0.4
1210,14.409271310213958,1066.3077212443895,1138.9196772933078,6.0057603847845655,0.4
1211,14.402408096334982,1063.681803144016,1140.2357845564395,6.013502169067725,0.4
1212,14.375111036369802,1062.9779305956226,1141.4552462792906,6.021549020273685,0.4
1213,14.265753671048113,1063.4184250651792,1142.2817638441409,6.037417135975645,0.4
1214,14.301740522631146,1061.492734104361,1143.0900297170795,6.046032322973509,0.4
1215,14.544553154823827,1062.3276596491266,1143.9944133089316,6.033885331720814,0.4
1216,14.600607375108266,1063.3544731475038,1144.8992110843694,6.0201203190167325,0.4
1217,14.492054742767076,1061.2725087349331,1146.0138529939627,6.016129964618405,0.4
1218,14.463588093287292,1063.8948329251969,1147.1285903530736,6.017166645695103,0.4
1219,14.5377407360565,1063.5249780675906,1148.4046639251862,6.011677359938546,0.4
1220,14.479139967395485,1063.5324373323904,1149.5360508427461,6.011970639637336,0.4
1221,14.424719929533428,1064.7610825428392,1150.2412036273336,6.01758719026353,0.4
1222,14.481130456356782,1067.7110814901139,1150.7337626139727,6.019813092729144,0.4
1223,14.388998440538805,1071.0234590496982,1150.9094682839357,6.031671518518639,0.4
1224,14.331070277871103,1067.2704476524489,1151.0538662664137,6.043292040502909,0.4
1225,14.286150675116344,1067.7792820833413,1150.8223547717107,6.056876377296883,0.4
1226,14.140487568787185,1068.4452854837753,1150.3695419755554,6.080422621087889,0.4
1227,14.290985235240349,1069.8810405073098,1150.5216224418868,6.088517302491754,0.4
1228,14.421917396569432,1069.1933268804066,1150.9786863912932,6.083935253517171,0.4
1229,14.338921970514269,1069.4794572463138,1151.0741361675107,6.087176674131867,0.4
1230,14.37021153822086,1073.0902288972443,1150.9778517812417,6.090007398931039,0.4
1231,14.425145575721142,1073.3642578076824,1151.1001629163088,6.088046549578128,0.4
1232,14.279797289359948,1072.3224225657527,1150.9322296218065,6.09752888762728,0.4
1233,14.30287350898962,1074.205882993891,1150.5663362249593,6.104842512243119,0.4
1234,14.426848337719495,1074.715439336971,1150.46424450371,6.10109368601967,0.4
1235,14.356224094800158,1075.0448651017189,1150.0652334885137,6.10404010752596,0.4
1236,14.404201517842491,1074.491222220525,1149.638355491588,6.102116904131916,0.4
1237,14.383924740685073,1070.7791111850597,1149.271200989919,6.099390539635292,0.4
1238,14.471756380492062,1072.297971765063,1148.6703972657567,6.091125577741516,0.4
1239,14.536921851812453,1076.4114937554184,1148.356668612739,6.0821328092970255,0.4
1240,14.518068620062522,1071.392050500852,1148.562921872191,6.0725047261706955,0.4
1241,14.516042953270677,1071.9547125077809,1148.5952381885772,6.065200607974573,0.4
1242,14.152188609941234,1068.5030152168522,1148.3422214196876,6.086335924838692,0.4
1243,14.186812046995998,1067.7074129237526,1148.2207240860482,6.100235982057572,0.4
1244,14.044875964969568,1064.0254254393249,1147.6876033420824,6.120449463062025,0.4
1245,14.012361415603504,1064.4538740525784,1147.072498011309,6.1400055136114915,0.4
1246,13.945005880729074,1062.8530970088682,1146.6304526093263,6.160335581926947,0.4
1247,14.008105452221429,1062.6157734802132,1146.0897427733244,6.171670324375603,0.4
1248,13.969386620169539,1062.5770787770373,1145.565898520932,6.184099662943179,0.4
1249,13.820070031330511,1062.0970989540758,1144.7505560612976,6.206131007462359,0.4
1250,13.779562612780472,1061.8151151991221,1144.010339851874,6.22729379649325,0.4
1251,13.755552466272954,1063.1405625014518,1143.2507971505033,6.247611430831737,0.4
1252,13.758871748143575,1062.4441196886814,1142.4442823363656,6.263474128508375,0.4
1253,13.91992889682747,1061.337797813201,1141.9198023430697,6.262483571074906,0.4
1254,14.013947119888112,1061.2685179857062,1140.806195522653,6.253935769241361,0.4
1255,14.011940381722201,1064.4477500658586,1139.683806643786,6.249494061833366,0.4
1256,14.071182956143174,1065.0397627993268,1138.37879512024,6.241458120203632,0.4
1257,13.943299899840158,1063.7930118481227,1136.9369058754771,6.244376707709221,0.4
1258,13.980711884967311,1062.7122798828689,1135.496527248589,6.242895608673481,0.4
1259,14.041173344369119,1061.18235844186,1134.3981520914233,6.2355835763924565,0.4
1260,14.032689477220513,1062.2346258141304,1133.2195773793576,6.231076525678836,0.4
1261,14.005301978727102,1059.723956242134,1131.8518768551712,6.22772078427412,0.4
1262,14.138952571431448,1056.725498431249,1130.7762363721918,6.211780315781424,0.4
1263,14.16603753352732,1055.539235114386,1129.8282132670806,6.195598933447391,0.4
1264,14.191549463943613,1052.4845479383625,1129.1398643797731,6.177936021474791,0.4
1265,14.221586498187241,1052.5338473058512,1128.9185633677541,6.16103507754069,0.4
1266,14.273490542734985,1051.7611870300836,1129.0692481487404,6.142350573825806,0.4
1267,14.247960327376529,1051.1638155863457,1129.2726268339384,6.128663997167228,0.4
1268,14.254291234864752,1053.6380597972163,1129.5516871282816,6.118794171170675,0.4
1269,14.381250934067365,1050.8356008488006,1129.8686206899536,6.098207108269662,0.4
1270,14.379182578028523,1051.5409727134343,1130.3044006145708,6.082028003875988,0.4
1271,14.346490979428838,1052.1958712525418,1130.8510954634778,6.071927799006307,0.4
1272,14.41523060024377,1052.7298846445901,1131.4686185691446,6.05843194332456,0.4
1273,14.379032743962982,1051.608089990183,1132.061790270055,6.049475353722063,0.4
1274,14.384322079765582,1050.8144497925487,1133.0023113368484,6.041098713736815,0.4
1275,14.384516682128556,1050.390723516776,1134.0242111354887,6.0338936289793255,0.4
1276,14.444377225425017,1051.00000730789,1135.1503889375267,6.023554274426079,0.4
1277,14.242126480963258,1048.7250253321986,1136.1779326289125,6.02988404815621,0.4
1278,14.39901332416871,1049.8739778844244,1137.4202386027573,6.02312227791765,0.4
1279,14.308282597516532,1054.895407456692,1138.2611993349503,6.028788342060681,0.4
1280,14.34631661195322,1055.412947171777,1139.0960524511515,6.030717635022804,0.4
1281,14.265986247341525,1054.8672059847304,1140.083191125249,6.038451672310406,0.4
1282,14.312688992075609,1054.3347119399164,1141.0913895187346,6.040574469088691,0.4
1283,14.347471561533716,1052.5634646658507,1142.1119409943979,6.038133667931574,0.4
1284,14.416922670047736,1053.3388609929107,1143.3189640674652,6.031042866018231,0.4
1285,14.37880352399636,1052.9040397684796,1144.4069114687345,6.028014780218937,0.4
1286,14.330498623072103,1052.9051471156706,1145.4194177727836,6.029480063521523,0.4
1287,14.207181687377377,1053.784829596141,1146.1831525104167,6.041424095769852,0.4
1288,14.178968000427867,1054.5844398075096,1146.9265812624008,6.054128330030791,0.4
1289,14.238722647081616,1056.47349900888,1147.1631767288723,6.061090781156452,0.4
1290,14.14665505720242,1060.546201696484,1147.385016293187,6.07740271775625,0.4
1291,14.190366696505793,1056.4574391763879,1147.5877723018816,6.084115286139021,0.4
1292,14.329876958478172,1055.3274673048363,1148.0844982945414,6.077364554869616,0.4
1293,14.307841912562445,1053.3145592816077,1148.476273234844,6.072107900715378,0.4
1294,14.425050089537436,1054.7588301130886,1149.0720348539176,6.059311060835105,0.4
1295,14.425170263411504,1053.496404574856,1149.8302503955238,6.047853437817389,0.4
1296,14.356542539267943,1055.9454602573219,1150.5653223354523,6.045917930655818,0.4
1297,14.705346436129837,1059.8804715444214,1151.4843404390258,6.0188014288648235,0.4
1298,14.705687746785781,1059.2787281026856,1152.4084465946992,5.9960830874474516,0.4
1299,14.719745828278162,1059.474105330654,1153.1383765420064,5.976452926249993,0.4
1300,14.66676630254922,1057.733600056149,1153.8755788849007,5.96336985892312,0.4
1301,14.54172208409281,1054.8412166346761,1154.742859023203,5.960673715380709,0.4
1302,14.61274861021407,1052.570366584265,1155.5745866134248,5.950941827323192,0.4
1303,14.627682751207493,1054.7262785171547,1156.4481211744296,5.9433711305353105,0.4
1304,14.56545786481982,1054.050192059946,1157.586004945324,5.941737055523198,0.4
1305,14.457636639440532,1056.8652904498288,1158.386300587454,5.951336478934013,0.4
1306,14.092535609620063,1058.112234934033,1158.787813989936,5.989986752317868,0.4
1307,14.051193692734719,1058.8365134233895,1158.9164346655443,6.025605992478453,0.4
1308,14.116429966848857,1057.6626376813906,1158.902420610072,6.048595211028574,0.4
1309,14.110894970299588,1059.4918186590453,1159.4504048122228,6.069281550976786,0.4
1310,14.18526981683367,1059.91386339295,1159.992839615525,6.080485503094387,0.4
1311,14.22053770920337,1061.522623350623,1160.4833665589874,6.0880068741943685,0.4
1312,14.346106509130923,1061.7340336435884,1160.9887527134258,6.084072742347756,0.4
1313,14.251958078644225,1062.1714616465006,1161.0700214787187,6.088871259543108,0.4
1314,14.433903920166768,1065.049621350123,1161.4149429485901,6.080113318210013,0.4
1315,14.337867582168796,1065.3405058868605,1161.6668855268706,6.080999804567843,0.4
1316,14.275900829782744,1062.679647483009,1161.8022102062946,6.08477903743294,0.4
1317,14.126394104463335,1059.4476147115647,1161.610274994263,6.09765228120021,0.4
1318,14.194999506407822,1059.2369458005187,1160.7041697797656,6.102442641945717,0.4
1319,14.160893378309602,1057.7411667637173,1159.7372058257897,6.108027081593398,0.4
1320,14.367930006119902,1058.3856225057953,1159.1791465152658,6.096174497420849,0.4
1321,14.1587546095925,1060.6412955514784,1158.2797715006752,6.105254480626114,0.4
1322,14.197019396066297,1062.1777523711698,1157.5203178275835,6.11073462985948,0.4
1323,14.266901670605867,1063.9010350411872,1156.8639269670725,6.110820374454,0.4
1324,14.302272654586211,1063.0304171336888,1156.5861027518993,6.1073419810725635,0.4
1325,14.39316691949845,1061.4438002334416,1156.3243030275407,6.09586233679457,0.4
1326,14.4913854485328,1060.6683911718992,1156.6733942163885,6.077836401043403,0.4
1327,14.481554254418063,1061.9628992254372,1156.8081245228389,6.064837186998977,0.4
1328,14.41196123427261,1059.9669483127702,1156.8499558333103,6.058356034198858,0.4
1329,14.468515149512777,1058.2517702403784,1156.741023921435,6.047123228326606,0.4
1330,14.37108162093395,1059.5139015299683,1156.6457253789288,6.046828766721751,0.4
1331,14.44790873736878,1062.1657562137887,1156.4700430160171,6.042313798391683,0.4
1332,14.357701129727724,1060.6252491125997,1156.7100967663869,6.044818666688956,0.4
1333,14.460478897697099,1058.4548114808758,1156.7119356660835,6.036832808644679,0.4
1334,14.345091804981772,1061.7921267756294,1156.5282559746386,6.042236848627902,0.4
1335,14.204543893754119,1060.8941375332595,1156.3165331136947,6.057474856852437,0.4
1336,14.233553218011663,1064.2072167892356,1156.0208600260373,6.0701040695357475,0.4
1337,14.256161455212357,1067.713380190407,1155.755218458324,6.0812631383233064,0.4
1338,14.251443090373007,1064.8271578246608,1155.786415564565,6.088617175395273,0.4
1339,14.384040592703634,1063.7481940764935,1156.0053803744345,6.082995921310212,0.4
1340,14.372511991099193,1062.2909750698807,1156.1379204057166,6.078226952714577,0.4
1341,14.188571177349045,1063.7174844505423,1156.0758072721464,6.090426482857599,0.4
1342,14.308520360630054,1062.554879474808,1155.9868003616743,6.089748920955498,0.4
1343,14.252286344866693,1063.1538780054232,1155.9600154004252,6.094241606853102,0.4
1344,14.361565118997706,1061.5361100135865,1155.9501014110417,6.0877723152653225,0.4
1345,14.337341433204434,1060.9261158295526,1156.1801719511884,6.083985900163239,0.4
1346,14.3580707987844,1059.390377976068,1156.2657745784174,6.078026018207102,0.4
1347,14.496729374519676,1056.768462674991,1156.364633727931,6.059825568226369,0.4
1348,14.441507523242224,1060.6706028147705,1156.3584773527327,6.052363946874235,0.4
1349,14.450881165209127,1061.1320417337004,1156.4245642808269,6.04582825116666,0.4
1350,14.664836250894412,1061.3660861540563,1156.769634470934,6.023161508666036,0.4
1351,14.543120940970095,1061.709731459388,1157.3191571482948,6.014781150793371,0.4
1352,14.58924928252507,1061.919373124335,1157.91256266678,6.004298138364613,0.4
1353,14.520400784983261,1060.4607674478732,1158.1021813364407,6.0002256615007425,0.4
1354,14.417063472673703,1056.6111742266396,1158.5928329981411,6.002420663159054,0.4
1355,14.600455450332719,1057.3553701105243,1159.1419146039702,5.989796384192791,0.4
1356,14.562100388734905,1059.7052523929215,1159.8191972211023,5.984355362079721,0.4
1357,14.597402140793655,1057.279333560682,1160.5931060897917,5.975174870131589,0.4
1358,14.66659340357865,1060.907497996487,1161.3624229960571,5.9647354490527995,0.4
1359,14.700780676889813,1061.959964708978,1162.4570360554198,5.954177004627847,0.4
1360,14.756229170432974,1064.6082953519715,1163.4003112743444,5.942989967273142,0.4
1361,14.754546104792636,1064.8070906729424,1164.3738797724668,5.934104426029067,0.4
1362,14.7463049818483,1065.7145991055654,1165.7803680106892,5.928177823150999,0.4
1363,14.770667392566912,1066.7540971501098,1166.8874580433844,5.922112973108734,0.4
1364,14.602283968962226,1069.6936822104158,1167.739137345947,5.933122415756643,0.4
1365,14.366289041984071,1069.0881363124226,1168.0502458517885,5.960977871461701,0.4
1366,14.35490699774678,1070.3161970749356,1167.933550798615,5.985677899731379,0.4
1367,14.34751903323421,1070.9636804377217,1168.0721079315367,6.007025164794749,0.4
1368,14.388942266108838,1073.3545551941008,1167.9871968876382,6.02295231687202,0.4
1369,14.247423544275938,1071.8761589625153,1167.7652342177155,6.046459823972488,0.4
1370,14.220680865243063,1072.3717110421974,1167.5371166069997,6.068296028897678,0.4
1371,14.13848346995645,1070.7061999277664,1167.24689024555,6.091659761676646,0.4
1372,14.335275944477644,1068.8762583252428,1167.3794567195216,6.09335270568602,0.4
1373,14.32363210506876,1065.6040709710655,1167.627503695592,6.093218680690443,0.4
1374,14.356521448240226,1065.2426933391864,1167.9147575456743,6.090147861580396,0.4
1375,14.42315607051309,1063.0923222085205,1168.4479775703726,6.080558728003236,0.4
1376,14.373341725275836,1062.3843226189556,1168.602285366243,6.076231219073043,0.4
1377,14.455449428491189,1060.9907402958538,1168.4337960561563,6.064919272007261,0.4
1378,14.433349866014394,1061.2710615063927,1168.2500362470184,6.05766137449409,0.4
1379,14.596474379153767,1059.1881057354299,1168.3879833495505,6.036804648756693,0.4
1380,14.620465574780736,1054.3040308061468,1168.9341305541159,6.014049212498853,0.4
1381,14.73235254524399,1056.1894999561312,1169.3039357582961,5.987671766218556,0.4
1382,14.767528084706072,1058.11610507525,1169.6785601179213,5.964624228653925,0.4
1383,14.60469183620947,1057.3668474297233,1169.7945258978316,5.958465787298051,0.4
1384,14.590601618089014,1052.8806602899194,1170.5392808968122,5.951175760533347,0.4
1385,14.794311708026044,1052.616966463328,1171.519485266994,5.928351397503732,0.4
1386,14.752637061400454,1054.3400832467223,1172.526332429056,5.914343748229937,0.4
1387,14.841162549411047,1055.5090833251293,1173.7683968622305,5.896506937004475,0.4
1388,14.821405191685269,1051.577014292517,1175.0800618442563,5.880522678884293,0.4
1389,14.892650457570475,1052.2747666033263,1176.660495609964,5.862120924844575,0.4
1390,14.735979078081105,1051.862641546193,1178.0657593153583,5.859523105120686,0.4
1391,14.812178069960598,1051.4511339912847,1179.910871996811,5.850854811619193,0.4
1392,14.691159298475704,1050.0051081197341,1181.709458694744,5.852543269394823,0.4
1393,14.605657976772072,1049.672439912652,1183.6009140744914,5.8606634756159055,0.4
1394,14.794072797838604,1047.6922648285108,1185.7837707492897,5.850427773176026,0.4
1395,14.8356234013066,1047.5231885826754,1187.637114093541,5.838511160218069,0.4
1396,14.75702197906425,1046.723555585439,1189.401747247522,5.834558323272278,0.4
1397,14.772953286949111,1046.6158130837796,1191.6107751454717,5.829933637165124,0.4
1398,14.750810198546658,1048.4034623106777,1193.5801020405338,5.829302390557041,0.4
1399,14.72088626079726,1048.4397140576245,1195.6521441832645,5.831257558851986,0.4
1400,14.661191265094974,1050.4069534038726,1197.4487519100421,5.8392263048483946,0.4
1401,14.602947677407547,1047.7835977057264,1199.3480370571656,5.848537085643468,0.4
1402,14.469998302314476,1051.0888943262003,1200.4749815116045,5.869535353073112,0.4
1403,14.524999313145523,1051.935852194907,1201.6735389102103,5.882899549909049,0.4
1404,14.413194199335068,1048.6492954610274,1202.49754592149,5.900510268324295,0.4
1405,14.494444281367652,1051.4174004381948,1203.0126577337792,5.910403988083832,0.4
1406,14.418059556660408,1051.1871589355203,1203.7890906650541,5.924584935413707,0.4
1407,14.35696806053024,1051.4587312845065,1204.4701679996176,5.941411017983795,0.4
1408,14.43429696401842,1050.5635840163018,1205.0282508816026,5.948212356363451,0.4
1409,14.352405894484928,1049.8808350064667,1205.4910307922803,5.95996543378561,0.4
1410,14.259906651750686,1045.681292299332,1205.8973468288539,5.9739871411014285,0.4
1411,14.281165971072232,1041.5148543830016,1206.379757732412,5.980597802460697,0.4
1412,14.24290962345813,1041.7325674164156,1206.6254029272247,5.989309444555584,0.4
1413,14.010849607032283,1037.6480832364357,1206.5520735713046,6.012329065575646,0.4
1414,14.218697628881547,1037.4010987342979,1206.3979595071787,6.014033094182959,0.4
1415,14.144937091250076,1039.6735407602564,1206.1587443044432,6.023176074947823,0.4
1416,14.134285073083147,1040.1531512325867,1205.6090430416227,6.031906387616695,0.4
1417,14.053630128062338,1037.7286440769626,1205.2118325283093,6.04382343870262,0.4
1418,14.195902983083336,1043.3787629244453,1204.5573524188621,6.046240372729459,0.4
1419,14.213601695139817,1043.2790897698364,1203.8094791551487,6.046700566977327,0.4
1420,14.068842945554847,1041.9129339370725,1203.1089818117691,6.057874797467092,0.4
1421,14.093872919548133,1043.444831171896,1202.1743415634764,6.066150331303495,0.4
1422,14.208420118984876,1044.1051005647737,1201.1653518353976,6.064074635572391,0.4
1423,14.379216729889391,1045.668177162413,1200.3989012805926,6.0495967519375835,0.4
1424,14.39427671766978,1047.6011274942953,1199.5680147990317,6.037955495606531,0.4
1425,14.352622796417858,1042.409072446358,1198.4757408224095,6.027888430243535,0.4
1426,14.231115595638418,1041.4320845033199,1197.798825771204,6.028824402208636,0.4
1427,14.21014811349925,1043.0578578361506,1196.8785098351966,6.032534446500053,0.4
1428,14.185923770543686,1043.8499774734428,1195.8805330282555,6.0381551385711365,0.4
1429,14.153206943429412,1046.4944527691007,1194.5525011242523,6.04743694850472,0.4
1430,14.185507089923513,1048.9010215791934,1193.4744452023294,6.054227830699191,0.4
1431,14.033706403350713,1046.3491364924562,1192.3382745831348,6.070272281079814,0.4
1432,14.037969048902918,1046.079337734887,1190.881096917343,6.082876419136675,0.4
1433,14.008579454714072,1045.4072147913278,1189.4619636049583,6.095105405035084,0.4
1434,13.980376190482843,1046.9379615395183,1188.1738224363332,6.108595188766387,0.4
1435,13.984073300659965,1050.2235223563318,1187.0930347832527,6.121838567559892,0.4
1436,14.031390792781334,1052.2482032505582,1186.0057483806147,6.130362011470442,0.4
1437,13.93958565679868,1050.856320166976,1184.7557355701988,6.143801287578408,0.4
1438,13.897158692162806,1053.064599500132,1183.0685839017276,6.15995808471285,0.4
1439,13.921553788749222,1054.1619145800912,1181.3176616287155,6.172042661270499,0.4
1440,13.885149774863851,1055.6054481575347,1179.4027864029154,6.186018261447032,0.4
1441,13.840252689830436,1056.6081176514633,1177.311360968568,6.201905261518129,0.4
1442,13.800708619234813,1054.4481441662358,1175.3352609984458,6.216531203070671,0.4
1443,14.020838034178729,1057.6449823443138,1173.2435284126275,6.212952309017166,0.4
1444,14.011210469068066,1060.3221163116489,1171.103707035333,6.21282829379344,0.4
1445,14.023202227943127,1059.9633184991792,1169.0050570423903,6.211475383628488,0.4
1446,13.83890862131385,1059.533617020571,1166.6542828516851,6.225101616509144,0.4
1447,13.966051988316881,1061.831111567762,1164.4311580492385,6.22762187739747,0.4
1448,13.780173206168142,1062.5699646177889,1162.0400725294212,6.245437078308913,0.4
1449,13.704709280098932,1058.83820919335,1159.5260164218166,6.2633912479937965,0.4
1450,13.563786654982252,1057.0884214233802,1156.7926311496387,6.288307024505839,0.4
1451,13.561599535037157,1059.4728099416714,1153.9986264276524,6.310719290407454,0.4
1452,13.651549535466954,1060.8896166191578,1151.2316208054451,6.322817740259836,0.4
1453,13.750287910512286,1062.0163792409014,1148.5305239721356,6.325521401672123,0.4
1454,13.702541509722737,1064.505506054692,1145.6337016060554,6.333522019773946,0.4
1455,13.500073531403961,1066.4499025450493,1142.8166954772612,6.358098173552362,0.4
1456,13.324358776262185,1063.9306090858126,1139.8013816313921,6.390705443585666,0.4
1457,13.50218710066115,1062.353551485243,1137.2002798816584,6.40171901879706,0.4
1458,13.423076680870576,1062.5551653884438,1134.1329910622503,6.417367474086509,0.4
1459,13.49722637328752,1063.4915148133803,1131.4572365763768,6.424847574724797,0.4
1460,13.376756885180862,1061.942907197602,1128.3379730585852,6.4396552764587405,0.4
1461,13.373556994231318,1062.0539983454105,1125.1153917615113,6.452143071876714,0.4
1462,13.508104890511726,1062.7582299567466,1121.874145555724,6.451920209133587,0.4
1463,13.570834831602786,1062.6283413104084,1118.8416802807185,6.44651297508163,0.4
1464,13.682386020500225,1063.7029638915094,1116.2332362535567,6.433775494673639,0.4
1465,13.669909392739948,1065.1642851948475,1113.858804322779,6.42545510966498,0.4
1466,13.551283178411154,1066.9717270657866,1111.2107837722326,6.429692954247258,0.4
1467,13.505975737212573,1066.500242081109,1108.175582402362,6.436514068251059,0.4
1468,13.69203312720097,1069.266121676011,1105.0413063838917,6.428993776798069,0.4
1469,13.646498307649,1070.2541218101555,1102.2708721287156,6.427295171361817,0.4
1470,13.548802340076461,1070.7646515380607,1099.2520559024535,6.4342719898484155,0.4
1471,13.432550005903945,1072.7731231180785,1096.1698681331045,6.451011526270498,0.4
1472,13.498480699330031,1071.7375290941382,1093.06126410179,6.4585671807877265,0.4
1473,13.573384393739873,1071.3637028789728,1090.1668367313582,6.458359074966016,0.4
1474,13.466717125135297,1070.7792416969828,1087.483251638216,6.466463424728996,0.4
1475,13.466030692337288,1069.6363130371592,1085.039614906618,6.472301032756066,0.4
1476,13.362018169130275,1071.1644003326505,1082.6294841583506,6.486743008730132,0.4
1477,13.46917460780724,1068.7867355720005,1080.527550513451,6.488031090301132,0.4
1478,13.61216473832899,1070.0838244830159,1078.4323373536943,6.478382762939844,0.4
1479,13.62809755101418,1068.6778634393008,1076.4286475918618,6.468106198501904,0.4
1480,13.633872234747912,1067.8892318942153,1074.9352071651765,6.458611303059989,0.4
1481,13.555650500922852,1067.9923570108003,1073.2921961784032,6.45729573147394,0.4
1482,13.505873211326577,1070.1038728068136,1071.3326749369953,6.461881068820974,0.4
1483,13.558382638691228,1066.8453513167294,1069.4241898056025,6.458886532794799,0.4
1484,13.574119387522792,1068.0335788694897,1067.689911134704,6.456043306168707,0.4
1485,13.640240617762721,1069.9033118271345,1066.1937069379214,6.449721951516083,0.4
1486,13.581046676512214,1066.8165309434119,1064.5901898065224,6.4470421632318295,0.4
1487,13.609352597735741,1066.7171100647108,1063.0942710175134,6.442456414772057,0.4
1488,13.608301985311913,1069.2841205006234,1061.3354536828626,6.440722616971868,0.4
1489,13.458138666840856,1067.1157388923493,1059.7012406913268,6.449932952665313,0.4
1490,13.459062728846414,1066.0910534364268,1058.4260802418146,6.456635251382166,0.4
1491,13.348634749778977,1068.0365649683831,1056.9272507285957,6.472626117497535,0.4
1492,13.385875651567206,1066.8319929983616,1055.5637300477642,6.481784644808668,0.4
1493,13.264707268430904,1070.769747612472,1053.6747897435612,6.502173459961963,0.4
1494,13.212833704288023,1070.7940038408462,1051.602834012643,6.523149733758072,0.4
1495,13.24416992677168,1070.3585582477465,1049.7218049192154,6.537460285301134,0.4
1496,13.235231978844045,1069.4969633367305,1047.9188814028764,6.549273980918363,0.4
1497,13.164963956645144,1070.5072815645851,1046.1006083670172,6.565467314678843,0.4
1498,13.170073683799686,1076.5311793966018,1043.9208742521196,6.582882348220372,0.4
1499,13.0,1074.7106397963785,1041.5936726667746,6.609684769226767,0.4
1500,13.0,1073.5445051440659,1039.3302473880863,6.630781156654863,0.4
1501,13.0,1074.5652096968333,1036.7596341494907,6.648851846987794,0.4
1502,13.255082304589262,1074.857314664233,1034.675857432004,6.643045318485116,0.4
1503,13.265272024013344,1073.2354014307448,1032.5499846464386,6.636225094837068,0.4
1504,13.235028644134891,1071.241380684721,1030.6169490338098,6.631596520765341,0.4
1505,13.167748481181123,1071.3922469098063,1028.4002261656783,6.633413279809272,0.4
1506,13.139980574704527,1074.798846300485,1025.9511252087514,6.639747604681915,0.4
1507,13.152371609234363,1074.7295981452635,1023.6516608857742,6.6438768041303575,0.4
1508,13.200632439157031,1074.941193107368,1021.4748285922255,6.643478838448151,0.4
1509,13.076272566262016,1073.9943147753172,1019.0592149600496,6.652599355382692,0.4
1510,13.002556861450717,1072.886944455616,1016.6294179102231,6.6652650547045,0.4
1511,13.0,1071.6824739143926,1013.9769260038639,6.674949295136971,0.4
1512,13.0,1070.7398724949196,1011.4308162002461,6.682177765618475,0.4
1513,13.004860273003278,1068.0413430222836,1009.0786275547599,6.685667841622168,0.4
1514,13.097648244153945,1063.5960219039775,1007.6370518890928,6.677586408177325,0.4
1515,13.149177501811987,1061.0404115368074,1006.4789614929346,6.664816620379157,0.4
1516,13.123120421309626,1062.2402000959014,1005.2317004297865,6.657381819153987,0.4
1517,13.28343359203368,1063.0988504491272,1004.1428367487724,6.638833629504817,0.4
1518,13.169164526192468,1066.0710114334784,1002.7580000284199,6.635209135757211,0.4
1519,13.125609754933,1067.786704837065,1001.3002291492205,6.637093411004609,0.4
1520,13.091409425838158,1070.3964480640516,999.8036750942176,6.6434063334807085,0.4
1521,13.037597417363544,1072.0502103399926,997.9370197279416,6.654230691524266,0.4
1522,13.182520617278481,1071.6400722751916,996.2341989107335,6.650953476845945,0.4
1523,13.153365832778274,1070.532114852331,994.586985671957,6.649811073987397,0.4
1524,13.0,1067.6406740479258,992.8560724057039,6.6592214302498975,0.4
1525,13.113407984751252,1068.6107674653126,991.3234909679227,6.65840361249482,0.4
1526,13.15668021507871,1064.5933837375505,990.26676142489,6.6511596531751085,0.4
1527,13.129378251822265,1065.144197160117,989.2889622216051,6.647867137917721,0.4
1528,13.060975741708504,1068.0129434388534,988.0574983221665,6.652925900719886,0.4
1529,13.366125316797245,1069.386300515488,987.6209139242792,6.633175520891345,0.4
1530,13.394023354507107,1070.0779362927676,987.0384669322644,6.615223258437914,0.4
1531,13.387994983062999,1071.4815173117022,986.3626817505676,6.602056148990828,0.4
1532,13.366869887811305,1069.8545600745401,985.7074654884318,6.591755482356891,0.4
1533,13.350786309589187,1071.9876267239683,984.8759603217188,6.586235884116342,0.4
1534,13.464475861277672,1072.2503135327388,984.5418071701735,6.57261769462254,0.4
1535,13.279567311396999,1072.3048467530677,983.8853084414743,6.576602733048439,0.4
1536,13.446698050260247,1072.402671822931,983.2139073482995,6.566286496330589,0.4
1537,13.278928128086141,1071.6574479170065,982.5644822428804,6.57097395098914,0.4
1538,13.362947710237185,1074.517226474978,982.0278162790938,6.570113576145595,0.4
1539,13.291324700133279,1074.9589625291192,981.3178556291783,6.57559505361651,0.4
1540,13.331136446754426,1071.4379372715532,980.7021886751077,6.574174554114061,0.4
1541,13.372059620885842,1072.4645393595554,980.7279151750893,6.570441613910562,0.4
1542,13.505864789926054,1073.1112876540606,981.0107939207428,6.556934986240374,0.4
1543,13.483858950983526,1070.974159822232,981.3608028791754,6.54604220006834,0.4
1544,13.490453161590906,1072.795988369039,981.6192226065732,6.5379485388978225,0.4
1545,13.6763146758211,1074.3957833685513,982.0890873170894,6.517332578814739,0.4
1546,13.724535069516596,1075.9620472053891,982.8334735073137,6.497671016434464,0.4
1547,13.61627261403946,1075.6246334176533,983.0813551170676,6.490140658320701,0.4
1548,13.477391178438069,1073.4889636149576,983.5337884021615,6.4937005892139235,0.4
1549,13.375535031326754,1070.6876311762007,983.5817109397549,6.502825609564603,0.4
1550,13.310129495501808,1070.412176780645,983.6694993790535,6.515444823116734,0.4
1551,13.301915475232397,1065.927304737091,983.7616595667971,6.5230732647009715,0.4
1552,13.461004127978555,1066.0694617087877,984.1676751071542,6.516435332768232,0.4
1553,13.495997132642433,1069.4397263986173,984.5729284636524,6.510680520347766,0.4
1554,13.613099164079657,1070.8438414123182,985.37474010167,6.49745350710429,0.4
1555,13.73369361672693,1065.7436214678214,986.5426918520468,6.4728966112962665,0.4
1556,13.94241600507178,1062.9656167946666,988.1724619663361,6.43360299162524,0.4
1557,13.689121812070937,1063.7708676192253,989.8271512379206,6.422690194570394,0.4
1558,13.880729959088901,1061.2914889784943,991.9506394759456,6.39620907295872,0.4
1559,13.804457904130953,1058.3376915061685,993.8733526468187,6.378494434679232,0.4
1560,13.867770451738133,1058.7568462494455,995.5809637244705,6.359111410885511,0.4
1561,13.899017057343062,1057.237091992289,997.1905542751366,6.339514924546214,0.4
1562,13.904083328936133,1060.7773078889265,998.5388878600784,6.325708193251263,0.4
1563,13.916970237212379,1060.6691773086945,999.8926755045879,6.313251808726412,0.4
1564,14.024062474243014,1057.3762543762816,1001.8529887474176,6.291796546068988,0.4
1565,14.01856818708223,1059.6389763532402,1003.7940831530141,6.27636284165126,0.4
1566,13.984637123244324,1060.7065053374906,1005.8744771435237,6.267287102477649,0.4
1567,13.989072780894192,1061.775217028112,1008.1308209918354,6.260290460450251,0.4
1568,13.945685538502083,1064.6221696086948,1010.5871705099015,6.260251115586988,0.4
1569,13.987345507528453,1063.879931805514,1012.5368170885653,6.256253268351074,0.4
1570,13.936339815366706,1062.0774372451408,1014.8321087740109,6.255780532893439,0.4
1571,13.915493583705272,1061.1603916101496,1016.9060718795462,6.2564031573694985,0.4
1572,13.817318259657494,1063.7315916179332,1018.7831871390546,6.266880424126936,0.4
1573,13.808433820626306,1063.0680391737574,1020.6449280236959,6.275696173577866,0.4
1574,13.92237404595316,1060.0586304124604,1022.7315439361031,6.271338779890377,0.4
1575,14.058863566756578,1061.2094060111401,1024.9460474869702,6.257481779779184,0.4
1576,14.15050530361101,1060.69438024103,1027.51066401233,6.238240717470058,0.4
1577,14.214950230070926,1060.182808543692,1030.1589810017674,6.2168098587830825,0.4
1578,14.208610186986892,1058.9430517637509,1032.7691670140473,6.198817406854954,0.4
1579,14.414427581492635,1058.6700430923806,1035.6514324220182,6.167037804239324,0.4
1580,14.280345780590011,1055.8145380049411,1038.4070680846794,6.149776933018165,0.4
1581,14.29126089794155,1056.3261781375957,1041.2219996289718,6.135117835167134,0.4
1582,14.406537819594849,1055.0040571848454,1044.0958740073029,6.112677421451502,0.4
1583,14.439034931546649,1055.1376534041713,1046.9557037406043,6.091721616957792,0.4
1584,14.49486138842099,1055.3555002803284,1049.6560117633687,6.070140411455554,0.4
1585,14.50136946669358,1055.0344079010724,1052.357026466178,6.051669236948566,0.4
1586,14.42619501614771,1053.2317268115105,1055.2696598608334,6.041303303047735,0.4
1587,14.424311957148458,1052.1364371569973,1058.4677208732523,6.032129081851661,0.4
1588,14.465459270357183,1050.014950532349,1061.9359797799177,6.019639818147229,0.4
1589,14.579485872809618,1052.99754249748,1065.5098789352337,6.002335207482821,0.4
1590,14.41638662500393,1052.730458291997,1068.8373569621913,6.001271981609341,0.4
1591,14.415680821113698,1051.7862803661467,1072.547084381991,5.999744016175056,0.4
1592,14.487637871680045,1050.9722761762184,1075.9826556395494,5.991995367179073,0.4
1593,14.444593561825405,1049.8361022785887,1079.3587140508023,5.98830010853708,0.4
1594,14.378497380212467,1049.7638876109825,1082.8123852170452,5.990616782123346,0.4
1595,14.342034860980279,1048.8056875365376,1086.2100961042731,5.994771772279457,0.4
1596,14.445357191445371,1048.3217532759807,1089.7600059412373,5.9893695090608805,0.4
1597,14.297547146965966,1048.166754489387,1093.0483763417217,5.9969015109738395,0.4
1598,14.354327042406538,1049.6431350279422,1096.0560121494725,5.99955384317421,0.4
1599,14.41368146207287,1047.1423170312132,1099.1348126744572,5.994987693997855,0.4
1600,14.61771597004739,1050.37914578684,1102.3494406279028,5.977016794220819,0.4
1601,14.600658358716053,1052.6162755804664,1105.6806815722593,5.965365874525628,0.4
1602,14.549191034932171,1053.9991403057707,1108.482919948893,5.961063475807521,0.4
1603,14.553116424132217,1057.2627278207253,1111.0864064805228,5.959681998214551,0.4
1604,14.642858556678245,1060.107685827126,1113.7697051486405,5.953366247769493,0.4
1605,14.695334731535047,1061.3002999494595,1116.3195820198348,5.944800595671731,0.4
1606,14.66440183059628,1061.8753619854715,1118.6198590826298,5.940739344515508,0.4
1607,14.676906962169765,1063.6196910036067,1120.7299109300277,5.93770591195293,0.4
1608,14.746590796232665,1066.115024852171,1122.9995530604476,5.93141040672151,0.4
1609,14.622620205606426,1062.7318676915927,1124.882090256992,5.933821302284326,0.4
1610,14.54163790268023,1065.043200681855,1126.6149987335941,5.944163478181601,0.4
1611,14.641559528523656,1067.3220508268516,1128.4154293926906,5.946201277863059,0.4
1612,14.708307631858423,1067.3035429697527,1130.685069693584,5.942403626657371,0.4
1613,14.622129322274157,1065.034925313638,1132.8444252790987,5.9446169691799104,0.4
1614,14.644426077064658,1065.0148588258673,1134.8434092309674,5.944594648982158,0.4
1615,14.708146097326875,1064.1578652681821,1136.9060646340292,5.938721259234563,0.4
1616,14.771320201969544,1062.600794408107,1139.2707447459054,5.927565346239919,0.4
1617,14.72268331105439,1062.1263003420652,1141.6859255927457,5.92203338679597,0.4
1618,14.572920063005494,1061.5290660559026,1143.8120012098113,5.929284323562149,0.4
1619,14.72193360395522,1061.5136183414738,1146.0604941030813,5.923041026671895,0.4
1620,14.398421762434813,1061.556322113399,1147.9789656358976,5.944391194962511,0.4
1621,14.60976970765904,1066.6227702290566,1149.5472415875502,5.948457213652529,0.4
1622,14.422160548537132,1066.3109378095785,1150.62218177096,5.96688702415266,0.4
1623,14.398921835326037,1067.085786552967,1151.732032762456,5.984484322056381,0.4
1624,14.3495260622716,1064.5456556394727,1152.9156314633071,6.001030389940838,0.4
1625,14.21395064093765,1062.762649479739,1153.6817699046373,6.024329436380745,0.4
1626,14.1526283713126,1059.0938400659431,1154.4466661557128,6.0456722904183975,0.4
1627,13.949712907529472,1059.3194076597645,1154.9024277628753,6.07992621153056,0.4
1628,13.66793525685619,1057.1611218973328,1154.9585494475534,6.129409632419155,0.4
1629,13.708694242285707,1057.9360236102507,1154.7578495857347,6.167241038953469,0.4
1630,13.68011102792097,1056.7083319656442,1154.1211338749697,6.199670477706169,0.4
1631,13.817659527532918,1055.3557523210952,1153.9929871165177,6.213999603883816,0.4
1632,13.816445836727846,1055.3757725558933,1153.14033385586,6.225863805459585,0.4
1633,13.84387833078053,1054.0301442254365,1152.8193502894846,6.232333372319904,0.4
1634,13.79263980433684,1053.9371029481767,1152.0167583601933,6.241755290320737,0.4
1635,13.988972935634132,1055.555022836717,1151.3906975527098,6.234660067027541,0.4
1636,13.895853607845915,1056.8825686738849,1150.502431508915,6.237455320046872,0.4
1637,13.873142630601086,1055.2007057261685,1149.3910361063874,6.240331880194698,0.4
1638,13.916430044359236,1051.0645323713525,1148.4302319057253,6.236026265007357,0.4
1639,13.910581802247346,1052.789973240778,1147.0030952944483,6.234278012196408,0.4
1640,13.85805030616038,1052.512431862633,1144.9705069390016,6.236927497469779,0.4
1641,13.791763682701111,1053.294368191608,1142.9427188008126,6.24510816212774,0.4
1642,13.641738116074501,1055.2220700161931,1140.5670654822964,6.2655337390313806,0.4
1643,13.55937002154406,1057.7938159172475,1138.227103168673,6.29095807267859,0.4
1644,13.521168479513788,1060.6625333607885,1135.6778691295615,6.317096606671333,0.4
1645,13.480396988329456,1059.0915100414,1133.187628639666,6.340674357175509,0.4
1646,13.432011393355014,1063.0382094497284,1130.3304470614603,6.36694588816294,0.4
1647,13.40185386721308,1064.7138230259598,1127.7470343411087,6.392219780472583,0.4
1648,13.504943621680322,1065.0489397056526,1125.1492602319731,6.404773225641276,0.4
1649,13.58957151148689,1064.363840728472,1122.7272381010944,6.407633324697862,0.4
1650,13.561695906561027,1064.343949593081,1120.4158398733914,6.412241562660449,0.4
1651,13.671869055504832,1064.481262967842,1118.3294106012913,6.407120776969402,0.4
1652,13.731332014987736,1063.3636296291252,1116.3650930720662,6.39721748884973,0.4
1653,13.63706731085904,1060.2608250910596,1114.348354582769,6.394454383982219,0.4
1654,13.644498725458702,1057.3251508383871,1112.244124725153,6.389361973054755,0.4
1655,13.818196722182353,1057.6478995996374,1110.305794053028,6.3712355938654825,0.4
1656,13.647358977837124,1056.055911857721,1108.2155158301816,6.369129280665283,0.4
1657,13.961484532694739,1061.0152657667884,1106.3666626998943,6.345481035053409,0.4
1658,13.949620453710116,1063.9357903265573,1104.4061689338316,6.329266922753482,0.4
1659,13.846496152727727,1064.666786404747,1102.311379726717,6.324951301578934,0.4
1660,13.858539292660804,1064.6286288327635,1100.5294355122019,6.320399479696054,0.4
1661,13.752809666302342,1066.2635100008492,1098.7555905030028,6.3265431809811785,0.4
1662,13.692425095468453,1064.633657269266,1096.9391397353597,6.335283474498449,0.4
1663,13.747653094375357,1063.6189775024316,1095.5125380070617,6.337170185208212,0.4
1664,13.874991182473716,1063.6960997905444,1094.4419489353807,6.3283695238806335,0.4
1665,13.852630155847674,1061.453457533303,1093.303538970089,6.321284887141425,0.4
1666,13.902991904367813,1064.108076417491,1092.1990223414864,6.313366814802654,0.4
1667,14.070276720062733,1063.4004719655898,1091.7917444595055,6.292668531380635,0.4
1668,14.017073397148346,1060.7922886826352,1091.1449069334094,6.27807192796123,0.4
1669,14.024673260266617,1056.0316289589357,1091.4367770891133,6.261882593592176,0.4
1670,13.959961987412177,1053.749615278151,1091.753724043221,6.252170342284543,0.4
1671,13.92036712064187,1053.8738602366464,1091.814988381359,6.2475359179133765,0.4
1672,13.769299641697863,1050.1793585892435,1091.848653723359,6.253287881062888,0.4
1673,13.894741543316137,1051.0068915186619,1091.7938981482678,6.248378993539881,0.4
1674,13.88421795346635,1050.6171556658705,1091.6327258673452,6.244919053228831,0.4
1675,13.94508522188744,1050.559259332173,1091.6944066141953,6.237064059370122,0.4
1676,13.763930992812188,1054.0518450745774,1091.6219219267607,6.248067282827269,0.4
1677,13.700271061703342,1056.8695822429245,1091.2418834969053,6.264422424931614,0.4
1678,13.532661065618402,1055.1466150505933,1090.7247558768925,6.290228167139836,0.4
1679,13.672968592066333,1058.184321688935,1090.5783122705823,6.302219450907839,0.4
1680,13.766999898763316,1056.0414097031435,1090.5354368291385,6.302748023753066,0.4
1681,13.943861617422948,1056.0415707933348,1090.7775340483395,6.288728435621472,0.4
1682,13.975318940846376,1055.9278097494407,1090.9751866491638,6.2745756775342185,0.4
1683,13.892461650560698,1056.3584435109788,1090.9900437242916,6.270067072788539,0.4
1684,13.888346012375598,1057.9263277932268,1090.6312383359034,6.267891667366947,0.4
1685,14.031573711844137,1055.496650852997,1090.8670695295273,6.252566431553859,0.4
1686,14.069028278434981,1055.152847931372,1091.1932567514505,6.236679035996575,0.4
1687,14.294994138196683,1054.4284434135395,1092.027466611407,6.2046377917643944,0.4
1688,14.24484459722091,1053.184779943386,1092.5511541248839,6.1815219823991105,0.4
1689,14.406645186504756,1052.482575431195,1093.238040765992,6.148813807952085,0.4
1690,14.46325239692144,1052.727372473666,1093.7215594504087,6.117552230234382,0.4
1691,14.45309310488579,1051.8958650159202,1094.6310685532287,6.092119334212962,0.4
1692,14.379914851756624,1054.5731657742485,1095.6136791200004,6.079268525694409,0.4
1693,14.382507987468088,1058.2282143105863,1096.8495396467592,6.071282168352326,0.4
1694,14.32358219430953,1057.0514875992499,1098.115846922382,6.068659165754966,0.4
1695,14.551407251247305,1056.7568633662595,1099.4769781052162,6.047667704052034,0.4
1696,14.66728980147425,1054.4540399704517,1101.0985393601825,6.019243848963853,0.4
1697,14.662285732020463,1056.8973451386921,1102.9969183184085,5.9981923590544985,0.4
1698,14.792019214834536,1057.4065782437037,1105.1357519555156,5.970713297340651,0.4
1699,14.757270093823168,1058.2072630535724,1107.7508467000364,5.951625482620605,0.4
1700,14.865307585523805,1058.400347705824,1110.373413196208,5.927290622725494,0.4
1701,14.98526722487414,1060.106225049385,1113.447186335758,5.898822579155525,0.4
1702,14.854304444234591,1059.090875439758,1116.5729516850486,5.885413457557137,0.4
1703,14.857508916187228,1060.016998518356,1119.6074226112157,5.874856257445909,0.4
1704,14.596814099118582,1064.1881473595308,1121.9364000374812,5.890656722329481,0.4
1705,14.687039944617837,1060.2866369341298,1124.4048638180238,5.893290305558207,0.4
1706,14.74870729324482,1060.269995707427,1126.730599615722,5.890397807308577,0.4
1707,14.760239535982045,1058.9362798946006,1129.5690374951612,5.886075254712899,0.4
1708,14.683359827663235,1060.8473003057263,1132.4198835014322,5.890258102779066,0.4
1709,14.721534315972546,1062.5485783173965,1135.1294596937805,5.891854585185509,0.4
1710,14.83178707174444,1061.8318610972237,1138.2000565218855,5.883612007338663,0.4
1711,14.790944790738951,1061.8059823935387,1141.0869978803375,5.880171160408032,0.4
1712,14.70047836835868,1062.1775789359492,1144.0076298966208,5.885023508947891,0.4
1713,14.563637276917941,1063.6874044898634,1146.8283809646985,5.901326516861873,0.4
1714,14.555104586213739,1062.2350769657403,1149.2488117565194,5.9142943152274485,0.4
1715,14.558070302349407,1061.4015393491397,1151.580756564316,5.924055397126464,0.4
1716,14.533766788392182,1061.573751424567,1153.18301439793,5.9341757597732645,0.4
1717,14.488916930991483,1064.5390106362106,1154.6961394064815,5.948381323454428,0.4
1718,14.468445777232965,1062.646216398876,1156.2868045526056,5.960271835914703,0.4
1719,14.235160613944888,1061.3168933554969,1157.5156540232629,5.988081151455236,0.4
1720,14.298350287668928,1061.6313279992896,1158.5012431954092,6.005958642652452,0.4
1721,14.136216700956366,1060.7653313955561,1159.253887285828,6.033213048707896,0.4
1722,14.07835636004205,1062.5048023156507,1159.9329163916468,6.06160504874847,0.4
1723,13.967303208617299,1059.3862141045527,1160.3524662750126,6.091604099628581,0.4
1724,13.926084130276823,1058.788545182798,1160.4086313849295,6.11911990672741,0.4
1725,13.993137681984866,1062.194397164757,1160.0178079070763,6.138778076401229,0.4
1726,13.911130532852331,1063.6675942648317,1159.344051942675,6.162713136768527,0.4
1727,13.895506541813903,1064.9645611315896,1158.52180099385,6.1845971857686415,0.4
1728,13.744109460151408,1065.033439065402,1157.3344255165014,6.214966347180156,0.4
1729,13.64500271450577,1066.0914234140232,1155.7596759626053,6.248767898959318,0.4
1730,13.529879362685932,1063.1819883076723,1154.0116394648696,6.283693518788546,0.4
1731,13.581557291222433,1063.7538505263933,1151.79218945974,6.308541734565863,0.4
1732,13.692094803878707,1065.3476274475227,1149.8064945543665,6.321089041321367,0.4
1733,13.776583521571075,1068.6934979880393,1147.4962915004146,6.32700289297969,0.4
1734,13.57166513162038,1071.4936277325817,1144.6407983493234,6.350715080253161,0.4
1735,13.841311903692185,1071.6848466157,1142.023139709532,6.348268101079335,0.4
1736,13.813170202309738,1069.2309798506287,1139.4809558406644,6.346706194719379,0.4
1737,13.63140110254399,1070.602881848665,1136.7961462207313,6.361316760247586,0.4
1738,13.720783623947353,1068.7091685111727,1134.2247163595666,6.364561437048489,0.4
1739,13.489489949559175,1066.1913146434956,1131.420364321345,6.384219893572268,0.4
1740,13.684558342474158,1070.6841309086108,1128.4620425812986,6.387795407949181,0.4
1741,13.836267178467395,1073.4787599882368,1125.5035350669446,6.380442423245079,0.4
1742,13.877442557532667,1076.6048129028975,1122.351014980523,6.373411419813986,0.4
1743,13.788591763691274,1078.1081288598336,1119.2172113496752,6.376043390736652,0.4
1744,13.8504608365061,1076.6901785515545,1116.5657600547413,6.3720736958297515,0.4
1745,13.907547540565641,1079.835907120433,1114.1329235064532,6.366531591348419,0.4
1746,13.82780826985282,1077.6132931650034,1111.3514711116895,6.366823062726073,0.4
1747,13.758461081877652,1079.8955037513338,1108.9889190701067,6.3744544726603465,0.4
1748,13.640538769751151,1079.759353444553,1106.4294081823755,6.390245910521502,0.4
1749,13.561020425403447,1080.0,1103.3939805277764,6.409875057463662,0.4
1750,13.562972181974397,1079.99702983342,1100.5824989898756,6.42580921496332,0.4
1751,13.609185161669714,1080.0,1097.4343182134364,6.435100944858274,0.4
1752,13.435725630121828,1079.3971550603849,1094.4776135098425,6.456439525515879,0.4
1753,13.478598305060263,1080.0,1091.9053223968604,6.470889357433497,0.4
1754,13.595501908036798,1079.8733150626808,1089.6678889233526,6.4730890833580865,0.4
1755,13.61251338620738,1075.041141941123,1087.5699037372437,6.469849557740253,0.4
1756,13.613240504026297,1075.842354838714,1085.636807545401,6.467739443616046,0.4
1757,13.733432881674798,1072.3222847131688,1084.2443085603234,6.4535258559178486,0.4
1758,13.779346983643906,1073.3996281551683,1082.802626956377,6.438933085234563,0.4
1759,13.760192443151817,1071.7008713112518,1081.3545318150316,6.427248062149282,0.4
1760,13.723505642648377,1069.7700613155907,1079.7758942182206,6.419204696199772,0.4
1761,13.841077031328055,1070.6218667030469,1078.2566809702146,6.403645167111188,0.4
1762,13.755776862073743,1072.1791033659163,1076.6339234678658,6.39903435400714,0.4
1763,13.802829918989175,1071.3783184863833,1075.2802762322945,6.390802918081765,0.4
1764,13.848544172142331,1072.418162583619,1073.6670745294778,6.381103493992792,0.4
1765,13.858228969364971,1076.8094268391037,1072.0448384778954,6.375678320387946,0.4
1766,13.817794365793384,1079.09640746727,1070.5636650037316,6.3762629511907365,0.4
1767,13.869643514279794,1079.0087299704735,1069.2497000097298,6.372438951847137,0.4
1768,13.87939411469179,1080.0,1067.9629887421527,6.36925585346204,0.4
1769,13.699680299850709,1080.0,1066.676795003196,6.381331925735073,0.4
1770,13.729232925891498,1080.0,1065.5383198491002,6.388819264398906,0.4
1771,13.682184725493537,1079.137126756964,1064.3358929768517,6.398151328868035,0.4
1772,13.681639762478756,1079.8477375568966,1063.0386655128725,6.406385377875039,0.4
1773,13.667421334313552,1078.5765155189315,1062.0281306043953,6.41333818414974,0.4
1774,13.67231602448815,1078.8357969431963,1060.855922261073,6.418835507970671,0.4
1775,13.786660959768636,1077.750435285347,1060.0371747165766,6.41317851197938,0.4
1776,13.794718838255333,1076.3030454569487,1059.4304789856562,6.406787058726319,0.4
1777,13.761414206863474,1079.61958939454,1058.68027381289,6.406775028752971,0.4
1778,13.782370973064463,1080.0,1057.8906294005953,6.405340167658609,0.4
1779,13.75246715928155,1080.0,1057.1856016019585,6.406607321223571,0.4
1780,13.609235028941663,1080.0,1056.2764145098586,6.419351316838215,0.4
1781,13.600933759387384,1080.0,1054.9878349947783,6.430479772990199,0.4
1782,13.615806273690174,1079.6902740879923,1053.8075509808643,6.438155572376524,0.4
1783,13.593415396684225,1079.101046889398,1052.5385734705983,6.445834054580099,0.4
1784,13.681674248409955,1079.4007925594603,1051.422845625893,6.445144504350572,0.4
1785,13.790543666616376,1078.7545806221945,1050.5225979126963,6.435193728081957,0.4
1786,13.865929413337154,1079.719278514399,1049.767450945876,6.421602879926178,0.4
1787,13.777686326499156,1078.8291834837614,1049.2037851593127,6.416996697651679,0.4
1788,13.821855391145583,1077.65424355654,1048.8107609503625,6.408721877638704,0.4
1789,13.998665782095234,1078.7327638066317,1048.6168976844383,6.388302941388728,0.4
1790,14.107418896434204,1076.887061800732,1048.7743771866135,6.361276758443507,0.4
1791,14.250556433570688,1078.848241173411,1049.0726537163398,6.328900740499378,0.4
1792,14.123361376630431,1079.7594356642253,1048.946270019369,6.313435648873405,0.4
1793,13.97316221921776,1080.0,1048.617956154274,6.313210415521716,0.4
1794,13.883011150373735,1079.2584547594663,1048.2216373541692,6.319832261317422,0.4
1795,13.9686110903409,1078.8573310466209,1047.923425675114,6.317963698248873,0.4
1796,14.013458075950378,1079.0895524391547,1047.8807044794285,6.312942140241411,0.4
1797,14.124665597619412,1078.2881307368925,1048.2813414945645,6.299130709197589,0.4
1798,14.123908184291366,1079.732957141727,1048.8068038232987,6.288959520320878,0.4
1799,14.083538599881699,1079.0067001931034,1049.1363335963767,6.283369097626774,0.4
1800,14.028740265455786,1079.9378184264037,1049.4402700770177,6.2839669962912685,0.4
1801,14.084311403557736,1078.439919471621,1050.2467763847264,6.278783588180647,0.4
1802,14.126882046670321,1077.2887543655668,1051.3832338677844,6.2701840397546,0.4
1803,14.156173820311375,1079.8648753456594,1052.742259631229,6.262686233764245,0.4
1804,14.063097562288434,1080.0,1053.670100932131,6.26424637889647,0.4
1805,13.976542253011075,1080.0,1054.1164918213813,6.27259899777904,0.4
1806,13.870610165934313,1079.4967248788546,1054.1867934985355,6.287724439427075,0.4
1807,13.791744541064608,1080.0,1054.22693825278,6.306952676434402,0.4
1808,13.711355857926822,1079.7401968530614,1054.1702872516612,6.3290927827873436,0.4
1809,13.686041155675518,1077.1045941022724,1054.345690285933,6.347323871785136,0.4
1810,13.68663814782089,1075.0682910995854,1054.55024932053,6.360685133495175,0.4
1811,13.462914807688872,1073.1075839511911,1054.3230234379546,6.3884417448488096,0.4
1812,13.517217877793811,1073.9325608116023,1053.9709624744894,6.407388201776285,0.4
1813,13.601357316106625,1077.015691264265,1053.6928986606365,6.418379268180105,0.4
1814,13.570275341444871,1078.4395037271017,1053.3574466466548,6.4310083638224995,0.4
1815,13.652453553638248,1076.2977384663882,1053.2940798688758,6.433029444211721,0.4
1816,13.686206638970633,1075.9118436756708,1053.1156168104471,6.431636691535738,0.4
1817,13.717199591996335,1074.2425495324069,1052.89952667432,6.426699903847864,0.4
1818,13.600528010938328,1073.466601391723,1052.3320520898176,6.431599522753511,0.4
1819,13.793737830622955,1076.5043543007696,1051.7949547938458,6.4221246449907525,0.4
1820,13.675550057644704,1080.0,1050.7929168004807,6.4266562581816915,0.4
1821,13.793468861326813,1077.3334156223655,1050.0701478048647,6.418719918571868,0.4
1822,13.90026695297983,1078.3712822679945,1049.5184752552998,6.404269207226023,0.4
1823,13.911433023717443,1077.6959432814067,1048.6193409482626,6.390996576347893,0.4
1824,13.837079562318209,1077.9605655335279,1047.7713436161014,6.386389238315975,0.4
1825,13.941605844577918,1079.5210277924748,1047.2307431097972,6.375249042811303,0.4
1826,13.993850864706674,1076.8985380476167,1046.8693253656584,6.359862017205438,0.4
1827,14.01311778156531,1076.6190676588603,1046.7753405663316,6.34545888414904,0.4
1828,14.1083973649313,1079.2372803064527,1046.829456340095,6.327841436251705,0.4
1829,13.95701086026479,1080.0,1046.7370712314305,6.326343050225559,0.4
1830,13.79612550574806,1079.9548594668775,1046.159266671581,6.338227798612187,0.4
1831,13.789141073497643,1078.5448410156212,1046.0058076740463,6.347478086143576,0.4
1832,13.85108672625003,1079.713204260118,1045.6390737443667,6.350884405789229,0.4
1833,13.778171015847116,1079.4231108024355,1045.4064988651398,6.359416949098782,0.4
1834,13.792911814908857,1080.0,1045.3701351139073,6.365645144746649,0.4
1835,13.713800613104976,1080.0,1045.2061208423231,6.377217232589314,0.4
1836,13.755112126316716,1078.6487272188738,1044.992334058124,6.382308805538104,0.4
1837,13.78209232973877,1080.0,1044.9657399347527,6.385300635354993,0.4
1838,14.013705596231366,1080.0,1045.4082920484866,6.368826499667067,0.4
1839,14.070242939550367,1080.0,1046.0137320440656,6.350697476706939,0.4
1840,14.117041214394101,1074.8584330674478,1047.1410994576447,6.328120298258395,0.4
1841,14.124649219407567,1076.0495402375373,1047.9543886686067,6.309885762781476,0.4
1842,14.127427224420545,1075.2946684191604,1048.50442112074,6.294135742026048,0.4
1843,14.28671561572343,1076.7382003731764,1049.241941231549,6.269294987826562,0.4
1844,14.322248186152901,1080.0,1050.0827285534942,6.248487768245366,0.4
1845,14.26083602690514,1080.0,1050.7268704736516,6.236444449842512,0.4
1846,14.114641836832746,1079.5999081397147,1051.2216328177292,6.238213448518512,0.4
1847,14.159074788791568,1078.351387173166,1051.6501101478518,6.235089084748046,0.4
1848,14.304379933845773,1079.086839724737,1052.3417406068331,6.221208772131423,0.4
1849,14.319903749948605,1076.2228229169834,1053.2562315094126,6.206393112827206,0.4
1850,14.32245301819299,1075.237151922427,1054.7240894040972,6.193290778724932,0.4
1851,14.350740745171125,1076.7568200209264,1056.287525655972,6.18138406079488,0.4
1852,14.59587967699806,1074.5566829949669,1058.3649062615207,6.149924494991715,0.4
1853,14.464232661572318,1072.4837273475002,1060.4197038948125,6.133318690664226,0.4
1854,14.364338354174773,1069.6579915104016,1062.4564627578407,6.125729037623366,0.4
1855,14.526498611715397,1072.7294579745426,1064.8914661222602,6.108575814530532,0.4
1856,14.578676845942603,1075.1023733745235,1067.3646102020052,6.092040090335746,0.4
1857,14.658736147628682,1074.8254209976035,1069.8092313367613,6.071728974365284,0.4
1858,14.594503350789521,1075.6062914391512,1071.826821944212,6.060913301481011,0.4
1859,14.611084953726207,1074.194547418572,1073.9981678637337,6.049622122644364,0.4
1860,14.569076695503146,1076.0310131471113,1076.326580271617,6.045184638951078,0.4
1861,14.583944379753385,1080.0,1078.4880760454944,6.0433314692264375,0.4
1862,14.46459939765357,1078.6428556129074,1080.4813947815114,6.050538740832787,0.4
1863,14.471527274401716,1079.177355401218,1082.4300135775854,6.0562866393020975,0.4
1864,14.413316906351033,1077.7470175595424,1084.791909091435,6.064675531915728,0.4
1865,14.212791006693545,1074.8368791140674,1086.5863602907784,6.085741335714135,0.4
1866,14.166993620138362,1075.2169874350811,1087.9420714576233,6.107045219148805,0.4
1867,14.180654614195497,1078.1431177354345,1089.4062047524003,6.125610181637953,0.4
1868,14.256459034348795,1076.474660766497,1091.054778866537,6.13337736019561,0.4
1869,14.098383890799848,1076.5600995444327,1092.5342665989872,6.152728939059827,0.4
1870,14.029310413453857,1078.9086910555136,1093.5400917501051,6.176017453479577,0.4
1871,14.153516568592385,1077.8687737144742,1094.7121991794127,6.184177730796026,0.4
1872,14.103497363737297,1077.7906796872892,1095.652587369098,6.19489768853172,0.4
1873,14.07694561611083,1080.0,1096.4121967802798,6.207528108847433,0.4
1874,14.110206519544818,1080.0,1096.9083726715746,6.215166972477692,0.4
1875,14.04880339214174,1077.7398848641483,1097.3781537210402,6.224740057183181,0.4
1876,13.979283624032723,1078.6246482219908,1097.5246670990393,6.238940023190079,0.4
1877,13.881442289186248,1080.0,1096.9782702564123,6.259619355143564,0.4
1878,13.934567223335844,1078.5153276461328,1096.4419996213214,6.271112625427194,0.4
1879,13.87630609011641,1079.2495801476668,1095.7826173093656,6.285853301757623,0.4
1880,14.02704323486689,1078.167396344613,1095.5466576694403,6.284804285924456,0.4
1881,13.923476401566802,1080.0,1094.7466633265847,6.2937930229220145,0.4
1882,13.881922420097066,1078.986948869906,1093.7791877686082,6.303793711971369,0.4
1883,13.782171468185691,1080.0,1092.8499848802915,6.320911791436387,0.4
1884,13.760293479071915,1080.0,1091.7573942991482,6.336736485868081,0.4
1885,13.884606126445185,1080.0,1090.8048931448177,6.339553905758726,0.4
1886,13.915579093472608,1079.2896893250115,1090.0247175320978,6.338796084333283,0.4
1887,13.950603084100958,1077.6266716064215,1089.2775586289274,6.334055268855017,0.4
1888,14.020926475652574,1076.385201989468,1088.592407824787,6.323482421574822,0.4
1889,13.936957812190204,1078.946572625624,1087.5168853973744,6.323611002184142,0.4
1890,14.027204033019164,1075.9079752789792,1086.8605610416228,6.314044337523579,0.4
1891,14.238108686215128,1075.3157113864406,1086.4737155332407,6.288516792739983,0.4
1892,14.34280725225236,1075.1960794186043,1086.651543632916,6.258937797433188,0.4
1893,14.277892747649075,1077.3188216552267,1086.5260827541863,6.241592627728683,0.4
1894,14.333380668793358,1076.4385303924264,1086.4933347634994,6.222169615460401,0.4
1895,14.240172149588862,1078.7128617013168,1086.0890228167684,6.215579140059322,0.4
1896,14.02836203430478,1080.0,1085.296686719235,6.228457149405258,0.4
1897,14.146983497986444,1077.0761075661337,1085.0558210596173,6.227112908376856,0.4
1898,14.232577713611196,1079.5390948229988,1084.9132834375264,6.220877889798903,0.4
1899,14.152130467787355,1080.0,1084.7288677245663,6.222687767807518,0.4
1900,14.019157608337927,1078.6464015935032,1084.5419904351163,6.234015089453478,0.4
1901,14.125721224202634,1080.0,1084.2554730892487,6.2356184349100126,0.4
1902,14.354532543947164,1080.0,1084.5006231628745,6.218234717134848,0.4
1903,14.295757668365528,1080.0,1085.1557904924941,6.208783151391745,0.4
1904,14.272225676410685,1080.0,1086.007588518528,6.202955901864949,0.4
1905,14.11639927119648,1080.0,1086.4763435039902,6.210911691087082,0.4
1906,14.311094549820291,1080.0,1087.3165297460687,6.201524940080093,0.4
1907,14.408055961858034,1080.0,1088.109113103304,6.185904117662638,0.4
1908,14.484340189684138,1080.0,1088.5924466241725,6.166861096182375,0.4
1909,14.476531109149903,1080.0,1089.3710238663552,6.151883976629817,0.4
1910,14.520739674833692,1080.0,1090.4238722306654,6.135990014609041,0.4
1911,14.513986443009667,1080.0,1091.322551740172,6.1235088398566635,0.4
1912,14.480584700540785,1078.237824288805,1091.9841230542143,6.114671662116607,0.4
1913,14.616877139041742,1077.8939771415512,1093.0852636544123,6.096027409852139,0.4
1914,14.62763362482933,1075.1568938226756,1094.8426595514077,6.077790867987644,0.4
1915,14.59703651985908,1077.3244616113152,1096.359519533458,6.066975980325138,0.4
1916,14.622269000068771,1077.721120502974,1097.8381692843877,6.0563456482812414,0.4
1917,14.748057785460126,1073.4607758056452,1099.3131802134726,6.034128495871884,0.4
1918,15.0268932460612,1075.540563272367,1101.5061897335268,5.994696316380733,0.4
1919,15.080079589382319,1077.6543611020306,1103.9896121976126,5.959613572381013,0.4
1920,15.251114603635898,1075.6313549126116,1106.9826815302613,5.915339348257239,0.4
1921,15.19769629882473,1078.4924152473027,1109.8986618178815,5.88556278995794,0.4
1922,15.192846313436995,1080.0,1112.8947340757836,5.862682087031439,0.4
1923,15.106282898500645,1078.1865559837722,1115.8594850509385,5.849622909224039,0.4
1924,15.139947938181468,1077.860928821408,1118.7696990297352,5.835917102244507,0.4
1925,14.892465950856215,1076.8906217242004,1121.6917871682506,5.844169016360022,0.4
1926,14.880879144133905,1079.4655397416338,1124.384083298304,5.85382909780127,0.4
1927,14.974139903106888,1080.0,1126.9758848580354,5.854533147315147,0.4
1928,14.877619609550907,1076.0800340674173,1129.575954878028,5.860034612060888,0.4
1929,14.942644589320942,1078.8647412823752,1132.314892483895,5.861337210460096,0.4
1930,14.867243934520099,1079.0842646581743,1135.4683888027191,5.868733042329876,0.4
1931,14.972005596071991,1077.040901763433,1138.826810462755,5.864691719132651,0.4
1932,14.838915009545664,1073.6375895839947,1142.4436215971075,5.869681092834202,0.4
1933,14.78997715322116,1075.2422326648737,1145.6702881256872,5.878984691057457,0.4
1934,14.882308370736665,1073.5699210706766,1148.934523743809,5.877804066939945,0.4
1935,14.923904554827217,1075.2793929183845,1151.8926278649403,5.874729075716574,0.4
1936,15.084595352454707,1075.5069176892175,1155.038029782394,5.85924793965804,0.4
1937,15.099687194277173,1073.6998922755733,1157.6995830242,5.843953991563596,0.4
1938,15.076283397160244,1068.872990773832,1160.4936065646584,5.82967637489123,0.4
1939,14.906148460181647,1068.344090746544,1163.29367791435,5.831472307849151,0.4
1940,14.698479182703288,1068.7013208423004,1165.4933259729112,5.85018577218257,0.4
1941,14.712964368427839,1069.5295199838586,1167.661751625969,5.8649732021095815,0.4
1942,14.843088943423696,1075.3000576421864,1169.450773479783,5.870827640850766,0.4
1943,14.805401140275226,1077.068721712926,1171.2598175874937,5.880045237929308,0.4
1944,14.627500266086157,1078.3597691592097,1172.3652441427419,5.903117758841835,0.4
1945,14.59189099756805,1079.4977060721121,1173.118348641671,5.92580749571956,0.4
1946,14.536940529126987,1074.2373388231092,1174.1019266920846,5.944926794600052,0.4
1947,14.476458855645504,1074.9663184808887,1174.9356195166054,5.966098290660244,0.4
1948,14.260052577723354,1074.4373148889858,1175.679689288632,6.000743711745921,0.4
1949,14.285621593102778,1074.8735966202976,1176.3038318120514,6.027393286088241,0.4
1950,14.351996411298375,1074.4368860562433,1176.8702567651578,6.043491633719574,0.4
1951,14.463287331591841,1073.8825099635444,1177.1796387476882,6.047178476444805,0.4
1952,14.332573763291473,1076.9306818040325,1176.6797758153093,6.06318801819241,0.4
1953,14.346611513544563,1078.1936840753397,1176.1250445300182,6.076123507191871,0.4
1954,14.253564768189898,1076.6564767376483,1175.7380778128406,6.0931722594545175,0.4
1955,14.240259194901181,1073.6812646190901,1175.33222248792,6.105990307397412,0.4
1956,14.402135867190216,1073.532328833235,1174.7618496611192,6.103159949597019,0.4
1957,14.31446004583975,1072.3205586469335,1174.0694968751802,6.107087826060613,0.4
1958,14.410340835820502,1072.5072085706804,1173.3992900947012,6.1026144139458856,0.4
1959,14.29508362005452,1067.9959682717981,1172.6733849070054,6.10495453801825,0.4
1960,14.270719881022163,1067.2805622041749,1171.4948392226668,6.10832359752419,0.4
1961,14.303982355547936,1065.2779936231352,1170.5337415957142,6.1068540750535485,0.4
1962,14.279101068341209,1064.6365900828632,1169.744079735601,6.107197464341711,0.4
1963,14.165022718572372,1064.6458718570289,1169.0457918622212,6.116808543322382,0.4
1964,14.06969168616195,1065.4450831161564,1167.8708191369783,6.133084283767014,0.4
1965,13.891298822130665,1067.0186877542858,1166.3391748696993,6.162198300886673,0.4
1966,13.878714165219996,1064.0060126294177,1164.6756772660592,6.184822630693134,0.4
1967,13.7830595297027,1065.682887394387,1162.71765003301,6.212459195271221,0.4
1968,13.889074100987791,1066.0507862258166,1161.2202819968538,6.226735798976397,0.4
1969,13.783521592532454,1062.6618115640604,1159.5231946316076,6.244506300161323,0.4
1970,13.821471764927145,1056.5807290280204,1158.3644780390564,6.251379524647622,0.4
1971,13.860021328997687,1056.0566043266442,1157.0644906358757,6.253469060076302,0.4
1972,14.004924019370725,1060.2494259299424,1155.7799434588499,6.246510804402629,0.4
1973,14.074614506165016,1062.041712532317,1154.6543678543378,6.236464896840782,0.4
1974,14.021973459944709,1059.2630708599677,1153.5943846081825,6.230428425832895,0.4
1975,14.006152021679569,1056.9866716416354,1152.42895973298,6.2250504897323955,0.4
1976,14.083017972743363,1055.7402660357277,1151.287101442741,6.213416813970987,0.4
1977,14.05208320004552,1055.4664937186838,1149.8137266515869,6.206198217599814,0.4
1978,14.169988947639563,1054.8152559949622,1148.5803341903338,6.190151375162934,0.4
1979,14.139972778731234,1053.2006229895949,1147.2693297741007,6.178225223135823,0.4
1980,14.261175716076641,1052.6921677858616,1146.4542919941412,6.158156682299703,0.4
1981,14.35130530924388,1054.7766018099512,1145.5414381510732,6.13591092058267,0.4
1982,14.19599146153527,1054.6504499797777,1144.621526173101,6.130266272825839,0.4
1983,14.069814451926725,1053.7261001944862,1143.69715713186,6.135250038452767,0.4
1984,14.000631107931648,1058.5095014853268,1142.7756992123097,6.148606640514002,0.4
1985,14.111949010073817,1058.3283982984701,1142.1556826837038,6.150325241231893,0.4
1986,14.11439029648756,1056.5527217882393,1141.5191040954253,6.150192580453098,0.4
1987,14.173432316658591,1056.9109376074343,1140.9379791040644,6.14552969588542,0.4
1988,14.072123060429103,1054.4851410272934,1140.5174976026758,6.148151220744412,0.4
1989,14.147328841277057,1054.0177119348816,1140.163088715449,6.143801678324027,0.4
1990,13.96150991944789,1052.9153978706568,1139.8632036385393,6.154586826398637,0.4
1991,13.923518950006084,1055.814406829382,1139.2805930541363,6.168726920615398,0.4
1992,13.94683978175051,1054.3482772445116,1139.022083520442,6.177307625536825,0.4
1993,13.917699025432128,1056.3833490901677,1138.7923184909403,6.1882637004940495,0.4
1994,14.098965649279531,1055.5676674423585,1138.512594195509,6.18181791813242,0.4
1995,14.039100080202372,1054.554464642997,1137.9560399520553,6.180658609584553,0.4
1996,13.916588025002524,1053.626293292738,1137.134005147482,6.189017964185437,0.4
1997,13.919127446008622,1051.5270272086848,1136.6401634544588,6.194078068313999,0.4
1998,13.824613180324622,1051.7205351493044,1135.994848260482,6.2060973514942255,0.4
1999,13.879015281221863,1054.6695623562582,1135.402001048181,6.213736888585146,0.4
2000,13.761413284751924,1055.9241209118418,1134.3462222207918,6.2305601904192445,0.4
2001,13.680147736390575,1055.4397261368508,1133.3113305271838,6.250630116085402,0.4
2002,13.5277283526335,1054.8948366759366,1131.6281133481207,6.279131230739828,0.4
2003,13.640691784580422,1052.7322365770337,1130.1152330675393,6.291635847422984,0.4
2004,13.606941289530031,1054.366729565259,1128.5269802692587,6.305883400257788,0.4
2005,13.598736607796802,1054.6524454061098,1126.8568343108332,6.31845288134925,0.4
2006,13.704870837105332,1053.8106428284364,1125.782217292102,6.319450163876435,0.4
2007,13.744310892823352,1057.2561660601284,1124.5213925430423,6.319649709758609,0.4
2008,13.740383076500844,1058.5388548927008,1122.9835614038263,6.321104031289292,0.4
2009,13.69828321235129,1059.744338488321,1121.3727794139265,6.326648321441043,0.4
2010,13.744845991999796,1060.6772061740949,1119.6341028359684,6.328094776983048,0.4
2011,13.658847895591792,1061.9199146901876,1117.8620038671565,6.3372481226041195,0.4
2012,13.730934748560514,1061.477560329122,1116.0140617081245,6.338528508491829,0.4
2013,13.804446629309044,1062.5911368326301,1114.119637617933,6.334412897861633,0.4
2014,13.843180704286222,1062.3593150149482,1112.0545107006124,6.32769749124357,0.4
2015,13.97367313422242,1060.7613243148921,1110.5739001043585,6.31031893547313,0.4
2016,13.843888742990206,1059.6562846504994,1108.9822304289944,6.305839090206584,0.4
2017,13.73723650985304,1058.7937799914178,1107.3128928393394,6.310229184057721,0.4
2018,13.78750318588619,1058.5178045570212,1105.9918547550444,6.3095126308218195,0.4
2019,13.864488419746712,1060.559225279116,1104.8240752973225,6.304177137923202,0.4
2020,13.852811350471658,1063.4591150167255,1103.5561820023263,6.302948600489126,0.4
2021,13.856480235731931,1063.653298032049,1102.2428798615001,6.301788180849298,0.4
2022,13.812911504003003,1065.0161497131483,1100.9426757277881,6.305427389372439,0.4
2023,13.830365354031304,1063.0537550726376,1099.6098484410259,6.305501641388876,0.4
2024,13.823330837120803,1059.2459518549401,1098.6256502957096,6.303258689531701,0.4
2025,13.791098874533414,1058.7548326955284,1097.8035436787916,6.303682178906944,0.4
2026,13.64439853254592,1057.144594065272,1096.9244765066358,6.314800451737387,0.4
2027,13.782987584549813,1058.9581110474112,1096.4458527437894,6.31396295696709,0.4
2028,13.899806870002458,1061.3340145691718,1095.7929947252226,6.305525922310706,0.4
2029,13.942495947313567,1059.3471975193863,1095.1177657594792,6.293616968804971,0.4
2030,13.850496264227202,1058.9259020384322,1094.4872981060932,6.291051341648484,0.4
2031,13.7363353925078,1058.5836886970571,1093.8811132754345,6.298018040530995,0.4
2032,13.758784423670198,1061.0205422338954,1093.1745890541824,6.303738460061912,0.4
2033,13.839086933353508,1057.7811436351212,1092.7483997538338,6.299417897645271,0.4
2034,13.814403214953247,1058.9066485997785,1092.1723084014827,6.298743071684576,0.4
2035,13.755211349616678,1064.4327959111906,1091.3134593153259,6.307204640999537,0.4
2036,13.694561963422897,1060.776250819174,1090.5067731496574,6.316335047587996,0.4
2037,13.678101281913625,1059.3547893225289,1089.668116263046,6.324092522992007,0.4
2038,13.671518062107639,1059.984450555137,1088.493180724235,6.331467657437693,0.4
2039,13.677355496586076,1061.116773199438,1087.574533626468,6.337894268456669,0.4
2040,13.64800495378033,1062.3274151104438,1086.80083267205,6.346477861135035,0.4
2041,13.6353006875509,1059.5341209230926,1086.216989021716,6.352442869361927,0.4
2042,13.67227322897626,1058.0532036743152,1085.5722155649703,6.353193206582622,0.4
2043,13.48928981682198,1061.1210125289667,1084.2738228898897,6.371081151038957,0.4
2044,13.366469028887009,1059.4312885765,1082.8748190728204,6.394508748975132,0.4
2045,13.429452271000994,1060.2398950654263,1081.684542300157,6.409183695242869,0.4
2046,13.405022109745227,1059.8669375862194,1080.4152083861381,6.422931628105954,0.4
2047,13.464864114581962,1059.9154991126238,1079.1280846140914,6.429351356932388,0.4
2048,13.309871216622225,1058.8776429565344,1077.5245085199167,6.44649693493733,0.4
2049,13.379439395876958,1059.4796291611494,1075.9839174549525,6.455326298863374,0.4
2050,13.427942974740015,1058.0344005607485,1074.6021476734215,6.457510071996139,0.4
2051,13.607923483276885,1056.7244490139622,1073.6208218271718,6.443602435438002,0.4
2052,13.679940421518532,1053.5952807001588,1072.8996196188857,6.423947298021988,0.4
2053,13.601105190599398,1055.4080434927107,1072.0308812551843,6.415642949082736,0.4
2054,13.56154665676031,1054.361016961375,1071.2719571223085,6.41127455428019,0.4
2055,13.656170819289175,1055.5380228805732,1070.275718835772,6.400849600455158,0.4
2056,13.762702828091935,1056.1717263539185,1069.2245850276377,6.384074422385118,0.4
2057,13.617800513037686,1055.993682926128,1068.1719188605089,6.38202559272251,0.4
2058,13.688735958308174,1056.8566751469941,1067.1810557789086,6.375201129930642,0.4
2059,13.605003076074057,1058.3684249107232,1066.1670872173029,6.377590604398861,0.4
2060,13.495104812489508,1060.1537753271234,1064.6090470994293,6.389880584477729,0.4
2061,13.385793559605819,1060.7381437769357,1062.99752379593,6.409333066276114,0.4
2062,13.520197455883574,1061.3142435763395,1061.6768875008308,6.41473614639532,0.4
2063,13.632834544075882,1060.5565483273456,1060.9603336644398,6.409389151637755,0.4
2064,13.60387709391928,1061.6311253286935,1060.3338301098704,6.408183398976368,0.4
2065,13.442420359197746,1059.7893311928472,1059.3881309628257,6.418996529788774,0.4
2066,13.508997446393666,1062.332845134894,1058.3599044109417,6.424345514029484,0.4
2067,13.616008895548058,1064.251501931101,1057.6293110233055,6.421437210019902,0.4
2068,13.70053716110252,1062.6506921749565,1057.350690979825,6.4109345386952885,0.4
2069,13.791633256994347,1059.7948438270055,1057.0816014237746,6.392718953901775,0.4
2070,13.880818769778559,1061.5444540808762,1057.0788142497527,6.371816639618294,0.4
2071,13.719551899446929,1061.5017706564586,1056.724610395067,6.367823201880481,0.4
2072,13.778649751667022,1062.9966275206727,1056.1963863000713,6.360849218241394,0.4
2073,13.7111724692591,1065.9087938252069,1055.252519443498,6.362846392901946,0.4
2074,13.649092024430955,1063.3014742354883,1054.6211685922856,6.367586156465127,0.4
2075,13.597045402918342,1062.0892526665077,1054.193132295489,6.374809572990797,0.4
2076,13.738616281211472,1060.4851296233376,1053.9930745944828,6.367950885347095,0.4
2077,13.8574643712637,1058.8154659314453,1053.73965886198,6.3513522298091205,0.4
2078,13.814873566755894,1061.259871577924,1053.5142551009058,6.343069823481097,0.4
2079,13.811937815029767,1060.0564305145724,1053.5877569368854,6.335608358479284,0.4
2080,13.869997034973885,1062.312303673402,1053.8468119843424,6.326450797832039,0.4
2081,13.935977320144971,1062.1642072447357,1054.4189029837084,6.313437728297045,0.4
2082,13.843529314808405,1061.127614600687,1055.102269377062,6.309538198235553,0.4
2083,13.9975754972383,1061.0696486462373,1055.6762361016638,6.293708107295395,0.4
2084,14.001605031152723,1060.3716900736358,1056.441015359799,6.279870482532092,0.4
2085,14.160453977011237,1058.8619188652194,1057.3718396296654,6.254401107337063,0.4
2086,14.16339922626322,1057.7203273255116,1058.279396253648,6.232412490704248,0.4
2087,14.348685785702562,1055.67581281556,1059.4455530333205,6.197694554458433,0.4
2088,14.295817897461637,1053.1160925806641,1061.0332964600886,6.171611062066332,0.4
2089,14.429800489475806,1053.504316187571,1063.0702262721059,6.139567037932233,0.4
2090,14.37274834774877,1055.0859174515574,1064.937783305772,6.1191489297197785,0.4
2091,14.312884068222722,1053.2481128695597,1066.8141579368505,6.105908809644444,0.4
2092,14.378640169546642,1052.3029615304042,1068.9281007882746,6.088963788170078,0.4
2093,14.099796782402189,1050.168079976643,1070.8971995603363,6.096241981703899,0.4
2094,14.223076030638447,1050.603080376602,1072.7307258554304,6.092464580538134,0.4
2095,14.08377982741997,1047.699956194991,1074.7793631071372,6.098555635427923,0.4
2096,14.11121989215489,1051.4462960417204,1076.6312158446065,6.1041401312715395,0.4
2097,14.11605739010626,1054.4012153156848,1078.6235142766877,6.1105580165018365,0.4
2098,14.05908885921654,1055.7216868340272,1080.395676815485,6.1214744272028545,0.4
2099,14.100320308922823,1052.8127872634782,1082.6472409752903,6.124857321832357,0.4
2100,14.01689867134018,1052.525864777105,1084.593422012549,6.1342315982521045,0.4
2101,14.003227723683121,1052.9137134710982,1086.6882491199747,6.143328908371491,0.4
2102,13.941940936269202,1052.8385961571855,1088.4734331480695,6.155740270247536,0.4
2103,13.805033841549372,1048.3983230105866,1090.0138044185335,6.173748788267568,0.4
2104,13.760705301025038,1047.062398917398,1091.5667778663073,6.191128342761193,0.4
2105,13.694567923380744,1045.984765054727,1092.3717661571545,6.209969632746877,0.4
2106,13.630402495548891,1051.4092163351986,1092.9925567739156,6.234763974465594,0.4
2107,13.825720148892039,1053.882625842504,1093.4240394387082,6.2410038736312625,0.4
2108,13.938438993679279,1054.6169184659263,1094.0173622713955,6.2374643321744045,0.4
2109,14.076435985565087,1051.4948546256858,1094.9488313100321,6.220924513739651,0.4
2110,14.167352498100469,1049.4270949905163,1096.0012134031851,6.198368938934574,0.4
2111,14.173299278065864,1052.8106878054236,1097.0553509518472,6.1819453929037085,0.4
2112,14.153314877535339,1053.9378332084668,1097.8843787625904,6.170963332294454,0.4
2113,14.090791120886006,1055.1069070384588,1098.5605158930691,6.167951303803722,0.4
2114,14.09994183243356,1058.2768235351116,1098.9738840777698,6.167130101165126,0.4
2115,14.208764322891994,1054.8551116390315,1099.3839489083853,6.154976926887778,0.4
2116,14.06849795721549,1056.8007149040443,1099.4531193990426,6.157944767451785,0.4
2117,14.166946825620082,1057.317032583645,1099.485795349523,6.152723491354026,0.4
2118,14.002871262429329,1055.9434516385152,1099.2262057507548,6.1608118727832935,0.4
2119,13.93939286548433,1055.9198979084676,1099.2648219251635,6.172613993533723,0.4
2120,13.856855654870824,1053.1808519208341,1099.4914995164997,6.186965954633759,0.4
2121,14.11484514052625,1051.2428191649146,1100.4122762163306,6.176186509204553,0.4
2122,14.146325408993228,1053.2693648367033,1101.4937626454496,6.166306864941355,0.4
2123,14.029839147776144,1052.8140404056367,1102.4427101289323,6.167380588642306,0.4
2124,14.275661224846608,1052.9184993054134,1103.6543532219719,6.148251432867118,0.4
2125,14.149346755695944,1050.5023102714904,1104.6967401290074,6.141061304640811,0.4
2126,14.254338400518742,1051.2643642808773,1105.8634010079943,6.127161595111416,0.4
2127,14.265925978058757,1052.4487946458253,1107.2447738565502,6.115712325816643,0.4
2128,14.327874921041689,1060.5028274408187,1108.0718742955637,6.10735030616738,0.4
2129,14.295129283159795,1060.95352357735,1109.0513298909414,6.1035101498619095,0.4
2130,14.245106570941811,1061.2707131762354,1109.5803953597774,6.104688873070635,0.4
2131,14.184884788551992,1061.0912608945953,1109.8748105601387,6.1104410842337655,0.4
2132,14.210734154245811,1062.901059542754,1109.9211519236264,6.114413695001042,0.4
2133,14.202881719388058,1064.0466131057856,1110.439583310946,6.119178975300437,0.4
2134,14.233851831017663,1064.2451873521065,1111.0267098907225,6.120705749753787,0.4
2135,14.259760870892544,1064.4165318868577,1111.3710548654574,6.119969954535231,0.4
2136,14.315218253003922,1064.523135052101,1112.3051600321617,6.114915217182797,0.4
2137,14.385502207749084,1061.0096852388772,1113.204896761115,6.102370559713229,0.4
2138,14.495764774120891,1059.0614748812056,1114.5763629920348,6.08160043663388,0.4
2139,14.428631895019617,1058.839592152543,1115.9340804076576,6.069887291246101,0.4
2140,14.3374155713344,1061.8194305528023,1117.1787131166268,6.069989467830274,0.4
2141,14.171732204758888,1060.2642158093831,1118.1421991723244,6.0824371549998215,0.4
2142,14.114466480826172,1062.498740836728,1118.7357355215618,6.099013314359305,0.4
2143,14.111090542063888,1067.1187001878461,1118.9084332614434,6.116374336019181,0.4
2144,13.97902303010208,1066.75099945173,1118.87350676342,6.141124949101294,0.4
2145,14.10021383481864,1068.7460582015517,1118.8321054206933,6.153025003682055,0.4
2146,14.179362599987677,1067.3325803502096,1118.9959865808005,6.15524642209305,0.4
2147,14.069144038534525,1068.6743158495403,1118.9731780338955,6.167089398069512,0.4
2148,13.99789475317192,1069.085231330764,1118.8927246609937,6.182933782073849,0.4
2149,13.879225976199276,1066.8541694026671,1118.8125675074914,6.203937106593967,0.4
2150,13.935704692071587,1063.950287906471,1119.1139109585065,6.2143490576282545,0.4
2151,13.971901751346772,1062.314358541704,1119.3601227162535,6.218692071192638,0.4
2152,14.024793967550485,1062.4069278160518,1119.4704778828477,6.218000972778673,0.4
2153,14.052049591237214,1063.8330021955826,1119.211121373591,6.216285054742467,0.4
2154,14.133843063283967,1064.579893245461,1118.9348334757422,6.208758489050825,0.4
2155,14.227352473320765,1065.6897496994552,1118.7740328335142,6.195784167674692,0.4
2156,14.281224633351542,1065.6470649462374,1118.4634116677732,6.180710521555114,0.4
2157,14.28831106445896,1067.152356894516,1118.4197102559374,6.168909029299861,0.4
2158,14.27703497359045,1063.3172589774804,1118.7381538250495,6.15725395377105,0.4
2159,14.203016558359648,1060.6409064158893,1118.8666719640212,6.151722254193523,0.4
2160,14.249379315374618,1058.2796457620682,1119.026169648855,6.141612382982398,0.4
2161,14.223765660544387,1061.6386170569524,1118.7858510178214,6.137954818760935,0.4
2162,14.105865400866987,1061.1220131869081,1118.5399217287852,6.144199872794419,0.4
2163,14.184314402770152,1060.4598091011105,1118.497791501036,6.142409338377487,0.4
2164,14.369806030479536,1061.4212390701691,1118.7911463593516,6.126509565395799,0.4
2165,14.490578331363423,1063.6047298858607,1119.2613461976505,6.105252958179246,0.4
2166,14.38524494682476,1064.7004466865908,1119.7884366142246,6.097258746347525,0.4
2167,14.390025259284883,1061.13742447505,1120.6884153686628,6.087619200719348,0.4
2168,14.533560299988546,1062.7452257594498,1121.8362722468835,6.069200587548945,0.4
2169,14.233668057915082,1060.1222440542676,1122.7379120486069,6.07662154460234,0.4
2170,14.255696819005768,1060.565844944725,1123.569995042434,6.081241901302979,0.4
2171,14.301589362627832,1064.9050444641925,1124.0764826787793,6.084560689969426,0.4
2172,14.216610531779317,1066.6448222871732,1124.4528120591642,6.095541838767026,0.4
2173,14.178815212468628,1065.5721077465832,1124.71098973313,6.106824042082442,0.4
2174,14.112635170476253,1069.3342961936598,1124.3994542703972,6.12432789629869,0.4
2175,13.89533844542917,1065.9332238841646,1124.0059485849104,6.153867334460882,0.4
2176,13.702191499243995,1063.66722323045,1123.6822148178294,6.192160545701924,0.4
2177,13.798340928042345,1065.5399456792295,1123.5593422197092,6.217119425769455,0.4
2178,13.6055962447795,1067.6157922939499,1122.7018867350223,6.254906142981798,0.4
2179,13.723136264053114,1065.494931539875,1122.0588524192624,6.274682509990799,0.4
2180,13.812441595118857,1065.1033075755322,1121.8329247007043,6.283305031566445,0.4
2181,13.788966704077174,1064.8719371553495,1120.9404450828665,6.292118951316742,0.4
2182,13.871144013982446,1065.6235283033068,1120.1916684683058,6.293199038654382,0.4
2183,13.885485457267038,1068.3537921340692,1119.4565098384385,6.2949768069820875,0.4
2184,13.799030513021156,1069.5107375685986,1118.369635822469,6.304374325803083,0.4
2185,13.940864378037013,1070.2877848596402,1117.4036533141605,6.301077075539231,0.4
2186,13.85854842146078,1068.1264967957002,1116.3097216622277,6.303466256517944,0.4
2187,13.785314019451876,1068.683186277593,1114.6529554788833,6.311830957500967,0.4
2188,13.79261096453254,1069.3515646603391,1112.6080594028947,6.3185990000124095,0.4
2189,13.758796276628596,1070.6349588475641,1110.6912450968857,6.327882377172845,0.4
2190,13.954363199112752,1068.525141838742,1108.8121617964964,6.317917995880327,0.4
2191,13.886967127761348,1068.260358398531,1107.1763266143475,6.3150546338905,0.4
2192,13.866752587176823,1067.5564057193703,1105.7858725064625,6.3138264210899635,0.4
2193,13.842065486870686,1065.9081911222459,1104.4305853979026,6.3135906661951156,0.4
2194,13.601635181511623,1064.3630318758924,1102.9661895470422,6.331877171345039,0.4
2195,13.478906592850368,1065.3499006851398,1101.264332122893,6.3576475586531656,0.4
2196,13.237037641249286,1064.0467596468807,1098.9943414901907,6.397559632345746,0.4
2197,13.487052933703769,1061.203339202232,1097.5396035246572,6.407706657218127,0.4
2198,13.507013618228244,1060.1774257531006,1096.0169351278062,6.4136204399065955,0.4
2199,13.616040824436572,1059.3321477877103,1094.5957493561918,6.408921008277961,0.4
2200,13.6132638184134,1056.2205088511064,1093.3837249736646,6.402942012238621,0.4
2201,13.663913465017522,1057.488465420745,1092.1831901628796,6.39485872153252,0.4
2202,13.63699407415264,1058.358215516615,1091.3600835618918,6.391087806847474,0.4
2203,13.476324814992129,1056.6549996424187,1090.2497498054613,6.39983791746344,0.4
2204,13.429730989230864,1053.4345437348297,1089.1765567031266,6.408385990943606,0.4
2205,13.500854403059117,1052.3491483395785,1088.230099040145,6.408762646900487,0.4
2206,13.558982087710246,1049.1793077121204,1087.0605619801888,6.401924910881081,0.4
2207,13.835625013194054,1052.4554714691453,1085.9697325811228,6.376187487274942,0.4
2208,13.788284635412,1051.9280844126843,1084.4471843828985,6.358552750975573,0.4
2209,13.738529841005827,1049.7188507894411,1083.563281201254,6.346488048389791,0.4
2210,13.685492501496478,1045.5613698102982,1082.886444694582,6.3377861480339215,0.4
2211,13.747987267356189,1044.6328453620188,1082.6149986702192,6.324841552993154,0.4
2212,13.693457593629281,1042.6604184442767,1082.3916944703296,6.3171919952468745,0.4
2213,13.54138523095035,1044.501745069416,1081.9899466123525,6.324738754301653,0.4
2214,13.600791987795663,1043.5901099706437,1081.6549318862426,6.3253831804225005,0.4
2215,13.549113795683915,1044.3471032871917,1080.885513982128,6.330707038648278,0.4
2216,13.577375433163832,1046.0013102858843,1079.9996031070457,6.334013641869568,0.4
2217,13.538687939845316,1044.8403517936736,1079.2680230786707,6.3390089138449035,0.4
2218,13.419769808433555,1046.0875780656327,1078.4170689768214,6.353765929625249,0.4
2219,13.480816314585706,1047.3145107376467,1078.1547073631075,6.361805523182421,0.4
2220,13.470116131493974,1049.407150209154,1077.668802063057,6.370854444302018,0.4
2221,13.45596429099733,1051.0674488269224,1076.97243587549,6.380686233780506,0.4
2222,13.41742725792584,1051.0377829803303,1076.0992282453994,6.3918751201154445,0.4
2223,13.47029022872609,1055.096755365513,1075.251850845029,6.3997986280594965,0.4
2224,13.549601842507746,1052.031823685408,1074.5641614616889,6.397497471145222,0.4
2225,13.591280403300741,1052.9095960406617,1073.62383412381,6.392868146388086,0.4
2226,13.460535677968549,1050.3641150197334,1072.7510104847386,6.397832175389558,0.4
2227,13.61926213245643,1048.662009024233,1072.1117472831322,6.387644761177418,0.4
2228,13.61944714784505,1047.2961191936313,1071.6401691856704,6.37824334935397,0.4
2229,13.55208464757264,1043.8384397747177,1071.1796773502967,6.373425049540306,0.4
2230,13.300815449642476,1044.9599160339662,1070.0544261128894,6.390855598599947,0.4
2231,13.242117633067757,1046.2062631886108,1068.8821877639655,6.410887672848249,0.4
2232,13.338933570083126,1042.3868053042293,1068.0005154213484,6.416514665198369,0.4
2233,13.325265424941724,1041.0058259193117,1067.1411605288085,6.4212017393314245,0.4
2234,13.38726599485559,1040.0348539613365,1066.3597851406278,6.419244398746939,0.4
2235,13.355995936724831,1041.9080775858108,1065.5827618129592,6.42161092567821,0.4
2236,13.27610213551157,1040.4292824533836,1064.9182665732712,6.428962430076885,0.4
2237,13.30120271886269,1040.1796229567042,1064.3898864960775,6.432750701432854,0.4
2238,13.269034325865467,1039.5033890231678,1063.582380380737,6.437974652166729,0.4
2239,13.359156883747362,1037.471637805836,1063.340095123009,6.433357472418095,0.4
2240,13.381058604720263,1038.0200985290442,1063.1296733798636,6.428196212693055,0.4
2241,13.443912614039249,1036.1492347674632,1062.9842524639212,6.41741317707322,0.4
2242,13.448392199673764,1034.5225937464147,1062.4410104456558,6.40697527551499,0.4
2243,13.55207986318991,1037.2524940658,1061.8622739963917,6.392006645016156,0.4
2244,13.537051533564192,1034.75203485198,1061.6276296931123,6.379070135938479,0.4
2245,13.513256164642815,1035.5477844812617,1061.3413625027868,6.371008342762775,0.4
2246,13.520378137181414,1036.7904532113866,1061.1722365870078,6.364755122322819,0.4
2247,13.290325883530105,1034.2816606057647,1060.714809118995,6.376530704520589,0.4
2248,13.297012843793114,1034.8228943320046,1060.0624686380208,6.386049396227105,0.4
2249,13.35866022041685,1033.5595616637922,1059.605996404755,6.3878618203115884,0.4
2250,13.378585133380625,1032.9362747285359,1059.1509138468407,6.387248539250411,0.4
2251,13.277912847867045,1033.4005250672694,1058.7164236470128,6.395323561208498,0.4
2252,13.396169061237213,1034.4154392244825,1058.45822637487,6.393048456560372,0.4
2253,13.321342740473339,1035.4539256266446,1058.179262513665,6.398082773401767,0.4
2254,13.374094324884462,1034.0858973025954,1058.04649827842,6.396865824320653,0.4
2255,13.141138383671128,1032.3633220964596,1057.8286034121406,6.413602818734254,0.4
2256,13.205203120930882,1033.541482273668,1057.5938801656691,6.422982472918509,0.4
2257,13.057173691088378,1032.7228446558336,1057.0800652546725,6.442151864317245,0.4
2258,13.0,1032.7382545676808,1056.44418249155,6.462554649193308,0.4
2259,13.0,1029.9405562959594,1055.443160618147,6.477169872898258,0.4
2260,13.0,1028.6201697357844,1054.5068997221133,6.488156144096824,0.4
2261,13.088938316886917,1028.6016035736652,1053.841807886111,6.489882811205088,0.4
2262,13.203634470721441,1026.5153551933731,1053.508535316225,6.480348504767006,0.4
2263,13.08918881410629,1024.0407593979482,1052.935709387948,6.480012078125028,0.4
2264,13.171858805490874,1026.4060481646131,1052.6469226900956,6.4747685748902555,0.4
2265,13.101000593807475,1021.4394580674076,1052.335573295558,6.472504693183023,0.4
2266,13.0,1020.7098481405027,1052.0134913289164,6.478350493604299,0.4
2267,13.0,1017.7210783398435,1051.3527435555281,6.480884539980447,0.4
2268,13.0,1015.4572076816866,1050.9328268125485,6.481250971791321,0.4
2269,13.011274251070137,1014.436508113479,1050.2910168085912,6.479858465205222,0.4
2270,13.0,1014.2408648491343,1049.5488735972715,6.479490035294227,0.4
2271,13.080610036450416,1013.232722999386,1048.9988226169996,6.471838315350074,0.4
2272,13.337860740493332,1010.4284513262371,1048.9766565024947,6.44242134807658,0.4
2273,13.200608228353447,1011.7222478028895,1048.9686175213349,6.430493820340737,0.4
2274,13.389845881254676,1010.1702377308413,1049.562066336867,6.404075426987788,0.4
2275,13.477599607589566,1009.3768760245293,1050.1284228631707,6.374641328472311,0.4
2276,13.534975593768527,1008.0461384185476,1051.0642627407371,6.344810564468952,0.4
2277,13.531408279680477,1007.7169075187497,1051.9235384387564,6.320391960333227,0.4
2278,13.518925137700286,1007.9455252466248,1052.5958902064447,6.301561662306827,0.4
2279,13.513349600704478,1007.7971980637848,1053.3049502347094,6.286464315458249,0.4
2280,13.773108307586838,1005.8768333735806,1054.4348385885737,6.2514052138101945,0.4
2281,13.801480446886174,1005.7602230776788,1055.7060031526323,6.220250021851546,0.4
2282,13.966581341478868,1010.0197353928354,1057.0417920465104,6.184430910649598,0.4
2283,13.870084558782793,1009.3355468512618,1058.5500732254168,6.162427710008495,0.4
2284,13.899190630119534,1006.4300535875475,1060.7856141110672,6.139809984425783,0.4
2285,13.750001272911806,1006.8411681500046,1062.5478765979449,6.133766006328193,0.4
2286,13.97572034498493,1006.5286965846761,1064.9609527148798,6.110127953214964,0.4
2287,13.973708000090436,1006.7980534620111,1067.5653091957972,6.091112832286161,0.4
2288,14.00864892416847,1006.9796001546517,1070.319124603809,6.072802310108521,0.4
2289,13.975671609559093,1008.5272683802638,1072.9551786655884,6.061652625251297,0.4
2290,14.059061723178871,1010.0457755317123,1075.564363998497,6.046843234989861,0.4
2291,14.023986292109134,1008.7123967345465,1078.151841937221,6.0365578648318445,0.4
2292,13.936580257079058,1009.5935636288667,1081.1268186877699,6.035932844657035,0.4
2293,13.985908014625517,1009.7537888144496,1084.1289413139698,6.031510394007295,0.4
2294,13.948309229811448,1008.1018175509205,1087.4350938088364,6.029707666894287,0.4
2295,13.903238859329068,1009.4531352083615,1090.3311722951887,6.032934177486465,0.4
2296,13.811926820039787,1012.3292118760056,1092.9555792157548,6.045216249983509,0.4
2297,13.911539524304128,1010.7427403915841,1095.3225052542039,6.0459478267963815,0.4
2298,13.836577291229089,1008.1045292023355,1098.1141438527509,6.050679145810757,0.4
2299,13.771029874940732,1003.8881154893161,1100.8866125676832,6.056727753494587,0.4
2300,13.747010308802567,1005.7653583127168,1103.5185453584384,6.065069686314629,0.4
2301,13.732434510352125,1004.0546077919224,1106.0193262415783,6.071807878082714,0.4
2302,13.848537184987665,1006.4430306897847,1108.6484103214655,6.06965093247211,0.4
2303,13.643401263269192,1008.0415841076294,1110.7928412890299,6.08585445097814,0.4
2304,13.77345875654529,1006.5455623636768,1112.8600147327916,6.087382045364133,0.4
2305,13.774866514518333,1004.6299049706519,1115.0456229035753,6.087071393789963,0.4
2306,13.790938695992157,1006.7184047590596,1117.020085750212,6.08708214666914,0.4
2307,13.711531853544518,1006.4087349366531,1118.7473382148685,6.093345980809146,0.4
2308,13.762125781523743,1004.9893051421849,1120.3273449709816,6.093274700084871,0.4
2309,13.807526001399799,1006.4657656402693,1122.0706984407386,6.090622348059246,0.4
2310,13.730896729769706,1006.7508092390556,1123.4996860051833,6.094925056436527,0.4
2311,13.760119222408527,1008.3539427159384,1124.6992188651902,6.097277184115977,0.4
2312,13.879009904337227,1009.7274483555175,1125.8955980955136,6.090528552549434,0.4
2313,13.719735322072415,1011.30531410918,1126.7783800491397,6.099203460037318,0.4
2314,13.661979623313725,1008.5200830971881,1127.8904368606304,6.108931045234877,0.4
2315,13.609535175852416,1009.2514894796824,1128.3904626738927,6.12174636856858,0.4
2316,13.633110768573628,1008.266330373878,1129.180042397987,6.12958355598105,0.4
2317,13.738912964021084,1003.7112271998641,1130.2511946680681,6.123920236247755,0.4
2318,13.762522523895575,1002.0231204616728,1131.44538464075,6.116070732139437,0.4
2319,13.565666405477414,1000.2902625153732,1132.280360118509,6.124411180160346,0.4
2320,13.514029790357089,1003.0327447995857,1132.9784392170736,6.137543408331989,0.4
2321,13.41786615286058,1001.3410275325813,1133.640688085341,6.154891389635096,0.4
2322,13.313318956852735,1003.9591369912512,1133.7879666298072,6.179639621912159,0.4
2323,13.252023339662259,1006.8965181539021,1133.678448572892,6.2071629103751205,0.4
2324,13.183828358574756,1005.0097841145925,1133.7033906491363,6.2338785298355015,0.4
2325,13.242901252555454,1005.2654261854904,1133.3865834184746,6.2511511663025106,0.4
2326,13.260498757092439,1004.6557117340791,1132.9557838879243,6.263415716009428,0.4
2327,13.350439261786683,1004.7082048679462,1132.5191321450702,6.266162393534691,0.4
2328,13.410212453861648,1008.8612831680902,1132.0397485792955,6.266669731043948,0.4
2329,13.315316131609038,1007.9034376564327,1131.6963131784557,6.27411654404921,0.4
2330,13.204791726715479,1008.3958038444475,1131.1954825712762,6.289627213919566,0.4
2331,13.085221052958884,1010.217986730366,1129.9797180617452,6.3134948489344005,0.4
2332,13.279666585569979,1011.3401548069668,1128.8742916687747,6.3180245797874965,0.4
2333,13.355681379486784,1012.7834432734771,1127.6385781800877,6.316618156208835,0.4
2334,13.411568858618526,1015.4259539362415,1126.1932743097486,6.312895502140737,0.4
2335,13.356790870278541,1015.1262208910556,1124.6103033319148,6.31409278482988,0.4
2336,13.434042072302718,1013.377472251677,1123.11816737286,6.307439534434191,0.4
2337,13.455565083217019,1009.218893845285,1122.0255771298173,6.2970811233825765,0.4
2338,13.494716654639793,1010.3680935929691,1121.040602540052,6.286256554912834,0.4
2339,13.510800294732213,1009.3944738741147,1120.3727048269634,6.275329997191838,0.4
2340,13.608583387961414,1008.2157947120692,1120.0668976246518,6.257488304035425,0.4
2341,13.790887816116046,1011.7144607361816,1119.7143009345143,6.230605189292598,0.4
2342,13.632228700716988,1016.1809224247469,1118.8389089173857,6.224903303150447,0.4
2343,13.43197191779703,1016.2849902051336,1117.474407554219,6.236671416056074,0.4
2344,13.249003529033734,1014.8951168455231,1116.3068099961542,6.260222701108559,0.4
2345,13.327196410189577,1017.346337643984,1115.2676812786501,6.274997955527178,0.4
2346,13.40011903861223,1018.1697312666936,1114.402505828622,6.281776912534514,0.4
2347,13.164751517670853,1018.7334921804571,1113.0387418911378,6.306996094342665,0.4
2348,13.378257197657138,1014.1846458131797,1112.329537726564,6.306789211403208,0.4
2349,13.424486718587454,1013.3817003517138,1111.7896667294522,6.302234664173559,0.4
2350,13.401452395681384,1013.2756339620403,1111.333511719418,6.300302114122538,0.4
2351,13.24885107608659,1013.4548009290181,1110.6938304945827,6.311323453145023,0.4
2352,13.308656121939164,1009.9084415555162,1110.489001947977,6.3127926351100205,0.4
2353,13.49509732794351,1010.1170706641359,1110.9252582394506,6.29891911257276,0.4
2354,13.610883589890475,1007.6391831217713,1111.3239716948685,6.276207487783872,0.4
2355,13.64460283216465,1008.5938886356581,1111.3682743327925,6.255550176346837,0.4
2356,13.828728911624045,1009.7747544218511,1111.2716043824132,6.224457132289409,0.4
2357,13.81323873245013,1009.8376621821999,1111.429439473674,6.2002742518712335,0.4
2358,13.74064160981741,1010.6573495803553,1111.6984441992881,6.186996610462881,0.4
2359,13.78945243231628,1010.1370022740703,1111.585246475073,6.171726741529873,0.4
2360,13.796823307321548,1010.7001374127768,1111.9721314305564,6.159028831264238,0.4
2361,13.741346457167666,1012.2825267485174,1112.3558636048253,6.154346399378813,0.4
2362,13.626540598496662,1010.3646928995821,1112.6245873872429,6.158438857613564,0.4
2363,13.468039943032503,1008.175265670523,1112.4222525334053,6.173092139945421,0.4
2364,13.357921791566493,1004.674892458341,1112.2962000950602,6.1914604046469375,0.4
2365,13.260941723401697,998.6415293203579,1112.6246967068696,6.209886370340293,0.4
2366,13.256876232862071,996.2820926571854,1113.220277404723,6.223544159978384,0.4
2367,13.279222868257335,998.222666524138,1113.77009659177,6.234384454280534,0.4
2368,13.411293290924633,999.6302619629698,1114.7805253617,6.233544842819682,0.4
2369,13.417603354697837,998.649276616778,1115.7817266011693,6.231599078088516,0.4
2370,13.341964205307974,1000.7400091876542,1116.4092794484939,6.237765376120682,0.4
2371,13.376446568877286,999.7437931719486,1117.1918430163212,6.239250702448301,0.4
2372,13.354485115993558,998.4616565751035,1117.9853406911025,6.241294064699391,0.4
2373,13.508531761063129,997.963014751315,1118.8646840401223,6.230003956691416,0.4
2374,13.259252652612304,996.7420927705027,1119.219871953273,6.240194139849983,0.4
2375,13.372462014369313,994.780995727271,1119.4418842597815,6.237816031632542,0.4
2376,13.38628101051516,992.5198915254132,1119.547663667772,6.233027299752598,0.4
2377,13.588665491147157,994.4388693502673,1119.6387198409034,6.214012427089386,0.4
2378,13.59346749862898,996.6349393537738,1119.6991854330972,6.199688040376789,0.4
2379,13.577189437733546,994.4016219051015,1119.9265704302,6.187583898417638,0.4
2380,13.763214592181704,993.0450222715143,1120.7472422592657,6.161430937066639,0.4
2381,13.540832334507941,990.4733165300121,1121.4898882139466,6.156214377315344,0.4
2382,13.51993478960186,991.9766850142424,1121.9786727899511,6.154781092263085,0.4
2383,13.565646124816597,993.2126760060605,1122.538092762302,6.150804677396299,0.4
2384,13.697419810145728,993.6295730747022,1123.1911839940558,6.137090645824331,0.4
2385,13.604749179190822,992.4328746579429,1124.1421571230453,6.132513479893882,0.4
2386,13.795067256217516,991.4078225568201,1124.8086798782012,6.1124324711878435,0.4
2387,13.71618715928934,992.3445123512289,1125.6472097650555,6.103120263054436,0.4
2388,13.639069780546631,993.9131239624768,1126.368470256297,6.102972154953999,0.4
2389,13.646259142641107,994.4510553000282,1127.4912890359897,6.1026698677324696,0.4
2390,13.72553986816435,997.7021378716693,1128.5561134227391,6.098400989745216,0.4
2391,13.767811121076605,997.5226186520432,1129.6285064444164,6.091310386477642,0.4
2392,13.778421630491373,999.8422637229816,1131.0154266917896,6.086382652642485,0.4
2393,13.955158285638399,999.6673939989234,1132.1110701489265,6.067766789927654,0.4
2394,13.880210494406915,1001.8839971703006,1133.0260425511406,6.06030226799849,0.4
2395,13.883344369962044,998.935297935872,1134.1644593241733,6.051696043084982,0.4
2396,13.822265214324805,1000.9062987441549,1135.436293271259,6.051120403865643,0.4
2397,13.917160292688653,999.0546107473116,1136.657422174444,6.041493677776279,0.4
2398,13.789974646654276,996.8026825744374,1138.2355758865835,6.042290915678236,0.4
2399,13.725351287179887,996.0494225132409,1139.5435871409795,6.047656207087823,0.4
2400,13.776360051923689,997.2740698364189,1140.635829379276,6.048813143165144,0.4
2401,13.741873418090622,1001.9368356469813,1141.4698917682074,6.05610512941817,0.4
2402,13.86464101429284,1004.8711593032455,1142.4531561689475,6.054270338868142,0.4
2403,13.81331451702816,1004.2949262091983,1143.465888153128,6.056524579754489,0.4
2404,13.912355799765345,1000.8659411216739,1144.7232275979463,6.047687090929842,0.4
2405,14.020340342177557,996.9492399051232,1146.6427092311358,6.028654827167994,0.4
2406,13.794348449972654,996.4911096889259,1148.175625061802,6.031170081870818,0.4
2407,13.733756053736231,997.5912493815684,1149.5379865279624,6.039015906955211,0.4
2408,13.566504025362176,994.6819394620526,1150.6015330910925,6.056917880983987,0.4
2409,13.555871701913215,993.5129843524435,1151.8033927383092,6.071582643096969,0.4
2410,13.597431787636006,993.3877374188645,1152.6980216552768,6.080116771142562,0.4
2411,13.609149368700328,991.5967568006025,1153.484206830994,6.084803214067965,0.4
2412,13.608265786387486,989.448212805353,1154.4281975827284,6.087094004352993,0.4
2413,13.624181726415227,986.7080420502795,1155.394870190852,6.085600232676813,0.4
2414,13.527222314947126,985.6290825367269,1156.5272904283418,6.091483169615273,0.4
2415,13.325258934305058,986.5634274171316,1157.1810711563078,6.1135179901004655,0.4
2416,13.223083254274338,988.4468705186807,1157.711820398383,6.141360222455205,0.4
2417,13.216020159207908,987.7193584871994,1158.3749441597834,6.16421805001912,0.4
2418,13.095452709570353,990.4552145760374,1158.1517687586506,6.194882547809073,0.4
2419,13.045632071920673,988.5949247120158,1157.7092591961164,6.222692399368366,0.4
2420,13.02822150869306,988.3308938211349,1156.8212906514252,6.246719661520442,0.4
2421,13.0,989.5101630979535,1155.7604631628028,6.269619805748815,0.4
2422,13.0,986.6864285742382,1154.8723982987678,6.286263180716152,0.4
2423,13.0,984.0255668306971,1154.1025093162195,6.297899136711252,0.4
2424,13.110721691010367,985.2136303933936,1153.4269676510435,6.2992906200912655,0.4
2425,13.0,985.6824022878804,1152.614608403287,6.309834204604475,0.4
2426,13.01323829542096,987.2698143539515,1151.5403302038387,6.318598193925456,0.4
2427,13.0,989.4193131279166,1149.9355688907622,6.3284915197435785,0.4
2428,13.028787099124179,990.0882262550505,1148.1504090459257,6.334757263498124,0.4
2429,13.0,990.0648962329619,1146.3435512888561,6.342230017620581,0.4
2430,13.0,987.2905744440682,1144.4439462536736,6.346260288728592,0.4
2431,13.0,987.8690372355755,1142.4607541254136,6.3500024289075405,0.4
2432,13.0,990.2930940766645,1140.3821774139974,6.354903570826141,0.4
2433,13.008108098606268,992.7409127534518,1138.1964236613267,6.360110464300941,0.4
2434,13.0,992.3229451289046,1136.0682302489986,6.364726727244224,0.4
2435,13.0,992.691664148488,1133.9745419415442,6.368790814436521,0.4
2436,13.010123916780392,992.9957046916917,1132.1616929920135,6.371525894105572,0.4
2437,13.0,991.9320079482538,1130.2003589828646,6.373791831175449,0.4
2438,13.09161146284307,991.4676494705258,1128.4725008150301,6.36781235582005,0.4
2439,13.157702141010748,993.2848926171291,1126.801329115695,6.358882091627592,0.4
2440,13.102916547614315,993.7899813456229,1125.1672337640255,6.356418200760874,0.4
2441,13.18987861912637,991.1491242989645,1123.7670038777271,6.345294781838927,0.4
2442,13.265462703134412,992.254494974093,1122.4976870226355,6.33083250720819,0.4
2443,13.245412751268322,992.8837169477456,1121.2571647116683,6.321087615889564,0.4
2444,13.258922382866414,993.4603029797495,1120.0778315494945,6.3124286969542895,0.4
2445,13.45447151013241,991.5597647750558,1119.3107357930626,6.287911301864439,0.4
2446,13.408992110769304,993.2822745293522,1118.4992555644585,6.272825831780962,0.4
2447,13.441724665554032,994.4970946728339,1117.751827713765,6.258699245963976,0.4
2448,13.56031561337201,994.310727135691,1117.248930507005,6.237283299480282,0.4
2449,13.575236946898627,993.7015400043601,1116.8534288308776,6.218042306516572,0.4
2450,13.6069909903486,993.4200584177448,1116.7794203314602,6.199456951776116,0.4
2451,13.65811288701893,995.561865952551,1116.886822849562,6.181658485989357,0.4
2452,13.633024440761059,996.8209158732185,1116.8543952025993,6.170065813612432,0.4
2453,13.654972634026805,994.6677806959633,1117.1637719303467,6.157138445715671,0.4
2454,13.5850308064135,994.6733900569104,1117.586214795767,6.152257890869763,0.4
2455,13.729585744464222,994.1557709874163,1118.1647254938423,6.136051486342076,0.4
2456,13.81569274716266,995.0321084939189,1118.8770150696491,6.116388081523772,0.4
2457,13.722316128853521,995.5079366605593,1119.9355685981516,6.108254552914966,0.4
2458,13.70717894953759,996.1427905172302,1120.8505435871857,6.103302019265086,0.4
2459,13.88876216330589,996.9259579605441,1122.0068499463982,6.084994036030184,0.4
2460,13.8174707432848,999.1722606573231,1123.2835558764407,6.077505629460453,0.4
2461,13.868499111507754,1000.8779626372998,1124.5743394913595,6.068484608518957,0.4
2462,13.909534156667696,996.5098406285505,1126.1514797881102,6.0544316872178445,0.4
2463,13.921247738458137,997.5406284585263,1127.8201563283556,6.042730333446479,0.4
2464,14.025410548341103,998.0504603954923,1129.5252795862214,6.02500847147467,0.4
2465,14.21465842230834,997.6803732464639,1131.5073034289842,5.994731422512518,0.4
2466,14.314241375296852,995.9232819062815,1133.560339874123,5.960437962392155,0.4
2467,14.25438707692758,993.6723473817867,1136.0460275085497,5.935506911855676,0.4
2468,14.208303752866273,994.2765115300866,1138.689477247348,5.919286127754168,0.4
2469,14.185365816154963,992.8843712957819,1141.1474647299046,5.906807114961845,0.4
2470,14.068459551339519,990.2370871328164,1143.5360580713418,5.9041265576056565,0.4
2471,14.10631587489552,992.5476685187313,1146.2190787886784,5.900581681340337,0.4
2472,14.20407855764216,991.5049442668715,1148.8181454229305,5.888897416834314,0.4
2473,14.138957576143493,990.4779886614015,1151.4802115551136,5.8838616281097105,0.4
2474,14.027464967485068,991.7229178006988,1154.0110441741915,5.889784623764411,0.4
2475,13.887473081432223,989.4352085931565,1156.400263025441,5.904352108968602,0.4
2476,13.853830705143256,987.0278323221692,1158.9430981593734,5.917226725365507,0.4
2477,13.9999661171043,989.955542251047,1161.8194383051416,5.918055073651743,0.4
2478,13.871004127297482,989.9859364606892,1164.677207066031,5.92929607107596,0.4
2479,13.828988485878813,992.1081887806664,1167.1305085739677,5.943551629934454,0.4
2480,13.928219151634927,992.8938366155172,1169.4331374566596,5.9477260079559775,0.4
2481,14.144010007606834,992.4787578417289,1171.8514002854427,5.933200769630618,0.4
2482,14.204859219986055,992.5618197347134,1174.0608507933111,5.91638027135929,0.4
2483,14.150731774412588,990.4057879820728,1176.3932840921818,5.905380797624068,0.4
2484,14.29079564527415,988.0527207592039,1179.150692506861,5.883136290813891,0.4
2485,14.144461561474564,986.0223161262204,1181.72000292753,5.875319230655111,0.4
2486,14.330210752495827,989.3278053542966,1184.0500811711304,5.85622876729108,0.4
2487,14.396228541349945,987.9157304023861,1186.195970068892,5.834112084963772,0.4
2488,14.526507144819806,987.5537801817862,1188.428101076772,5.805056403613049,0.4
2489,14.451876450912515,986.8182000178875,1191.0308608651483,5.786773466607652,0.4
2490,14.410139619609037,985.3157101859458,1193.371700737937,5.7740563098044,0.4
2491,14.51989907736105,985.1406180450304,1195.7069881939058,5.754526328679706,0.4
2492,14.584170408910792,987.2389451865838,1198.272220297663,5.734845826262227,0.4
2493,14.580046447005264,989.533945928313,1201.268263784581,5.72077984500756,0.4
2494,14.707378139153041,989.7798453989404,1204.4804428689886,5.699026094496212,0.4
2495,14.828174620368868,989.470185858849,1207.6868930791727,5.6710824280196395,0.4
2496,14.908880496140064,988.4193000563022,1211.3640213989809,5.640778867674102,0.4
2497,14.998670027159639,987.8071747165552,1214.8366518137873,5.608129580958994,0.4
2498,14.855835582965515,986.3552243113148,1218.7735567743744,5.591931922125787,0.4
2499,14.760891768836737,987.5749935114044,1222.7250619114684,5.587330795888429,0.4
2500,14.906244663855226,986.3958212263997,1227.0385510532997,5.570788179545421,0.4
2501,14.784665021695051,988.4058777707478,1230.9838138899397,5.568678325249011,0.4
2502,14.714461107401826,991.2120527966987,1234.567764137136,5.574806776921616,0.4
2503,14.811901794275464,990.7484356520874,1238.3635055468592,5.571518759800512,0.4
2504,14.856055464889964,994.41929114852,1242.1165926327296,5.567989514553893,0.4
2505,14.708395057338995,993.1372558339328,1245.6949208917945,5.576193123258903,0.4
2506,14.665197795113746,993.3611645290362,1249.3715507301965,5.586619437639556,0.4
2507,14.735120875877959,995.1478422885492,1253.1545514859806,5.590805629657832,0.4
2508,14.725050821586569,995.7298891048797,1256.9583506257156,5.595501259342657,0.4
2509,14.720582672464996,993.609385488289,1260.908393230105,5.598113712096286,0.4
2510,14.63596060191769,992.2706338086153,1264.3718176392524,5.606159142689553,0.4
2511,14.478961309220146,993.4029199758446,1267.2742484153346,5.626442386317702,0.4
2512,14.561505163911628,992.7773574368241,1270.418613543462,5.635856237007896,0.4
2513,14.503464065101282,993.0879450850952,1273.0684059500077,5.64855351743073,0.4
2514,14.536072896278768,989.2762553357103,1275.5892526953883,5.6534188562430945,0.4
2515,14.429808646363552,989.2156264965948,1278.1363986951803,5.666046513169934,0.4
2516,14.415903946786605,992.1913534753469,1280.5062249396312,5.6797871334953065,0.4
2517,14.360162818191228,993.012634339334,1282.3007124647222,5.696230495524101,0.4
2518,14.353003562496072,995.4253749832035,1283.7468392137523,5.712123138689885,0.4
2519,14.360912910249507,995.8653884679195,1285.216204873155,5.724841404381864,0.4
2520,14.486995095339854,999.1015446497746,1286.5460767633992,5.7274134801571845,0.4
2521,14.571812303145316,1000.4858863441668,1287.8384471057223,5.723637882392046,0.4
2522,14.492403521579268,1001.890151456703,1288.7811730514295,5.728092802279288,0.4
2523,14.495737548282426,1000.7699536743685,1289.360663447398,5.730626510401199,0.4
2524,14.406211542586739,1000.9490876987288,1290.0004450554459,5.740155641569033,0.4
2525,14.290519062701378,997.7958497505621,1290.4488660881566,5.755040070694076,0.4
2526,14.226636222582986,999.2562530588219,1290.7488899923765,5.773569873172129,0.4
2527,14.101086124152499,1002.3436844426619,1290.4218699053558,5.801358363374056,0.4
2528,14.040915048721724,1001.3734978112287,1289.9064142896225,5.828328644530475,0.4
2529,14.076647834272732,1001.7791720974549,1289.1764020887738,5.8478308816038975,0.4
2530,13.947127963771129,1002.948170005747,1288.1455089115334,5.875290842240164,0.4
2531,13.844442829116907,1003.2696706984492,1286.885947988404,5.906442493689529,0.4
2532,13.81800346845036,1005.7590781834606,1285.65081963152,5.936029464490346,0.4
2533,13.91158199410093,1002.229216253774,1284.795964178132,5.949974967812009,0.4
2534,14.065314939586042,1002.483401818646,1283.9075760681692,5.949039388517773,0.4
2535,14.103959024541105,1000.1251354613271,1283.2066682872705,5.943331369507837,0.4
2536,14.089069508849482,1000.3125234283067,1282.3279227090914,5.940009230445047,0.4
2537,14.097936471915574,998.0672557976139,1281.3404507980542,5.934863045862993,0.4
2538,14.357978856524412,998.1439378992944,1280.532386855853,5.909450482504346,0.4
2539,14.409380367464582,997.7334124872365,1279.6485573323225,5.884101291864709,0.4
2540,14.4231050378889,999.0770051967448,1278.731352507416,5.863209131561519,0.4
2541,14.39091112722417,1000.9299791945373,1277.9140028186653,5.850109294834756,0.4
2542,14.546979292204204,1003.9892813912351,1276.9129279497631,5.828926370737347,0.4
2543,14.361103744763845,1005.9220779122505,1275.5466066915671,5.828207316884184,0.4
2544,14.410477177074355,1004.6560566536479,1274.2683283842473,5.822625783764672,0.4
2545,14.432158057779283,1003.4552385563669,1273.340331603556,5.815369346553922,0.4
2546,14.598642704987634,1006.9218927949476,1272.8457394042432,5.798434733275607,0.4
2547,14.603020138084117,1007.0415622267516,1272.5371876616236,5.784281096645188,0.4
2548,14.53435498966095,1004.5013567098616,1272.3115878916378,5.776366035166617,0.4
2549,14.43693110647634,1004.2230996691253,1272.0675082199034,5.777626802165238,0.4
2550,14.394387543125125,1003.8330529005449,1272.3914498051006,5.781842415744122,0.4
2551,14.314778609903643,1004.1793744454873,1272.701453874759,5.7920666799896425,0.4
2552,14.226911104693873,1004.0828658194429,1272.8878516089699,5.807558148675422,0.4
2553,14.195510754609758,1005.1438245242107,1272.837439036436,5.82362927438744,0.4
2554,14.288944418307052,1006.803068435636,1273.099189997709,5.830426586870989,0.4
2555,14.237390465615182,1010.6507627603809,1272.6737100950131,5.843122229030986,0.4
2556,14.063736228741991,1009.3372139737003,1272.1569166851314,5.8667306369567305,0.4
2557,14.115967279976227,1010.6504339559757,1271.6005786837065,5.88281400425558,0.4
2558,14.106951088207948,1010.4049211164786,1271.357915268504,5.8965535609252795,0.4
2559,14.133181656979184,1011.7935115434001,1271.0392933287542,5.906726209677201,0.4
2560,14.039525734616817,1011.4172461089267,1270.4284644999595,5.922436886960766,0.4
2561,14.02528516951405,1012.5079384904806,1269.4808089158455,5.937307944753943,0.4
2562,13.945237260004472,1010.4096901293292,1268.391744018811,5.954457451548441,0.4
2563,13.986331850347314,1011.3011234802233,1267.0975020206433,5.965835720810388,0.4
2564,13.83723681277781,1011.1691825319799,1265.4070723154412,5.987250200718492,0.4
2565,13.943440716571931,1010.9248539457586,1263.7604844761436,5.9959463788138985,0.4
2566,13.984469922205124,1012.7296226436446,1262.3044471031615,6.00108874330339,0.4
2567,14.093236210261953,1017.9022909916459,1260.66402274942,6.000327638395857,0.4
2568,14.084274972164222,1018.4795277901062,1258.6575280031655,6.000872235768663,0.4
2569,13.957369754889632,1017.2572242560293,1256.7169424684505,6.0107654384982805,0.4
2570,13.9584753638954,1018.8879382669944,1254.702308018769,6.020020334160906,0.4
2571,14.060285137610405,1022.3452513242332,1252.7461454646952,6.021903182567541,0.4
2572,13.883638856912762,1019.8274695748315,1250.5164125905603,6.035979209317045,0.4
2573,14.027759916413649,1022.4414888334508,1248.340703221806,6.037720176828742,0.4
2574,13.953257470979509,1022.3703869481986,1245.9551775431241,6.045182357003961,0.4
2575,14.108078252187845,1024.6689321544911,1243.8013111111711,6.040387090683253,0.4
2576,13.844249232195837,1026.5515750861196,1240.9687255049357,6.05943835787033,0.4
2577,13.804251653158007,1026.6052365276887,1238.3188598736149,6.078369567172531,0.4
2578,13.860125852119268,1024.9826494241909,1235.9201901789897,6.088100443410977,0.4
2579,13.857851735468476,1028.4405912528568,1233.629976951461,6.098879806761677,0.4
2580,13.873831465800253,1026.148429043117,1231.4778365676627,6.104680146515975,0.4
2581,13.941993800791792,1023.5772270876936,1229.3056648681168,6.10192237042069,0.4
2582,14.12117708741426,1022.5765279126133,1227.4869405771271,6.084261607263408,0.4
2583,14.119530793042916,1026.677202661149,1225.8353059321216,6.0730144267603565,0.4
2584,14.1683467206669,1028.6408765988085,1223.869682434031,6.061287038639293,0.4
2585,14.276414257732135,1028.339874468984,1222.4727050962663,6.042611743640902,0.4
2586,14.159843430089271,1030.6397403292935,1220.788485682696,6.03856286836759,0.4
2587,14.203237688186686,1030.086941161537,1219.5914381553325,6.03127869570093,0.4
2588,14.274933261099486,1031.3089592204765,1217.9180231716823,6.020370557548393,0.4
2589,14.365272026286563,1032.7962635074982,1216.2975101206962,6.005167802413213,0.4
2590,14.413876545571897,1030.4151942357332,1215.071313077567,5.9869294935169135,0.4
2591,14.43982483916591,1032.7453635791005,1213.8872401917458,5.97161519369303,0.4
2592,14.427544826551944,1033.322852099766,1212.8026176456701,5.960497571789883,0.4
2593,14.405878941972036,1029.0316845320087,1212.1069352167601,5.949907535235948,0.4
2594,14.424222245346352,1030.8015586301694,1211.824296919606,5.941062715328181,0.4
2595,14.589670130356248,1032.285319018418,1211.7107145743844,5.92141128469432,0.4
2596,14.653379542668045,1033.698522848249,1211.8095464947562,5.901159160495785,0.4
2597,14.664503581928924,1032.4735804681093,1212.3026893075419,5.882717305725203,0.4
2598,14.589251556224632,1035.154978232412,1212.410934010359,5.875771717063693,0.4
2599,14.703731802558785,1033.1257908201771,1212.8543700498162,5.859186942947178,0.4
2600,14.62010011819124,1030.7105436670747,1213.5324539112378,5.850595882570406,0.4
2601,14.702137814472854,1032.553133461649,1214.44767613908,5.838240090406018,0.4
2602,14.71486805776065,1030.6978192984545,1215.5928668846539,5.825665407842366,0.4
2603,14.61854955262982,1030.705713766878,1216.7174009779783,5.823231284597591,0.4
2604,14.519124490361097,1028.910075243519,1217.753052772043,5.828002816901816,0.4
2605,14.516683538094147,1030.520062300207,1218.6144834101715,5.833332098225392,0.4
2606,14.533380688002202,1034.2799511907667,1219.3257931628145,5.839180093821501,0.4
2607,14.521849751893855,1033.5247065120511,1220.3771379543361,5.844346793331975,0.4
2608,14.461869127143638,1036.6299565022653,1221.306910651417,5.855832672577754,0.4
2609,14.653452551331867,1038.3672563433531,1222.3351431024057,5.850908294814493,0.4
2610,14.702895996075158,1039.2993487535891,1223.2036691945111,5.843534448606336,0.4
2611,14.82544625599765,1040.4152004516445,1224.4291027836327,5.828316671358511,0.4
2612,14.767531085907024,1039.0918136067398,1225.493396925041,5.819570441260352,0.4
2613,15.035364979006859,1039.2995611472343,1227.0240045890785,5.790668203976358,0.4
2614,15.171016569877715,1040.448387284138,1228.7666608978152,5.756751433957015,0.4
2615,15.038529285570265,1043.268344451621,1230.170767818516,5.741898431033375,0.4
2616,15.121326480163514,1042.9370860123327,1231.4752584792734,5.722702350513728,0.4
2617,15.095508565927371,1042.272901127546,1232.8352569826618,5.708569280666097,0.4
2618,15.033275055678633,1039.8740923134628,1234.2999426235058,5.700252386385119,0.4
2619,15.130551375076237,1043.1554317642592,1235.7022532221142,5.687963804878348,0.4
2620,15.275294919368665,1042.113969143294,1237.164127090423,5.665271379861768,0.4
2621,15.325552412290177,1041.8380537673895,1239.205458512386,5.6423479570024435,0.4
2622,15.35127285030018,1038.829959200436,1241.5633369707325,5.619174756571002,0.4
2623,15.52806094783444,1036.5394888197843,1244.4956971325216,5.583994013278948,0.4
2624,15.232941375149332,1037.3151925344837,1247.1249694832723,5.579849407267604,0.4
2625,15.351212007836427,1035.9140591937878,1250.4852146009962,5.565726497429546,0.4
2626,15.390990313102762,1037.3657102652414,1254.1230884014972,5.551992476465992,0.4
2627,15.384351944113108,1035.657465292062,1257.479087578154,5.539981633589989,0.4
2628,15.260417458533173,1037.5806308720396,1260.8122826987649,5.541714581771722,0.4
2629,15.35147559888866,1038.42261738898,1264.0235439327191,5.536330869857699,0.4
2630,15.26100739069028,1036.4758645532459,1267.0146258581594,5.537837542918358,0.4
2631,15.373086442022355,1037.5541593463108,1270.19427530654,5.530729105616797,0.4
2632,15.322445515033525,1038.6130005263299,1273.572672939201,5.529839047515139,0.4
2633,15.138475807934974,1038.2469022679966,1276.8050402045164,5.543866434052574,0.4
2634,15.085947284487796,1039.2990249367936,1279.8161528997148,5.560456926686983,0.4
2635,15.240704358372758,1040.59679357043,1283.1552377847352,5.562395495656349,0.4
2636,15.345830400166069,1041.590605201746,1285.7494232384263,5.556145543669155,0.4
2637,15.347119202541645,1041.6740042937006,1288.5769496003347,5.550978311823042,0.4
2638,15.445461706496108,1039.8458256283743,1291.6036885444962,5.537322529215083,0.4
2639,15.525792765849985,1040.2158330727436,1294.6597985502717,5.519839858934101,0.4
2640,15.440675059606207,1040.6161812689031,1297.3461861983535,5.512762551494234,0.4
2641,15.393332762252182,1038.8168607261825,1300.2372878940098,5.509467685603017,0.4
2642,15.391845648984047,1041.729499368097,1302.7279976043767,5.509089377281779,0.4
2643,15.318774155122608,1042.4256323095485,1305.3117559819943,5.515276843440457,0.4
2644,15.385450103211632,1042.6169972040473,1307.714100202247,5.51504647907298,0.4
2645,15.349568623654084,1043.6257350091698,1309.5323529621119,5.518552420581765,0.4
2646,15.54096969180165,1042.2672526509305,1311.375301368205,5.50475898466712,0.4
2647,15.450488676390949,1043.4856668028856,1313.486201789605,5.501763596895351,0.4
2648,15.536541421175453,1041.6993509380045,1315.9478524668307,5.490924693824861,0.4
2649,15.466067587460348,1041.746333361327,1318.3401449951853,5.48783143371029,0.4
2650,15.405341973293638,1041.29399949564,1320.874295833895,5.489915493203585,0.4
2651,15.359734053131312,1040.0486562541134,1323.5155846160421,5.494410021733159,0.4
2652,15.363433758939147,1039.5771641585854,1325.8679990881385,5.497436747144573,0.4
2653,15.494555829175253,1038.0057616970466,1328.1975560561953,5.488015386141315,0.4
2654,15.621080142359759,1040.4932821053947,1330.5194146105355,5.471830868673917,0.4
2655,15.659647324007569,1041.255312843959,1332.6988324343997,5.455983949504747,0.4
2656,15.882151669373332,1047.0595951129771,1335.0225873476722,5.429194458078114,0.4
2657,15.925918377240206,1043.475252180369,1337.529071906429,5.4009406964843425,0.4
2658,15.830023031638989,1045.0604332151938,1340.4752828822816,5.386807576482309,0.4
2659,15.965062930908312,1045.5497070908457,1343.2882435162046,5.3645528485623455,0.4
2660,15.837932704452252,1048.086391739957,1346.1780848173862,5.358610787368693,0.4
2661,15.946136240878747,1048.68022397033,1348.9091230690792,5.345344841359286,0.4
2662,16.01529807117626,1047.2333774827773,1351.6034957373117,5.32772104491507,0.4
2663,16.10203552294686,1046.6807084837858,1354.3045703333423,5.305763529508882,0.4
2664,16.042922407039306,1044.145257061615,1357.135855641706,5.290672289432612,0.4
2665,16.08868411963987,1044.3219008487447,1360.3319268414225,5.274691368119423,0.4
2666,16.036139183736324,1045.0235017588595,1363.7895375957112,5.2664113950926925,0.4
2667,15.951873489660395,1042.9158296421285,1367.3120722727006,5.264914609610409,0.4
2668,16.168334833565687,1039.9948169762463,1371.542553353586,5.24378973891559,0.4
2669,16.015338846732234,1040.8309698077771,1375.7688125218203,5.239602308530505,0.4
2670,16.13744314120889,1041.3186559648177,1379.7257296893702,5.226558943404825,0.4
2671,16.208862706811637,1037.7157709818857,1384.1670263191086,5.207303196053616,0.4
2672,16.279982983544656,1034.79389205451,1388.4461352449114,5.183492593741905,0.4
2673,16.484159754300695,1035.5940107557178,1393.1205308004182,5.147887463878232,0.4
2674,16.482424534497177,1037.210796484347,1398.0358486221148,5.120055349563207,0.4
2675,16.537537154634986,1037.9232861736868,1403.2337769030614,5.093267854712366,0.4
2676,16.45984976778525,1035.8858953166778,1408.361845201939,5.076110454700138,0.4
2677,16.50815029184816,1034.598611218664,1413.6515955063555,5.057121081085591,0.4
2678,16.581263714856235,1037.9938876049405,1418.7152515884518,5.038141794741468,0.4
2679,16.65397849496366,1039.8750762243642,1423.5305002531513,5.018058706705192,0.4
2680,16.800827970707658,1040.4305357856474,1428.9563525939923,4.990009962785977,0.4
2681,16.76504514240395,1040.0266275620263,1434.048284223457,4.969628810884142,0.4
2682,16.780555852164884,1042.8802235581506,1439.3691081745324,4.953806049696044,0.4
2683,16.882254293634464,1042.8592417747602,1444.8854287019553,4.932504726656666,0.4
2684,16.897215803961448,1039.799867196751,1450.699101707805,4.91150209995948,0.4
2685,16.775942332564888,1037.137678841188,1457.0688013774084,4.90217779975351,0.4
2686,16.638234266388558,1036.2188751369779,1463.2851059000802,4.90509076115216,0.4
2687,16.70419497792926,1034.4159658887265,1469.5258268341713,4.90072608076027,0.4
2688,16.68530056142867,1034.531693123707,1475.4024927415358,4.898778584344994,0.4
2689,16.568751279925944,1035.4269054769518,1481.1522902985744,4.907382825107923,0.4
2690,16.428649675905763,1034.898712262995,1486.7873928474505,4.925488091544302,0.4
2691,16.35520269559395,1036.1300113385953,1492.1994140792033,4.947267359354368,0.4
2692,16.25686411595227,1035.9549508348948,1497.587481730003,4.973030241946143,0.4
2693,16.16100231241621,1036.3232526482523,1502.4307521288672,5.002268068427263,0.4
2694,16.112935735555833,1034.1586823260327,1506.9808925046807,5.028534671639213,0.4
2695,16.116519432965493,1033.3460410149764,1511.4726705346216,5.049166069689536,0.4
2696,16.047530557461325,1032.034861288216,1515.7035336219653,5.070730335123572,0.4
2697,16.185510572333275,1030.1822593814913,1519.4929208688225,5.075736738922661,0.4
2698,16.13250585262886,1031.3386142614015,1522.6992892289927,5.085047740021371,0.4
2699,16.035270575628974,1032.3284655495409,1525.7941766249912,5.101377155332577,0.4
2700,15.98529863049463,1033.708689484312,1528.5246679395555,5.119894432538832,0.4
2701,15.973604054878157,1035.6761767347748,1530.6415242693138,5.137521700928689,0.4
2702,16.066810313245433,1037.5245713795596,1532.1942842940953,5.145756631926055,0.4
2703,16.123493790642012,1036.2292458450106,1533.5427885195686,5.146897835466928,0.4
2704,16.131536139535626,1036.3754349495337,1534.5916514774337,5.147286920581877,0.4
2705,16.14277356087336,1035.3385443263041,1535.412254983276,5.145903758993254,0.4
2706,16.208184689017465,1035.7078228207074,1536.1235934431304,5.139703343640416,0.4
2707,16.161508683165938,1034.3307822533525,1536.895569686864,5.137392323580355,0.4
2708,16.346295079665385,1034.73304057064,1537.5821872498313,5.12070065009704,0.4
2709,16.236804508517693,1033.7508305472636,1538.701976417001,5.115218496537238,0.4
2710,16.30801922890433,1035.0965421087349,1539.6842956558853,5.105920821608676,0.4
2711,16.302977731667983,1038.510257547746,1540.3211595432206,5.101289488193303,0.4
2712,16.412559249471716,1035.218370129273,1541.0411115340255,5.08604812626941,0.4
2713,16.305300899286948,1037.0637189080435,1541.6924294679607,5.083710445545667,0.4
2714,16.08008367585881,1036.1781774146002,1542.468161741338,5.099528829481702,0.4
2715,16.112422884306845,1033.4742213420186,1543.375366389837,5.107812953404006,0.4
2716,16.14542949560563,1030.0801536990123,1544.370226036442,5.109342719606846,0.4
2717,16.241252576658386,1029.0836909464851,1545.4489371777931,5.102013139868633,0.4
2718,16.148203712399464,1031.1490980670458,1546.5788322861358,5.105168285453681,0.4
2719,16.28823303570595,1030.011826555424,1547.660251621982,5.095452531270029,0.4
2720,16.238932986885874,1027.9028304085575,1549.3103753158307,5.089920011741979,0.4
2721,16.10169960186688,1025.316700541139,1550.0,5.094642943772962,0.4
2722,16.040914024098175,1023.7693157504593,1550.0,5.102313322551874,0.4
2723,16.098507712762697,1023.7997057144671,1550.0,5.103919451725706,0.4
2724,16.056227463609794,1025.292224712946,1550.0,5.109819963971874,0.4
2725,16.154559382796933,1024.6008480352436,1550.0,5.106100018809415,0.4
2726,16.083556705968185,1022.9867894645799,1550.0,5.107631774247222,0.4
2727,16.061987975658795,1027.4384710243878,1550.0,5.114015881606322,0.4
2728,16.18291345212303,1029.56830362616,1550.0,5.110978973151067,0.4
2729,16.060857973730407,1034.182741599213,1550.0,5.12195159701963,0.4
2730,16.121017211144018,1034.075550733959,1550.0,5.125951899416281,0.4
2731,15.931863200586568,1036.3456298202632,1550.0,5.146405992913535,0.4
2732,15.853984057646374,1036.8258265022655,1550.0,5.169905661833949,0.4
2733,15.82666458341178,1039.6759387981022,1549.599536563152,5.193562622678793,0.4
2734,15.869048392619625,1040.2231726143548,1548.8914147486478,5.209911434448187,0.4
2735,16.00521784781793,1040.9029625380729,1548.3052037903203,5.212703613402614,0.4
2736,16.040237431308064,1039.2520760433158,1547.7058774430252,5.210883329592395,0.4
2737,15.811980073223998,1036.9921080741503,1547.307998002879,5.226335352385957,0.4
2738,15.657250826543098,1038.6987944466152,1546.4208603250213,5.252940740013024,0.4
2739,15.44450168465931,1037.8283727143626,1545.1501475295179,5.291484978912378,0.4
2740,15.475540119165554,1039.4942622537515,1543.8946285225659,5.3218142064337774,0.4
2741,15.533535708242143,1039.8598123663523,1542.2001279300698,5.342221129347112,0.4
2742,15.588013176544983,1037.0212466223938,1540.7426079855688,5.352356951723905,0.4
2743,15.625659424759586,1039.4964215991865,1538.7149259928187,5.3594631069512335,0.4
2744,15.621313322137448,1039.56703747206,1536.5021796535764,5.365698703343816,0.4
2745,15.5676247287857,1039.946244141976,1534.1829030236634,5.375486004476896,0.4
2746,15.593331239217736,1037.364420298337,1532.1125156343037,5.379458996547724,0.4
2747,15.484973014629501,1037.4744637540298,1530.3102652701698,5.391655077011658,0.4
2748,15.32679966830845,1035.9462065072653,1528.4823330938837,5.413426426374885,0.4
2749,15.337417478284475,1032.7997849919363,1526.1637207234826,5.428032550755902,0.4
2750,15.27133580157787,1031.615687165809,1523.4335620107481,5.444514589412248,0.4
2751,15.332039706042112,1028.454572918691,1520.3641857338541,5.450679335666812,0.4
2752,15.505224233659051,1028.1372857636459,1517.5886377453994,5.441341918909484,0.4
2753,15.423695563120638,1026.7624231479767,1515.0950389805257,5.439308363987429,0.4
2754,15.42168917220939,1028.7324112502736,1512.7361129399192,5.4392941222219475,0.4
2755,15.387631382015515,1029.3464280198166,1510.4849778077921,5.44252984326667,0.4
2756,15.493136429822444,1033.1473906380058,1508.1956210550682,5.439434789755912,0.4
2757,15.59830509410021,1034.794766458411,1505.8837157478774,5.429547878752537,0.4
2758,15.481730201986425,1033.3945428587535,1503.7347878842068,5.429908542871967,0.4
2759,15.445890563998045,1033.1364365411985,1501.3659750265995,5.432937974290239,0.4
2760,15.437405805569398,1032.080431372664,1498.7045611190174,5.435317142604598,0.4
2761,15.568680842432531,1031.246946135342,1496.2830752022664,5.425910149770502,0.4
2762,15.466500461783433,1030.7332253618524,1493.7750381844423,5.42615822344843,0.4
2763,15.520124853260587,1028.4381833421771,1491.6358581419522,5.420244406825943,0.4
2764,15.563072760317054,1029.1320189227013,1490.0304702695207,5.412409913929726,0.4
2765,15.396377003724934,1028.5475924431225,1488.2131065469127,5.419166180564974,0.4
2766,15.319531197048684,1026.7238353233158,1486.4146261652847,5.429607398144887,0.4
2767,15.293706989468378,1026.1793026748637,1484.521265081293,5.439867884121648,0.4
2768,15.380469689927837,1024.530838269899,1483.0246454877915,5.439944995650892,0.4
2769,15.246735274276883,1025.0037766702933,1481.689382735555,5.4512945449825665,0.4
2770,15.4693329133711,1025.021870454334,1480.230112247154,5.442424175268495,0.4
2771,15.614643225860503,1024.5887920580656,1478.9167384784366,5.422948306098743,0.4
2772,15.738713500240483,1024.6955625091146,1477.8355622103559,5.396919789018208,0.4
2773,15.694643387455594,1026.2894366488297,1477.1885355969316,5.3803827834785745,0.4
2774,15.740967315183648,1024.0802252621997,1476.5454502466469,5.361366683753846,0.4
2775,15.852978183339173,1024.1648484431792,1476.2551830691455,5.33668392895872,0.4
2776,15.917285800586313,1022.5456052619676,1476.355030864234,5.309964703700284,0.4
2777,15.898480819722389,1025.9047277513303,1476.0811218501033,5.292131178626525,0.4
2778,16.09083545051521,1028.7591014324064,1475.7552440097406,5.263946374140546,0.4
2779,16.107582946323845,1029.146959263828,1475.5693148385365,5.239759449625117,0.4
2780,16.04874417943686,1030.6244953526111,1475.6864873864924,5.22585149283559,0.4
2781,16.228318495504816,1030.6326856487726,1475.6692153075346,5.199778347023002,0.4
2782,16.215554892741572,1031.6505224280577,1476.3573216908837,5.180210893679631,0.4
2783,16.38549347529153,1034.3093437889581,1477.5287990483334,5.152288269920926,0.4
2784,16.531905327461732,1035.3590684879894,1479.223601207876,5.118220533751907,0.4
2785,16.40270653771021,1033.6908796552257,1481.009042530646,5.099581964434236,0.4
2786,16.1905332947351,1033.9613313675645,1482.8664722769752,5.1018415965042,0.4
2787,16.124363791520945,1035.250456304668,1484.8408305952141,5.110076445056682,0.4
2788,16.106474146420855,1036.2009021959555,1486.804862806394,5.119009499761109,0.4
2789,16.091589672535648,1036.5079761484524,1488.5701711699949,5.127783111732726,0.4
2790,16.01780435944233,1040.0547708539634,1490.5038239404637,5.1436885861328046,0.4
2791,15.88554630292042,1040.9643385278437,1492.1572787092243,5.168226836681293,0.4
2792,15.874694642269688,1043.2082998918384,1493.3226946611092,5.1909314346306115,0.4
2793,15.818258650287548,1045.827183294386,1494.570935651283,5.216141030066159,0.4
2794,15.689495278490742,1045.3816405256357,1495.463001818104,5.2469986107333675,0.4
2795,15.691302643768577,1045.3291643487873,1496.5260087542983,5.272114457000276,0.4
2796,15.629967261732709,1045.9492966728308,1497.6470199665534,5.298190598396089,0.4
2797,15.523209211007575,1045.8491461877725,1498.1239370962971,5.32822158847921,0.4
2798,15.492351523782256,1047.1872103031506,1497.7586037713018,5.356380267018649,0.4
2799,15.473597756565184,1045.033433637338,1497.125574592168,5.379374686118612,0.4
2800,15.56880901991871,1043.827438403,1496.4575893916158,5.389537712942173,0.4
2801,15.470001112248628,1043.4148216723072,1495.6269916811889,5.405634038903888,0.4
2802,15.417817871092367,1042.8186721919058,1494.5080839119576,5.422646751652601,0.4
2803,15.488532583585023,1042.1152332727315,1493.0893056053212,5.430286569978749,0.4
2804,15.390653242870453,1039.165178318823,1491.6761565712154,5.442319679184231,0.4
2805,15.249347441018251,1038.1969967983478,1489.991958225284,5.4630023936306085,0.4
2806,15.286775098123154,1037.1101860135138,1488.0024291723428,5.4760820023846914,0.4
2807,15.457417904223831,1037.0311348818134,1486.160839852613,5.472802588792926,0.4
2808,15.543565058757178,1040.316044795985,1484.1817252165984,5.465556916074327,0.4
2809,15.631579122488237,1040.3577307819146,1482.1267364161745,5.452454469762337,0.4
2810,15.644007184377545,1037.7514012715867,1480.2693172961096,5.438724457459103,0.4
2811,15.671275653160986,1034.9662965280324,1478.654979080436,5.423131928915341,0.4
2812,15.63693608369643,1033.5648524728042,1477.4591699611517,5.412092793420347,0.4
2813,15.68818400668372,1034.0899921526864,1476.1507578286205,5.3992497276459215,0.4
2814,15.563220235411277,1032.0470845021243,1474.827723609666,5.397386014915452,0.4
2815,15.655334533160236,1032.4220906171959,1473.7896163229468,5.388613694687416,0.4
2816,15.589783690670185,1033.968861575196,1472.4843108165612,5.387946565792962,0.4
2817,15.743307574757205,1032.2136871564014,1471.0703141316283,5.3735266364313095,0.4
2818,15.791309498089877,1029.834712471773,1470.0213849567888,5.355981072318429,0.4
2819,15.841642037806423,1028.482448003456,1469.6347093413729,5.336458222662184,0.4
2820,15.783362905699256,1025.8821945724956,1469.6721310890714,5.323246265026055,0.4
2821,15.85756241910747,1026.868947471177,1470.0288976006216,5.307094860720112,0.4
2822,15.885204007475112,1025.000101421044,1470.6114010021868,5.290178990973935,0.4
2823,15.741674750967766,1022.7027749659657,1471.3580217018973,5.28630040982381,0.4
2824,15.85333658198247,1019.6191141299133,1472.220785392859,5.271663720858132,0.4
2825,15.697053240172512,1020.034458645003,1473.1677401956506,5.272747111052393,0.4
2826,15.570380472340215,1020.7811090752273,1473.6438388531074,5.284551657324192,0.4
2827,15.615183819154796,1021.961619855631,1474.2358138180116,5.291462521915364,0.4
2828,15.61918499077625,1026.0376856106536,1474.4325435144399,5.299883960846017,0.4
2829,15.667509793322358,1022.4581158613404,1475.1284752020242,5.3001342831746046,0.4
2830,15.666077009548108,1020.5930575964276,1475.9950386315293,5.299046650525804,0.4
2831,15.531928572297039,1023.1440321974129,1476.7585706150446,5.311045938844289,0.4
2832,15.513995694658195,1023.7427971694012,1477.2308078620829,5.322803496344917,0.4
2833,15.536300458959756,1026.8176780850424,1477.676965531812,5.332946558128932,0.4
2834,15.488601856104186,1025.2231990683908,1478.1344978248005,5.343956372480593,0.4
2835,15.50726296862689,1025.7737819659817,1478.1412847198255,5.351875674804179,0.4
2836,15.52637638988642,1030.6055520184655,1478.176483947741,5.360460372083868,0.4
2837,15.539392949906254,1031.0783630499895,1477.758997882213,5.366793555708225,0.4
2838,15.62936077721452,1035.2069392142268,1476.8987385261112,5.367755799012729,0.4
2839,15.68836556351156,1036.730310091856,1476.1523404120485,5.3648746357697155,0.4
2840,15.634683983755751,1036.3115644978518,1475.4322608247242,5.366582368939023,0.4
2841,15.571163950215517,1036.166430714962,1474.7935983893635,5.373063846138898,0.4
2842,15.346940131942983,1036.6942632133191,1473.895558105295,5.3971012692407845,0.4
2843,15.474578201019513,1035.8049096185218,1472.6970238191673,5.405709021861731,0.4
2844,15.472881483838922,1038.0420945612564,1471.3349000064372,5.414597346555612,0.4
2845,15.51825673930828,1040.1102843792787,1469.9612324310278,5.419741258430064,0.4
2846,15.337279340065962,1040.5843581292322,1468.2862227776895,5.439107138988161,0.4
2847,15.156790800740586,1035.322170564281,1466.6369136292074,5.465758470680368,0.4
2848,15.038781298339272,1036.1229939920484,1464.7481466449512,5.497861721715605,0.4
2849,14.925307986322954,1039.6934691415397,1462.4449020507277,5.536158705835488,0.4
2850,14.798868399924626,1039.239139798646,1460.0560475379211,5.577551402831036,0.4
2851,14.881852498830236,1038.8647244247343,1457.7518987699184,5.604428895782141,0.4
2852,14.895540745097566,1038.2181089441808,1455.2800092476268,5.624860995213783,0.4
2853,14.962994189286313,1037.3110046031893,1452.7362815562633,5.635417250406836,0.4
2854,14.822165577784657,1034.4447603690498,1449.6576678608321,5.653415013156045,0.4
2855,14.848413719867823,1032.7012926899756,1446.9834229330231,5.66471011887398,0.4
2856,14.843039567357915,1032.3001683022205,1444.3364605234092,5.674108031268654,0.4
2857,14.845454436804728,1029.8995824504555,1441.9393701919512,5.679802133397158,0.4
2858,15.079129200553453,1029.7525230557158,1439.411001768854,5.665264218546562,0.4
2859,14.955166591619639,1030.4750952126349,1436.4635521801404,5.664019617321776,0.4
2860,15.094398247777256,1029.7466421450226,1433.5090009537198,5.6510703228571355,0.4
2861,15.075407529703607,1030.7501790913614,1430.3901838160166,5.642762496808541,0.4
2862,15.08077031241276,1028.778488173481,1427.2097507276972,5.634021234511785,0.4
2863,15.055574865526932,1029.6960982089627,1424.3097042638612,5.629606084534778,0.4
2864,14.864726864262433,1029.6847469364957,1421.3620015233923,5.6415731786549825,0.4
2865,14.874827653042953,1031.3866950336271,1418.5298497946392,5.651847432135837,0.4
2866,15.081821042483819,1029.7023602309664,1415.6826092887675,5.642083463094219,0.4
2867,15.020995357998538,1030.6266623065937,1412.9414887112503,5.639746455785404,0.4
2868,15.025301267599277,1031.3529162232924,1410.2584830830192,5.638027278820627,0.4
2869,14.878847191151987,1030.4927024819794,1407.561483329636,5.64793545924835,0.4
2870,14.795632560919435,1033.0046289187708,1405.2327175728717,5.664759483167901,0.4
2871,14.800693139284169,1033.07694157363,1402.5952223078111,5.678196300685041,0.4
2872,14.965519808721657,1032.4589627866228,1400.4975136615756,5.675277663659687,0.4
2873,15.136557569495398,1033.8167104317365,1398.548058157178,5.659933632708172,0.4
2874,15.234007704789063,1032.1010331059908,1396.9234740160616,5.638090850213468,0.4
2875,15.137170057426765,1033.3947690663872,1395.270218748751,5.629071405496317,0.4
2876,15.199678768631873,1032.5737486291305,1393.3638154134344,5.615946557498006,0.4
2877,15.129712394430966,1031.88533660307,1391.5804533962396,5.610381394747387,0.4
2878,15.058723405842235,1033.1613085126999,1390.2484856607912,5.612583816203031,0.4
2879,15.009866350490768,1033.4883735821502,1388.737222950435,5.618629661552486,0.4
2880,15.078619459234964,1034.0414982916482,1387.2941040894377,5.618386912972843,0.4
2881,15.010535657178682,1034.9883178604523,1385.4408868875955,5.624467463035591,0.4
2882,14.980370583340045,1035.33365187467,1383.3680025247866,5.632179676435887,0.4
2883,14.792402382817748,1035.7782407602465,1381.1002402951424,5.654200561968307,0.4
2884,14.811760329793808,1032.9501397324868,1379.316608286846,5.668537712301021,0.4
2885,14.855931807632228,1034.8776138607273,1377.8696522367286,5.6781416528458415,0.4
2886,14.883307423886407,1039.5477983952703,1376.4600754594326,5.687310408240418,0.4
2887,14.965235417005779,1038.435651876126,1374.9597123155613,5.687292849297781,0.4
2888,14.903948147759504,1038.0891676690453,1373.5997274330084,5.692024904547072,0.4
2889,14.877268513716686,1039.8835475873984,1371.9821687770695,5.699442000763744,0.4
2890,15.058259571468666,1039.1967766211405,1370.4362975898323,5.690214231571433,0.4
2891,15.02043470971882,1038.6981118101203,1368.8586594223962,5.685361517938804,0.4
2892,14.744552836889092,1039.2700058355756,1367.179328628255,5.704359711290937,0.4
2893,14.684725531457348,1040.6364541942178,1365.1547626048955,5.725860352198703,0.4
2894,14.616213307975912,1042.3024504885982,1362.8439845086548,5.750349189844525,0.4
2895,14.588323706270236,1041.1955794884816,1360.0631115418398,5.771872380489399,0.4
2896,14.753292393551439,1043.9219221855471,1357.3801390053027,5.778101270772558,0.4
2897,14.676032573569964,1041.9704296710397,1354.8468963378489,5.7880473049526655,0.4
2898,14.571545003770627,1042.4367933366686,1352.2513421851556,5.8050943481155715,0.4
2899,14.567518839540197,1042.5395987508743,1349.8270577879246,5.819479662543205,0.4
2900,14.581282879355925,1037.4816434608551,1347.5207752375595,5.8263270088408685,0.4
2901,14.641676412135197,1034.8830046542957,1345.3837302839609,5.825041902368471,0.4
2902,14.715840344404057,1036.3148308974846,1343.7537287205744,5.819009899155945,0.4
2903,14.62273895029492,1036.8960182928085,1341.9823455905737,5.822111280119137,0.4
2904,14.674189520826173,1038.0474824843586,1339.6322503093445,5.821320378813953,0.4
2905,14.802747206608434,1040.1692483876577,1337.2753523680187,5.811770160684469,0.4
2906,14.864654810599426,1038.1936125912323,1335.0382594579723,5.797386311758051,0.4
2907,14.959121186831531,1038.796413778418,1332.9527106003645,5.778327481070213,0.4
2908,15.084255138750866,1039.3979787049288,1331.510660636496,5.75292807643978,0.4
2909,14.981345299515171,1038.6956066520197,1329.9956130126209,5.739979363433166,0.4
2910,14.804646155124063,1032.794684866073,1328.4237471424913,5.739340175977209,0.4
2911,14.575849218952229,1035.3951472971332,1326.515711493069,5.759479277485168,0.4
2912,14.59182568532694,1037.3332604914033,1324.5269698355726,5.776152957464421,0.4
2913,14.74780207055014,1035.4537847143476,1322.9207180144035,5.7756581011595145,0.4
2914,14.85315096447169,1036.1993273957548,1321.620285780311,5.767206837645366,0.4
2915,14.660162883423329,1037.041126322045,1319.9355593377622,5.776684187535312,0.4
2916,14.687537116522394,1034.6060597775188,1318.5133252637113,5.78037768180855,0.4
2917,14.633582915388114,1031.5646591609589,1317.483051987591,5.7855161855631785,0.4
2918,14.614276302934798,1031.0413260662533,1316.6004943274702,5.7909118551920615,0.4
2919,14.475125203391414,1029.239730869603,1315.8455651292888,5.805345726173764,0.4
2920,14.541015938174331,1030.69154168358,1315.3399410072543,5.812894478507666,0.4
2921,14.559156867167308,1026.5574039297778,1314.784868898623,5.814476570562285,0.4
2922,14.683563491679193,1024.7378622790482,1314.0555159967287,5.8042318032040106,0.4
2923,14.485639852183798,1026.72165154446,1312.5681150982696,5.81350515847444,0.4
2924,14.58666503406864,1023.8803998071915,1311.3584689631052,5.8107055456191885,0.4
2925,14.557797667361323,1023.636140058314,1310.533900808216,5.810584243915053,0.4
2926,14.36765590244439,1022.5806824869628,1309.7959440887348,5.825225235622732,0.4
2927,14.292432480160617,1019.9060173948511,1308.5998735198239,5.841356060082422,0.4
2928,14.341862014780316,1022.2862977211447,1307.377194230013,5.852343446496923,0.4
2929,14.47074830984452,1025.1634953221574,1306.0430906642164,5.852995676710534,0.4
2930,14.360521239318809,1024.7324446639952,1304.5902781147918,5.8622123873914855,0.4
2931,14.280400748734348,1027.301403901877,1302.6074240492978,5.878259669824266,0.4
2932,14.442511964042556,1028.9920282826724,1300.8835548640293,5.87944882493604,0.4
2933,14.555153458702256,1032.1953133399254,1299.239319423735,5.873640552687388,0.4
2934,14.674744159356749,1031.9586743439684,1298.1012727878212,5.858925918305065,0.4
2935,14.638483085760033,1036.2404677970671,1296.3941504360062,5.853060208896426,0.4
2936,14.517340366157676,1038.9112860632574,1294.7327188999975,5.8601692488364865,0.4
2937,14.558270953250029,1038.5891516138042,1293.0889463264634,5.862410280366363,0.4
2938,14.502901267548715,1040.2108782380083,1290.9163580135967,5.86999876226427,0.4
2939,14.447051244221482,1041.3006145197385,1288.4872477004203,5.881609221955844,0.4
2940,14.601049599521764,1040.0089014047342,1286.4384532777706,5.877568518192852,0.4
2941,14.782184382115162,1038.019637070719,1285.0549325896473,5.857948922837151,0.4
2942,14.826973287781566,1039.1376383672678,1283.5592030593994,5.8390459142546085,0.4
2943,14.958996974788414,1041.6102762531518,1282.0519206486483,5.814625785756452,0.4
2944,15.059712389733706,1042.7523690369314,1281.1369566059602,5.787234238823173,0.4
2945,14.967870482753554,1037.9309145486357,1280.7558816845847,5.76863347138315,0.4
2946,15.128276423332345,1038.6954117921957,1280.8825656673807,5.740850428534364,0.4
2947,15.238771493437069,1036.7393346937347,1281.2463213919063,5.707559881982964,0.4
2948,15.138259344592429,1034.3736086090446,1281.4997294315954,5.686686997694375,0.4
2949,15.062599296936472,1036.1682589794234,1281.8091384958611,5.6771109273521825,0.4
2950,15.106162419737386,1036.5221656989465,1282.0594024419756,5.665966124756254,0.4
2951,15.181857532741208,1038.036248505888,1282.2421533001475,5.651786228594968,0.4
2952,15.10755687820175,1037.9050177118863,1282.791649187267,5.6461313527514125,0.4
2953,15.22601342060228,1037.1598754991019,1283.920997778397,5.631250758401861,0.4
2954,15.218243767354444,1037.7315290784488,1285.1739803418968,5.620115777204628,0.4
2955,15.357469146937012,1037.5903843539804,1286.8922227914782,5.599500889191711,0.4
2956,15.285746762046966,1035.9577258722315,1288.9138335446116,5.587223544502132,0.4
2957,15.285137293962036,1038.3801124237898,1290.631985349854,5.579037251821556,0.4
2958,15.218289166160728,1035.1971001754246,1292.7871542123373,5.575380963567642,0.4
2959,15.137704548855712,1037.0757711366657,1295.001786270405,5.580388457372297,0.4
2960,15.204626133411884,1038.408227418246,1296.894785882835,5.580033107351058,0.4
2961,15.107672098430616,1037.3850579571674,1298.4992952678047,5.5868912879597366,0.4
2962,14.937982730403835,1039.0089131056773,1299.8662006067839,5.607609645706274,0.4
2963,14.771631279049643,1043.1471235849126,1300.8689319507926,5.641321426785402,0.4
2964,14.655375159539275,1043.1165391274062,1301.332955101628,5.678442415506799,0.4
2965,14.536709691330694,1041.2363603399413,1301.7796672235088,5.717157553157026,0.4
2966,14.57306745512156,1042.3228800257343,1301.9856398610225,5.746754218455683,0.4
2967,14.639568623981775,1041.9381915605943,1302.4495359893099,5.765298184001678,0.4
2968,14.66860155173455,1040.383172033895,1302.7453353190658,5.776956070131253,0.4
2969,14.437060756320216,1038.1136646719851,1302.771520664026,5.80372130299316,0.4
2970,14.378477289218406,1038.3700394105492,1302.4173293975525,5.830650054173838,0.4
2971,14.302013977539842,1036.301296284579,1301.7497578023008,5.857416242169133,0.4
2972,14.329371521769971,1036.8043591741568,1301.135634329971,5.8775091733553095,0.4
2973,14.286287707317477,1040.9836148536879,1299.9690418224184,5.900665703538758,0.4
2974,14.42024291494479,1042.553496491888,1298.4632152485574,5.9098940692403605,0.4
2975,14.309713929062088,1042.1270528302612,1296.4603218314826,5.926171366433819,0.4
2976,14.52831956220474,1043.815342851142,1294.3974181952033,5.922930645047824,0.4
2977,14.446680444935797,1041.564561349092,1292.148231715534,5.925243211358976,0.4
2978,14.359403589232292,1043.0068633614696,1289.8590791296217,5.935362160703568,0.4
2979,14.27537677581162,1039.691781044319,1287.7835856880981,5.948020168127106,0.4
2980,14.323497739497594,1039.476878462108,1285.8554025893777,5.954304822709837,0.4
2981,14.402574643130349,1037.8845848577114,1283.6211425746892,5.951792300937884,0.4
2982,14.283547839975428,1036.6232816029778,1281.2421165408093,5.958505358178123,0.4
2983,14.339366428579917,1035.6848471441956,1278.8531203702285,5.958739113603522,0.4
2984,14.310507306545151,1034.780258172275,1276.6027036165358,5.960605291242258,0.4
2985,14.205012375942207,1037.0649122674147,1274.07553734132,5.97248380113082,0.4
2986,14.331808773417677,1035.0831016355796,1272.1286037896575,5.970364128800078,0.4
2987,14.375918026281491,1037.3931310575972,1269.9588055931813,5.966767771587884,0.4
2988,14.473899603480566,1037.6582420414682,1268.4676807299877,5.956012128088983,0.4
2989,14.415943963056167,1036.540984490518,1266.8683123681517,5.951083988646848,0.4
2990,14.419756481684013,1040.6613278895477,1264.9678070897173,5.949846334891696,0.4
2991,14.4056533366223,1035.7883339995299,1263.145163354692,5.9462999844460604,0.4
2992,14.351138110596883,1037.9081018956003,1261.3390964296814,5.949449505880866,0.4
2993,14.22913278396192,1037.7682490933455,1259.59596357531,5.961896660031511,0.4
2994,14.348648839080727,1037.9199762020332,1257.7396826953131,5.962451180104899,0.4
2995,14.50807535050323,1040.3770915093894,1256.1519202438128,5.951735131223991,0.4
2996,14.436877971272914,1038.225775244608,1254.605263227708,5.947139825876174,0.4
2997,14.315918197476678,1035.8214002353666,1252.848074150795,5.951438800698605,0.4
2998,14.185082100145385,1032.6791572907866,1251.3778652642688,5.96328035026081,0.4
2999,14.288457540238195,1032.1936845126647,1250.1556009678316,5.964175562517173,0.4
3000,14.324043282951104,1030.8247968902278,1249.2898478560621,5.96096669063033,0.4
3001,14.27574087754866,1029.6614811328313,1248.3276920760197,5.961403221540015,0.4
3002,14.306233494404271,1029.4979609280786,1247.4474151727457,5.959145698961722,0.4
3003,14.418804228268375,1029.4885091445815,1246.710151175521,5.948088104527824,0.4
3004,14.2385063824511,1027.7778142959062,1245.7779421036498,5.952461531746617,0.4
3005,14.329324509602117,1025.232350753655,1244.8077197799712,5.946701714277304,0.4
3006,14.413846668354124,1024.988263898035,1244.2686411500035,5.934886983476405,0.4
3007,14.554603200550273,1024.639421972697,1244.3276364631681,5.913432555913042,0.4
3008,14.670355269065288,1022.4390071751845,1244.535660836291,5.884717152685118,0.4
3009,14.624663496561567,1021.7226843677174,1244.5826446563203,5.86436291364478,0.4
3010,14.718880799115992,1024.3033936895365,1244.4182923917674,5.84192401591425,0.4
3011,14.792829236640449,1022.5140902292411,1244.7455576310092,5.816128340044734,0.4
3012,14.881964580001874,1021.5708264500358,1245.3907317986145,5.786978638155156,0.4
3013,14.874783946014771,1017.9629884811156,1246.1857323089584,5.760935158510624,0.4
3014,14.857450181453013,1016.1330846006992,1247.214562045292,5.7396126131085,0.4
3015,14.696453088382878,1015.0958584968648,1248.4705580227994,5.734500665389951,0.4
3016,14.64811636483594,1016.4688896841573,1249.1966270411358,5.7352969568865895,0.4
3017,14.672674476128536,1015.1584202943467,1250.182907513234,5.732952312200306,0.4
3018,14.490073300339208,1013.0627505127712,1251.2414812199775,5.744367545288186,0.4
3019,14.55698978811719,1014.354560566409,1252.5495214920234,5.749236229439581,0.4
3020,14.401173392826605,1015.9143023143481,1253.8175827433124,5.767141031028314,0.4
3021,14.365943211640232,1012.9287090462605,1254.9392033850324,5.78244487022695,0.4
3022,14.45357543925006,1015.8683693811743,1256.1385572444517,5.790055095942752,0.4
3023,14.551375969826623,1017.7388184778388,1257.460532672645,5.7897172811880715,0.4
3024,14.411418012313504,1018.342898978933,1258.7610938620376,5.801334322236032,0.4
3025,14.518173591034891,1015.5764865401576,1260.1862481864132,5.800044822198534,0.4
3026,14.498574362218017,1014.1302284413426,1261.5745151465426,5.799495710023996,0.4
3027,14.510619554472015,1013.0417468457186,1262.6166884736713,5.797238212843587,0.4
3028,14.530646553344077,1012.8890897079173,1263.5562615855679,5.793635050011649,0.4
3029,14.366909998503152,1013.2336171232693,1264.3456555880016,5.804321470477066,0.4
3030,14.444746456667286,1008.3803126018521,1264.9350238568852,5.803054441679343,0.4
3031,14.357376455941589,1011.1269110252528,1265.4529854272716,5.811231782932606,0.4
3032,14.302410244435512,1007.6168562073526,1265.6498946557836,5.819775440122226,0.4
3033,14.194034301418203,1007.4056647759667,1265.6036913830383,5.835478060358961,0.4
3034,14.087641400693807,1009.6898920926266,1265.4499541310313,5.858775512651675,0.4
3035,14.119583223189597,1012.1156706803813,1265.3419023550798,5.877103026409689,0.4
3036,14.06822240797348,1012.7200079838311,1264.7461637705778,5.896785672512128,0.4
3037,13.989768195379453,1014.0014025824576,1264.1543523906926,5.920305454885874,0.4
3038,14.045025209256279,1014.8539731275088,1263.4649198419133,5.93572061659039,0.4
3039,14.015471682122515,1013.5467197254684,1262.7742972332248,5.949787879853522,0.4
3040,14.022179576895129,1017.3021140587334,1261.9246604428788,5.963613944684421,0.4
3041,14.14726222223598,1018.8005675249087,1260.7725725231348,5.965862394888932,0.4
3042,14.15320835104625,1017.531707956037,1259.8821867141219,5.966260948576188,0.4
3043,14.154280804153252,1016.0350175602125,1258.8915194201065,5.965368623792592,0.4
3044,14.1644660450169,1013.8630100475535,1257.9211919179008,5.9621625419070945,0.4
3045,14.201909614107482,1011.2642358505936,1256.9109253632707,5.954508993002003,0.4
3046,14.192505359780249,1007.9643882339124,1255.8593876199684,5.946506913765238,0.4
3047,14.410154683812474,1010.6453627221132,1255.068659593983,5.924185722744257,0.4
3048,14.285234399447987,1012.2758405643232,1254.0851030105623,5.917323472994029,0.4
3049,14.551723067770883,1013.0231167369902,1253.2327737136584,5.890483915010032,0.4
3050,14.500250511974617,1017.7247463736476,1252.4100548428428,5.876236246728138,0.4
3051,14.438476854658509,1016.256042391177,1251.607754992235,5.8684909618021095,0.4
3052,14.464745245348327,1017.5290978682862,1250.856108326998,5.860955605216288,0.4
3053,14.58621757202728,1014.9976916349976,1250.675583903314,5.842936151167345,0.4
3054,14.485780667759355,1018.2154074616747,1250.3633419141015,5.838800495828955,0.4
3055,14.497774617538134,1016.441518174065,1250.169519370714,5.833088052574119,0.4
3056,14.306488279754632,1014.8857571028738,1249.8857323918076,5.842859613259002,0.4
3057,14.444002632243926,1015.8868025847473,1249.7605921114616,5.8403914105194765,0.4
3058,14.528796194926583,1016.8391465922075,1249.6804632774345,5.832158126400279,0.4
3059,14.478821970930989,1014.4182365900128,1250.1832536091315,5.827660519045798,0.4
3060,14.2999966534993,1015.058874223032,1250.1824767742944,5.8390704080062035,0.4
3061,14.368680349638494,1016.5267223585485,1250.7447455507508,5.843923378495692,0.4
3062,14.242312347467632,1015.3661345087088,1251.0509001539747,5.857352203019996,0.4
3063,14.374790594327003,1014.1494523553635,1251.3519744804546,5.856617905088648,0.4
3064,14.272735867219803,1014.5384653633447,1251.5720121437337,5.864649786918178,0.4
3065,14.336393731375985,1016.3372873316699,1252.0173028725592,5.867393718767603,0.4
3066,14.345067198107628,1020.1722036652948,1252.055451235844,5.871834143931042,0.4
3067,14.359691864489967,1017.4021083244476,1252.234705671045,5.872185972750617,0.4
3068,14.481913033171075,1015.4442781305936,1252.193943130515,5.861006438851494,0.4
3069,14.443039122801865,1016.9607079746364,1252.4122815383444,5.8561624179716825,0.4
3070,14.39603384856492,1014.1872010308392,1252.903075147157,5.853934820611369,0.4
3071,14.371505229046992,1012.9662447492618,1253.3012363753728,5.853189626614044,0.4
3072,14.417402975906795,1011.4812584955883,1253.399851297259,5.8477051540550775,0.4
3073,14.50030913433054,1011.4140208280913,1253.7668530622798,5.836381963613709,0.4
3074,14.481905859044993,1008.6665108557066,1253.9846825939003,5.826523745568998,0.4
3075,14.54188600885783,1010.3124838106704,1254.5378909123392,5.814782784483584,0.4
3076,14.487768661731259,1009.5617911435971,1254.8754853175963,5.80901014234442,0.4
3077,14.484620328587903,1012.0838062108709,1255.2684905957103,5.806440500965639,0.4
3078,14.508729856758254,1013.0962678734082,1255.6652381397132,5.803128585409836,0.4
3079,14.492756297036493,1015.0100470427703,1256.0029514734406,5.803164991006578,0.4
3080,14.759285402939865,1016.408591029739,1256.8202230970085,5.782471384315631,0.4
3081,14.758234621158785,1012.6442311767513,1257.7767268938228,5.762742640667345,0.4
3082,14.774173438982753,1013.7940382856478,1258.6660267280186,5.7461318048575025,0.4
3083,14.775639642126974,1013.9327190519633,1259.5530508127665,5.73249594403182,0.4
3084,14.64321359199512,1012.4056108534647,1260.5232771013436,5.73098190117347,0.4
3085,14.692928771565619,1009.8942840493467,1261.8121674509798,5.723779098491209,0.4
3086,14.649116195229933,1010.8155997726997,1262.9777102443984,5.722149678716763,0.4
3087,14.646936914893681,1008.4199953477186,1264.3490920401466,5.719180568345509,0.4
3088,14.69031291264407,1008.725010147978,1265.5992049259341,5.713431802493916,0.4
3089,14.780467303087724,1005.9004361794986,1267.0284249438353,5.699215019788383,0.4
3090,14.74210375144287,1006.6773633813178,1268.4809200423329,5.691279684374839,0.4
3091,14.753085635133758,1007.4421603987597,1269.8746489759037,5.684453456345699,0.4
3092,14.732253518867212,1009.7708726191074,1271.7673491453668,5.68231885634169,0.4
3093,14.838224361543551,1010.8414204805788,1273.6681381474884,5.672717881258165,0.4
3094,14.965015979152364,1008.2176959085585,1275.8128003319082,5.652500134922234,0.4
3095,15.01709367857694,1008.0933369504834,1278.0556130360567,5.63157177795749,0.4
3096,15.048436997623941,1010.0501323274203,1279.989488669641,5.613328486518843,0.4
3097,15.103225501351865,1008.2210949443416,1282.1968421441115,5.592508918752899,0.4
3098,15.075775068950437,1007.0652080622061,1284.3760022511633,5.576806272037776,0.4
3099,14.953926123432305,1010.7103972066061,1286.3340285405902,5.576643360552282,0.4
3100,14.923774402106119,1011.4057094435844,1288.2818285796216,5.579499427852109,0.4
3101,14.995871458494806,1010.6529298734591,1290.4588845617793,5.5753805302348685,0.4
3102,15.050288375372318,1009.3340029150835,1292.6002405030974,5.566558974960969,0.4
3103,15.077954188687167,1011.7346999054513,1294.6844771863198,5.558879376297001,0.4
3104,14.866679237423611,1012.6835121143315,1296.477027654585,5.570564796439718,0.4
3105,14.905399915323276,1010.301811609271,1298.5282801312417,5.57518202157696,0.4
3106,14.817806962664438,1009.8763293306462,1300.7239725619681,5.585804577678137,0.4
3107,14.59461010282568,1013.5233821700846,1302.5311171674718,5.615511893013742,0.4
3108,14.699688155868948,1013.3048158579023,1304.3100421238753,5.631119676962232,0.4
3109,14.613491080214752,1013.1276143020608,1305.989786345845,5.6508281204462385,0.4
3110,14.617953393615078,1014.8171295501351,1307.3775643987867,5.667901657379593,0.4
3111,14.715748945130214,1013.6467334298952,1308.4991764473568,5.673025285728226,0.4
3112,14.678160098146362,1013.8956310623114,1309.4396104606403,5.680486588159732,0.4
3113,14.786814416982658,1012.511302099968,1310.6438528740957,5.676679072522733,0.4
3114,14.952360486855614,1013.8200913315735,1312.0592132959755,5.66101792952947,0.4
3115,15.013223249141832,1011.8082229150791,1313.7168903401023,5.641681114818094,0.4
3116,15.044313775285021,1010.7091476491577,1315.0092145995804,5.622453308057308,0.4
3117,15.121365389622632,1010.316175453336,1316.540117491145,5.600092761609753,0.4
3118,15.017936636728274,1012.5874200436251,1317.7736357090796,5.591926372119543,0.4
3119,14.917695135337153,1013.7042435146935,1318.357197453942,5.5942659867753814,0.4
3120,14.90466676538385,1011.9877039620122,1319.214961569586,5.595951445283926,0.4
3121,14.902853621579778,1010.9759571496213,1319.8734375800225,5.596716810782433,0.4
3122,14.882536335812414,1007.8188452396447,1320.6274127879024,5.596617962480176,0.4
3123,15.025458504653953,1009.0269822591194,1321.663573671888,5.585770658821318,0.4
3124,15.135958603175364,1008.7298832011444,1322.7416657847407,5.567621194882054,0.4
3125,15.09221897940209,1009.0827109987473,1324.102347896758,5.556579774321599,0.4
3126,14.96527332431231,1006.7040945213138,1325.8667674812687,5.5561015743390225,0.4
3127,15.050647426270976,1005.7469195106585,1327.833477882591,5.548009054433193,0.4
3128,15.058221925723759,1005.0387988719756,1329.8965536810842,5.540218860812286,0.4
3129,14.930236066598239,1004.9419820555748,1332.0229322693638,5.544216712937681,0.4
3130,14.86498504556686,1004.8101848477095,1333.7645487517646,5.552727626430043,0.4
3131,14.89443760193312,1007.9875739769836,1335.063954988656,5.55970181876926,0.4
3132,14.880128832223557,1003.651526125914,1336.4153376885813,5.563311916972675,0.4
3133,15.012160404760639,1004.539565903437,1337.7766308112625,5.556153935463552,0.4
3134,14.881225609800913,1007.1359076784656,1338.8742321516222,5.562947216452102,0.4
3135,14.68226616930855,1007.0408150059224,1340.0481820473804,5.584704782279307,0.4
3136,14.50240936371044,1011.1210219937365,1340.9456005866475,5.620328520893879,0.4
3137,14.383608020065145,1010.4488874026498,1341.4010954294422,5.65874029860966,0.4
3138,14.290736859657306,1005.2153729731309,1341.4617538590487,5.693870850656413,0.4
3139,14.391886681638528,1004.6052967360307,1341.6721450819991,5.713950722247198,0.4
3140,14.394644757596904,1002.1755206636042,1341.895693227359,5.728353916273568,0.4
3141,14.49878447120426,1000.9032703573948,1341.9065935133265,5.730692416747704,0.4
3142,14.560192334400682,999.4544242141344,1341.8769007226576,5.726496408871779,0.4
3143,14.571525546924342,998.4223501238666,1341.9930138585166,5.7213492842738445,0.4
3144,14.401872379877231,998.2668489890741,1341.936005795099,5.7308751400567255,0.4
3145,14.35061149511327,996.6515712033116,1342.1493262355368,5.741654231295562,0.4
3146,14.244642752497768,997.1913360877755,1341.8579282682394,5.759560914010601,0.4
3147,14.250873773962864,999.6276997504681,1340.9254655067723,5.775577085691801,0.4
3148,14.165775429694552,999.6389350504018,1339.4303336873525,5.795673077050742,0.4
3149,14.237700969176045,997.4456528666082,1337.7882949233192,5.804615913547697,0.4
3150,14.24110623183913,998.5383866760134,1335.895221089137,5.8124968681702835,0.4
3151,14.312894370811852,1000.3923054247531,1334.2479113638271,5.814494286818001,0.4
3152,14.38072523577326,1001.1125009326287,1332.6871178283475,5.811133499628437,0.4
3153,14.365810001928523,1001.2771238817824,1331.4057219430154,5.809720981992347,0.4
3154,14.31903460307091,1001.4140014766308,1330.254515503752,5.8124886825871025,0.4
3155,14.222111646763882,1000.0824883753899,1329.1016816899235,5.821672117159674,0.4
3156,14.032052550679422,1001.8491738595377,1327.2485865661454,5.846069777067221,0.4
3157,14.049720226774134,1003.2761845690721,1325.1759605154873,5.865710875797357,0.4
3158,14.390038475824584,1001.7532183699782,1323.281722071086,5.852854406997151,0.4
3159,14.352268994223055,1002.4707945654721,1321.4514347309178,5.845941112221253,0.4
3160,14.340994473141825,1003.285502467801,1319.4694731308236,5.841809483541935,0.4
3161,14.455001342764788,1003.1013338997515,1317.8559098560024,5.82896567520186,0.4
3162,14.518995658005705,1005.6267763876522,1316.3183038462323,5.815113371442363,0.4
3163,14.511950331269691,1006.4049933651693,1315.0203000832828,5.804918558495446,0.4
3164,14.524696745022883,1005.3423852920655,1314.0252946420674,5.794713843243797,0.4
3165,14.353333637301738,1005.2227887114896,1312.9048701010809,5.800259354885502,0.4
3166,14.492762995221849,1005.890271847917,1311.801244217495,5.793917124553607,0.4
3167,14.68516118398654,1006.3156831289355,1310.7060470194983,5.7733153266240524,0.4
3168,14.809482002284282,1005.6068995021691,1309.444996715307,5.745726514628691,0.4
3169,14.82413999743289,1003.0608434140803,1308.5171394318938,5.719981019026355,0.4
3170,15.034941612231997,1003.3636285846106,1308.6961575594225,5.681871910259978,0.4
3171,15.122844450688884,1002.7017843418463,1309.075178453781,5.642938666865321,0.4
3172,15.185940282681571,1005.2234679545301,1309.581031898856,5.60776360870245,0.4
3173,15.10356227266154,1005.2498383362658,1310.4790920462606,5.585671927996325,0.4
3174,15.135647641564974,1010.0480291103482,1311.4688964503378,5.568562165695719,0.4
3175,15.063803800087985,1012.6294962973836,1312.352990248832,5.562354828528122,0.4
3176,15.093277715686366,1013.7089882646674,1313.2584150814612,5.555672299595258,0.4
3177,15.077226371351827,1012.4349119108971,1313.8047529780908,5.550541140005879,0.4
3178,15.094368027819634,1011.223371672526,1314.7569459591193,5.54401684855583,0.4
3179,15.17366776339847,1009.3989470093835,1316.308636267507,5.530807290129951,0.4
3180,15.27907942305745,1009.1541037846987,1318.2754551976554,5.511176109915538,0.4
3181,15.226022345902077,1008.7592972188396,1320.3123263648104,5.499115892721066,0.4
3182,15.159160055784918,1004.9818381878072,1322.9564083620235,5.491834741942513,0.4
3183,15.013605927394686,1007.8008825243331,1325.5467938780976,5.499890079194563,0.4
3184,14.930399522114291,1006.5125514680284,1328.1376023472283,5.512321104902191,0.4
3185,14.99851404088586,1004.1602603766166,1330.5325550377045,5.515169895443326,0.4
3186,14.960790137580172,1007.7073036608069,1332.740555673856,5.523270265788045,0.4
3187,14.923771075642607,1011.0230402545545,1334.4947941566818,5.535444464077126,0.4
3188,14.877565787710108,1008.8110861828417,1336.2403342666532,5.547530965525802,0.4
3189,14.894683006810876,1010.0497639995808,1337.7882634860248,5.556979517998256,0.4
3190,15.052447697174163,1007.9408977255565,1339.4974841588676,5.550240497626018,0.4
3191,15.098307898366995,1007.3633970899738,1341.4434231443088,5.540530214798804,0.4
3192,15.176072556729025,1005.7409511357779,1343.7631937373083,5.524986285857771,0.4
3193,15.246989000948993,1004.3342985042239,1346.0887054308664,5.505381542915014,0.4
3194,15.181391148438212,1004.9306139646359,1348.235048070857,5.495117124697206,0.4
3195,15.227221830514841,1003.7602625898709,1350.1116589429205,5.482070232779979,0.4
3196,15.372381999535921,1003.9752660331142,1351.9054148777172,5.459671834998542,0.4
3197,15.339160151458879,1003.690922881907,1353.937785235416,5.443805074820306,0.4
3198,15.30191159416046,1005.1067201946028,1355.8391046528848,5.434908626344978,0.4
3199,15.545215897922192,1004.9701735914697,1357.8143268876422,5.407627481659831,0.4
3200,15.425728011918466,1003.1704744362738,1359.7850171358054,5.393660920500907,0.4
3201,15.546827976699184,1004.6995398513599,1361.8478265374451,5.373468024682515,0.4
3202,15.62954941730022,1006.8123963672251,1364.3378654943842,5.35174717351151,0.4
3203,15.65105370989865,1005.3824538806334,1367.0734616911188,5.331097708240279,0.4
3204,15.625083185884701,1003.7257873821871,1370.1002172051653,5.315035018067464,0.4
3205,15.6278453542954,1004.4242306986744,1373.2952456340338,5.302165910870498,0.4
3206,15.652000639808128,1002.8243288000924,1376.393661121668,5.288429747201557,0.4
3207,15.819367873696423,1005.757807872761,1379.5945705139459,5.265706552818613,0.4
3208,15.806629269049198,1006.7124235196131,1383.1746389322734,5.248836221625389,0.4
3209,15.813996539271105,1006.3773719925617,1386.7002186635582,5.2341471977699605,0.4
3210,15.819483351974698,1004.8706854629837,1390.188441090402,5.220514760858011,0.4
3211,15.965072450420882,1000.1687650498151,1394.5065955311964,5.193883969632834,0.4
3212,16.009316291249565,1002.5440530065523,1398.5323414861039,5.170226831850963,0.4
3213,16.096467090667154,999.2416327490572,1403.0608806253101,5.141209385826757,0.4
3214,16.08691291431098,1000.9116171251293,1407.8162074965385,5.119458355567045,0.4
3215,16.11521815763713,1004.0731960654183,1412.5526074989732,5.101699559948327,0.4
3216,15.946163201364577,1003.8600450295761,1417.1434694900113,5.100791376384474,0.4
3217,15.932010954084141,1002.894064125034,1421.638647893667,5.100472905946038,0.4
3218,16.10440573532921,1006.2736906078582,1426.029569189504,5.088678656284189,0.4
3219,16.0908300923531,1006.8585394579546,1430.7730144225286,5.080558918836153,0.4
3220,16.089654205829753,1003.965025535127,1435.5052682016496,5.071809331049794,0.4
3221,16.052571431677237,1006.6979189877605,1440.069272013275,5.069731140818914,0.4
3222,15.965914298058399,1004.9766529650778,1444.5444584284658,5.073807368675776,0.4
3223,16.035577236498625,1006.4500284891235,1449.2050114684182,5.0725708920852455,0.4
3224,16.022090696589146,1003.5630558984003,1453.9437141674946,5.070476550043827,0.4
3225,16.11590405793069,1001.6069615100462,1458.8895081319401,5.059613954323437,0.4
3226,16.247257578473846,1001.1183224834919,1463.8209155954999,5.039603005029855,0.4
3227,16.266472263762875,1005.8756545796228,1468.679813034639,5.025220345591974,0.4
3228,16.46062720934455,1003.7121161745331,1473.225668621069,4.995924587665729,0.4
3229,16.28980366728598,1007.1601026887067,1477.6494283098625,4.98846844382795,0.4
3230,16.40448575672088,1009.3403645800098,1482.4120052617195,4.974630863522176,0.4
3231,16.449234596960174,1012.404567296193,1487.021102518122,4.96194370970052,0.4
3232,16.26659144133455,1010.3722508590185,1491.5836347405836,4.964929411017985,0.4
3233,16.141600901613874,1009.0409140753014,1495.8792187268068,4.9765854223957895,0.4
3234,16.061770991431395,1005.0700399734247,1499.8372622523416,4.989665071164683,0.4
3235,15.983488574146683,999.0206717975369,1503.9344309608464,5.00221429995471,0.4
3236,16.005226479309336,1001.8746392755917,1507.6823461191857,5.012885845366051,0.4
3237,16.244011699359902,1002.4029326108441,1511.5629813747444,5.002522374182268,0.4
3238,16.30938529062791,1005.031724749654,1515.6795177926897,4.990669364790086,0.4
3239,16.381766022330904,1005.2921167447472,1519.8371765451084,4.9752318000420175,0.4
3240,16.379369606516917,1005.426206155747,1524.4861080162982,4.962870203643637,0.4
3241,16.41108984052783,1006.3360283170956,1528.6406951778881,4.950829342627572,0.4
3242,16.360555424981047,1005.4911246958624,1533.0736611946438,4.94444676189523,0.4
3243,16.376750085137456,1007.0560107230933,1537.4927357383403,4.939072671903314,0.4
3244,16.362460776750805,1005.4139577420094,1541.4073932559943,4.934592248337601,0.4
3245,16.349612008196797,1005.9568299147891,1544.894736159233,4.932378713742571,0.4
3246,16.390162978227245,1002.4827253747358,1548.2295871401773,4.924623367071478,0.4
3247,16.37009268925531,1002.1204515400553,1550.0,4.91963024779695,0.4
3248,16.295607746550075,1002.3217533189857,1550.0,4.921774983654579,0.4
3249,16.34943784746058,999.6096092665368,1550.0,4.917084290307778,0.4
3250,16.23704369537175,998.2240813294676,1550.0,4.9213753127516755,0.4
3251,16.010203873681945,999.4510696496769,1550.0,4.944358904554241,0.4
3252,16.03521025622011,998.8713553030639,1550.0,4.960723664205286,0.4
3253,16.08825929408626,998.4458524740818,1550.0,4.9694859196060115,0.4
3254,16.176449431281885,1000.2725238458537,1550.0,4.970845034580039,0.4
3255,16.16433550072425,1003.138822216081,1550.0,4.975116380831803,0.4
3256,16.114091798974897,1005.5067246038307,1550.0,4.984514934270346,0.4
3257,16.050115520857442,1007.0089487827921,1550.0,4.998585571017005,0.4
3258,16.01097142348911,1011.4742151870885,1550.0,5.016698090187853,0.4
3259,15.961942986924445,1015.7196666402452,1550.0,5.038766521042599,0.4
3260,16.106310293561734,1014.3114455871856,1550.0,5.044000322928978,0.4
3261,16.19228955710915,1016.2143089261322,1550.0,5.0427043797429585,0.4
3262,16.123849233982032,1016.9160252610799,1550.0,5.047765147085591,0.4
3263,15.928287343063829,1017.1302938614667,1550.0,5.068058281094277,0.4
3264,15.882460454687486,1021.2610337227355,1550.0,5.091566463634634,0.4
3265,15.784970287760332,1017.9160701579809,1550.0,5.11628127730406,0.4
3266,15.666790700227786,1015.0683467660625,1550.0,5.144052181521857,0.4
3267,15.563245114674574,1013.5568823584708,1550.0,5.1741434011397205,0.4
3268,15.668176404794504,1012.6219471742388,1550.0,5.1895364051984885,0.4
3269,15.811274584195955,1013.7367470257655,1550.0,5.191307473993746,0.4
3270,15.744654298878752,1008.1995825870745,1550.0,5.194017863806328,0.4
3271,15.856676051127652,1008.938291602809,1550.0,5.187644429874761,0.4
3272,15.814607617375245,1006.2254635604113,1550.0,5.18380514845707,0.4
3273,15.904078479516137,1007.1484823137355,1550.0,5.174043181017923,0.4
3274,15.958932437374242,1004.5939314828012,1550.0,5.159624461853471,0.4
3275,15.950973901117719,1003.2106047149111,1550.0,5.147405688684979,0.4
3276,15.943981147337597,1004.0257616122891,1550.0,5.138574001140145,0.4
3277,15.93032483684411,1002.2437345025215,1550.0,5.131100798551924,0.4
3278,16.079666580444634,1001.6690361324418,1550.0,5.112334093174768,0.4
3279,16.04714557445553,1000.6133807338025,1550.0,5.0988049358935585,0.4
3280,16.059969662596973,999.841736624289,1550.0,5.086079679493256,0.4
3281,15.999270730331467,1001.9383529270161,1550.0,5.082190327914606,0.4
3282,16.068254048275517,1001.0844678180398,1550.0,5.07271820573534,0.4
3283,15.952684098029472,1001.9275906760189,1550.0,5.075032842763081,0.4
3284,15.929885987562049,1002.063951886479,1550.0,5.078896995788334,0.4
3285,15.71811582510719,1001.3592354006142,1550.0,5.098838693281539,0.4
3286,15.851150682536387,999.4425609138174,1550.0,5.102870270764834,0.4
3287,15.66993050028524,1002.1010679183414,1550.0,5.12299530889012,0.4
3288,15.783753383507783,999.842545009423,1550.0,5.128488790816766,0.4
3289,15.831533710909362,998.9013511112722,1550.0,5.1283772950543565,0.4
3290,15.925247539063799,1002.4274837680836,1550.0,5.12329333078095,0.4
3291,15.968992516143338,1001.270873641637,1550.0,5.114675243294222,0.4
3292,16.073343335709538,1001.0746662098046,1550.0,5.098932529761691,0.4
3293,15.94094697325015,1003.6457204707563,1550.0,5.098786652426476,0.4
3294,15.699413059028585,1006.1524510503667,1550.0,5.120300272799971,0.4
3295,16.032316665580936,1004.88080212341,1550.0,5.109775192190001,0.4
3296,15.965521986158357,1004.4422031652556,1550.0,5.106271506479873,0.4
3297,15.776261873258704,1000.553021024602,1550.0,5.115924598925393,0.4
3298,15.67291952556518,1000.1787877793381,1550.0,5.132002351050816,0.4
3299,15.418350515840045,999.0725342402528,1550.0,5.165153159592852,0.4
3300,15.45319154118331,999.5420422605247,1550.0,5.189844562069595,0.4
3301,15.409132829064044,997.0415006946314,1550.0,5.2118015806310956,0.4
3302,15.475644997093086,999.544149335965,1550.0,5.226262963853041,0.4
3303,15.620402455359317,1000.5198632664593,1550.0,5.227029358336973,0.4
3304,15.620177263498974,995.9077924096154,1550.0,5.224189478924851,0.4
3305,15.708092479371407,994.8205885027089,1550.0,5.213854420212194,0.4
3306,15.874218365624433,994.5831827596668,1550.0,5.191624385901479,0.4
3307,15.914433898206001,996.4891243722088,1550.0,5.171550236303208,0.4
3308,15.870621599665771,998.6270816569248,1550.0,5.1602860703765785,0.4
3309,15.844084487398078,1001.7570268890652,1550.0,5.155584305726757,0.4
3310,16.00055826941339,1000.9745716033065,1550.0,5.138350285051578,0.4
3311,15.852474048690969,998.4774578927323,1549.8316566220535,5.134432012650174,0.4
3312,15.952861511663263,996.7978573138017,1549.8998811841868,5.121745587769254,0.4
3313,15.855544873283689,995.7357951618972,1549.9435528018137,5.118492516068439,0.4
3314,15.892391897553361,997.1227434694881,1550.0,5.113862391370993,0.4
3315,15.890421019017667,996.6229883543823,1550.0,5.109848934446003,0.4
3316,15.826469276711032,993.2769361841022,1550.0,5.109254420708078,0.4
3317,15.965359349715197,993.0213997681452,1550.0,5.097223637146616,0.4
3318,15.923881853175219,996.9871515777795,1550.0,5.093746044011548,0.4
3319,16.024283555211888,996.5460441728469,1550.0,5.082356113352225,0.4
3320,15.960624741971499,996.3076371575992,1550.0,5.0780383327260585,0.4
3321,16.086301369410997,997.062742388511,1550.0,5.064798318172816,0.4
3322,16.21791047323347,994.0091722864942,1550.0,5.04087791127766,0.4
3323,16.136741777595656,991.8393711889427,1550.0,5.026255913801404,0.4
3324,16.045721853179185,992.1207734050412,1550.0,5.02191676416956,0.4
3325,16.09496647959532,988.7807424446285,1550.0,5.011809327194648,0.4
3326,16.118021062279794,990.2408935472249,1550.0,5.002741082611808,0.4
3327,16.220380562268442,990.1902852607325,1550.0,4.986902043850219,0.4
3328,16.13446029336451,988.925350238181,1550.0,4.9799791455634965,0.4
3329,16.119247891164175,987.8718506950242,1550.0,4.974749080821569,0.4
3330,16.257623082083303,990.9206724982294,1550.0,4.9614573164145,0.4
3331,16.416812101726723,988.1303111701513,1550.0,4.935439629751417,0.4
3332,16.266686513110304,988.8933974018463,1550.0,4.926950282980584,0.4
3333,16.25769006484236,990.1796908972929,1550.0,4.9216966462635146,0.4
3334,16.223085196255443,988.7727979959973,1550.0,4.919152962983061,0.4
3335,16.058269466112975,986.8040757166625,1550.0,4.929047530117154,0.4
3336,16.138974017012284,989.7065917745191,1550.0,4.932760201407359,0.4
3337,16.30211711798391,990.2612784321865,1550.0,4.922891880767122,0.4
3338,16.36709229061559,992.6341392350928,1550.0,4.911283969501664,0.4
3339,16.330962657644868,993.9307417331191,1550.0,4.905698227358863,0.4
3340,16.197886314617396,993.8383265180917,1550.0,4.911923051651412,0.4
3341,16.166111254979658,994.6592351959805,1550.0,4.920244672405381,0.4
3342,16.22903932150725,996.0162556277413,1550.0,4.922951827273413,0.4
3343,16.260494666297394,998.8980225488292,1550.0,4.92477977928129,0.4
3344,16.180299229635644,996.0453754465728,1550.0,4.930675669802442,0.4
3345,16.121336825584297,1001.5855624161019,1550.0,4.944517089037826,0.4
3346,15.983825112523089,1004.2740323885357,1550.0,4.969136993301364,0.4
3347,16.096479975280847,1002.4598781622587,1550.0,4.978747658817835,0.4
3348,15.982032177847033,1005.800495029777,1550.0,4.998506584899476,0.4
3349,16.012296573008605,1006.3940806343427,1550.0,5.01268444863087,0.4
3350,15.945312307594047,1008.7896054437753,1550.0,5.031595267816222,0.4
3351,16.03576968785271,1010.3603022830908,1550.0,5.040897409243995,0.4
3352,16.139193432788883,1014.5045741068059,1550.0,5.043206446277314,0.4
3353,16.161955245267233,1014.5810936366684,1550.0,5.0432976100934805,0.4
3354,16.301116914413246,1012.1061664512799,1550.0,5.030129027867972,0.4
3355,16.247438514152968,1017.0939262521438,1550.0,5.027488135721777,0.4
3356,16.269516517766604,1017.048346279409,1550.0,5.0234839312472035,0.4
3357,16.42441732787683,1015.2630862488925,1550.0,5.006192332792775,0.4
3358,16.521939566046722,1016.8966414326036,1550.0,4.985278672475785,0.4
3359,16.39873708503006,1018.1068027987217,1550.0,4.979112459757321,0.4
3360,16.47099694593157,1019.5766069751614,1550.0,4.969262261452697,0.4
3361,16.771587410870946,1018.9686098759927,1550.0,4.936161200241089,0.4
3362,16.726402450522922,1019.8509516779226,1550.0,4.913377895409469,0.4
3363,16.543144202811714,1017.5124250383385,1550.0,4.907903523310975,0.4
3364,16.68549503920012,1019.7966804508334,1550.0,4.893508524932396,0.4
3365,16.497240745424758,1018.8906002702784,1550.0,4.896403770532784,0.4
3366,16.468070041662784,1017.7120635341666,1550.0,4.900270728064029,0.4
3367,16.442612951892258,1017.5980981924802,1550.0,4.905435828817383,0.4
3368,16.514563074574085,1015.5565889528592,1550.0,4.902248066424422,0.4
3369,16.46553818764414,1015.1433824121526,1550.0,4.903328030877334,0.4
3370,16.531485802185397,1014.6503601979917,1550.0,4.898451637874505,0.4
3371,16.4335574909043,1013.2978423675016,1550.0,4.901433193730226,0.4
3372,16.678847016674272,1015.1463258113146,1550.0,4.885230462969517,0.4
3373,16.65171915745916,1014.9510093145095,1550.0,4.87401345312921,0.4
3374,16.544484610110473,1013.7013860992022,1550.0,4.872633997118721,0.4
3375,16.587120130078244,1016.0385645233017,1550.0,4.869785575386973,0.4
3376,16.63849641265713,1013.6318290753426,1550.0,4.861431907755936,0.4
3377,16.594715653176383,1013.6421440197487,1550.0,4.858167462061223,0.4
3378,16.617608495029003,1015.1053244034033,1550.0,4.854725977925406,0.4
3379,16.41063659002766,1017.8944569556085,1550.0,4.870926289220212,0.4
3380,16.52539613786607,1016.1719795241033,1550.0,4.873530201294381,0.4
3381,16.541876943218924,1016.2141590165352,1550.0,4.874350485478042,0.4
3382,16.492678579227686,1017.193191611985,1550.0,4.879783757456169,0.4
3383,16.45814495037845,1019.5733407764694,1550.0,4.888860521396142,0.4
3384,16.215311367096692,1020.7044496735554,1550.0,4.917002946578902,0.4
3385,16.325191523058553,1018.3850066861639,1550.0,4.929346829985094,0.4
3386,16.41016256198992,1014.4579615585435,1550.0,4.929556134960219,0.4
3387,16.422131702306185,1014.7579918551246,1550.0,4.928976469797392,0.4
3388,16.29115371767495,1014.6873435163816,1550.0,4.939151255123849,0.4
3389,16.38425093687943,1012.9844493535595,1550.0,4.93859928635106,0.4
3390,16.38065860325497,1012.6938009843216,1550.0,4.93822050729402,0.4
3391,16.465258367909954,1010.6220378921723,1550.0,4.929430162801977,0.4
3392,16.706996910102156,1013.7024265280143,1550.0,4.904795980459252,0.4
3393,16.53422038737208,1015.5099409180757,1550.0,4.900081729254605,0.4
3394,16.7243020457904,1017.6412515102353,1550.0,4.882293840948523,0.4
3395,16.562671855194072,1016.7037682619817,1550.0,4.880207454377388,0.4
3396,16.467093148995808,1017.2998616975747,1550.0,4.886757955896887,0.4
3397,16.35086628223023,1015.6952477712329,1550.0,4.900414338566645,0.4
3398,16.42401807847231,1014.0967974767519,1550.0,4.904426179144316,0.4
3399,16.513281971858376,1013.2395349532196,1550.0,4.899773152582707,0.4
3400,16.386791367846946,1013.303718924835,1550.0,4.906343006044542,0.4
3401,16.216526740759424,1011.6950241230186,1550.0,4.9244281379386665,0.4
3402,16.223093043998475,1011.5069358827986,1550.0,4.938579153081546,0.4
3403,16.155912254671527,1010.8171272956421,1550.0,4.955151504310616,0.4
3404,16.11752716427193,1010.6874189392546,1550.0,4.971779602388479,0.4
3405,16.142724876426136,1012.5359316240454,1550.0,4.984752961364787,0.4
3406,16.24394653712344,1008.7829937287012,1550.0,4.984282060564296,0.4
3407,16.343898836368727,1003.374570140496,1550.0,4.971639051780885,0.4
3408,16.35004372027363,1006.2107998898281,1550.0,4.962913814356274,0.4
3409,16.426077923844606,1005.3413024625931,1550.0,4.948888264497284,0.4
3410,16.298358833179012,1006.6775644104184,1550.0,4.94883473173466,0.4
3411,16.276581723935415,1007.2819255747223,1550.0,4.951027357276909,0.4
3412,16.295341780620454,1008.2047637235044,1550.0,4.951989904029731,0.4
3413,16.466679785417806,1009.9776986603927,1550.0,4.940117789427293,0.4
3414,16.457834673396324,1010.7517043051093,1550.0,4.9316906262750955,0.4
3415,16.388019419045236,1008.8360790109276,1550.0,4.929037442353462,0.4
3416,16.49695974892448,1008.170244085033,1550.0,4.917455856576016,0.4
3417,16.296259319627456,1006.5198828439849,1550.0,4.9231125222224295,0.4
3418,16.162291405939513,1005.6761017610909,1550.0,4.9380609474604,0.4
3419,16.249510968431363,1009.3028250284772,1550.0,4.945932876298846,0.4
3420,16.14491994353715,1010.976864219479,1550.0,4.962200610129123,0.4
3421,16.273030190304993,1012.8773628540877,1550.0,4.966507759471847,0.4
3422,16.22333001393595,1014.9215485422241,1550.0,4.97564652472599,0.4
3423,16.288524446456588,1013.6426865899787,1550.0,4.976845803572903,0.4
3424,16.369410150973398,1015.4321221787449,1550.0,4.972572045759366,0.4
3425,16.380878599602053,1016.6086764199456,1550.0,4.9690198377366785,0.4
3426,16.408404084588568,1017.6191085038705,1550.0,4.964621531180424,0.4
3427,16.359291178979685,1016.0192016708198,1550.0,4.9638188968848675,0.4
3428,16.426481561819582,1015.7164314497604,1550.0,4.957441044389714,0.4
3429,16.524388598587265,1012.2266003686151,1550.0,4.941571930001688,0.4
3430,16.596671527143375,1008.6607866811272,1550.0,4.91995654013416,0.4
3431,16.48938699359556,1006.9173960596333,1550.0,4.909681209214464,0.4
3432,16.604086073719586,1005.9452211889187,1550.0,4.891147264830319,0.4
3433,16.6290203497109,1006.4670767857962,1550.0,4.874306324232548,0.4
3434,16.594269009615793,1004.8838040184737,1550.0,4.862139678242853,0.4
3435,16.42818269331926,1004.4840784936928,1550.0,4.865433409802321,0.4
3436,16.382075869883746,1007.2061859710906,1550.0,4.873960032545148,0.4
3437,16.566606227191908,1002.9923634956693,1550.0,4.862686392603624,0.4
3438,16.669016343374864,1003.4567730675666,1550.0,4.845424146793459,0.4
3439,16.58553677798771,1003.855962902932,1550.0,4.838392842828097,0.4
3440,16.539543482582324,1008.3234830072261,1550.0,4.839763190875875,0.4
3441,16.683839577002967,1006.9673577118344,1550.0,4.8280697687156815,0.4
3442,16.533819610100174,1007.7245537642802,1550.0,4.831313234455268,0.4
3443,16.475558970982433,1007.0950989436117,1550.0,4.838258067946006,0.4
3444,16.446562008087348,1008.8693997262055,1550.0,4.847663834607838,0.4
3445,16.35579851216913,1005.9779461895203,1550.0,4.860607817283243,0.4
3446,16.42678705968832,1001.6244386901144,1550.0,4.862129447304256,0.4
3447,16.41886787324509,999.4271757247471,1550.0,4.86236320903581,0.4
3448,16.34506822650119,1000.1797191299227,1550.0,4.869154723601908,0.4
3449,16.184891700700646,999.1267556652552,1550.0,4.887017350855241,0.4
3450,16.287411018753684,997.3217915845348,1550.0,4.891922273686655,0.4
3451,16.270187772875648,992.9674250515906,1550.0,4.8940598929626615,0.4
3452,16.381633980576105,994.4661743004882,1550.0,4.8878384111078725,0.4
3453,16.509968568947265,992.6716224542198,1550.0,4.870892612229475,0.4
3454,16.53758478353157,993.941549596984,1550.0,4.855700325013289,0.4
3455,16.512579972615413,995.0125935685862,1550.0,4.846095751886616,0.4
3456,16.58254848908415,994.2887284041204,1550.0,4.831954932692583,0.4
3457,16.435757886390583,991.9027904171224,1550.0,4.830551419887424,0.4
3458,16.563298331184033,994.1938396162767,1550.0,4.820709967433234,0.4
3459,16.380706981272624,993.539428720279,1550.0,4.827066606898184,0.4
3460,16.118678931054273,992.1277656831952,1550.0,4.852624766267251,0.4
3461,16.39629048620657,995.8600763308449,1550.0,4.853717667512464,0.4
3462,16.42061281193874,993.7159714018758,1550.0,4.851005282748404,0.4
3463,16.370451837039493,997.7788658796162,1550.0,4.855951830335814,0.4
3464,16.49716444748811,996.9112999410289,1550.0,4.848997164982056,0.4
3465,16.40438685455366,994.2305785128231,1550.0,4.848849498886855,0.4
3466,16.48755177829899,994.6413602354944,1550.0,4.842242726102661,0.4
3467,16.350369150022743,994.0819169783384,1550.0,4.847612797699948,0.4
3468,16.506570062934255,992.3285581332503,1550.0,4.837925978519707,0.4
3469,16.42885427568074,995.164521060178,1550.0,4.838477708899024,0.4
3470,16.410389866610274,993.8336633397207,1550.0,4.839432910882637,0.4
3471,16.303255859543462,992.4039338459131,1550.0,4.847890292069381,0.4
3472,16.29240517270956,994.0392583792326,1550.0,4.8569483681177665,0.4
3473,16.1763343174129,995.8903584802366,1550.0,4.875260732448646,0.4
3474,16.173343067386494,996.3061467727521,1550.0,4.8908356521012655,0.4
3475,16.144205834942614,998.8859860148272,1550.0,4.907938539318737,0.4
3476,16.11215784741449,1002.1916074933764,1550.0,4.927080918215644,0.4
3477,16.256964521547083,1001.4801367063737,1550.0,4.930406195586019,0.4
3478,16.18231081770159,1002.8759757859447,1550.0,4.940288878052136,0.4
3479,16.061779582060996,1005.040225719293,1550.0,4.959878663200512,0.4
3480,16.102284081780223,1010.690075242506,1550.0,4.976903545544674,0.4
3481,15.986422450835748,1009.6675299875586,1550.0,4.99955911733493,0.4
3482,15.95446825841844,1009.48863405525,1550.0,5.020612737482456,0.4
3483,15.831080750664693,1010.3765933964155,1550.0,5.0486312303989855,0.4
3484,15.691539517928577,1012.7920336348135,1550.0,5.084835776949964,0.4
3485,15.819440963375015,1010.6522387878025,1550.0,5.102453714095543,0.4
3486,15.952390724553036,1011.9963495343553,1550.0,5.107051915795844,0.4
3487,15.974663770405765,1012.396335715894,1550.0,5.109304677436248,0.4
3488,16.022329398761517,1009.1589912752885,1550.0,5.10480927443505,0.4
3489,15.95700681014057,1007.9598513072235,1550.0,5.105554656100315,0.4
3490,16.046990509982898,1008.643320329478,1550.0,5.099329103695541,0.4
3491,16.079551542327785,1009.8333131438544,1550.0,5.092462897728071,0.4
3492,16.239182901217642,1010.4195555818138,1550.0,5.0742307334693635,0.4
3493,16.304806633606514,1008.9111189613194,1550.0,5.052777209281311,0.4
3494,16.255517000015086,1010.572283524052,1550.0,5.0404691087136255,0.4
3495,16.28215679793217,1010.8758144262738,1550.0,5.028428931324418,0.4
3496,16.23774103983819,1011.7256029847314,1550.0,5.022828081766903,0.4
3497,16.134821410305833,1014.8545133524306,1550.0,5.029011433493105,0.4
3498,16.07880784148921,1017.0222519009881,1550.0,5.040298021094995,0.4
3499,16.07645293773162,1012.8998464815865,1550.0,5.046628927166547,0.4
3500,16.105988846658935,1013.3853862053069,1550.0,5.049773663698812,0.4
3501,15.991028634056196,1013.0909704192934,1550.0,5.061524317894939,0.4
3502,15.980733939006857,1017.5899602906317,1550.0,5.075402373157927,0.4
3503,15.868426348062831,1017.1944336916504,1550.0,5.095661136696693,0.4
3504,15.77361134994909,1017.6360247140836,1550.0,5.120355447257295,0.4
3505,15.5754725895213,1015.7326109622479,1550.0,5.15535770062276,0.4
3506,15.519484782513564,1016.6499462715369,1550.0,5.189328377464936,0.4
3507,15.489797681130987,1019.1251514071,1550.0,5.221481617482991,0.4
3508,15.47609759927381,1019.2076569432671,1550.0,5.249029219172506,0.4
3509,15.453529423242786,1020.1541811449209,1549.6429260191317,5.2741780961996145,0.4
3510,15.449509192467772,1014.8967098993908,1549.2034840647132,5.2911540603591565,0.4
3511,15.364826356103938,1017.3858836541551,1548.4681320223037,5.313876447716235,0.4
3512,15.41161514126599,1012.9177145435855,1547.9028031037956,5.3253072899780065,0.4
3513,15.397058645259333,1009.654130034823,1547.120360018025,5.333402867597699,0.4
3514,15.493213471470145,1008.3117762542604,1546.4084433187854,5.331168649389793,0.4
3515,15.512481249325658,1007.2631771633045,1545.514405961694,5.326969286740196,0.4
3516,15.516904518970039,1008.4606847812348,1544.3951583695584,5.324069655531343,0.4
3517,15.484061675530109,1010.2712376117921,1542.7391132577234,5.325744653045895,0.4
3518,15.588559318288219,1010.4835499992023,1541.047289553868,5.318739111806518,0.4
3519,15.539757457920444,1012.0599513533115,1539.2822016655289,5.318174415443189,0.4
3520,15.67113538361872,1009.870347598285,1537.7206760115025,5.305319819898397,0.4
3521,15.657464559676255,1009.0827089939509,1536.2646763053026,5.295300776499369,0.4
3522,15.700049838367754,1010.9346730125945,1534.8647188686884,5.2850051767355914,0.4
3523,15.739916274815473,1009.968531994854,1533.4329449303916,5.272574497133374,0.4
3524,15.9439642971744,1010.1821439548637,1532.3574259666086,5.2458680261141515,0.4
3525,15.950942973605065,1009.2853500434276,1531.5089731551445,5.22272044624343,0.4
3526,16.067472126108694,1010.0628607259496,1531.1255738329962,5.194804466482828,0.4
3527,16.15599729849119,1009.4710504439258,1531.0724015870187,5.164231677418827,0.4
3528,15.950276066322749,1006.8742840172168,1531.2578516505232,5.154010374060559,0.4
3529,16.071447984855077,1005.8131787615918,1531.5315171729076,5.134924540551065,0.4
3530,15.91229974733707,998.3922596024577,1532.4104944665617,5.126669536158946,0.4
3531,15.83424882113956,997.7167317975527,1533.1879973299272,5.125768055225761,0.4
3532,15.83500564563717,994.8331008185417,1534.3931867346014,5.122786968142472,0.4
3533,15.759384836625317,996.3157078800189,1535.453813083899,5.1276430601851,0.4
3534,15.80443354536576,1000.1953997631769,1536.4272584118835,5.130876722245454,0.4
3535,15.632400638296582,999.7581095002172,1537.364633974959,5.14725626286184,0.4
3536,15.603838924971072,996.1491577257977,1538.792809858852,5.160293181838776,0.4
3537,15.653496176258567,994.0206115384276,1540.2112170155842,5.165316283906997,0.4
3538,15.3482095483108,992.6715750146126,1541.7026880007215,5.193363379226827,0.4
3539,15.164778425411395,994.0824928164214,1542.9630767179108,5.232418642610593,0.4
3540,15.352181915743545,999.4385465094417,1543.3015271311122,5.2531785219472615,0.4
3541,15.270186430881447,1001.5201232903869,1543.6276721476502,5.278475966072655,0.4
3542,15.194465168353315,1000.0700737519189,1543.3696189720952,5.304311574378195,0.4
3543,15.350644898796567,1000.3593136748809,1542.8503686379026,5.312952430998674,0.4
3544,15.342225721543219,999.7070753312769,1542.3091814177662,5.3202328564048464,0.4
3545,15.303941069375906,998.5555103049082,1541.5673389638275,5.328460843853086,0.4
3546,15.361619124809225,1000.566688920197,1540.8577764278177,5.332014793903789,0.4
3547,15.387913151178315,1001.0676864906352,1539.7172101443314,5.333159039273735,0.4
3548,15.40808377387551,1000.9272287782667,1538.552571484994,5.332342791159725,0.4
3549,15.322698128853888,1002.9490786823426,1537.4045421250728,5.340179701144885,0.4
3550,15.233365568282645,999.7261430943782,1535.5546255042984,5.351469684878098,0.4
3551,15.377921148102818,998.3931590904746,1533.3898942037245,5.347906653649477,0.4
3552,15.467160854956456,999.0833804397726,1531.808398391811,5.338214106537997,0.4
3553,15.390136299284721,998.0724808653317,1530.1300457996258,5.335796424517801,0.4
3554,15.44526570917931,997.552273622183,1528.3887226945976,5.328915473208833,0.4
3555,15.225783789832432,996.4050184127485,1527.0316727337158,5.3403418306461745,0.4
3556,15.260339694676805,996.0945913467918,1525.6549133910557,5.346652852339049,0.4
3557,15.397706014090302,997.2462033787721,1524.2279114510627,5.341472933200912,0.4
3558,15.354526477154023,995.6698614639603,1523.0586800826034,5.3395623167784745,0.4
3559,15.434541157046386,997.7532658795302,1521.9695320390495,5.333031865409443,0.4
3560,15.546499040311716,994.0338285293627,1521.2258252131921,5.315715802429668,0.4
3561,15.397518282587328,995.8746140768615,1520.2480841447004,5.315082972181398,0.4
3562,15.440968367167056,998.5364352756797,1519.0017706793599,5.313025647292268,0.4
3563,15.343990053087204,991.9499195609175,1518.372328253318,5.314284302829427,0.4
3564,15.359325267099763,990.5601801702265,1518.040349389605,5.313012563701428,0.4
3565,15.382646546896897,989.9920762909483,1517.5739571852432,5.3096344360987136,0.4
3566,15.43210755450396,991.0519448110165,1517.2692211839772,5.30362367852401,0.4
3567,15.36617531912097,993.7996450000783,1516.3184856837502,5.306160100931182,0.4
3568,15.380175674902068,993.300064270472,1515.4940412041303,5.306718175199049,0.4
3569,15.334863201388096,994.3169321014844,1514.9598641487148,5.311647483514507,0.4
3570,15.364457814322282,996.3549312958769,1514.2367110062585,5.314811771955162,0.4
3571,15.404657467621847,999.7218037153347,1513.600218410982,5.316666728357968,0.4
3572,15.31716665989703,999.553575724731,1513.192660677934,5.325210361054645,0.4
3573,15.34766276243638,1001.5648556003464,1512.3079646926699,5.3312445259523695,0.4
3574,15.460762944509396,1002.3768845254865,1511.5606342772298,5.327563888156903,0.4
3575,15.458327312011347,1005.7021857047544,1510.482629466486,5.327258732743887,0.4
3576,15.543050343193963,1005.334589735283,1509.5495207175302,5.31980703664405,0.4
3577,15.755567879902136,1002.8024623477271,1508.9815199201807,5.294415424437401,0.4
3578,15.671461336161784,1003.8110965495135,1508.6447067366664,5.281230016638959,0.4
3579,15.38465956836914,1006.4119215771408,1507.9490349577843,5.295821646429139,0.4
3580,15.439802673757514,1007.1950933963541,1507.2152195374786,5.303872566180074,0.4
3581,15.437861955369662,1008.7051851169829,1506.2708192304497,5.31177454522329,0.4
3582,15.425365508612508,1008.5157368243312,1505.372682745587,5.319132154758478,0.4
3583,15.432300994344589,1009.6652206755506,1504.5075381236263,5.325467636474828,0.4
3584,15.290567191538234,1009.2977320631078,1503.3152387605635,5.341967396456564,0.4
3585,15.216927296573914,1010.1319136460352,1502.0255289760055,5.362145693134765,0.4
3586,15.17195768632523,1009.1858619285493,1500.9197934166798,5.3816515978619925,0.4
3587,15.176367793946051,1009.544803530952,1499.6989606034147,5.397557405594962,0.4
3588,15.065356695386065,1009.3318929051077,1498.5275541945343,5.419511034477181,0.4
3589,15.174025942723157,1009.0475893797324,1497.87130231481,5.4284176258030294,0.4
3590,15.190571215172534,1009.695140097485,1496.9573543547128,5.434858499368283,0.4
3591,15.030602807831611,1008.4756564449613,1495.246345316015,5.452290704298383,0.4
3592,14.945342336516104,1010.8070120926869,1493.4236298304886,5.475315102926649,0.4
3593,15.015794180402816,1012.9392409923557,1491.4756260785723,5.490049750167555,0.4
3594,15.023627896902752,1014.0964726253696,1489.4189331836737,5.502366856707281,0.4
3595,15.19897353125291,1017.7657633573214,1487.359883368579,5.500911622624118,0.4
3596,15.144392109260652,1017.8491434621312,1484.9797907438003,5.504241759840367,0.4
3597,15.059812140523704,1016.5901577361768,1482.4537317343315,5.5129325541940535,0.4
3598,15.023559588828476,1018.3978142263587,1479.7279388816514,5.524388152395188,0.4
3599,15.080414979955556,1018.3251898513248,1477.0828345399923,5.529080616329687,0.4
3600,15.232773313409023,1016.5984381182446,1474.431883777621,5.519172289435951,0.4
3601,14.922243591480374,1019.5594541566662,1471.7672189514276,5.538662478384143,0.4
3602,14.863527297575414,1020.2270531215851,1469.0138930706983,5.559947433677053,0.4
3603,15.12656477592039,1022.5679212591126,1465.9873460469125,5.557675370598858,0.4
3604,14.905610528100372,1022.6315756766477,1462.6470779492804,5.573916782746247,0.4
3605,14.859622452494031,1026.1554634173635,1459.2701042124525,5.593656945377637,0.4
3606,14.864203549973553,1025.6404448461444,1455.9297566498317,5.609080157409508,0.4
3607,14.831908793427807,1024.4557630274066,1453.0377843931192,5.623470699325596,0.4
3608,14.857077910655672,1024.2107186878454,1450.0614345118702,5.6330288699162185,0.4
3609,14.947531911135309,1027.0889910920184,1446.885122159232,5.635650642818888,0.4
3610,14.897382079959534,1027.5209677993382,1443.635292153749,5.642225315193494,0.4
3611,15.024978160671019,1026.1560370098114,1440.7737500539654,5.636157507148047,0.4
3612,15.043705806222968,1024.2832611675349,1438.497287574808,5.628235662819514,0.4
3613,14.900662388353766,1025.0702762692904,1435.4271677508416,5.6340242419953155,0.4
3614,14.763810148530995,1024.9000247545862,1432.1435773204125,5.649825731812673,0.4
3615,14.88633535072714,1028.7928320546312,1429.4438118035189,5.655713156258271,0.4
3616,14.885881882915884,1028.5986700145422,1426.2843310342944,5.66043111519089,0.4
3617,14.912695408350523,1026.7571218542116,1423.1998055262216,5.660716429807908,0.4
3618,14.965518213513096,1029.813316699495,1420.136842053975,5.658944191459013,0.4
3619,15.110367583844704,1030.6295982659758,1417.208680755288,5.646270974333679,0.4
3620,15.050877357363916,1029.4031420998697,1414.5000596419138,5.639813276737339,0.4
3621,15.023533660728626,1032.542659996576,1411.9596415865913,5.639125967127286,0.4
3622,15.075973594890197,1035.838462504143,1409.2905939826603,5.636768608523079,0.4
3623,15.02684833625729,1036.0913571497879,1406.9573069526025,5.639041278955219,0.4
3624,15.05202755494727,1035.5616594306086,1404.7777414044403,5.638446771482529,0.4
3625,14.951913864263291,1034.243145632062,1402.287626053154,5.645143769725916,0.4
3626,14.770328066132159,1033.3343358708707,1399.3573547319227,5.664787439529309,0.4
3627,14.832806342558307,1032.0976848115756,1396.8230588947158,5.67485461581772,0.4
3628,14.769802666770412,1030.7477944949399,1394.3023381513563,5.687237843680227,0.4
3629,14.545818274157746,1027.7795951879946,1391.7285992260258,5.7134521364157385,0.4
3630,14.61117802832288,1027.0693298448869,1389.3275073526993,5.729069696749094,0.4
3631,14.548305693949818,1028.6786555507542,1387.0999333003776,5.748230673621048,0.4
3632,14.391983602479627,1026.2716354744719,1384.6197142762865,5.774897608793325,0.4
3633,14.563853794969328,1025.9982286554487,1382.2407725579967,5.782512567949152,0.4
3634,14.640644873920374,1024.6825338859298,1380.165255328655,5.781486802239295,0.4
3635,14.816053678461333,1022.0428660190213,1378.3510245730806,5.764315677942742,0.4
3636,14.750355251933332,1025.4116179249909,1376.5249715121154,5.758151007876349,0.4
3637,14.73054587581784,1025.4080188494347,1374.53622018419,5.754712079736945,0.4
3638,14.874492489476179,1026.6013438604737,1372.3046767124101,5.741030995102819,0.4
3639,14.971084275014809,1022.7137872388689,1370.6207476721424,5.718980032182686,0.4
3640,14.98825865664656,1021.7295785553747,1369.0189925466238,5.698750690356508,0.4
3641,15.056407451194081,1024.606089640973,1366.993735466545,5.678768152949332,0.4
3642,15.026375472286643,1026.2092572992244,1365.1990434479735,5.666048680341402,0.4
3643,14.995763679511581,1023.6730481231215,1363.4612807607996,5.6562029343713425,0.4
3644,15.135907475647537,1025.6535451591496,1361.506505127657,5.638174127414901,0.4
3645,15.076224601463505,1025.883701510276,1360.055678789356,5.62844178839039,0.4
3646,14.96885183632667,1024.5461141049486,1358.841191503565,5.628224556678846,0.4
3647,15.05437473715948,1024.3974329033142,1358.1656201788135,5.620945092230886,0.4
3648,15.207586985179814,1025.1357920675935,1357.5029601442498,5.603013626003532,0.4
3649,15.161800463391144,1025.517328840269,1356.8618366627732,5.5923399400578155,0.4
3650,15.190447283122726,1025.237704145906,1356.680057668652,5.581035103204925,0.4
3651,15.286765935624777,1025.7587910637785,1356.8605919246418,5.564287918412997,0.4
3652,15.327385276842719,1025.1632349515364,1357.2336424738562,5.546785573898433,0.4
3653,15.337922269620131,1023.7319764245485,1357.9286355556121,5.530490536900317,0.4
3654,15.348555843977937,1025.9156994894402,1358.5510526515486,5.5179105255023995,0.4
3655,15.337641255488824,1025.9304833148424,1359.148342380678,5.508498032899442,0.4
3656,15.342589925262054,1021.2196112866659,1360.3124896812776,5.496813964417846,0.4
3657,15.424826711980403,1022.6302288518586,1361.379509597919,5.4815790649316005,0.4
3658,15.274045220568656,1022.3109989876898,1362.141709004888,5.481166973053735,0.4
3659,15.234566508834384,1023.9732516542283,1362.9865922729277,5.4853119210527135,0.4
3660,15.06133060030008,1024.768333103702,1363.9514362937337,5.503468698433101,0.4
3661,15.059150217907723,1026.7680816490197,1364.5786847220386,5.520047246634383,0.4
3662,15.084820030988633,1026.6161614427863,1365.185447787565,5.531429067358549,0.4
3663,15.124585117956984,1030.0786046004796,1365.824922381952,5.540130164472528,0.4
3664,15.282661312467413,1026.9827221805356,1366.7640646589468,5.53200659038112,0.4
3665,15.27775155857921,1026.4128600615861,1367.7683474674568,5.5253156689519844,0.4
3666,15.135286069595448,1026.7237769161616,1368.6648607489835,5.531706446281905,0.4
3667,15.097332189389805,1027.3232727926452,1369.406709203723,5.540501693665467,0.4
3668,14.993449780380121,1030.6613942337713,1369.8339125216514,5.558726686793751,0.4
3669,14.868371596852365,1033.8706458415752,1370.0506629611261,5.586318764532331,0.4
3670,14.79005037092411,1032.550484789638,1369.7124751810215,5.61434663710556,0.4
3671,14.809931520972224,1031.7806137961954,1369.188101474271,5.635122782562632,0.4
3672,14.707177770865242,1030.7811995592792,1368.0830270629338,5.659800701133066,0.4
3673,14.853734060063383,1030.4849061629272,1367.0484098007857,5.6678360165999075,0.4
3674,14.90438042673938,1027.1045419312773,1366.263097466694,5.667730598838827,0.4
3675,14.947260404477655,1023.9760899967513,1365.7739754915208,5.661774894831468,0.4
3676,15.062874293566365,1024.5577551010936,1365.7895844303732,5.647882989347987,0.4
3677,15.235808552100215,1022.2971585293535,1366.119225364867,5.62065042823591,0.4
3678,15.020600417916429,1022.9980278774673,1366.0416846766745,5.616436394076681,0.4
3679,15.015043585004527,1023.5818450261573,1365.8716494443356,5.613876356216083,0.4
3680,15.0241624767259,1024.0933429734196,1365.4641033658422,5.6114186217870525,0.4
3681,15.040640817080105,1020.4337880356317,1364.957658639648,5.605290046048534,0.4
3682,15.067351386703475,1020.2256991546018,1364.3498213105568,5.597924510999269,0.4
3683,15.149859816306044,1021.8278174160049,1363.8567292222522,5.58635338479737,0.4
3684,15.04693345837704,1018.6843918086275,1363.241769664859,5.582899773522594,0.4
3685,14.971791544500295,1017.3935883337628,1362.9981411499045,5.585232562052288,0.4
3686,14.860950885653583,1014.1599038967452,1362.899379875114,5.593758681853204,0.4
3687,15.084315127022506,1012.3908607133923,1363.1295714141586,5.581159377638673,0.4
3688,15.024236227824082,1015.1717307017389,1363.534648074488,5.577839933536442,0.4
3689,14.98594970868147,1014.5170014734119,1364.347948601393,5.577751788420332,0.4
3690,15.030422325201648,1013.0090333611532,1364.7306066010217,5.572905183310225,0.4
3691,14.97725361320188,1017.2734143696869,1364.8916914511042,5.576499786307011,0.4
3692,15.018156837478697,1019.3980850269578,1364.9972472488307,5.57771100029337,0.4
3693,14.935152248898067,1020.7876068718575,1364.9928304879754,5.586537809255737,0.4
3694,15.124792178971362,1017.7148233331601,1365.303479272143,5.575955393164033,0.4
3695,15.099934370397548,1016.1501637168399,1365.905329555843,5.56812630941555,0.4
3696,15.106341690981226,1014.5651257886598,1366.36183736562,5.559984565829993,0.4
3697,15.120451982802763,1012.1687843262947,1366.7835687415131,5.550343608896631,0.4
3698,15.017158470392708,1008.2192098282767,1367.0603273948366,5.547893291724922,0.4
3699,14.970904493838571,1007.6887446121264,1367.855798672211,5.5492628749047155,0.4
3700,14.856916934070716,1011.4559587949586,1368.2143970417192,5.562549010418596,0.4
3701,14.767169253322367,1008.9311401135129,1368.4130376918743,5.578869059087561,0.4
3702,14.769511351759014,1009.8555818387028,1368.5776560111733,5.592758980656113,0.4
3703,14.791973383082604,1010.1462305817163,1368.5408527174236,5.602532849592279,0.4
3704,14.800216076998902,1009.9253830944656,1368.5622820861593,5.609706868472735,0.4
3705,14.909301374381291,1010.0830376973522,1368.4415426075707,5.6067943003324014,0.4
3706,15.011149187416438,1007.7522506923139,1368.97331910191,5.594320916200287,0.4
3707,15.14464735941576,1009.9969812304428,1369.5220235582606,5.574880286882994,0.4
3708,15.115895147265471,1011.8993970683224,1370.0852009169757,5.562726827993172,0.4
3709,15.103953569638646,1013.5725204318525,1370.6594849823678,5.555001738690011,0.4
3710,15.034095215846143,1014.5766649621642,1370.915246036563,5.555135123398259,0.4
3711,15.045978398164737,1014.4250704960241,1371.0693670409594,5.5541587997835435,0.4
3712,15.182713074539494,1014.3874559612683,1371.0702540742427,5.542155820077857,0.4
3713,15.129275582803034,1011.8738034518931,1370.9867701386097,5.53477996724681,0.4
3714,14.94222159829433,1015.1342802697346,1370.6565641372506,5.546482740013691,0.4
3715,14.943714193574873,1016.9071948111173,1370.247017628265,5.557297362189493,0.4
3716,14.698123378344096,1016.4816453982597,1369.5750938924627,5.585913318438189,0.4
3717,14.777022016843327,1016.535749216333,1369.096532610221,5.6029717083104265,0.4
3718,14.862420919323277,1014.3909878187964,1368.9518814305816,5.608359350078461,0.4
3719,14.826811856819601,1014.8297995074447,1369.0405032592914,5.616018930552668,0.4
3720,14.85838200488576,1013.4247334684394,1369.1056385940412,5.618657644116063,0.4
3721,14.78034581140162,1013.922899787509,1369.0270764354534,5.627575120706788,0.4
3722,14.786416231556736,1011.0054994093424,1368.8675680807735,5.632185822090213,0.4
3723,14.990028292920652,1012.9810623901911,1368.8203669915256,5.620820945183483,0.4
3724,14.8767631724282,1010.5577631826862,1369.1600603766058,5.618925757565734,0.4
3725,14.789464616812582,1008.1073533424094,1369.3959727351255,5.622653231844839,0.4
3726,14.610886358726558,1005.5951993306044,1369.095380354976,5.638403987571571,0.4
3727,14.423611962657409,1007.2568856733309,1368.4407829957252,5.667879905789363,0.4
3728,14.421046784481565,1010.563228292915,1366.920814555556,5.694759380108888,0.4
3729,14.410601755379167,1012.3205298424339,1365.3931797213158,5.7189826368005825,0.4
3730,14.32605174686676,1013.778555932099,1363.8114909409458,5.746857401707193,0.4
3731,14.23532273197706,1018.6973661276686,1361.7044490649039,5.78084770453525,0.4
3732,14.111140397206691,1020.6487938133521,1359.2985355944518,5.820343212582069,0.4
3733,14.128719533672099,1021.3824204050222,1356.5840260906766,5.851847583851809,0.4
3734,14.231569706739304,1021.9909439690257,1353.9225843679883,5.869736295964331,0.4
3735,14.188536839445252,1019.8492520055438,1351.7595563358502,5.886302566687476,0.4
3736,14.201695097626464,1022.4499480403144,1349.223672076804,5.900777742024173,0.4
3737,14.105717702562488,1023.086515717116,1346.34292218236,5.920971903688555,0.4
3738,13.893943856651559,1026.1133174829538,1342.6091854059982,5.957125537076163,0.4
3739,13.948404129249484,1023.608911665843,1338.6214000669108,5.980427692179563,0.4
3740,13.826991610138489,1026.0629934844517,1334.3519676182395,6.01131257628097,0.4
3741,13.701184022242654,1025.134238459618,1329.9152697199568,6.046217038528197,0.4
3742,13.717287699604682,1024.9940303398091,1325.3222366488687,6.073416707718322,0.4
3743,13.655203591692821,1024.3288616591221,1320.504927574606,6.100291082230183,0.4
3744,13.515651813270809,1023.4762390277277,1315.2897839529596,6.133087657953221,0.4
3745,13.492081187822395,1021.2971038761507,1310.2220836482672,6.160259615383165,0.4
3746,13.632689892069163,1022.3621046463613,1305.5949332642042,6.171855217746953,0.4
3747,13.747742965273579,1023.9842836620954,1301.068414196533,6.173187841878889,0.4
3748,13.698576402189348,1027.0408064023263,1296.4850729214616,6.180609216393934,0.4
3749,13.809398948760697,1026.4927248808276,1292.0011514610997,6.177223975360207,0.4
3750,13.92358953801848,1025.335495696008,1287.4272026357678,6.164241557494682,0.4
3751,14.0044062564608,1024.875407818885,1283.2894402761729,6.14664380617874,0.4
3752,14.005327018484216,1023.1095455546078,1279.166614494297,6.13080341355532,0.4
3753,14.075283474937583,1023.4951780430044,1275.0294554599595,6.112388988143974,0.4
3754,14.160157623099408,1022.9142485408363,1271.2558476848571,6.089914061215247,0.4
3755,14.053188704543386,1021.0304619789275,1267.5063604327297,6.078801978517286,0.4
3756,14.229870158332481,1020.9198162471797,1263.8239066171948,6.055168014128112,0.4
3757,14.213451256041072,1022.5424458923691,1260.208993694863,6.038356624036006,0.4
3758,14.137645088368467,1022.9069505195878,1256.9784161774016,6.0310417296808625,0.4
3759,14.023064057862559,1023.2083593845681,1253.9738235428008,6.034634943224512,0.4
3760,14.100602412174887,1021.162807852369,1251.1286357105027,6.029698507057559,0.4
3761,14.150351160484119,1019.7754478605419,1248.7570077766034,6.020536317535006,0.4
3762,14.016897596197778,1016.9048572168149,1246.7101142481947,6.021758980873335,0.4
3763,14.094086358368255,1016.4823496421858,1245.0135642483824,6.016134283439773,0.4
3764,13.918113826365527,1013.8634917771445,1243.2884136815642,6.023922650313544,0.4
3765,13.847996119187403,1014.3673537538592,1241.6210310872814,6.036420049835029,0.4
3766,13.825308913747273,1012.462243329465,1240.1944886715376,6.047081652390372,0.4
3767,13.679367760505027,1009.8005816860249,1238.4557766451414,6.065738261326269,0.4
3768,13.533675161814317,1009.8534221736613,1236.8615993727637,6.092982627227363,0.4
3769,13.563720905611433,1009.4649617698132,1235.2374098185346,6.1125739930178495,0.4
3770,13.481288383700617,1008.6261471791959,1233.341385115041,6.134741154826094,0.4
3771,13.291137637081183,1009.402830419508,1230.8427917218182,6.169044519052271,0.4
3772,13.103370361252118,1008.59510617495,1228.1864811083906,6.211906979969601,0.4
3773,13.113405994751298,1008.843836874212,1225.569700944686,6.246422126360901,0.4
3774,13.062930084055516,1004.3877208076988,1222.7719467616294,6.2754806140775425,0.4
3775,13.184435296262103,1001.2108507984034,1220.4741640392583,6.286977454336639,0.4
3776,13.0,1002.6667945896306,1217.472613116844,6.312577609265804,0.4
3777,13.084191538228525,999.4419241552225,1214.6289917695099,6.324251601755273,0.4
3778,13.0,999.4094301274756,1211.6536917490096,6.340679842615695,0.4
3779,13.015211287027793,999.5116688220066,1208.4371251300304,6.3529852261983955,0.4
3780,13.0,999.9411773432922,1204.9365184674698,6.364643415554213,0.4
3781,13.0,1001.6284581303073,1201.4886942399492,6.375478715100967,0.4
3782,13.0,999.9162244281624,1198.026185737489,6.383069212050484,0.4
3783,13.056872371072991,998.1865151385302,1194.4258534320606,6.383338149162041,0.4
3784,13.0,997.2625106158997,1190.5051606213651,6.387507740338494,0.4
3785,13.028576307829802,998.3282288170841,1186.7066538470579,6.389397232187429,0.4
3786,13.0,998.0260097681576,1182.8856961890663,6.393053393778419,0.4
3787,13.0,996.6769990658529,1179.4824463212128,6.395031594192088,0.4
3788,13.0,997.7209452324461,1175.7509300978797,6.3974429418332415,0.4
3789,13.0,998.1425958797282,1172.2796082620455,6.399739014788333,0.4
3790,13.0,999.9006641462249,1168.654547297932,6.402950894220979,0.4
3791,13.0,1001.3505565816437,1165.095740230333,6.406680754036925,0.4
3792,13.005552361137104,1000.651406352504,1161.644709190057,6.408756942560648,0.4
3793,13.190443942070539,998.5678862825082,1158.6579235095007,6.393774935983303,0.4
3794,13.135300301310343,997.4864145680965,1155.7756777123707,6.385178436296708,0.4
3795,13.25511988466663,1002.0946341091096,1153.0897689618148,6.37182146417483,0.4
3796,13.143563869512489,1000.2033066231031,1150.3325466344618,6.368555261013865,0.4
3797,13.156181483521856,996.8047541544221,1147.8975331415518,6.362276557338706,0.4
3798,13.130698571154076,996.6797251368843,1145.4652308270142,6.359115961986513,0.4
3799,13.31009302526594,995.681021565943,1143.4086404224088,6.3411091391080605,0.4
3800,13.358724060897273,995.8438941299961,1141.5267941828113,6.322492547774361,0.4
3801,13.351039601252936,998.5369757041203,1139.6340755786607,6.3098908865929015,0.4
3802,13.363265809639413,995.6172499947809,1137.979556002944,6.2963510860385,0.4
3803,13.35143324918369,997.2870747088978,1136.3307964039384,6.287477793908206,0.4
3804,13.25068518278452,997.2599542408907,1134.6353183275296,6.288414323273691,0.4
3805,13.197351697796506,997.0121617413738,1133.3095850795564,6.293353358616974,0.4
3806,13.266530835598036,998.8450751734291,1131.911733019747,6.29313573101196,0.4
3807,13.1742030628358,997.8401455769696,1130.718234367696,6.299742575191054,0.4
3808,13.33190696753533,998.6106161313725,1129.4971399545593,6.292855100064995,0.4
3809,13.183302499847976,997.503323462752,1128.2001947674291,6.29851421430356,0.4
3810,13.046707340020301,998.0034007780566,1126.6469233451571,6.31469530289067,0.4
3811,13.114998530256898,995.6727722616816,1125.6684537810434,6.320621084307587,0.4
3812,13.0,994.1078590585145,1124.6975563514081,6.333694830580458,0.4
3813,13.0,995.0045105368999,1123.6599367678596,6.345093171041872,0.4
3814,13.0,995.086065748431,1122.6406399966525,6.354501465960149,0.4
3815,13.0,996.8912674017021,1121.5184894175206,6.363581000243008,0.4
3816,13.0,996.8392939874221,1120.1992254963902,6.3709869264537575,0.4
3817,13.0,998.5992692251912,1118.7101312896039,6.378390327226326,0.4
3818,13.018663515343587,998.535994942949,1117.4176853170823,6.3828880980285785,0.4
3819,13.015054318235094,1000.382796635165,1115.8745175820375,6.388267395753447,0.4
3820,13.000861427821205,998.8572113969484,1114.73117855337,6.39268492045237,0.4
3821,13.047252033650711,1000.3641597914985,1113.3100457156281,6.39365550338338,0.4
3822,13.0,998.0105015733602,1111.6830723141677,6.396533451963832,0.4
3823,13.008378508951255,995.1112880567986,1110.3778521127088,6.396016872629786,0.4
3824,13.0,996.9832193533928,1108.7833155156038,6.397693149387589,0.4
3825,13.0,994.6018268544127,1107.337324225557,6.397267363599759,0.4
3826,13.026622242842876,994.3989622257135,1105.9846406049044,6.394589283909322,0.4
3827,13.166481841616301,993.6155293626932,1104.9141821256435,6.380371656906956,0.4
3828,13.104842590031893,993.3928121962132,1103.840641548632,6.3735819882266345,0.4
3829,13.030379285756041,995.3014538836403,1102.628505345127,6.375542534249888,0.4
3830,13.0,995.9550371922606,1101.4118046839435,6.380126886202257,0.4
3831,13.144587630630793,995.4371490950834,1100.4445712119934,6.371678830226585,0.4
3832,13.190965718994008,994.1218419224309,1099.623211747989,6.359967034722968,0.4
3833,13.151161940881014,992.344313816387,1098.9778959954435,6.352272315909225,0.4
3834,13.263715922785329,994.7083498085628,1098.3315452610516,6.338551946290821,0.4
3835,13.1877678002515,993.9417484686331,1097.6919945992154,6.332928173164207,0.4
3836,13.282462929880761,994.8455429572807,1097.162717501208,6.321261461840498,0.4
3837,13.235978629124576,993.1880261855755,1096.6920370126631,6.314240372933443,0.4
3838,13.421931431076061,991.6522595605577,1096.6195794541657,6.292125977485669,0.4
3839,13.44997461111564,995.2984179806051,1096.7995751791677,6.274456980311216,0.4
3840,13.339069378827373,995.4620624504192,1096.749422439419,6.269155293429941,0.4
3841,13.311055523979064,998.5562931440613,1096.3934981484033,6.269436440809893,0.4
3842,13.33293982473376,996.012667779581,1096.1205150221706,6.265955615828233,0.4
3843,13.259340107051182,990.2355367694713,1096.3131994435346,6.264748397228648,0.4
3844,13.07916831743059,992.5759212609381,1096.2446950109197,6.280251447300333,0.4
3845,13.09362522751714,991.2299270510784,1096.1263731874187,6.290764958044187,0.4
3846,13.088319543223964,993.7812259646103,1096.0934704486278,6.301748399353216,0.4
3847,13.142175753730355,992.5995835685995,1095.9996432538962,6.3054603700526535,0.4
3848,13.210592003270857,992.6786166297572,1096.187482303825,6.3029729591079775,0.4
3849,13.24722739444477,993.1367100553445,1096.3122786188414,6.298285756596355,0.4
3850,13.162672728242676,995.5586410152813,1096.6102246144023,6.3031830376645726,0.4
3851,13.233398250800601,994.4259856144694,1097.0926333616476,6.300562830954063,0.4
3852,13.167875764366078,995.6965116438669,1097.1897639280505,6.304729276721099,0.4
3853,13.19361884891419,993.522577468244,1097.3433855111368,6.304398543144027,0.4
3854,13.045392897872714,994.1263796732649,1097.2947748823644,6.316696840796932,0.4
3855,13.065469556864775,995.2627099290837,1097.038388302363,6.325999845972882,0.4
3856,13.021133063018558,995.7068547079591,1096.3042989961884,6.337587261947104,0.4
3857,13.0,998.6162816586514,1095.4273336524693,6.351015463730565,0.4
3858,13.0,998.581423361591,1094.5279814973694,6.362000236320426,0.4
3859,13.0,999.848885910632,1093.677931622093,6.3719659515311875,0.4
3860,13.096523463754002,998.3964173615618,1093.174124933309,6.371151874322938,0.4
3861,13.03846421926054,995.5622909760651,1092.800117391037,6.373086332924743,0.4
3862,13.041152839600558,996.400786612304,1092.2259053389075,6.375086777625033,0.4
3863,13.138862772675704,995.4458908112784,1091.9931585692248,6.3680203853227955,0.4
3864,13.0,996.3798274211953,1091.4077844374085,6.374279865495116,0.4
3865,13.01782857153004,994.1229682140762,1091.0001158642733,6.376249502810402,0.4
3866,13.00545444202729,996.477280908258,1090.174290043624,6.380655679668702,0.4
3867,13.0,995.7467324158958,1089.4255388845295,6.384162187034753,0.4
3868,13.085781490517922,992.2048214270993,1088.8768826452472,6.377349774962259,0.4
3869,13.184423528659405,995.0312594001125,1088.3396640421406,6.365839356813491,0.4
3870,13.160764684791493,994.675886165214,1087.8346910491493,6.358065552486804,0.4
3871,13.194204138357472,996.4701085898308,1087.3387359481183,6.350314792946518,0.4
3872,13.119587083152348,992.7121521428079,1087.134883609732,6.3472158608008975,0.4
3873,13.272204009911826,992.0964571008772,1087.0622684378677,6.331737415735004,0.4
3874,13.234413573272324,992.0442365241495,1086.9960119122272,6.322093846507146,0.4
3875,13.420093659400221,990.253196988872,1087.4809613015173,6.29765831721326,0.4
3876,13.40250645105203,991.7686896904778,1087.653224045879,6.280204122340903,0.4
3877,13.579646715144012,993.6101597966582,1088.0560592643772,6.252807931564245,0.4
3878,13.571940830814357,994.6150038168221,1088.4608492544276,6.231732442074049,0.4
3879,13.784460239485862,999.3840369738685,1088.9703498010542,6.2006888436821805,0.4
3880,13.758484082844157,1003.412697369201,1089.5656183074675,6.180401531780479,0.4
3881,13.609436728732446,1002.0577314405203,1090.2957199187838,6.174921731557011,0.4
3882,13.725257932485444,997.5839580815726,1091.2925395438906,6.157581213943707,0.4
3883,13.743111604599365,997.0716839013024,1092.433433097415,6.141515708135364,0.4
3884,13.762342758277807,994.5258375070331,1093.5589582121281,6.124845763619852,0.4
3885,13.831025710811804,993.2048249109996,1095.1685673130232,6.104564952713454,0.4
3886,13.709810273345786,992.4858753363948,1096.6141525891442,6.097296887441529,0.4
3887,13.53102159944271,993.2004399573041,1098.1942483720968,6.106487895203317,0.4
3888,13.501628465670073,993.1120522588285,1099.6210543575273,6.116359707359836,0.4
3889,13.596268205422819,990.2916386473793,1101.5835346581307,6.114588401105331,0.4
3890,13.556467387637145,989.7482455142278,1103.4498868731337,6.11597764759742,0.4
3891,13.514180217089974,992.7775465683312,1105.5301420010358,6.12286268889495,0.4
3892,13.646053564209312,993.3658334787557,1107.6119409317018,6.118176477736613,0.4
3893,13.628909954380275,993.228145509535,1109.3138153436123,6.115630668277275,0.4
3894,13.786208521483076,993.7197770266656,1111.3926520493012,6.1010603390439275,0.4
3895,13.829717735709945,995.2591749879964,1113.4926598989846,6.086720880944729,0.4
3896,13.571024622414129,997.3753862711801,1115.2179192583296,6.097702782252007,0.4
3897,13.522220701317107,996.2626884636893,1116.9779846935392,6.109854998213561,0.4
3898,13.588308761766607,994.3478880878932,1118.547838117795,6.112971509918,0.4
3899,13.494962547566002,996.1349565949009,1119.4788858005686,6.124506325931412,0.4
3900,13.403775123226987,997.0593618430457,1120.1129364112528,6.142115561746991,0.4
3901,13.425180886149253,996.5842277158105,1120.9156286013551,6.154446654769568,0.4
3902,13.44451924127102,993.0474015263557,1121.7421851375482,6.160303980068303,0.4
3903,13.445175361485958,990.3017167807872,1122.5496506889049,6.162977631001651,0.4
3904,13.438638155713722,990.0456511814149,1123.6060698470876,6.165510659629578,0.4
3905,13.344226000271135,990.8143214929427,1124.4246579713015,6.175884219202761,0.4
3906,13.324233832353897,992.4266716486599,1125.4166944863218,6.18724323473269,0.4
3907,13.316002115311148,991.9051066169329,1126.441431368756,6.19683602021998,0.4
3908,13.274844566034792,992.6010621294231,1126.7680057169514,6.208591641613864,0.4
3909,13.133569795661895,989.6771333681761,1126.8648793233149,6.227565735248219,0.4
3910,13.103859832422701,990.7068212408361,1126.9429955402704,6.246330834256028,0.4
3911,13.093524561235313,989.4646516126259,1126.8016453547286,6.261623733564938,0.4
3912,13.028300250890993,989.4069160877381,1126.3294759572973,6.279450393582767,0.4
3913,13.0,990.275455459536,1125.7767421977198,6.297037567065278,0.4
3914,13.0,990.5059840808814,1125.2147039251342,6.311633328958674,0.4
3915,13.038663933629008,988.9786988359527,1124.7519780419123,6.319287609409931,0.4
3916,13.064030915221405,987.179322820956,1124.3829181846365,6.322130801376892,0.4
3917,13.051371867763358,983.042066485293,1123.9835339714657,6.322368950358311,0.4
3918,13.216438226427574,982.8800885984423,1123.7892215786221,6.308952554410576,0.4
3919,13.403788651752615,983.1516857120429,1123.854768951075,6.282846160393753,0.4
3920,13.285716115101351,984.4280856370625,1123.7133005409821,6.272052763338414,0.4
3921,13.41978427945906,981.947640922195,1123.5845573421323,6.250370911157284,0.4
3922,13.45266871850287,986.0623218968994,1123.3395290723988,6.233015174826974,0.4
3923,13.43655038583858,985.0860684705577,1123.1582154502985,6.219362613591132,0.4
3924,13.448856302940845,990.3101780893694,1122.689031098565,6.2111113007039656,0.4
3925,13.37947310220483,988.6477664011993,1122.18274591929,6.20875843606438,0.4
3926,13.171542919496309,992.4524202501467,1121.2551264223484,6.226697459900664,0.4
3927,13.305675620525383,992.8504079283244,1120.5474061686105,6.230747013803024,0.4
3928,13.225306609115034,995.2291671995556,1119.6875617064588,6.242433745624463,0.4
3929,13.073450093436673,994.9209340447176,1118.5817975583939,6.264193555914221,0.4
3930,13.0,996.1635249403774,1117.6153076462165,6.2889783407045865,0.4
3931,13.0,1000.6384004187587,1116.784450099574,6.312684870094342,0.4
3932,13.088592982956555,999.8787702810267,1115.8347178547301,6.324310125242607,0.4
3933,13.020144029212318,1002.530525132856,1114.9281861827194,6.341441209632146,0.4
3934,13.0,1001.020269201865,1114.1008148814567,6.35599311541497,0.4
3935,13.107996473572898,999.2782197242298,1113.4669810506387,6.3577832169314155,0.4
3936,13.097428352226506,1000.6030333086411,1112.7973928938907,6.361116286121143,0.4
3937,13.14808267003382,998.9103559238225,1112.1463608404981,6.358430267902583,0.4
3938,13.263283867855138,996.6731800671728,1111.354731417786,6.345122186129778,0.4
3939,13.341960335329073,999.422681269008,1110.8972348895863,6.329858741062696,0.4
3940,13.215199819596675,997.0455728361127,1110.2591038664123,6.325904491478072,0.4
3941,13.189495096641624,999.64485646772,1109.1882867030092,6.326727655204062,0.4
3942,13.026508932777084,1001.3337930547963,1107.679620145785,6.341998714830213,0.4
3943,13.041914524465197,1001.5575366337804,1106.1852394659616,6.353431188916617,0.4
3944,13.053469285367026,1000.3727253477148,1104.9543756872308,6.360965845274305,0.4
3945,13.0,998.9839930045607,1103.578760132809,6.370463891836378,0.4
3946,13.0,1000.7847360414142,1102.096514668425,6.379613651753139,0.4
3947,13.011173523671069,1002.642854113889,1100.7882971013128,6.3876080917932745,0.4
3948,13.121792703347015,1004.5585052500793,1099.5587588837336,6.386571965522027,0.4
3949,13.185771729136356,1003.8331414299416,1098.599635725768,6.379945600944074,0.4
3950,13.178600417214446,1001.0706684937786,1098.0353423415074,6.373009592060673,0.4
3951,13.28188338002737,1001.831554870273,1097.7863979895437,6.3594570111558415,0.4
3952,13.308056974030352,999.8460604012593,1097.4446923019893,6.344703954893381,0.4
3953,13.286763297226189,998.2194138061568,1097.1445559135623,6.333116823200703,0.4
3954,13.302556066477193,999.4506272215623,1096.519794177826,6.323255587451561,0.4
3955,13.235008803077992,1002.2774237594232,1095.7614404942233,6.322826394684871,0.4
3956,13.212524772153573,1000.5061369637975,1095.0953473833347,6.322972758805835,0.4
3957,13.411798850621313,999.2178987947653,1094.6641411299722,6.305834191636854,0.4
3958,13.359731491694932,1000.9713365547886,1094.1571311304226,6.297361110076331,0.4
3959,13.350116413745045,998.9690101807568,1093.7862956292904,6.289685168627998,0.4
3960,13.391488039863043,997.0330434250136,1093.8183559061356,6.278546416486661,0.4
3961,13.532043307341189,996.0441206169182,1094.2402671625844,6.25717883762953,0.4
3962,13.643364299685059,995.2013444151097,1094.8729527729133,6.2299231326637745,0.4
3963,13.62042200759629,995.1848986271259,1095.7711393621037,6.209435865685633,0.4
3964,13.646888223392036,995.9638036189531,1096.7688498022883,6.19106233978255,0.4
3965,13.759047690516072,996.7820054851146,1097.8543963270708,6.167448937499464,0.4
3966,13.715638551583135,996.9940108813277,1098.9657609122285,6.15179361854047,0.4
3967,13.667488393734246,995.7817042147409,1099.9458303782724,6.141974584053567,0.4
3968,13.606988762425148,995.9539617874381,1100.802603584786,6.138997232369845,0.4
3969,13.721369896593513,997.783531154062,1102.1372622410888,6.128591732146122,0.4
3970,13.689735293790667,996.6075582218149,1103.3670195829689,6.121755366166939,0.4
3971,13.826073160779286,998.268838645348,1104.658551476822,6.1062639435738895,0.4
3972,13.805628822165477,997.9979431834302,1106.0452810777904,6.0950268914298995,0.4
3973,13.711307105142417,997.4054121846892,1107.6466436836042,6.0930725259519045,0.4
3974,13.711957719809531,996.6148899503627,1109.479733750525,6.090819143220201,0.4
3975,13.580820273986161,997.2228770460225,1111.0254612809836,6.100147559697208,0.4
3976,13.620727572274895,997.1183936465222,1112.6025820457962,6.104456647342177,0.4
3977,13.675278739899033,996.2603776987366,1114.4613047104613,6.102883517736281,0.4
3978,13.569768889082827,997.4407297036063,1115.992182520943,6.111108162583828,0.4
3979,13.527395619201032,1000.607390849462,1117.1528732934626,6.123709110799823,0.4
3980,13.578367791738305,998.2480875832804,1118.2705561719422,6.128092809127961,0.4
3981,13.612111593265524,998.3850277597043,1119.6211902608195,6.129033425069605,0.4
3982,13.608633895673613,999.8687772660163,1120.7934722720718,6.131210642215737,0.4
3983,13.5633654634061,999.2697798274004,1122.178464908084,6.136242454496872,0.4
3984,13.364618778857055,1000.0177854776279,1123.1485275247928,6.157175611900323,0.4
3985,13.379118355243355,1005.0481712953225,1123.6153019428114,6.176958867267041,0.4
3986,13.37198987369994,1001.4610757839006,1124.1463645075028,6.191051831972843,0.4
3987,13.379388870431901,996.2553945940986,1124.5719306410138,6.198067922039175,0.4
3988,13.548846409422847,1000.6028706702266,1125.089310127009,6.19325973772078,0.4
3989,13.554964292629547,1001.5022148717684,1125.6937222755898,6.18949697738041,0.4
3990,13.604551960953112,1001.3642845612536,1126.1400546394584,6.182254934331155,0.4
3991,13.574157251807572,1005.8858411121954,1126.2770902862692,6.182218611414652,0.4
3992,13.600960843868052,1004.0794494522565,1126.6307606965065,6.178632804985023,0.4
3993,13.532600984173769,1005.5137628415614,1126.9047275799053,6.182363152369258,0.4
3994,13.58026192006472,1006.2655378979211,1127.182613450495,6.182095527485931,0.4
3995,13.584698623821685,1007.8551264859572,1127.295060773454,6.182715236623139,0.4
3996,13.488125572270343,1005.8799530145556,1126.9330340148842,6.1896221167440455,0.4
3997,13.422593699330093,1007.9522507789593,1126.4068003785078,6.202207680209756,0.4
3998,13.262710042093163,1009.5059282298453,1125.5334087261392,6.226768114873909,0.4
3999,13.407742035958904,1008.4722682443138,1124.880711404703,6.234274209810745,0.4
4000,13.485723551803487,1009.3428937459094,1124.651668464943,6.234714751063337,0.4
4001,13.520281279355727,1009.1187066660572,1124.4989636677842,6.232082451962525,0.4
4002,13.663330585587687,1010.9733527824623,1124.5791176248267,6.219636089858587,0.4
4003,13.765260525808127,1014.5045219174071,1124.6199957686347,6.203769922084561,0.4
4004,13.911514539341539,1018.8461015543094,1124.7771783883702,6.182090020729407,0.4
4005,13.880503791223724,1021.2554856251868,1124.7217217329671,6.168668194311953,0.4
4006,13.82381515723653,1022.9866961593218,1124.6709440497996,6.163603686982879,0.4
4007,13.931170837033548,1020.33079113427,1124.899396857174,6.1486698206210875,0.4
4008,13.808937493170346,1019.8097299558723,1124.8331064076826,6.14601903681405,0.4
4009,13.74175443886735,1019.6856159024383,1124.5542578991417,6.1492417630655245,0.4
4010,13.974992737993391,1016.9609136773704,1124.3378237820627,6.130764289905002,0.4
4011,13.771448183824766,1018.8517381324469,1124.1726895645818,6.133675886168072,0.4
4012,13.765159593757124,1020.237574913923,1124.101594915268,6.137624991290912,0.4
4013,13.72265092977866,1022.0106515506976,1123.958193654618,6.145677511449364,0.4
4014,13.677317398920442,1019.8331566318008,1124.1249017413988,6.154339047962341,0.4
4015,13.572867618631072,1021.2354521294224,1124.2589511649153,6.171037279344431,0.4
4016,13.699866713050085,1017.1369035735027,1124.9989436421367,6.171252960373549,0.4
4017,13.652238770086859,1017.4141660852588,1125.5710811454867,6.175531584775267,0.4
4018,13.714817530559786,1016.9158571869173,1126.0987275627306,6.173549398951683,0.4
4019,13.808700032825572,1018.1671123759485,1126.9190411516893,6.165197877414091,0.4
4020,13.77457436397436,1018.2184190899002,1127.4366833217036,6.161177167287534,0.4
4021,13.76117618613849,1020.4355399924912,1127.697308407819,6.160651227478864,0.4
4022,13.72794696179882,1019.8127360506135,1128.4281392101561,6.162464609268732,0.4
4023,13.61486090669354,1017.19351529351,1128.6523222408773,6.1712128438672575,0.4
4024,13.610330591875961,1018.2011348200856,1128.7745312656666,6.179518373927032,0.4
4025,13.5014702816529,1020.2977076453434,1128.5213320825771,6.196809982183371,0.4
4026,13.455724179725228,1018.703804660106,1128.1227151352368,6.213522481746258,0.4
4027,13.249690785425129,1020.6159340291987,1127.0521558581208,6.245509350173064,0.4
4028,13.163917109552173,1022.1160861544022,1125.9600720196754,6.279882122082037,0.4
4029,13.109368828073507,1019.1445537880888,1124.7404124018906,6.310279002140898,0.4
4030,13.14382411099624,1015.3376716833945,1123.82391809492,6.329510755197569,0.4
4031,13.151933581467967,1013.8764376646996,1123.1479040671823,6.343513393858958,0.4
4032,13.291841911998759,1014.2559082612512,1122.5833866174532,6.343849128561312,0.4
4033,13.224597732132546,1016.0180328914666,1121.822833887787,6.350951791616353,0.4
4034,13.204489264664145,1016.7721292016471,1120.9294536159919,6.358989336093501,0.4
4035,13.050176347618555,1017.3313689148164,1119.5306853316974,6.378613359368884,0.4
4036,13.08995843054544,1019.4957909325287,1118.0739655360721,6.393090369683303,0.4
4037,13.17473770825364,1014.357960890534,1116.769187131067,6.3941491560550645,0.4
4038,13.244712748465343,1014.6109619517406,1115.5047600117155,6.389490269396081,0.4
4039,13.118640572165695,1015.2283498800448,1113.6494887208275,6.396439345856719,0.4
4040,13.238716218570534,1017.3861130371038,1111.7453404065573,6.393956275676976,0.4
4041,13.24275800893356,1018.5831195252111,1109.7488036780594,6.392494799926129,0.4
4042,13.25336521889928,1018.3225443846138,1107.9162577882128,6.390232573805744,0.4
4043,13.21991173121326,1017.2704312244707,1106.1593667464192,6.390315969851662,0.4
4044,13.380999675523466,1015.1461633567071,1105.074649701095,6.375614301292256,0.4
4045,13.460938632798674,1013.7710767027403,1104.0998310219513,6.355986755974613,0.4
4046,13.457441188721175,1013.0516564613667,1103.1985552260232,6.339634098241682,0.4
4047,13.545000049207507,1011.2685897593952,1102.2464999034048,6.317721610395044,0.4
4048,13.456682181868825,1009.0490521803324,1101.4501212815194,6.305292736069947,0.4
4049,13.32078058886363,1010.1613637532155,1100.655315306409,6.3070478448528515,0.4
4050,13.30572419888043,1014.2837564200745,1099.8229147474601,6.312833971100406,0.4
4051,13.343249817622247,1015.6223015133637,1098.7345244595067,6.315523941150345,0.4
4052,13.164460283786687,1014.8295967746915,1097.682877145806,6.331741112513901,0.4
4053,13.162420303095763,1016.5883007335594,1096.5413021096488,6.346535480446985,0.4
4054,13.333640065587693,1015.9258777487622,1095.7021112912535,6.344173991384765,0.4
4055,13.439398692399651,1015.1729776744116,1095.0114941119953,6.333025782914463,0.4
4056,13.26268669237774,1015.962917072708,1094.4149705167263,6.338922350795718,0.4
4057,13.333784266115295,1017.1714138165362,1094.037851586395,6.338861066270848,0.4
4058,13.320877469004115,1015.5121827583563,1093.7184610950105,6.338611177740396,0.4
4059,13.244160305827059,1017.4812393999274,1093.385232483622,6.346164202541282,0.4
4060,13.426103179721096,1016.2841807402981,1093.183179194424,6.336584334876709,0.4
4061,13.554372428620486,1016.8699686228096,1092.8903752878557,6.318689536010879,0.4
4062,13.57088284127914,1016.5727000189005,1092.6662935969896,6.302441834953878,0.4
4063,13.51781351894687,1016.8896754726479,1092.4922836271548,6.293695178551164,0.4
4064,13.65795186125569,1013.1984818954928,1092.3191411406526,6.2722802726231315,0.4
4065,13.58475179387668,1013.168938100456,1092.1218100933738,6.26067962415931,0.4
4066,13.506492470666858,1011.4446078471414,1092.2937674001234,6.256258850640177,0.4
4067,13.449021116865365,1011.5021029343113,1092.6132458097975,6.257373841673046,0.4
4068,13.450505607094932,1010.2242195795998,1092.6063533785386,6.2572007419622775,0.4
4069,13.616048543251908,1010.5350804286846,1092.9605900362021,6.243765642258607,0.4
4070,13.455842364924719,1008.8376948035685,1093.1757424825757,6.244557685861907,0.4
4071,13.396388831049933,1007.3241628527485,1093.2020011609693,6.248921474250041,0.4
4072,13.32710397776836,1009.0149672385446,1093.4203234885094,6.259439987054143,0.4
4073,13.31725281487468,1009.7075738567723,1093.819547108849,6.269393815188558,0.4
4074,13.333806114075587,1012.8050809960112,1094.0981295342722,6.278544934045345,0.4
4075,13.274087082508636,1014.8062530809315,1094.0499660986536,6.292441976863762,0.4
4076,13.359608502583198,1015.1145105498106,1094.3652924435298,6.297081784172842,0.4
4077,13.235463852947898,1016.559172548664,1094.249917716563,6.312123691405618,0.4
4078,13.395536845756551,1018.5143452519893,1094.0889305068767,6.312855000927885,0.4
4079,13.240972414544757,1020.0566877983426,1093.507224806415,6.327251691019815,0.4
4080,13.318798729450794,1017.3906864142687,1093.14030921509,6.330681513394716,0.4
4081,13.2075488482921,1017.3512252261992,1092.9425753148694,6.342555475372243,0.4
4082,13.26907537993114,1015.7068515573163,1092.5553213801247,6.346021029534597,0.4
4083,13.157828982032155,1016.7431290417862,1091.8285573139735,6.358737265362293,0.4
4084,13.048985156883836,1018.3371621249838,1090.6980887651403,6.379264385143021,0.4
4085,13.062003217466026,1017.3862268473978,1089.5871070864341,6.394313880382586,0.4
4086,13.06569746418439,1016.1939039858784,1088.5601166430602,6.405451176553896,0.4
4087,13.12591659300427,1015.6792816222297,1087.530703048525,6.409273597700292,0.4
4088,13.185274977061665,1014.6555996525949,1086.8331977919008,6.406783312326121,0.4
4089,13.375614811336554,1014.7424528512043,1086.1884969846813,6.3892523680805065,0.4
4090,13.568945328396078,1017.9980162759153,1086.0768763004742,6.361539229894079,0.4
4091,13.664981330404533,1014.8925512339318,1085.986751168184,6.328618662925339,0.4
4092,13.756321668437096,1014.6107686454116,1086.29193084352,6.293946437950029,0.4
4093,13.705092333662888,1014.7410432733611,1086.3956850370064,6.269800162326754,0.4
4094,13.61002202388248,1017.8494066101503,1086.4507857011922,6.260119284713535,0.4
4095,13.718072522346336,1019.8595433027099,1086.3620897911087,6.244870741675805,0.4
4096,13.815985823705093,1020.7486949133288,1086.1848705121815,6.225037660015456,0.4
4097,13.88931083797921,1020.0884930350651,1086.2238195737825,6.202283300267522,0.4
4098,13.90338735091405,1017.7170539955116,1086.4584809384683,6.1806815847232786,0.4
4099,13.989339970739202,1017.6747353506549,1086.992686222895,6.155912136989376,0.4
4100,14.087506669536538,1016.5648264903276,1087.880986398761,6.12673991612345,0.4
4101,13.878257550894302,1017.5566276095429,1088.9713449309213,6.120668334634961,0.4
4102,13.904187408991216,1018.6632215785213,1090.4528537979124,6.114407234851267,0.4
4103,13.91233772501047,1017.6098944368239,1092.1712117969562,6.107810773884422,0.4
4104,13.993045641128747,1017.9546712962901,1094.144493800662,6.09606687629218,0.4
4105,14.160375620365697,1016.8716571360595,1096.2313616313108,6.071943915658164,0.4
4106,14.057630137549603,1019.4554237571192,1097.9210222357758,6.062512776359522,0.4
4107,13.893169217722827,1024.366077265087,1099.4191556917724,6.071931442554904,0.4
4108,13.971621805572333,1023.9251758004892,1101.1671625397967,6.07291028184882,0.4
4109,13.984667871670679,1024.560834097563,1103.0062347159078,6.073127363220862,0.4
4110,13.945491422070543,1021.9568759435119,1104.8747903377161,6.074538277042797,0.4
4111,13.853644812785996,1022.4148084972475,1106.7231299244313,6.083547128298141,0.4
4112,13.8605551883142,1027.3469558549943,1108.4902526469612,6.094098373841815,0.4
4113,13.966234403529189,1027.1373639362419,1109.8678164008527,6.0939558382296815,0.4
4114,14.151246849356792,1030.3418770776452,1111.3645049622983,6.081142353889601,0.4
4115,14.11917928725939,1030.7661522381677,1112.8248547281123,6.07357660992669,0.4
4116,14.078504627913416,1028.3540180774112,1114.4912809572927,6.068873059613324,0.4
4117,14.062152553917953,1029.1209882981632,1116.4323074587196,6.066932269330162,0.4
4118,14.044428140933341,1029.201789661665,1118.0734824909096,6.066850346157879,0.4
4119,14.054428942562708,1025.7630556116417,1119.4656479711296,6.063366220705637,0.4
4120,14.078944893153007,1024.298183273958,1121.0897214860634,6.057398350865271,0.4
4121,14.27507523098021,1027.221411989247,1122.8353355816623,6.03868688729769,0.4
4122,14.223336156095574,1029.5186352256858,1124.3632253734515,6.029308305138594,0.4
4123,14.362113829431031,1027.0750306769191,1125.941956373005,6.008429591264294,0.4
4124,14.293876559667732,1028.5206233909373,1127.43733900928,5.997978263664223,0.4
4125,14.378046431598648,1028.7561880781268,1129.2499535941724,5.982707900001485,0.4
4126,14.269848999804653,1030.2143483681489,1131.289665280044,5.980130465103502,0.4
4127,14.351371161931727,1030.2857493409956,1133.3027900544635,5.971408956533604,0.4
4128,14.378513780171506,1030.3018787292974,1135.2332022920777,5.9620514185612885,0.4
4129,14.3690069922981,1031.209216620154,1137.0606844707731,5.955841079574492,0.4
4130,14.398329256967783,1032.1103922196294,1138.8177457800837,5.949033674889716,0.4
4131,14.413360186967301,1028.579920603661,1140.7314799566811,5.939554238906966,0.4
4132,14.402172346038702,1029.4243234644327,1142.635230091267,5.9333337403245405,0.4
4133,14.36256376077383,1032.0804157414802,1144.7855910917492,5.933477750836245,0.4
4134,14.413328356611645,1032.4841851780689,1146.7995738791872,5.929752606378037,0.4
4135,14.413964043312962,1032.9199553512694,1149.0572944292462,5.926975481856015,0.4
4136,14.378518280281988,1028.6233952790099,1151.240299815541,5.924346668088219,0.4
4137,14.245147158052522,1029.017026964734,1153.3733028397362,5.9333877144616265,0.4
4138,14.214395491360364,1029.6672122607474,1155.0965130777572,5.943805938773689,0.4
4139,14.017451816703684,1029.9057135177875,1156.6244928009305,5.968623426752847,0.4
4140,14.094058556312488,1031.0418788879458,1158.11464855814,5.983572405154765,0.4
4141,13.975850796906863,1033.1259731658406,1159.2176146780168,6.007066080817054,0.4
4142,13.987787486819922,1036.1906834480574,1160.1330753607915,6.027672349533792,0.4
4143,14.038082564574673,1036.1398110430944,1161.0419820833968,6.040420916589246,0.4
4144,14.087695667658608,1036.0766028025814,1161.9184641103445,6.046772573360872,0.4
4145,14.014430922995318,1036.0230230160655,1162.5559617131373,6.057927620528884,0.4
4146,14.093806705855553,1035.831899129036,1163.3571743280768,6.06044368057272,0.4
4147,14.114282370320664,1040.2078237312762,1163.9615028779556,6.064141777507871,0.4
4148,14.240418650275933,1043.2219094741736,1164.496424500553,6.05914500901838,0.4
4149,14.284820318584284,1040.2375656599088,1164.9321269397967,6.049162990599255,0.4
4150,14.388642149485804,1041.3937854078154,1165.4100013978957,6.033367517603717,0.4
4151,14.57934093599798,1042.899743761216,1165.6701147252616,6.005969829428772,0.4
4152,14.551597321499802,1042.2390763292362,1166.2014434381915,5.985271468723532,0.4
4153,14.542122998937902,1039.9667196538387,1166.625468419868,5.967355152938393,0.4
4154,14.496072556382124,1037.3787951000293,1167.192492661129,5.954470545197557,0.4
4155,14.294785670015179,1038.170313992531,1167.6303691892222,5.960952719486709,0.4
4156,14.158232754821332,1038.6915672931805,1167.9328271654356,5.977821274128747,0.4
4157,14.146975853061631,1040.1400871123813,1167.9161513724343,5.993668483930336,0.4
4158,13.9872798044064,1040.1514587825068,1167.7802573151578,6.0197221540463595,0.4
4159,13.935959370514214,1039.4112505269993,1167.544545022379,6.044720471958004,0.4
4160,13.86916751405409,1037.9926730510838,1167.4513096293442,6.069604878583682,0.4
4161,13.931921823165094,1036.1711081804228,1167.532736152525,6.083504706833968,0.4
4162,13.991179343796368,1034.9635270173626,1167.9183203310738,6.089147110053941,0.4
4163,14.025065109316426,1030.5631653116534,1168.9202690521247,6.087678062486503,0.4
4164,13.79346485993428,1031.0126368479164,1169.4817173172123,6.105739616342127,0.4
4165,13.820211980495554,1033.622939486984,1169.856409064681,6.120337704606608,0.4
4166,13.761376207195626,1034.2257097014362,1169.9474455340298,6.137571890659678,0.4
4167,13.79444595751697,1035.150503704974,1169.5516348825022,6.149700607493609,0.4
4168,13.891827438983379,1034.0432310129831,1169.025439787092,6.150851042476853,0.4
4169,14.001174821478934,1031.373920113228,1168.7567683627265,6.140840532025361,0.4
4170,13.810197181321444,1032.0641316049532,1167.8953300477608,6.148760406096553,0.4
4171,13.901130727902872,1032.7570736987082,1167.020499932668,6.148347477631174,0.4
4172,13.818854733401132,1031.5373798770677,1165.9698810626744,6.153810382031085,0.4
4173,13.704771467933924,1033.5590479560892,1164.8062668589935,6.169141229160733,0.4
4174,13.71523336196112,1034.441093279099,1163.7242278900942,6.181524404091337,0.4
4175,13.573096555296036,1034.981266113304,1162.4569916651044,6.203702398037762,0.4
4176,13.607542612271661,1036.060365962142,1160.6709477587149,6.219889220783504,0.4
4177,13.557036986682622,1036.198276313509,1158.8555142807315,6.237393995383782,0.4
4178,13.560861226565882,1036.2540062598298,1156.9183106739508,6.251477525512168,0.4
4179,13.585819207836266,1039.0066215750776,1154.9758352184033,6.263067431166357,0.4
4180,13.597231961484784,1041.2987444977698,1153.1703437262402,6.27337134850419,0.4
4181,13.542167083153226,1042.1753312094172,1151.4847503840947,6.286983162132474,0.4
4182,13.583649878481939,1040.0820769806805,1149.5753702685536,6.2931723750764785,0.4
4183,13.687137290822262,1043.1207991188955,1147.9160266075178,6.292087812290602,0.4
4184,13.651728949715057,1043.7827354504996,1146.0570886250634,6.294592464308157,0.4
4185,13.723083441329084,1041.8869899693618,1144.2056848093796,6.2893820063241135,0.4
4186,13.661422405801218,1045.9427643112244,1142.1745594950573,6.293214536002983,0.4
4187,13.693016667897098,1043.4476766887972,1140.0610600664004,6.291889040998626,0.4
4188,13.701254104948191,1041.4138407337427,1138.1934211671628,6.288591391757216,0.4
4189,13.667912351896762,1040.2703884028504,1136.2915289651946,6.287747557476469,0.4
4190,13.69560536568058,1039.592566520567,1134.5314203231405,6.284280106936836,0.4
4191,13.675978637841842,1039.872346019058,1132.8482561434496,6.283252206994178,0.4
4192,13.628982379786628,1040.3677954631135,1131.1520688345465,6.286624423029177,0.4
4193,13.73005307857689,1038.671176820388,1129.6090448846044,6.279847498978834,0.4
4194,13.561406080373413,1037.7896338602718,1128.0097868841713,6.2874058074728945,0.4
4195,13.649291372742365,1040.6852544794478,1126.6552833850187,6.28861072353373,0.4
4196,13.690545851835813,1038.250117582622,1125.4358586230312,6.284386475178098,0.4
4197,13.615331415382293,1037.6750693397269,1124.3294363550672,6.286634378801833,0.4
4198,13.590179891261775,1035.265532855984,1123.1917541275448,6.288711432742715,0.4
4199,13.521058621055486,1036.0470501805737,1122.007037846249,6.296654034272885,0.4
4200,13.494672829012636,1037.7483637316545,1120.7325532982384,6.306609407497984,0.4
4201,13.613953771318732,1038.54326697696,1119.546424859333,6.305626121790762,0.4
4202,13.653852282066302,1035.5148865505473,1118.6518581611952,6.29926986561018,0.4
4203,13.802787092219104,1034.3940868055804,1118.0272885124632,6.281039458249221,0.4
4204,13.874296779026343,1035.1412700627,1117.4501707885831,6.2608116231497295,0.4
4205,13.908993865958822,1035.5324535784903,1117.2022307003933,6.241685087161962,0.4
4206,13.748691760509475,1033.9369549922212,1116.5181856339204,6.237895018778094,0.4
4207,13.730988308918477,1031.3488196126252,1116.1396856126617,6.234277258420364,0.4
4208,13.599274381823669,1033.4901947680492,1115.5840177170642,6.243693236666713,0.4
4209,13.665195485387882,1032.154875515356,1115.0138447334252,6.245017764890417,0.4
4210,13.666621156654932,1031.2328531394494,1114.446667044827,6.245290323261724,0.4
4211,13.765480040909575,1030.8364543412347,1113.9085993474469,6.237135395613456,0.4
4212,13.840689995870235,1031.4526755845427,1113.4359309643376,6.2247680606824325,0.4
4213,13.873194254311029,1030.7919437463656,1113.3441203189,6.21147108476955,0.4
4214,13.84408516442818,1032.4563232922987,1113.2755066713828,6.204204630282938,0.4
4215,13.887633699190516,1031.8174029920012,1113.6362788353747,6.194204327596113,0.4
4216,13.852967848485559,1034.019551176026,1114.030540815097,6.190501796739648,0.4
4217,13.801178487086972,1029.945953453572,1114.6012130763859,6.188618308172664,0.4
4218,13.614791596538492,1028.9212082833772,1114.5969051382413,6.201530676894692,0.4
4219,13.66381681729119,1030.6169226686995,1114.5089768885764,6.209394438282148,0.4
4220,13.625438507414549,1029.871485316806,1114.0963652645476,6.21841544746495,0.4
4221,13.625837136349237,1030.9773566543047,1113.7559160885771,6.2266161377694536,0.4
4222,13.638161310005062,1031.1928411404983,1113.4099540844416,6.232496478619555,0.4
4223,13.515067671196421,1027.200474375178,1113.2523118882516,6.244359341005498,0.4
4224,13.455207616847847,1030.6622797188893,1112.9674815002338,6.2615957766431825,0.4
4225,13.327487949398774,1028.8305733603124,1112.5781633510453,6.284782135082938,0.4
4226,13.350853213179674,1025.3808701024534,1112.2606740263016,6.29927756398442,0.4
4227,13.365947554149354,1028.3324205368522,1111.886313335664,6.312161678268,0.4
4228,13.535865760980357,1028.4092837470405,1111.6725532083767,6.308899044705207,0.4
4229,13.59634988139038,1027.7352688443634,1111.4883810046197,6.300771367597386,0.4
4230,13.60914394645425,1025.4797649734942,1111.0654161371053,6.291355980445577,0.4
4231,13.788330464781716,1022.1689422959232,1111.1760184064183,6.26648925875913,0.4
4232,14.052965592699534,1022.278257456198,1111.6104787322356,6.224555206583966,0.4
4233,14.185734671390483,1019.6516604240782,1112.4337724266372,6.177333687333425,0.4
4234,13.982171339733268,1018.3563024218388,1113.2461641726513,6.1542679463613155,0.4
4235,14.014449804224922,1020.2504422609363,1113.8158869612375,6.134148212364286,0.4
4236,13.870910825806394,1022.3284314102995,1114.0484849696195,6.130950995600002,0.4
4237,13.715410404121853,1022.8976620946485,1113.7804279832876,6.1414671107107175,0.4
4238,13.557488121744177,1019.6725130818348,1113.4487509247247,6.160557521363721,0.4
4239,13.677423881764634,1021.9320507297047,1113.1645777437377,6.168118718252102,0.4
4240,13.708528141633423,1024.2228609490087,1113.1679861307596,6.173508912109891,0.4
4241,13.637639350893602,1025.575618211225,1113.1206345210044,6.184744587542771,0.4
4242,13.500006104085534,1024.9292167241517,1112.886168661717,6.204716550802661,0.4
4243,13.485923980346556,1027.2721363043029,1112.8386082157294,6.224015599030314,0.4
4244,13.525481523066585,1023.3395977034239,1113.5139873002333,6.233635177003644,0.4
4245,13.486827044574756,1022.5159990183618,1114.3887579810528,6.2440594343182205,0.4
4246,13.455658980941053,1022.614884960349,1114.7253075215315,6.255229137248461,0.4
4247,13.46763111497668,1022.8736753069355,1115.0877433962844,6.263605576359887,0.4
4248,13.605677869964287,1021.0442347852212,1115.3982846517063,6.257810018579253,0.4
4249,13.530290373122535,1022.0729090572163,1115.2392908277866,6.259996005190669,0.4
4250,13.682432400591003,1023.7122206958602,1114.893912994288,6.250594787326122,0.4
4251,13.59826471521392,1024.8567681191937,1114.6730521073212,6.250629249778249,0.4
4252,13.587866408446986,1020.6483016714365,1114.6920273715502,6.248325657983482,0.4
4253,13.334171212577317,1020.4962267910824,1114.195791207775,6.267053715508696,0.4
4254,13.39693635108182,1021.2580323136092,1113.431542470511,6.277857480535812,0.4
4255,13.532931700935505,1022.7348255386762,1112.7637164110322,6.276719483546155,0.4
4256,13.611819895123352,1022.3861539596555,1112.3307013629587,6.269075987071866,0.4
4257,13.737358514365576,1023.6668481570024,1111.973357264209,6.253517508811669,0.4
4258,13.922348032114703,1023.6532793069811,1111.8534774928112,6.225631955197232,0.4
4259,13.65976568547778,1023.2535766306114,1111.5275722931779,6.223921855377228,0.4
4260,13.688773784638283,1024.9555710839038,1111.4757128818462,6.221435739468118,0.4
4261,13.668059175950686,1023.3929249896901,1111.313277964865,6.219908561797372,0.4
4262,13.730945052509378,1024.9800516339744,1111.5013283180692,6.214717110018063,0.4
4263,13.805162878684033,1021.2591724432929,1111.7814013819532,6.201582054135882,0.4
4264,13.605975041468461,1021.4810333075756,1111.7932813616023,6.207256665183147,0.4
4265,13.49075080294817,1019.0045549904537,1111.1933136031575,6.219453753406039,0.4
4266,13.41947032485853,1015.0443181116394,1110.770984931794,6.232286467337912,0.4
4267,13.517767872410367,1016.4868140711671,1110.6836212806722,6.235866944121515,0.4
4268,13.566327240182895,1019.4326763787782,1110.6943994985938,6.237061735454252,0.4
4269,13.53575089945822,1019.006630419789,1110.937948091753,6.240218072166121,0.4
4270,13.39545796766416,1020.5467898468205,1111.2683087301025,6.2554353671828995,0.4
4271,13.373390405323695,1016.3947341190053,1111.1438075831277,6.266577956160893,0.4
4272,13.416714959456032,1018.1109816285872,1111.0364304641917,6.273471879676397,0.4
4273,13.686014314603113,1021.4137767050853,1111.1109018209959,6.259614666734324,0.4
4274,13.647388102758649,1022.8161581924188,1111.2474686955147,6.252468486558177,0.4
4275,13.696770872853017,1022.3092316258096,1111.6506330470256,6.242189822357268,0.4
4276,13.543317220527777,1025.4561630757216,1111.3020122881062,6.2486806303566755,0.4
4277,13.769355238269718,1026.2236288044035,1110.9879730492707,6.236111470197201,0.4
4278,13.913211843295384,1025.715449339571,1110.7848707773537,6.213664613428322,0.4
4279,13.836974359170103,1023.2419630828638,1110.8788125790236,6.199618362470488,0.4
4280,13.789804056388112,1022.5522372691576,1111.0885011708222,6.191433761113247,0.4
4281,13.797896380646892,1022.5339866463648,1111.2671282324193,6.18404728579105,0.4
4282,13.774089687039329,1026.470162477696,1110.970257443758,6.182911607956945,0.4
4283,13.687399472897013,1026.2248852585758,1110.5304032102367,6.188879246855034,0.4
4284,13.514597929798855,1027.5974909688753,1109.863038534703,6.208931742770435,0.4
4285,13.489351065823582,1025.3000796929318,1109.774394190956,6.22570112022051,0.4
4286,13.58760732720009,1026.6934401895246,1109.6371945306907,6.2324758885853075,0.4
4287,13.811150079139697,1027.0649906392769,1109.885269306095,6.220044177095949,0.4
4288,13.775238928844518,1026.1666659232794,1109.8338448738123,6.212105699391503,0.4
4289,13.770620169344456,1025.6236087217922,1110.3054920594477,6.2055630414558784,0.4
4290,13.865612850742986,1023.8627404065635,1111.2928553619463,6.191104043578465,0.4
4291,13.798281521248322,1021.7330747250356,1112.1394679436814,6.183139954310056,0.4
4292,13.993316167454937,1024.243391592002,1113.0377539068743,6.162568969373382,0.4
4293,14.120733272235443,1022.6851994474426,1114.2195627077874,6.134110242661359,0.4
4294,14.274257700052143,1022.6918282010242,1115.5956788456551,6.098233081854028,0.4
4295,14.3711756558413,1024.0859053765087,1116.9306853323403,6.061947596989592,0.4
4296,14.305481327497823,1028.1150677253715,1117.7609468377113,6.040608086648724,0.4
4297,14.217068419905436,1024.0654442960267,1118.654653613648,6.0272732756650775,0.4
4298,14.273693697523019,1024.476314471599,1119.8374566547006,6.012021930824311,0.4
4299,14.285315865553116,1026.3459249554342,1121.4745951475572,5.999979490009243,0.4
4300,14.334302251154863,1026.3411811232804,1123.0887572115214,5.9860979347724035,0.4
4301,14.171274164580705,1027.298744667136,1124.4691123055395,5.98876163275219,0.4
4302,14.241104564962365,1027.8161440723327,1126.0680173656142,5.985630478726756,0.4
4303,14.102515438252725,1027.8217575266233,1127.3110120846102,5.994392679632054,0.4
4304,13.957274722487492,1030.3536435105334,1128.602294858919,6.01536086147057,0.4
4305,13.816581175425684,1027.7559743918698,1129.9552190670215,6.042088409390334,0.4
4306,13.681526513446668,1026.4670461504884,1131.3426855408065,6.074067235910981,0.4
4307,13.647533855498656,1027.2916183068685,1132.6782334100487,6.103691130215647,0.4
4308,13.664313881679606,1024.845883902093,1133.855275852679,6.124762484595955,0.4
4309,13.693837869180662,1027.1594830496138,1134.6706065985477,6.141377375884748,0.4
4310,13.47108289211597,1027.1367120578866,1135.1693182094132,6.173187908597538,0.4
4311,13.282435326786974,1026.644027684683,1135.2674042037327,6.21431635507457,0.4
4312,13.22908621591678,1029.2800640108105,1135.1015199509518,6.254394213988601,0.4
4313,13.316006312887541,1027.699633748527,1134.6951838812317,6.278960142695369,0.4
4314,13.337259471033471,1030.4362880473273,1134.2710189521554,6.299436306801127,0.4
4315,13.360081321280164,1031.15985577853,1133.5132951109333,6.314908776970477,0.4
4316,13.503795798661558,1032.1688765860624,1132.6157100328953,6.316614675148232,0.4
4317,13.491150837302692,1031.295779999628,1131.470210251882,6.318386796876893,0.4
4318,13.4035807111465,1030.5761545228963,1129.9720336030607,6.32645213054347,0.4
4319,13.443295659869618,1029.8659499054556,1128.5195920266628,6.329283283849625,0.4
4320,13.463318025885947,1028.9003747079896,1127.21241258414,6.3292386269605325,0.4
4321,13.502820171444615,1029.6374795179677,1126.034220879248,6.326531144212766,0.4
4322,13.46683614100468,1030.77986949618,1124.3356484231074,6.328115270150678,0.4
4323,13.551944058916323,1029.832564684601,1122.4635702236667,6.321743071930472,0.4
4324,13.391064648242441,1027.4289590152223,1120.42647677528,6.327847808944123,0.4
4325,13.480117869766852,1029.00132599792,1118.677590567232,6.326764973471261,0.4
4326,13.763697133780532,1028.3588650682489,1117.4586498594228,6.3022172504654845,0.4
4327,13.678886944002162,1026.8071015710614,1116.3549714281169,6.287845673105563,0.4
4328,13.53071665571174,1027.6064446926948,1115.3848019783513,6.288773759029476,0.4
4329,13.49601594401428,1028.387422630074,1114.3292544066567,6.292960950967659,0.4
4330,13.465396172658123,1029.6997304239533,1113.0073724808258,6.299888800764367,0.4
4331,13.383231836653419,1026.676245990857,1111.7954751862212,6.309998352904551,0.4
4332,13.386212311089595,1027.8423286479806,1110.5833333165558,6.318926179777364,0.4
4333,13.50523072545233,1027.3407420788405,1109.665342603482,6.316141613545077,0.4
4334,13.54659349914128,1028.4886868216647,1108.720873928293,6.311345949594316,0.4
4335,13.581259568636,1029.1110651993522,1108.0210551285493,6.3050511120091155,0.4
4336,13.717710273695623,1030.3348130457666,1107.1691591825904,6.289663746943668,0.4
4337,13.675212127199078,1029.415222412712,1106.559469321474,6.279823845603109,0.4
4338,13.616734329341561,1028.1595087902508,1106.562409244544,6.2755846126461865,0.4
4339,13.56491290622647,1029.7316303117948,1106.2574149998868,6.277531812188762,0.4
4340,13.547963782674513,1025.9965847076119,1105.7857623591988,6.277689903713578,0.4
4341,13.44548516647267,1027.532858607073,1105.035164384031,6.287355514347935,0.4
4342,13.287787925044713,1027.87961681488,1103.9509201795786,6.308430482842701,0.4
4343,13.253174124608943,1029.2470875945055,1102.549054101704,6.329574404689418,0.4
4344,13.434883664263705,1029.8292906576685,1101.391774553338,6.33250326253889,0.4
4345,13.506656322185714,1026.4180862272224,1100.7639672831672,6.326460793820654,0.4
4346,13.381680686656532,1024.7556526582978,1100.1446064703157,6.330462178629038,0.4
4347,13.526591352130604,1025.818884174828,1099.7743907927654,6.322705017615868,0.4
4348,13.561294046032224,1025.8535165966173,1099.7718964379512,6.313534423550301,0.4
4349,13.653107016384979,1023.7745065981883,1099.9311248768083,6.296939848920497,0.4
4350,13.743505938400014,1027.359019426004,1099.990215499167,6.278654789514817,0.4
4351,13.735026101973558,1025.3756014836165,1100.0712751216688,6.262854549070484,0.4
4352,13.730860722014462,1027.5468323558969,1100.0692316965194,6.251880197295833,0.4
4353,13.588541198842313,1025.3732735973713,1099.7813577257466,6.252868369852802,0.4
4354,13.558309672586331,1028.272314539214,1099.0008252562698,6.258340866627188,0.4
4355,13.623051473387074,1029.2487636094108,1098.2057092062712,6.258275809517817,0.4
4356,13.651890231754924,1028.2805653954317,1097.8979851927716,6.2551338015045435,0.4
4357,13.665627119826418,1030.1614161953264,1097.6992013055362,6.252856699645177,0.4
4358,13.889524903592697,1032.0111422663133,1097.4804080768913,6.234090942140782,0.4
4359,13.825893578014151,1031.0438040370695,1097.5929859204016,6.223171665212149,0.4
4360,13.75640352817001,1028.4199979269497,1097.8278661524635,6.217912987584683,0.4
4361,13.627695796587885,1031.0260253843865,1097.9696461656354,6.2260890245128735,0.4
4362,13.616800235585458,1031.2332132683712,1098.2428205444842,6.233840394079401,0.4
4363,13.701808833058697,1030.8994028598636,1098.6028936964335,6.232997253869609,0.4
4364,13.72753030822169,1031.2834145819907,1098.9664136372605,6.230494232809188,0.4
4365,13.927812603685027,1028.6856690569905,1099.4092457286902,6.210110790737478,0.4
4366,13.904508220386505,1028.774173047791,1099.8111713688568,6.195367711458877,0.4
4367,13.903874981758436,1026.812782847724,1100.4702722469617,6.181847323719858,0.4
4368,14.010058633845588,1026.3188370690116,1101.37446091535,6.1617098547165945,0.4
4369,14.153071785273783,1026.0563465757812,1102.537325868429,6.1333116525863245,0.4
4370,14.21080895496617,1030.9391989567503,1104.1259232649443,6.108998281732254,0.4
4371,14.25578832432483,1032.6085625189612,1105.6084102555076,6.086647642420958,0.4
4372,14.384796354566166,1031.5406748078499,1107.1722729909181,6.056970258844773,0.4
4373,14.372103545868375,1030.4288031707738,1108.5539949921945,6.032831485681455,0.4
4374,14.25946558556191,1032.434125308932,1109.7561373936514,6.023758489340226,0.4
4375,14.347857338763998,1032.3601007299524,1111.2500917323769,6.009039295687035,0.4
4376,14.322262887960756,1033.761094660153,1112.7283850381157,6.000120286822291,0.4
4377,14.441134905734947,1031.2748540074567,1114.8720433150654,5.981212880327256,0.4
4378,14.473958180882532,1031.616827128758,1117.0014122459554,5.96328502063597,0.4
4379,14.536799160808627,1033.891059463795,1119.1210607836883,5.945168130454843,0.4
4380,14.335310127679318,1036.3240024460079,1121.1552427506372,5.948617269188199,0.4
4381,14.463131625080015,1037.0750418318241,1123.5502380722432,5.941567775957644,0.4
4382,14.414270547934912,1035.5653917857476,1126.0315412235784,5.938638823298052,0.4
4383,14.37984531173798,1037.7091637999656,1128.4188164125524,5.940671004061949,0.4
4384,14.28634960979023,1035.7119216230371,1130.9701825646805,5.948467945965756,0.4
4385,14.266985589028113,1039.5480052235496,1133.1953568600538,5.959343945305546,0.4
4386,14.188572913664986,1038.16913354993,1135.0125138318313,5.973627721609592,0.4
4387,14.259779293118914,1034.6557652880413,1137.1469058819096,5.976865326443947,0.4
4388,14.21885229822239,1035.4889500742308,1139.0576667753585,5.983494604129421,0.4
4389,14.258424769489226,1033.046004182779,1141.2938969583824,5.9838498823856465,0.4
4390,14.32330156340732,1031.521371396422,1143.6760207105299,5.977686856570279,0.4
4391,14.334434035469673,1032.478769138316,1146.123282399965,5.972447222477614,0.4
4392,14.341148103032493,1031.847042239445,1148.1111489372179,5.967124463384849,0.4
4393,14.299045351002393,1032.3067701970463,1150.2697776158473,5.966547992160628,0.4
4394,14.229452552668478,1030.4205796758433,1152.2481327978232,5.970336449202584,0.4
4395,14.22250320594106,1026.4075038364467,1154.2331246176136,5.970976999256969,0.4
4396,14.302193554344564,1025.1364406982943,1156.0992051858445,5.964029031297587,0.4
4397,14.321651038495837,1023.2768522691074,1157.9945497787512,5.955335783113586,0.4
4398,14.166071091583568,1027.3145864049538,1159.3391117755366,5.963973839871077,0.4
4399,14.219037221610629,1024.0148501187255,1160.966356329147,5.964234053634019,0.4
4400,14.206770809005546,1024.7563464852328,1162.4066259718472,5.966010411410799,0.4
4401,14.213953022191715,1027.0784142317884,1163.793479254382,5.96863557754258,0.4
4402,14.257897926107978,1029.70190632642,1165.2135244956976,5.969180396246145,0.4
4403,14.313988667647958,1029.3976468785388,1166.6940552743756,5.964813392041823,0.4
4404,14.270015614774575,1027.8494394974798,1168.1733975810266,5.963655481695011,0.4
4405,14.401436329445612,1027.307757570813,1169.6990714646,5.951556782871148,0.4
4406,14.355500569344605,1025.7935955849714,1171.08596909187,5.944245013689739,0.4
4407,14.475189793773508,1024.5622193808235,1172.6326036352364,5.927537439130317,0.4
4408,14.223257030891371,1024.173444205831,1174.1038852518593,5.934131259342025,0.4
4409,14.236997821198917,1026.5469051200398,1175.4607742133105,5.940209630982835,0.4
4410,14.09001165503736,1024.6284217810564,1176.3000723439313,5.95575523182275,0.4
4411,14.262475262197004,1024.4169804983926,1177.389231401801,5.954249048924701,0.4
4412,14.207930443575592,1023.3220035036783,1178.4037566623267,5.956643578918038,0.4
4413,14.22345836940524,1023.3321141841793,1179.4112061908181,5.9573457950882345,0.4
4414,14.284389695180607,1026.2557822052477,1180.4330791986295,5.95515259742936,0.4
4415,14.19479631706775,1027.623932912245,1181.3867588716087,5.961710068142956,0.4
4416,14.197260685240382,1027.0779199115532,1182.2124171623707,5.966473020132514,0.4
4417,14.313779256781752,1025.3653955025488,1183.4973082077468,5.959562074644384,0.4
4418,14.347956592928652,1027.1927419166805,1184.6363657455179,5.952483601323276,0.4
4419,14.536431319669001,1029.4648397795497,1186.160131979057,5.932994804515075,0.4
4420,14.587546627020437,1026.9515037760225,1187.3210741965536,5.910936766196924,0.4
4421,14.655948871499023,1029.2770250087108,1188.5564825602182,5.889017437409163,0.4
4422,14.732062225555202,1034.0620936126666,1189.4136727369341,5.868441116374318,0.4
4423,14.772168967919415,1033.0772638596295,1190.8091232682161,5.847546478846446,0.4
4424,14.639162493285738,1031.0679590785041,1192.077683977172,5.839763130766125,0.4
4425,14.571645820700052,1029.296113407385,1193.3767761681343,5.837558732496597,0.4
4426,14.587848356929756,1033.2285121898478,1194.6407574677446,5.8373999481344345,0.4
4427,14.678870863416192,1031.8082614099337,1195.8226460947226,5.828757676137775,0.4
4428,14.676941125380385,1035.8180342614958,1196.850376287158,5.824860099568581,0.4
4429,14.554646455426903,1034.7102630603545,1198.0341078217427,5.830820532182377,0.4
4430,14.445297433882033,1032.7909746652422,1199.1794096474405,5.843193106939633,0.4
4431,14.496037978480894,1035.231964902765,1200.6113061710455,5.85103748955553,0.4
4432,14.37577135149201,1034.8423391714791,1201.94187590507,5.867003515005246,0.4
4433,14.331967857380914,1035.0017657627384,1203.2444660002873,5.883795803915763,0.4
4434,14.269625425585756,1032.94660888508,1204.6044816403557,5.901106405749179,0.4
4435,14.22595265916605,1034.2463202422555,1205.8146676453637,5.919852619510422,0.4
4436,14.195672069576187,1034.503818742314,1206.556322570612,5.937893713441969,0.4
4437,14.349619291149592,1036.8561085518413,1207.1463783736951,5.941885174614862,0.4
4438,14.425491514519024,1038.274714008654,1207.7710351067983,5.940030360408234,0.4
4439,14.586863650997563,1037.8015808467417,1208.8018321995623,5.924964393095368,0.4
4440,14.59928651018275,1036.455269370153,1209.9364653804798,5.9105772923699025,0.4
4441,14.486893414841944,1036.4624900124297,1210.6969299538482,5.9079700923318335,0.4
4442,14.424619433814842,1036.0066490260979,1211.145693277315,5.910576602244484,0.4
4443,14.432887258519473,1036.124299244665,1211.686569803618,5.912127237303233,0.4
4444,14.424335047798658,1039.0527965389042,1211.7994448790243,5.916311588665956,0.4
4445,14.534200890147922,1037.6686850680398,1211.9853606771053,5.909718131874634,0.4
4446,14.503485279499769,1040.8194520752618,1211.8856691675603,5.909203556865377,0.4
4447,14.421702059765572,1039.549425093878,1211.6477544039801,5.914504789676538,0.4
4448,14.49771150882348,1040.9473624983416,1211.3596795589547,5.913697149082453,0.4
4449,14.61273756737903,1040.488067911494,1211.5837396390366,5.903287727582486,0.4
4450,14.567440045659508,1038.8770512309718,1212.0329098786112,5.8972357868169585,0.4
4451,14.511637817632852,1034.2813972257848,1212.9842592496507,5.8933590390356425,0.4
4452,14.471080354658625,1034.3337286947465,1213.9008937605513,5.893534024319752,0.4
4453,14.39709599860821,1037.8860039669312,1214.2927975143373,5.9024090339349335,0.4
4454,14.440279070115107,1034.291169760926,1214.7022787958438,5.903439926556099,0.4
4455,14.429615912523648,1031.4169075818093,1215.2225526555055,5.902983709536416,0.4
4456,14.459121338471764,1030.7214168850214,1215.7744800826003,5.8996726372050246,0.4
4457,14.38476830662288,1027.2254481759812,1216.6292060441285,5.90039073531194,0.4
4458,14.519327057140357,1027.1820278138111,1217.5444040449454,5.889950608873522,0.4
4459,14.584056301157815,1025.8746768348728,1218.4222650831853,5.875111674032835,0.4
4460,14.628134655500029,1023.9538715757557,1219.6391612424034,5.857889535570734,0.4
4461,14.573318138550635,1025.9355139418303,1221.0197982865811,5.849745109425667,0.4
4462,14.44487346034419,1024.5527152632458,1222.2070809563716,5.852517783288733,0.4
4463,14.629637982381194,1024.575843865465,1223.4238839097657,5.839709904338862,0.4
4464,14.57988155872058,1026.2995397206012,1224.4491518119282,5.834576652607995,0.4
4465,14.670522740775231,1030.0351071938355,1225.2454273958626,5.825784277800944,0.4
4466,14.604164355350893,1030.0708251296408,1226.0830099436403,5.824024340475507,0.4
4467,14.625187231222752,1032.8400015805028,1226.7873179435715,5.822956699849253,0.4
4468,14.544237801175257,1028.8205587238517,1227.6179984249377,5.825657723159577,0.4
4469,14.579741167984864,1027.8688716363868,1228.321978973922,5.824251751700238,0.4
4470,14.760879265688056,1029.388420839663,1229.447940788195,5.809445028956953,0.4
4471,14.819828250361082,1026.4644117276955,1230.9368273405873,5.790275654391332,0.4
4472,14.656060453608305,1027.155646118246,1232.378087173818,5.788462444797415,0.4
4473,14.573124510261596,1022.4964837610597,1233.761628667002,5.790230811478663,0.4
4474,14.34160793779299,1021.0228398712302,1234.5977939503514,5.809486331678711,0.4
4475,14.227918843910931,1026.442031128076,1235.3477770044212,5.838663439584967,0.4
4476,14.250085096406501,1026.4954634832236,1235.8503389226498,5.860817636774651,0.4
4477,14.224411949297314,1024.2642857596277,1236.5000936355898,5.879395317692915,0.4
4478,14.294124849325996,1023.58364410193,1237.0133271177203,5.888417512762329,0.4
4479,14.26617125605844,1022.7920721071604,1237.5151241888398,5.897501651933028,0.4
4480,14.291698180873043,1025.149381917644,1237.7079105713965,5.904646711973877,0.4
4481,14.171930332719041,1028.3912917852924,1237.6415338368947,5.92274397361846,0.4
4482,14.08255066871321,1028.7385279303494,1237.7556789663834,5.945150344835238,0.4
4483,14.12421372208438,1029.8596450255209,1237.9019561408006,5.9609664290354525,0.4
4484,14.290840179444325,1029.0811174844218,1237.868394364869,5.959730337163103,0.4
4485,14.280535732672456,1028.9289935402862,1237.651828973386,5.959443815516208,0.4
4486,14.472392000363477,1027.825724863985,1237.2072097541084,5.942696302450759,0.4
4487,14.513624360574127,1024.6207010018559,1236.7780055325625,5.923170835220907,0.4
4488,14.273187866470831,1023.131762886627,1236.2866772320715,5.925682785175438,0.4
4489,14.161622514027776,1020.7538221082064,1235.7079462800414,5.935061981511313,0.4
4490,14.01632267191053,1018.5077742314281,1235.1712460949077,5.952928813409708,0.4
4491,13.993167467192473,1015.8086014197646,1234.6012783482522,5.967431284250333,0.4
4492,13.901633261509115,1014.2750753975798,1233.9886523981477,5.985644139955318,0.4
4493,13.885552179512711,1012.6936366984376,1233.1040616731987,6.000697259997601,0.4
4494,13.894691246347758,1010.1152171795651,1232.114704861548,6.0103446887342455,0.4
4495,13.849806917019494,1012.0477461385221,1231.0606778535423,6.023384519583971,0.4
4496,13.843455067717315,1010.6406088121711,1230.4031757813905,6.033532458186999,0.4
4497,13.74269489849441,1010.4430120855127,1229.571952552093,6.049938505745024,0.4
4498,13.789315195977746,1010.0343800052167,1229.198339298485,6.059272728179562,0.4
4499,13.844092365364858,1010.9638068099273,1228.9199926175868,6.06315304695793,0.4
4500,13.833819428283222,1011.691327288732,1228.066085368852,6.0677244182564785,0.4
4501,13.675207858619665,1012.296502571603,1226.7304286245776,6.084892192708045,0.4
4502,13.787728086622113,1015.2161969727886,1225.0788093557792,6.091981903693266,0.4
4503,13.790148852426451,1012.0590688954084,1223.545841855731,6.095210852893117,0.4
4504,13.457435119203563,1013.5491374764238,1221.3020528816853,6.126174449363217,0.4
4505,13.631065084414633,1010.3657692428526,1219.3799982827645,6.13496893132707,0.4
4506,13.618220692628528,1009.0438291434903,1217.545702558977,6.142230663519073,0.4
4507,13.6392982089269,1008.3701133637717,1215.704078721318,6.145953500155144,0.4
4508,13.68213633641655,1007.5222001155521,1213.9877223307406,6.144864472002615,0.4
4509,13.69410478953567,1006.3008841969086,1212.1817226428561,6.142070092094152,0.4
4510,13.729110400459147,1006.530058124295,1210.5775184050483,6.13709129753365,0.4
4511,13.546123327144633,1005.0009445047393,1208.9789424550781,6.1468063797289165,0.4
4512,13.622333408585972,1006.655020250746,1207.4022842993918,6.14979534053763,0.4
4513,13.72141803278085,1007.3735962241611,1205.6226285984267,6.144692336347472,0.4
4514,13.5448351576814,1008.6690206691657,1203.858441029226,6.155917566345092,0.4
4515,13.319810621695494,1009.6685633911604,1201.729751804157,6.1842669143217375,0.4
4516,13.117319664993502,1007.6529768502021,1198.6419027080676,6.222537157219309,0.4
4517,13.199815643583472,1008.2538687630149,1195.985847797696,6.247631459311031,0.4
4518,13.126208024733508,1010.5698801894322,1193.0726168256017,6.275974906277034,0.4
4519,13.196131806991342,1008.5198299505981,1190.4093568304322,6.291952523322487,0.4
4520,13.330102264632878,1008.4115255903755,1188.075581300266,6.294024225404964,0.4
4521,13.385554070131427,1009.6714161519471,1185.8561568588073,6.292143976831802,0.4
4522,13.415153046592804,1008.5404454166447,1183.8790664143798,6.287328330769498,0.4
4523,13.586304549200479,1009.8936048921893,1181.7726744815254,6.27041598876882,0.4
4524,13.74161158294435,1011.1303403414186,1180.0987615904824,6.244791149530332,0.4
4525,13.756755491965734,1013.5961709053224,1178.6880546859593,6.224405389015857,0.4
4526,13.570045745551374,1011.9691091457863,1176.8374523253049,6.221716927180759,0.4
4527,13.626073414398945,1009.6693482355474,1174.7523761640962,6.213195188129614,0.4
4528,13.588605748044207,1005.2232514172372,1172.4732799237217,6.205907970607542,0.4
4529,13.525043444584261,1007.7969421657886,1170.2679382469744,6.207072473884095,0.4
4530,13.575868021186835,1009.1317234388961,1167.9796974083365,6.204883076813375,0.4
4531,13.390173165480212,1008.7208767595695,1165.6782967345316,6.217952154734159,0.4
4532,13.33633143850106,1004.875953195972,1163.7803154220587,6.2301619823438585,0.4
4533,13.20795324317152,1006.1393108478045,1161.7666659867575,6.251620205490927,0.4
4534,13.24334731087062,1002.8287558281299,1160.010116825414,6.2638207656642795,0.4
4535,13.0,1001.379809324058,1158.309162278194,6.292616163693697,0.4
4536,13.0,1001.6238480476017,1156.8761306191868,6.316412883352818,0.4
4537,13.0,1000.7828237396275,1155.4819557169249,6.335290379096469,0.4
4538,13.0,999.2396172892195,1153.7602670548483,6.349603261529754,0.4
4539,13.168122574138408,996.2854108448176,1152.5558885863613,6.34536746829449,0.4
4540,13.147645802097891,995.8989970878383,1151.3107618939412,6.343275350852448,0.4
4541,13.179216731810309,996.8635051223188,1149.9817560444562,6.339709006247942,0.4
4542,13.278489125071417,994.5407182873942,1149.055430188735,6.326916036847746,0.4
4543,13.296486341240405,997.2649258799754,1147.7160881068598,6.317014570374247,0.4
4544,13.242371358009374,998.7123608648043,1146.1960580453292,6.314411905144149,0.4
4545,13.291967287919178,998.5233513351416,1144.5412452717555,6.308081849058813,0.4
4546,13.578408794771414,998.1593408302952,1143.4226848674775,6.27920801118721,0.4
4547,13.687422584861112,1000.3269242561499,1141.957247451676,6.248261550276311,0.4
4548,13.93689498511086,1001.5633525574749,1140.8675789604897,6.203433307576766,0.4
4549,13.72362217693136,999.4409285238231,1139.813293354087,6.182498249878128,0.4
4550,13.876874572266102,1000.3600327532274,1139.0002563364976,6.1535025596159185,0.4
4551,13.841330526215303,1002.5568998944051,1138.550629390617,6.1342915846029085,0.4
4552,13.714172855479687,1003.1805439438577,1137.9629519082766,6.129401384846141,0.4
4553,13.747901661967475,1005.654782829624,1137.4177682232703,6.124505627577049,0.4
4554,13.782321140976244,1004.2271826731674,1137.2222545931209,6.116599081073516,0.4
4555,14.061497347767988,1001.9244242316622,1137.5080992699475,6.08556054793982,0.4
4556,14.186985664009676,1001.7023396884422,1137.9209322986517,6.049686149652244,0.4
4557,14.058119856263028,1001.1586667131202,1138.4599933384611,6.030389040096144,0.4
4558,14.111709527242885,1000.9012014940996,1139.7554431752897,6.009991418642088,0.4
4559,13.928257873107258,1000.8593104284921,1141.1319885119776,6.008225368580128,0.4
4560,13.91940144575052,1000.7980377972981,1143.011517996156,6.0074546326637295,0.4
4561,14.00802534206962,1000.2493104531851,1144.495383342069,5.9991654465329365,0.4
4562,13.945925282617894,999.3237500485607,1146.2709804080937,5.996743407098185,0.4
4563,13.833957996910637,999.1463143049173,1147.7990389524782,6.0037731599274915,0.4
4564,13.777028865308717,998.6443008383068,1148.9254580066424,6.013810283701274,0.4
4565,13.908870488683066,1002.1428015103428,1150.066880306498,6.013911494241684,0.4
4566,14.140282602627474,1006.1103549604467,1151.352967714784,5.998082959341562,0.4
4567,13.952714157371574,1003.822311997985,1153.1548565967246,5.998701893590153,0.4
4568,13.819522622654963,1003.5795433069243,1155.0168990752852,6.009910298760596,0.4
4569,13.734170665845506,1001.3935770550211,1156.4782148555555,6.02442356242439,0.4
4570,13.797990587621971,1004.9761361032085,1157.8833182203016,6.033817489261558,0.4
4571,13.935134852607362,1004.7878069771905,1158.9888268961265,6.03017070311416,0.4
4572,13.905856258729022,1003.3552145681788,1160.0803804155782,6.028489945303818,0.4
4573,13.8713494418575,1002.771430936483,1161.3209581657763,6.029490280548517,0.4
4574,13.991334755495265,1000.5118667204385,1162.6202710942214,6.018797125071362,0.4
4575,13.944058723870516,1003.8306710898225,1163.4879177500711,6.016401150987725,0.4
4576,13.842871905723088,1003.9019484495801,1164.0882343417363,6.022759324702126,0.4
4577,13.453156255511537,1007.067144241882,1164.2531788336048,6.062213478102203,0.4
4578,13.410835175623953,1009.1520815941086,1164.5928708452332,6.099600575176963,0.4
4579,13.466569010212464,1009.2864779859382,1164.4602150492703,6.125805029487916,0.4
4580,13.254819058539967,1011.8673964396229,1163.5032940224437,6.166548062424559,0.4
4581,13.323297505500404,1013.430512412981,1162.2884728393612,6.195543006422859,0.4
4582,13.274312194524812,1016.9030385210684,1160.9040320873214,6.2259471698521045,0.4
4583,13.421990627418579,1020.3584243988639,1159.818854141143,6.2414225740516205,0.4
4584,13.257897904259583,1021.302219469876,1158.3458037599273,6.268235571905461,0.4
4585,13.0558021433345,1020.5316173668136,1156.4517506522177,6.306154920538494,0.4
4586,13.022282721204576,1020.2818929884746,1154.6928366335983,6.339799201964014,0.4
4587,13.11637829778413,1021.0445616752326,1152.9142226992378,6.360274599742048,0.4
4588,13.20853856661314,1022.6003999703782,1151.0026645570908,6.370709302502459,0.4
4589,13.200768450172104,1022.9035342445221,1148.297347882455,6.380129902192811,0.4
4590,13.1652418429821,1023.5715789472537,1145.4737351679462,6.391263070073732,0.4
4591,13.149817687699235,1024.523424453031,1142.749147985432,6.40237232490817,0.4
4592,13.003320450266202,1023.2782686182245,1139.4647661328613,6.422512330304324,0.4
4593,13.163332235107305,1025.6620865557832,1136.5165099450787,6.427753138032748,0.4
4594,13.133672308326998,1026.3101192183515,1133.4685473757056,6.434964322279445,0.4
4595,13.132662328791394,1025.7515263509135,1130.8173942399624,6.4405377326816025,0.4
4596,13.295036147754006,1028.505589627814,1128.0337528313707,6.433920812563084,0.4
4597,13.358092231717354,1029.7918297616252,1124.9829804341002,6.4243143924255754,0.4
4598,13.383902408209822,1033.3396845712516,1121.8671695065545,6.417010098525931,0.4
4599,13.427591929143048,1033.9021640792027,1119.1023958497847,6.40787550438557,0.4
4600,13.393671853635228,1034.5704025626499,1116.5573380932956,6.40366227405446,0.4
4601,13.363810102810001,1032.7526481062807,1114.1237072589126,6.401273505091372,0.4
4602,13.54821443017549,1032.9679948748385,1111.9654946483845,6.384407995066362,0.4
4603,13.483584846641728,1030.197277597153,1109.9197086529512,6.373765144150302,0.4
4604,13.540123785644433,1027.5856198349643,1107.8612065752088,6.358443231035618,0.4
4605,13.44047485576463,1026.8402990199493,1106.1318187434174,6.353459110295202,0.4
4606,13.350718622961386,1026.8540935736216,1104.2754076421086,6.356717439315319,0.4
4607,13.40517149402208,1027.907916298343,1102.5005774831195,6.355736070468624,0.4
4608,13.362676481418756,1029.4046172901608,1100.9865097576733,6.359535546394093,0.4
4609,13.375636021532939,1030.1741779641663,1099.6231829973233,6.362173850904394,0.4
4610,13.288892927999221,1033.8454923474983,1098.046029001531,6.374201419880215,0.4
4611,13.349782977377957,1032.3323553230582,1096.7363553730816,6.377944160014682,0.4
4612,13.40954173185138,1034.19263777484,1095.3978932972043,6.377536095042923,0.4
4613,13.381184906440836,1034.526601864952,1093.982681035004,6.379771278390755,0.4
4614,13.483495082943524,1034.6491331513632,1093.1341805547154,6.3733359747647045,0.4
4615,13.506208697949784,1035.8048263862138,1092.1830060389523,6.367076573258579,0.4
4616,13.340936092346649,1037.2256763572495,1091.0733834028902,6.376524103931548,0.4
4617,13.329440476093488,1036.2163491313036,1089.7950739225043,6.384447449460774,0.4
4618,13.427171944587778,1036.2789631139713,1088.5020426653055,6.383005313360283,0.4
4619,13.408423190317212,1033.2918028974557,1087.467421472313,6.381096616833186,0.4
4620,13.520489182177984,1035.2691981733362,1086.4673090009821,6.371868363654669,0.4
4621,13.44436377804139,1034.8093721440152,1085.4574646939586,6.370174535596162,0.4
4622,13.466773994439489,1035.98142952794,1084.289713344204,6.36784030908638,0.4
4623,13.307047030600026,1033.3215806937196,1083.1582681716789,6.376968285114649,0.4
4624,13.458956532752316,1032.1587286129638,1082.4438927070623,6.371160064768893,0.4
4625,13.38332368491994,1031.2972708297148,1081.6332716474915,6.371926778326099,0.4
4626,13.326792905201327,1029.2747662816575,1081.05518423085,6.375646165323282,0.4
4627,13.266301692806513,1032.3682131990818,1080.2960556018577,6.385978050407449,0.4
4628,13.277822044038261,1028.1099199846185,1079.4027766010265,6.390289483403673,0.4
4629,13.197383713426031,1024.926260352657,1078.5150348444995,6.397991432156445,0.4
4630,13.169231279461615,1025.993988214161,1077.7375388364214,6.407414849300587,0.4
4631,13.155583483409798,1029.2034370099525,1076.7535463046818,6.418683692541757,0.4
4632,13.102981855043339,1029.5698551984904,1075.889399770665,6.432499761220158,0.4
4633,13.0,1030.290766017574,1074.6536738395462,6.452789623309815,0.4
4634,13.011198552615632,1027.9482641457043,1073.5713326617304,6.4667412330884515,0.4
4635,13.0434395583157,1028.303878037718,1072.2051326373005,6.475815662223486,0.4
4636,13.07064465060778,1028.8109689411704,1071.1822270491639,6.481416854695115,0.4
4637,13.0,1026.9434314816615,1069.9914483213788,6.49037105505013,0.4
4638,13.0,1029.8111449016485,1068.5724702350467,6.499881490686753,0.4
4639,13.0,1029.5770504668073,1067.0636136255696,6.507503072516044,0.4
4640,13.167407990457328,1030.0786154028954,1065.8567339807498,6.500451371727571,0.4
4641,13.182067548043822,1025.9090382500892,1064.7512927911948,6.490318797707535,0.4
4642,13.166081841374856,1024.240628467276,1063.6985484248987,6.482055121164286,0.4
4643,13.069493489512729,1025.0290806189016,1062.4852832580264,6.483768176339623,0.4
4644,13.340839722971573,1027.000471270286,1061.5332045532598,6.464488838717591,0.4
4645,13.157546037321504,1026.146589591913,1060.2130284233751,6.463013007309997,0.4
4646,13.185001967523533,1025.5363908366392,1059.0295719354915,6.459097816680673,0.4
4647,13.118427831107041,1022.969154558738,1057.9661261605515,6.45938696816649,0.4
4648,13.068428299343813,1023.4878871897209,1056.8874445935194,6.464102195989574,0.4
4649,13.0,1023.8527923065204,1055.561940833342,6.47383651169518,0.4
4650,13.0,1023.7265673247153,1054.2575765274528,6.481723224487532,0.4
4651,13.0,1023.1849484566623,1052.9969469232415,6.487780865113013,0.4
4652,13.0,1023.5004077644942,1052.0789307651671,6.492986617662629,0.4
4653,13.0,1027.6047873846637,1051.0232020760327,6.5003582457461615,0.4
4654,13.032348994074368,1029.3384020640772,1049.9262122248547,6.505070033676537,0.4
4655,13.0,1032.1979508421637,1048.479869246321,6.513739078451436,0.4
4656,13.198059049302739,1032.770113072134,1047.8930293481853,6.5050948643036905,0.4
4657,13.091124566690139,1032.694856424311,1046.8129066883703,6.506688400595887,0.4
4658,13.06756034376866,1031.5851495938318,1045.827123252434,6.509081830288789,0.4
4659,13.071638969894991,1032.0327574594987,1044.7209371867218,6.511049528856369,0.4
4660,13.0,1034.0737807218325,1043.336964751294,6.520060391887928,0.4
4661,13.0,1033.1003362662984,1041.8816534777964,6.526713375565423,0.4
4662,13.070590022125796,1034.8125753907707,1040.495938818477,6.527694658350949,0.4
4663,13.0,1033.4476294212266,1039.0951145845374,6.533236027690226,0.4
4664,13.0,1032.1186590086154,1037.7827144586006,6.5367752489164985,0.4
4665,13.075150936191184,1031.7672458351697,1036.64023408084,6.5332704074573735,0.4
4666,13.149086939505253,1031.471862391987,1035.7369825400917,6.524131077387019,0.4
4667,13.049882962390672,1030.349117910225,1034.7110227658766,6.52389498091092,0.4
4668,13.020883862894198,1030.458437247363,1034.0570607351033,6.5261538336302465,0.4
4669,13.07483847347004,1028.6742743078137,1033.371901701469,6.522248094901538,0.4
4670,13.122288339527687,1031.5238626535747,1032.6238534903846,6.517322074879161,0.4
4671,13.126867468296057,1033.0199418280179,1031.862426452423,6.5140395679137395,0.4
4672,13.214050858469891,1028.0598608434705,1031.3394706563772,6.500473464332771,0.4
4673,13.23173761450586,1029.135482903398,1030.8493717720041,6.488717067970422,0.4
4674,13.359662468612662,1029.2367561655772,1030.735188625776,6.4686993664618955,0.4
4675,13.419460613675199,1029.1021864972752,1030.628366103204,6.4472964121411565,0.4
4676,13.605719230173552,1028.1349294114314,1030.8825025492652,6.4137936891010074,0.4
4677,13.623444607017223,1028.2246239395467,1031.3986176234594,6.384940747475675,0.4
4678,13.718582167114647,1027.026265344307,1032.3101429866367,6.352600734833741,0.4
4679,13.679044793588876,1025.9049867900405,1033.077968553013,6.328465232044855,0.4
4680,13.46514811030154,1026.0156793498938,1033.5354805788138,6.326237440291459,0.4
4681,13.365167441965397,1022.1927428543214,1034.1101108449122,6.329690931279451,0.4
4682,13.326737974905962,1018.9780044574082,1034.8319878948914,6.333232907709635,0.4
4683,13.474164013677573,1016.236448134144,1035.854626193074,6.322017055913582,0.4
4684,13.3967621697055,1016.284670484698,1036.9491319957574,6.319181792227235,0.4
4685,13.434954631439382,1018.1498588497251,1038.0326511710798,6.315145870435499,0.4
4686,13.404094758313613,1022.3319938345701,1039.1391696330068,6.317519977446656,0.4
4687,13.3227947364475,1022.6195705283882,1040.1919197480986,6.32632799096323,0.4
4688,13.255647016031844,1021.4224006044504,1041.5121022984997,6.33813281329669,0.4
4689,13.360379738065816,1021.0635319923005,1042.9695917550941,6.338982704894726,0.4
4690,13.36233180119263,1020.615942017398,1044.5962144165705,6.339181715385367,0.4
4691,13.58965960224359,1016.8301944997573,1046.5780301492462,6.317905650962471,0.4
4692,13.571379444538557,1015.9167871845149,1048.1357216241868,6.301262596693029,0.4
4693,13.587831973374731,1017.6908142103318,1049.4407265668087,6.287611955967111,0.4
4694,13.562232269735638,1020.725985470259,1050.5093340466585,6.280805027825751,0.4
4695,13.461513607151518,1018.8232242652866,1051.8084771158367,6.28201558838525,0.4
4696,13.354054069308798,1022.4868211930313,1052.588339123997,6.294559520753921,0.4
4697,13.32800895172417,1023.3095266669256,1053.3079182137412,6.307595917643512,0.4
4698,13.446388435954608,1022.0179556381202,1054.1349743540425,6.307635363943889,0.4
4699,13.486815631090035,1020.8781340467252,1054.8750932861242,6.303502294400635,0.4
4700,13.544379594780523,1023.0281193437751,1055.4582645313797,6.297034439146951,0.4
4701,13.55020270532795,1020.8860712875289,1056.3584495956434,6.289635544914471,0.4
4702,13.512040048582032,1020.1165462884958,1057.2366646954272,6.286105343053846,0.4
4703,13.654284179440664,1020.7930697145508,1058.7423057367382,6.272097838864463,0.4
4704,13.716668681782432,1021.179969817417,1060.2781279297599,6.255806120375566,0.4
4705,13.72728966999529,1024.5353897660277,1061.7321748237111,6.244115661539066,0.4
4706,13.774831330724215,1022.8001736825197,1063.2618993687745,6.229332557419236,0.4
4707,13.618450214257265,1021.9676633050624,1064.4042710676383,6.229360499033297,0.4
4708,13.676779425705618,1019.517561867662,1065.4675081002017,6.222764471310593,0.4
4709,13.78378900307799,1021.0687949796527,1066.5434187008384,6.20978363814777,0.4
4710,13.740226269829142,1021.4764048296115,1067.8063820874686,6.20300745456192,0.4
4711,13.619115895396597,1019.8088188077201,1069.042255095091,6.206087428787601,0.4
4712,13.583623254658324,1016.5536944967185,1070.4368810913147,6.2090525922746735,0.4
4713,13.543015800931988,1015.5353563132132,1071.7764654708956,6.214032603785859,0.4
4714,13.576998521749477,1014.9490397960056,1073.0503633205908,6.2148958899928175,0.4
4715,13.51096321660606,1016.4304589566818,1074.4242785525537,6.2221201427043145,0.4
4716,13.575234417844861,1015.5196309909531,1075.9924098403328,6.222103201420416,0.4
4717,13.699522648628289,1015.8296592889836,1077.6929926173661,6.212166856741309,0.4
4718,13.725380158988044,1010.8716777404314,1079.713785860643,6.198157744307136,0.4
4719,13.804210505122986,1014.4828563102475,1081.3461050749631,6.182958307223748,0.4
4720,13.745467519495326,1016.4140929907409,1082.9508827529005,6.176755260531316,0.4
4721,13.860002128048226,1017.5883713376405,1084.8569887910705,6.163196748462834,0.4
4722,13.783543815982812,1017.2451037550998,1086.5759473844896,6.158067431536264,0.4
4723,13.828573404168333,1017.0467758504101,1088.070328940501,6.15003163781401,0.4
4724,13.985875449084018,1019.6668266761445,1089.5635210473124,6.132568322275508,0.4
4725,13.962734844439513,1015.6205935325837,1091.121663610786,6.117080501488952,0.4
4726,13.948413767627002,1014.0740170161789,1092.807334877367,6.104381594994694,0.4
4727,14.23763465148836,1012.2893124712439,1094.739974625058,6.06898412440428,0.4
4728,14.241521077880751,1012.4314893551687,1096.8903901804283,6.039748085479602,0.4
4729,14.238290944200866,1016.4449166981484,1099.206582486636,6.019072651156979,0.4
4730,14.242801117981632,1016.0461661677203,1101.6128512816595,6.001448768210061,0.4
4731,14.302597648554443,1016.1026584853807,1104.2539289752294,5.9821533199073285,0.4
4732,14.257577938632728,1014.5516002780832,1106.7770769041897,5.968837462989174,0.4
4733,14.173754477715354,1015.4342777796336,1109.4024646746852,5.965435817733627,0.4
4734,14.184531138751147,1013.0386250435172,1111.9010454017816,5.959954686415729,0.4
4735,14.23712728376432,1012.416125795629,1114.5289617568972,5.950691392333173,0.4
4736,14.289408601745242,1011.7829262317799,1117.5449514233703,5.938344363009806,0.4
4737,14.212234956799811,1010.5802137248861,1120.4344043959688,5.933617178574374,0.4
4738,14.194889051772785,1014.8313359052336,1123.0384447930137,5.934372243064471,0.4
4739,14.107630662966182,1015.4987781687631,1126.0645117600595,5.942626737830855,0.4
4740,14.086905148103899,1014.4384762306436,1128.9891951849743,5.950287524348617,0.4
4741,14.162072371236405,1016.4348611216964,1131.7955646008993,5.95193597079643,0.4
4742,14.00166474244633,1017.4565375976997,1134.2761572719878,5.967168595724219,0.4
4743,13.960744707711472,1012.4835050995081,1136.9013306871302,5.979243720834907,0.4
4744,13.881847892083035,1011.3089463675362,1139.2441094791611,5.994704804797455,0.4
4745,13.727429331741952,1010.8277388572852,1141.0800481796432,6.019638185520068,0.4
4746,13.679467024843111,1009.709867281999,1142.762872722517,6.043157926521468,0.4
4747,13.737883408390609,1010.0525230422579,1144.479990428363,6.05792937503387,0.4
4748,13.882529683402467,1011.0484829369823,1146.3497123161178,6.058974414900482,0.4
4749,13.76522342690902,1008.2527572355032,1147.9559207977397,6.06730404624143,0.4
4750,13.851419953015256,1007.0281161532232,1149.6079544326176,6.066164535169403,0.4
4751,13.864611134067571,1003.527383665908,1151.1890614356216,6.0615055990143345,0.4
4752,13.757209898182646,1005.0484278850608,1152.4948606356168,6.067612009793375,0.4
4753,13.869153774532462,1005.7884155269603,1154.0119392280326,6.0640306437141565,0.4
4754,13.953932119795484,1004.3458208831647,1155.3131596830226,6.053075235603594,0.4
4755,13.904455380237922,1000.1254676413877,1156.6447573916726,6.044944453058793,0.4
4756,13.899747265342013,1000.6825621697338,1157.7686459866097,6.03908312198478,0.4
4757,14.09132017894046,999.8172098484076,1158.7949202835794,6.017967285649902,0.4
4758,13.87315694410901,1003.3535033303217,1159.378370494151,6.0211540372780545,0.4
4759,13.884889037782843,1004.3538189657311,1160.0315260572124,6.023564665538483,0.4
4760,13.967605198300479,1004.0055637958897,1161.0849761786728,6.018518535166134,0.4
4761,13.801118355232814,1001.5063399044457,1161.772380814319,6.026096599814365,0.4
4762,13.78434015532043,1002.0035805636572,1162.553967325599,6.034057641261119,0.4
4763,13.783231210112659,1002.144067788192,1163.3012328503742,6.040782526591584,0.4
4764,13.728959984624849,1001.7716644241796,1163.7121354665485,6.050450440166236,0.4
4765,13.720172961284794,998.9930223254038,1164.4221964507094,6.056995551418125,0.4
4766,13.711988061634324,998.9907738711327,1165.2580794771256,6.063029712812682,0.4
4767,13.740954789727795,1001.1098361430293,1165.8846619919304,6.067212575213974,0.4
4768,14.179034311500395,998.4397966813663,1167.075046146073,6.032824114030759,0.4
4769,14.183708128601635,993.6918201653774,1168.9820805934257,6.000654161280922,0.4
4770,14.083763755943924,992.0445428683053,1170.4500551113172,5.981196912523057,0.4
4771,14.06190420476364,994.5607326921106,1171.8598469277304,5.9689305705708575,0.4
4772,14.295859767490189,994.5235786337505,1173.7000911422526,5.9397252331159205,0.4
4773,14.302181462884404,992.661112759531,1175.3189534462567,5.913852223254347,0.4
4774,14.341137473617755,991.7914619201027,1177.0352951481527,5.888795413936119,0.4
4775,14.14060371837505,992.2636646697371,1178.5984518463413,5.88499343405233,0.4
4776,14.211440101159484,993.8635633305054,1180.0192838615671,5.87729658473402,0.4
4777,14.366891746862471,992.717855117161,1181.6044600616067,5.857415504396869,0.4
4778,14.442315533839729,991.6681291863429,1183.3211288385655,5.834155793844925,0.4
4779,14.549872371414274,991.5599843212179,1185.2552607511425,5.8062115289077045,0.4
4780,14.431370699123214,990.5989117572449,1188.1941772226987,5.792254617460445,0.4
4781,14.331471081976067,993.4909209492498,1190.9204137038694,5.791160105736114,0.4
4782,14.255296700199171,992.4943858034436,1193.3076626845923,5.7957341960307405,0.4
4783,14.26067823552067,996.1869427052944,1195.4120921194847,5.80183674402366,0.4
4784,14.098763696880118,996.6863498893456,1197.7549651059703,5.820450041306703,0.4
4785,14.043185408727297,994.8225626960544,1199.9661895481647,5.838845779668519,0.4
4786,14.141789366799273,997.2091001235095,1202.1254458479646,5.847676591966723,0.4
4787,13.997798237775834,996.641229193632,1203.5880771158866,5.866255502692057,0.4
4788,14.246494278834849,995.9274558698835,1205.3833669061787,5.860627156378734,0.4
4789,14.197076100997897,995.4512487623648,1207.4672473836745,5.859690353321361,0.4
4790,14.285656884765789,994.5359433238195,1209.7909282357184,5.850991382253263,0.4
4791,14.111939458947756,996.9205770104999,1212.0437283750223,5.859857197082403,0.4
4792,14.23649073724751,1002.0947883932599,1213.8482451291545,5.860860538585008,0.4
4793,14.222036754375644,1004.0253768685174,1215.2743350747933,5.864323982984728,0.4
4794,14.160197324130046,1002.0704915197277,1216.4820829899575,5.870739632308484,0.4
4795,14.260729339831006,997.868225334187,1217.917097171561,5.864608075194613,0.4
4796,14.246489632432267,995.7531150838529,1219.0441356791441,5.85914484390061,0.4
4797,14.407332776308795,996.9857988433463,1220.1466442464284,5.842452801444115,0.4
4798,14.408757288746848,996.6360560713752,1221.5333170787778,5.828384509937742,0.4
4799,14.59842668108218,996.1977952582897,1222.8051803539483,5.801017402986179,0.4
4800,14.444032398238967,993.5934093604461,1224.7021802035592,5.789224560341076,0.4
4801,14.536284543369032,992.5535992499629,1226.6106376540743,5.771229487628537,0.4
4802,14.426567419576617,992.2756614927455,1228.6659808130507,5.7652294904161145,0.4
4803,14.548053627844864,990.9422131132199,1230.4524423285693,5.7493735527873255,0.4
4804,14.569298792737573,989.0419281216579,1232.6412216569904,5.733198913603066,0.4
4805,14.422065052451817,990.3921834173603,1234.6325382621997,5.732988443731676,0.4
4806,14.559712624704972,990.7162652371676,1236.5338985458454,5.721812304688383,0.4
4807,14.658371834107184,990.6239160036793,1238.7534387003052,5.704515624060016,0.4
4808,14.628630397181135,990.380257803826,1240.9490834305925,5.692578610571263,0.4
4809,14.465194655992592,986.7145116116425,1243.5118676723428,5.693374924159123,0.4
4810,14.480346390675681,983.8249560988505,1246.1223264995792,5.690605197575195,0.4
4811,14.574133150308663,985.3433984215602,1249.129573237214,5.681817710175135,0.4
4812,14.543577121877679,983.1094846803372,1251.797777575427,5.675420170362102,0.4
4813,14.63757036268228,984.2555564083897,1254.66831541859,5.663359490303271,0.4
4814,14.721859926372739,985.2148810684837,1257.2950392134392,5.647306838953275,0.4
4815,14.715609253747413,984.3184162619957,1260.2424719664916,5.633976742419516,0.4
4816,14.64507837727942,982.2540271406348,1263.2477035884915,5.627249168311049,0.4
4817,14.497460651952373,981.6081081952232,1265.761632056563,5.6333075633331005,0.4
4818,14.516449142050918,979.9932980081322,1268.5663538092633,5.6355029113388895,0.4
4819,14.572115530203847,976.0754519626585,1271.6991928053994,5.629792147853401,0.4
4820,14.158751100486917,978.1003202331657,1274.247686579168,5.660420263404271,0.4
4821,14.222400323053016,981.8046661186281,1276.0923333680846,5.683134389177292,0.4
4822,14.329208493078662,981.3594601256534,1277.9191568936265,5.692695032925985,0.4
4823,14.323867059195972,979.1986710793062,1279.939008918061,5.699337706257769,0.4
4824,14.457955947865289,978.8955535267415,1281.9244984651998,5.693597797538035,0.4
4825,14.477602922260374,978.3586984153799,1284.1365770496272,5.686879659176098,0.4
4826,14.407762929153279,979.4204219529908,1286.4122295958111,5.6878807729504555,0.4
4827,14.601918255592494,979.9030318494845,1288.7452227746035,5.673200166050565,0.4
4828,14.800605914348848,981.707503237899,1291.0064021502044,5.646289493288727,0.4
4829,15.024855720824796,980.4821469021322,1293.1938649182487,5.604970678048965,0.4
4830,15.170741204538613,985.1984343755481,1295.5154742628908,5.562733001153171,0.4
4831,15.408602012285733,985.8808649755935,1298.2480189871812,5.509176038423158,0.4
4832,15.35680832772998,986.2664781175117,1300.1928685528562,5.4697834324217345,0.4
4833,15.266896266860941,987.5891863523022,1302.3752526284368,5.445829076540287,0.4
4834,15.248840865112694,986.9805772040022,1304.9066900112077,5.427201883632252,0.4
4835,14.954295954893297,989.1789424574106,1307.1909027034083,5.437659759642369,0.4
4836,14.897437510370088,992.6598329114416,1309.4903269274432,5.453513243240348,0.4
4837,14.988132869788572,989.3866727190665,1311.8646419963245,5.4566269659135775,0.4
4838,14.850294221588424,987.2956179232216,1313.958255191855,5.468863555410883,0.4
4839,14.797283117301205,987.9929320758748,1316.3114411936756,5.483756795740431,0.4
4840,14.844532541586863,986.7136444805805,1319.0647916246398,5.491140888435994,0.4
4841,15.041935263670197,991.1304037298368,1322.2056070835429,5.484403163990143,0.4
4842,15.027634889480305,993.6260240178427,1325.5374460561186,5.481933545461075,0.4
4843,15.028513183721369,991.2005411427856,1329.4420658628044,5.478003019008317,0.4
4844,15.177573116668583,987.4686973035398,1333.3729957947899,5.45977753565414,0.4
4845,15.28280518346727,986.7107714587147,1337.1808238123197,5.435660082866238,0.4
4846,15.356557362206198,986.4659174224837,1341.0384246445262,5.409671633882222,0.4
4847,15.349832398190964,985.3972367435886,1344.2754048175575,5.388102747181409,0.4
4848,15.440731421916679,984.4096378186664,1347.5015181421904,5.362241367080636,0.4
4849,15.491339031933407,983.140407223387,1351.0906740442388,5.335939843177404,0.4
4850,15.479670587248407,981.9117432179139,1354.449310758347,5.314397268888274,0.4
4851,15.321451485767277,978.4834221026271,1357.7606606598524,5.307070212181069,0.4
4852,15.268877721103713,975.7717217884639,1361.2060641381568,5.303308308291959,0.4
4853,15.246106005673468,977.6526651914535,1364.978953095809,5.30350644490051,0.4
4854,15.316527204801607,977.8173222945453,1368.638640176534,5.2980385772967065,0.4
4855,15.309645308076984,977.8203659151294,1372.2266305885566,5.294119615439086,0.4
4856,15.37046171962572,974.6684357123429,1376.242268215819,5.283553290330768,0.4
4857,15.374162341609768,972.7241959909746,1380.5391683312378,5.273116643684056,0.4
4858,15.407792806090221,971.09737273218,1385.0352074390462,5.260580433492761,0.4
4859,15.461746154769704,969.3813790668693,1389.554125590601,5.2445943822708365,0.4
4860,15.40835330419612,967.4403201238721,1394.3188373361986,5.234381643456826,0.4
4861,15.374266674307025,968.5090087305372,1399.0901656439592,5.229600685610514,0.4
4862,15.407850137102889,966.9781190454222,1403.7968829866998,5.221778506994912,0.4
4863,15.398454819395667,968.0984545472222,1407.991866772222,5.216979079532514,0.4
4864,15.282046519979898,968.3774723370975,1411.9037029135434,5.2227673726907495,0.4
4865,15.31333654249276,969.4933765507421,1415.581693041917,5.2258003760262675,0.4
4866,15.365130453600207,970.8604217516797,1419.2828038428333,5.2250883265176,0.4
4867,15.464278287523967,970.3004253302694,1422.9306695692535,5.215978727637657,0.4
4868,15.365517874686484,967.001508730991,1426.7572043509895,5.214085576544128,0.4
4869,15.364094758587765,969.4602805663634,1430.4082627808184,5.214508321202564,0.4
4870,15.413738263374661,968.0505078509179,1434.106596312978,5.209732316438418,0.4
4871,15.350847840304175,967.4516131712431,1437.856850741131,5.210502633527305,0.4
4872,15.296925610691286,967.6523289377742,1441.3272898533105,5.215692559263656,0.4
4873,15.305208986045256,964.0184356159676,1444.7100656796574,5.216524157582251,0.4
4874,15.40716186290826,967.016891692224,1448.012974790744,5.211141311899904,0.4
4875,15.373098402323784,965.7887305585766,1451.2632754933447,5.208582554622305,0.4
4876,15.459923406337568,970.7636416319426,1454.0114673535545,5.203150067098132,0.4
4877,15.510773376023858,970.3547584739298,1456.8334256294177,5.19423085213809,0.4
4878,15.440789413772869,965.5666142988999,1459.9047245584095,5.189016348269683,0.4
4879,15.491283329013017,968.9706473779778,1463.072859037319,5.1831875413519475,0.4
4880,15.671196040176852,967.9115370502192,1466.0539642699407,5.16290476551531,0.4
4881,15.745318772867158,968.1285125413701,1469.1116364391828,5.140379613085126,0.4
4882,15.661098668423003,968.7905480468816,1472.317591979312,5.129291953869718,0.4
4883,15.695508144756916,967.2070860094625,1475.4216938959396,5.116191033606786,0.4
4884,15.829265671422075,966.1152799966987,1478.4785165629753,5.093692208566457,0.4
4885,15.955444471833143,964.4644926281461,1481.7255817652083,5.063683845213169,0.4
4886,16.006064476060768,963.8191511628653,1485.3964997555768,5.034452442370239,0.4
4887,16.014016715305704,960.4090254392203,1489.2091992676271,5.007254780000864,0.4
4888,16.054516500576945,963.7515745471187,1493.2444951844416,4.984170021531183,0.4
4889,15.92871033098612,963.500935188561,1497.4480212290705,4.975331916409936,0.4
4890,16.027386771720085,963.7350324738363,1501.4388441522622,4.960197809021403,0.4
4891,15.905558130936322,960.8456708124056,1505.6245774453369,4.955559320071613,0.4
4892,15.68789265983312,960.0,1510.1475443889537,4.96890405429716,0.4
4893,15.683891793340434,960.0,1514.6235951825822,4.980173687171891,0.4
4894,15.770598205121484,964.1892703588929,1518.5538575631128,4.985496226549746,0.4
4895,15.733682331069,963.5886519680471,1522.424926400599,4.992423406563676,0.4
4896,15.762222657122123,965.3158731735441,1526.4207840215895,4.997077157961393,0.4
4897,15.882387272493082,965.3157965465466,1530.6246008658968,4.991073323809397,0.4
4898,15.889675436027423,964.6205456232084,1534.909084475896,4.9850289813826905,0.4
4899,16.12150872727509,963.4589108038009,1539.23615633789,4.960249008108559,0.4
4900,16.175576703668927,961.0543213792935,1543.8283874004026,4.93369312538794,0.4
4901,16.186399150168157,960.8655941929466,1548.1890775433706,4.910890213476236,0.4
4902,16.19113818432063,961.4634878838682,1550.0,4.892256559468036,0.4
4903,16.24354334131068,960.9699405365204,1550.0,4.8723212919574905,0.4
4904,16.30464880780311,961.680711015908,1550.0,4.851518176359498,0.4
4905,16.577859017222206,965.180446756229,1550.0,4.814778683475099,0.4
4906,16.34995318178903,963.3330091038046,1550.0,4.801880101316258,0.4
4907,16.25864318049233,964.743790411592,1550.0,4.799831667920662,0.4
4908,16.401825986078965,962.6104498336805,1550.0,4.784838248186833,0.4
4909,16.222123892710904,960.0,1550.0,4.785255399000867,0.4
4910,16.254895613903457,960.0,1550.0,4.782919357612521,0.4
4911,16.04937972049141,961.49241197399,1550.0,4.798926825936046,0.4
4912,15.922637800204365,963.8832013559144,1550.0,4.824217736459928,0.4
4913,16.02890645689166,965.0481983398182,1550.0,4.837152746184857,0.4
4914,15.926696237613344,969.9536311244827,1550.0,4.8598205804639285,0.4
4915,16.018998622834257,970.5568052204892,1550.0,4.8713212532690955,0.4
4916,16.17883412682321,968.0344988772796,1550.0,4.8657831839878884,0.4
4917,16.211118383377492,969.3368324011992,1550.0,4.859588261875766,0.4
4918,16.305387718167765,970.0603554918067,1550.0,4.8473517191612645,0.4
4919,16.363154458629953,970.380768859315,1550.0,4.832839288610639,0.4
4920,16.312813423954786,972.1049787399537,1550.0,4.826356467582544,0.4
4921,16.382900618369135,975.1967522184397,1550.0,4.8176504095617005,0.4
4922,16.282744100289783,976.9302725591372,1550.0,4.820006774019621,0.4
4923,16.298290403754628,978.0269397170766,1550.0,4.821497629327371,0.4
4924,16.2731153019123,978.6412236920963,1550.0,4.825241838687395,0.4
4925,16.212850966911816,979.9765645795551,1550.0,4.834246409529774,0.4
4926,16.13924067853382,982.8645319397596,1550.0,4.849828893711089,0.4
4927,16.197115590065916,983.1859834361859,1550.0,4.858120010300662,0.4
4928,16.177827218626607,987.2713782963667,1550.0,4.86958353013243,0.4
4929,16.013155858608926,987.4444202403002,1550.0,4.892571379644738,0.4
4930,15.800698725725397,989.7043263607951,1550.0,4.930491902171167,0.4
4931,15.724333015537578,988.7476092882055,1550.0,4.9671040583725095,0.4
4932,15.9028933280429,988.6563481737005,1550.0,4.982465084317109,0.4
4933,15.837493021057051,990.5640504848845,1550.0,5.00184786162582,0.4
4934,15.79636931738003,993.4119296132503,1550.0,5.023255364704494,0.4
4935,15.737890960510049,996.1774470486997,1550.0,5.047679099733621,0.4
4936,15.648381146450587,1000.4884145776917,1550.0,5.078280395914362,0.4
4937,15.644527269071395,999.5154450751239,1550.0,5.102952832698056,0.4
4938,15.728797449437515,997.3759061435157,1550.0,5.114680180288871,0.4
4939,15.56694285915421,999.8610861905809,1550.0,5.139402158546871,0.4
4940,15.583609852872602,1000.1748149018309,1550.0,5.158549332897469,0.4
4941,15.798700089621684,1000.3073609280856,1550.0,5.156773046513673,0.4
4942,15.825340579686307,996.9779636549063,1550.0,5.150622406492356,0.4
4943,15.842945499614995,995.8524743220382,1550.0,5.143289337682655,0.4
4944,15.900874439268666,995.5491006726852,1550.0,5.132312917831292,0.4
4945,15.90497870441336,1000.1537257411399,1550.0,5.126457949557301,0.4
4946,15.585738279129234,1003.3408391249812,1550.0,5.150154660845031,0.4
4947,15.652505087859556,1005.59408120106,1550.0,5.165833231501043,0.4
4948,15.640430405982782,1005.5532451402863,1549.8029768520237,5.179645530379998,0.4
4949,15.512799900305783,1003.8953068030781,1549.4826378164585,5.200148179001737,0.4
4950,15.686335486025447,1006.3667100328662,1549.2460255687981,5.204647403648272,0.4
4951,15.653184043075324,1007.7879117195395,1548.4959349276098,5.212120332251439,0.4
4952,15.657185950787497,1005.0641614256091,1547.870832222306,5.215861942585587,0.4
4953,15.755916979637574,1004.487720926128,1547.8615324685811,5.210425974364352,0.4
4954,15.637533072765544,1004.4410060887993,1547.8888197697452,5.2156074968755,0.4
4955,15.534978685988046,1003.1351017281941,1547.9075610539403,5.227249826125481,0.4
4956,15.491823061614634,1001.937909233527,1548.0057145748476,5.239418136208293,0.4
4957,15.493041277114928,999.7950709176199,1548.1122519992755,5.247676612138689,0.4
4958,15.578654622784105,999.4767362640013,1547.4256441381067,5.247211578795393,0.4
4959,15.419541352565943,998.9631699958778,1546.8473859820574,5.259444731797417,0.4
4960,15.54214874755995,997.8186354557847,1546.2961684735503,5.258591172827856,0.4
4961,15.557590773413512,996.8035541557948,1545.4995342599113,5.255861930657271,0.4
4962,15.480864242602212,997.1588011905598,1545.1176967353153,5.260162610933572,0.4
4963,15.389200559163145,998.015610483721,1544.5366852602406,5.271827672796411,0.4
4964,15.38492294971275,994.772445758793,1544.032520749668,5.279290757236178,0.4
4965,15.324843165500882,996.3858192241852,1543.6266608026572,5.291539916782418,0.4
4966,15.324776431828672,997.8464274819503,1542.7903204104484,5.302693900928898,0.4
4967,15.280696277631025,995.92256645745,1541.696417987088,5.313987959195521,0.4
4968,15.403274167804339,998.2760490424939,1540.4356980996415,5.3150112546234825,0.4
4969,15.47754611346362,1000.653994001535,1539.1593535324614,5.311578579864169,0.4
4970,15.396928242675875,1001.5706571298502,1538.0650692534934,5.316044876287313,0.4
4971,15.450702852951204,999.0832722522485,1536.71846448072,5.313432315235124,0.4
4972,15.327341649745591,999.4186080247637,1535.6362029320924,5.321624606542313,0.4
4973,15.179472248947441,998.8363078345253,1534.481465173499,5.339985953903613,0.4
4974,15.288814674187579,997.6088898998938,1533.180490610706,5.345178867790674,0.4
4975,15.318660269656572,996.4117810182042,1531.7282485657095,5.346093060801779,0.4
4976,15.19510133770485,994.8329952797872,1530.2818703261962,5.355746372971738,0.4
4977,15.198958507927937,994.6775080900767,1528.6749554206438,5.3632293326850515,0.4
4978,15.301032225449989,992.021717511259,1527.2477503961677,5.3590161177764815,0.4
4979,15.439607645218814,991.9377721164511,1525.8732011533423,5.34417343552947,0.4
4980,15.367928946220038,992.7484761644765,1524.867533416886,5.338472911629408,0.4
4981,15.326536484088951,994.6431873935874,1524.0096879946684,5.338613475725917,0.4
4982,15.249948731980627,995.2181342158892,1522.9006107748003,5.345422149185008,0.4
4983,15.13317380776759,995.8054895496309,1521.798985309373,5.3609921488604595,0.4
4984,15.254038375220382,994.845047219422,1520.451329056512,5.36315640174045,0.4
4985,15.248912710535336,994.6769036271812,1518.7689386503248,5.36522284186437,0.4
4986,15.097058961992452,994.4596006987936,1517.2900802890376,5.379162530083049,0.4
4987,15.149377474438882,991.6559676893824,1515.9942923544877,5.384198059030127,0.4
4988,15.091363306322979,992.6755736330982,1514.3147497522061,5.393838932678612,0.4
4989,15.115435680371583,991.3616421870148,1512.7051991175188,5.398783922489879,0.4
4990,15.07519803677605,993.117877506581,1511.2565651834739,5.407454748271337,0.4
4991,15.344090459895932,996.408240169721,1510.1867796248318,5.39507845076811,0.4
4992,15.50784615633796,995.830179482395,1509.1814699354945,5.371110757422603,0.4
4993,15.606054623980405,996.8982867212873,1508.2805181447336,5.344239141976148,0.4
4994,15.799224629357669,995.8476154940028,1507.5402211902822,5.3056242570227985,0.4
4995,15.61101139890481,995.6305625518132,1506.7121788472386,5.289176744529365,0.4
4996,15.675511391652114,997.9302555108621,1506.2704296958648,5.2721574127544795,0.4
4997,15.543037427954314,996.2420032535476,1505.9395568730893,5.2677510143059285,0.4
4998,15.665363403252085,992.6658215889543,1505.4774429543177,5.251437695538351,0.4
4999,15.768706722671283,993.4167387666588,1505.2981517354708,5.2301832514723445,0.4
