adim,fuel,fan,sicaklik,o2,efficiency
0,16.003553875378902,1004.5914494079084,1399.8286893929783,4.161050594213679,0.6049256495013876
1,16.006185820064896,1005.9521634695403,1399.6410392617404,4.298621613721018,0.5378739779013773
2,15.98775003314502,1004.8361011335952,1399.4410385577742,4.416109338119854,0.4814926814987005
3,15.927095071196177,1007.2722792930005,1399.2265497968888,4.521639299008007,0.4323599015982698
4,15.832040476153745,1005.2590904508006,1399.0028018291923,4.61654467471474,0.4
5,15.856495440279103,1004.228940488009,1398.770674276817,4.6948998665319674,0.4
6,15.758825867591291,1006.478887410418,1398.5276809439204,4.7695705440377685,0.4
7,15.800418982412223,1005.3701449390227,1398.2786065775083,4.8295096210414155,0.4
8,16.007401674961457,1006.0148090638179,1398.0243792569754,4.866768453530533,0.4
9,16.119653133705313,1005.7868319576382,1397.7675015473098,4.890650511228933,0.4
10,16.116937796007104,1007.7369244900663,1397.5064280162835,4.912363733065251,0.4
11,16.00617086953592,1007.8583869974512,1397.2424763391546,4.938439720698462,0.4
12,16.039271911272756,1007.7091231543417,1396.9765948066579,4.958256093023253,0.4
13,15.9904673989448,1006.4802511901789,1396.7099070836873,4.977649407451437,0.4
14,16.105090940153765,1007.816934487192,1396.4401276954861,4.987169972036181,0.4
15,16.075780337675024,1010.3338454505039,1396.164380602402,4.998844157868902,0.4
16,16.167440828250058,1008.7926090186953,1395.8858508769338,5.001554157466516,0.4
17,16.21506871372267,1010.518218719034,1395.6068774371608,5.001701332235016,0.4
18,16.09052680833667,1010.9246059556543,1395.3228428166085,5.010563758504099,0.4
19,16.00001943894923,1009.786663168234,1395.0403935346371,5.023543468732028,0.4
20,15.943364039856302,1008.3812947511254,1394.7664321446575,5.037549073001219,0.4
21,16.029302598810332,1008.3065170006817,1394.4965635129795,5.043554310782482,0.4
22,15.960356434200063,1009.9404266593178,1394.2240867591802,5.054383359791456,0.4
23,15.855349476581313,1010.1161804428601,1393.945258995124,5.070849750146552,0.4
24,16.036417288355885,1009.2014907996722,1393.668522330441,5.071939209491327,0.4
25,16.080851248774227,1011.9085674210608,1393.387497231524,5.071544755501371,0.4
26,15.939534632027996,1013.0482618928689,1393.1093260621885,5.0815511387275665,0.4
27,15.946771471236438,1013.9603979294467,1392.8283068757341,5.090138381422781,0.4
28,15.856927609809329,1012.9615135757816,1392.550747141855,5.102926607534091,0.4
29,16.018580975742235,1012.8808070463722,1392.2752914115429,5.1027371603951455,0.4
30,15.808498267763685,1013.6338879378181,1391.9927303777067,5.117357203701992,0.4
31,16.06047757436974,1013.0704570155406,1391.7075811503353,5.112269488251904,0.4
32,15.96141681510752,1013.4051076181881,1391.4198356660793,5.114901797704755,0.4
33,16.058962955439682,1013.1055152538468,1391.1365223034418,5.110307625393523,0.4
34,16.078517627526754,1015.0675389872705,1390.8492550644205,5.106306980711904,0.4
35,16.156068419282246,1013.2161340647748,1390.5606581479676,5.096458838712805,0.4
36,16.214932720731248,1016.4858557549887,1390.2778267373178,5.086139183749729,0.4
37,16.12395967848401,1013.3513746765223,1390.0005645102053,5.081588018128718,0.4
38,16.05990689525802,1016.6270674164068,1389.7144989672402,5.084145208314675,0.4
39,16.097367198669517,1012.2261731442013,1389.4333093725716,5.080995209918926,0.4
40,15.95540627533526,1013.6252045467478,1389.1466160759758,5.088866639945207,0.4
41,16.013036963157266,1015.0429821101812,1388.8649744675047,5.092525905491831,0.4
42,16.069198572772905,1015.9509199489672,1388.5740730651828,5.092383676430071,0.4
43,16.17554512415114,1014.1304973612279,1388.296237773239,5.0838737153484415,0.4
44,16.325376903883257,1015.5363844038224,1388.014979240794,5.067322413066133,0.4
45,16.43971564173184,1011.4862852024714,1387.7442690032183,5.0429157755818315,0.4
46,16.423477011717498,1011.6440332539809,1387.4767855780156,5.023375365696603,0.4
47,16.475057976513185,1013.5731148219106,1387.2131306358112,5.0044686749793685,0.4
48,16.499563628173114,1011.3920407321286,1386.9563256666654,4.985355076315115,0.4
49,16.678749357812514,1012.3030214994972,1386.698030257988,4.957479887145499,0.4
50,16.66670484628227,1012.2331949089954,1386.4401010852093,4.934562216834518,0.4
51,16.603017810419747,1011.9858116045365,1386.1861655307484,4.919263432730613,0.4
52,16.67447191631646,1012.0685776632597,1385.9283376019584,4.901445584247724,0.4
53,16.810553536848047,1011.6670502456137,1385.6760909401614,4.876780292405949,0.4
54,17.00045606386915,1008.6958483593718,1385.4327768154722,4.841010575061972,0.4
55,17.03936812539177,1009.0522555175869,1385.1977237286312,4.808180940439576,0.4
56,17.073041095793126,1010.0967670599938,1384.9718519717435,4.7786406639979235,0.4
57,17.075008275260643,1006.647017195147,1384.757460023615,4.751224121685928,0.4
58,17.318395299685214,1006.5545437733235,1384.5466416714842,4.711287146101669,0.4
59,17.372998130360465,1005.5786380107977,1384.3435809224106,4.673007443455673,0.4
60,17.349242741218504,1006.9170456395244,1384.1444019407772,4.642930635013243,0.4
61,17.40084969544126,1007.5990361613693,1383.9559903647562,4.614280568283369,0.4
62,17.192843794577886,1006.7917728788265,1383.7700475202164,4.60358463754377,0.4
63,17.212762983996054,1010.170954007319,1383.5794658868192,4.595265483726684,0.4
64,17.147579933784325,1012.3960840825134,1383.3906446221317,4.594035000648953,0.40018281211913537
65,17.16139327636884,1014.5482156710175,1383.2061332582941,4.593404244303633,0.40046685774059404
66,17.16795766533133,1012.7243728465769,1383.0319822404706,4.591272045542368,0.4014165158996695
67,17.12187863002855,1011.7395611866965,1382.8606211106924,4.591977227553688,0.40110802476525015
68,17.07253286241566,1011.9633910578722,1382.690343326854,4.5960780918565876,0.4
69,17.15402239558202,1008.9994181727549,1382.523054002686,4.592147086387799,0.4010411049430159
70,17.201279208298562,1010.1957054734818,1382.3661676919003,4.586341203792791,0.40362300104132937
71,17.221682022782627,1008.0398915628499,1382.214585081948,4.57865860915697,0.4070489840668798
72,17.191513458662836,1007.4217675128803,1382.0633482911062,4.5737934647816,0.4092263022534981
73,17.113656077534724,1006.483981957359,1381.91555584715,4.5743693748173815,0.4089725113778601
74,17.04172954914346,1008.5085481080168,1381.756334438288,4.581032571606155,0.40600174326058164
75,17.18120161664819,1010.6312024521626,1381.5960688559712,4.578535513316353,0.40711953893091907
76,17.19460150479393,1011.2242548377025,1381.4328166851274,4.575874104390185,0.40831215553325095
77,17.29700042193977,1010.8637367647134,1381.2714151756347,4.566411414159329,0.4125537303190714
78,17.364200005082076,1007.8055734191613,1381.1146319054494,4.551865192943412,0.4191068423928045
79,17.32173275347044,1007.2200135985083,1380.9578499931413,4.542024022057623,0.4235652831721066
80,17.375666727121345,1006.9441654309838,1380.800546060049,4.529812338853536,0.42912253784375076
81,17.38648866715217,1004.7888966786943,1380.6503650923094,4.51733761470002,0.43482800644345493
82,17.340743591045992,1005.507076445806,1380.5028777529722,4.5103017921056425,0.43806014568080526
83,17.455101139270713,1004.3226793199906,1380.3587625191076,4.495787423677054,0.4447511809765387
84,17.478963869299694,1003.1143523731988,1380.2161841756722,4.481063912621302,0.451575452448332
85,17.421707374595442,1003.0925730134929,1380.0715802316465,4.4724343745166575,0.45559361203304205
86,17.452837814496256,1005.8633470087211,1379.922317966395,4.464724871787458,0.4591940937342402
87,17.53301602406287,1003.0761383164565,1379.7831679534622,4.450955716920025,0.46564398297741005
88,17.55842372361642,1002.0195619315377,1379.647264724672,4.436856027820611,0.4722779649041959
89,17.538772547459367,999.5924902496115,1379.5197488843658,4.424680482022792,0.47802982231520547
90,17.655857463627154,999.7632539082844,1379.396932690441,4.406465366408583,0.4866702879736055
91,17.71248170798343,997.9905295600339,1379.2760430646917,4.386009590756446,0.49642304556069217
92,17.82383623615802,997.7893331831217,1379.1604007110711,4.360912184365985,0.5084532954960347
93,17.860087885612753,998.1225855330873,1379.0477718887166,4.337320600586703,0.5198202006456735
94,17.90909926107698,1000.378059687961,1378.9336786525785,4.3153510284227705,0.5304498917679085
95,18.075004661880975,1002.6137988976889,1378.8256368779107,4.286787249990804,0.5443215476968735
96,17.94129352351722,1001.609695735026,1378.72222046943,4.2709811818537275,0.552019934304366
97,18.070267326827473,1001.8007115786664,1378.6180543927933,4.248883247913278,0.5628005327576021
98,18.04474303546639,1004.6157684891448,1378.5150080454164,4.233611694159186,0.5702617113093449
99,18.037305029746648,1002.3816315348852,1378.4192952452886,4.219729895376539,0.5770486687391042
100,18.090022276983134,1004.7006675141678,1378.3242670003547,4.205801314541432,0.5838611121729036
101,18.086402212901064,999.4538432690942,1378.2345296363717,4.190903047921184,0.5911482742425314
102,18.032072772436976,999.7797148929142,1378.1513519488265,4.182144655312584,0.5954329142500326
103,17.949816062099075,999.0808457187804,1378.0721661579535,4.179861415989581,0.5965518836124984
104,17.706381790327228,997.6504653168107,1377.9990846573162,4.193597396819451,0.5898396301906705
105,17.716104392031927,995.1793241899526,1377.928624518602,4.203054052438829,0.5852186312007808
106,17.7073375821702,996.982926062413,1377.8578610585937,4.212825498646534,0.5804438945170575
107,17.73585774917326,997.9657958531684,1377.7930279659665,4.219808212518351,0.5770328037549516
108,17.603916696931957,999.846596974871,1377.719201346511,4.235913609673701,0.56916531453926
109,17.582574718244135,999.4909880050666,1377.6499736208489,4.250832552353412,0.5618828675023233
110,17.713300069178842,1000.1525935841553,1377.577873293504,4.255028068747339,0.5598379688319207
111,17.485733567189904,997.273279901217,1377.5069271354355,4.272277568847372,0.5514299050589181
112,17.46379504957377,999.0949417416489,1377.4348823567793,4.289581303941532,0.5430095645554611
113,17.5672126707893,996.897039201209,1377.3632613856812,4.2958620601663124,0.5399588832669376
114,17.53813669919097,994.631241664289,1377.2905080744845,4.301753324174962,0.5370997775444405
115,17.690031401506143,996.4895894641248,1377.2122159613625,4.297587628468548,0.5391255542311267
116,17.648056580172625,995.450143501238,1377.1240639971688,4.296250421494291,0.53977818692032
117,17.595740345166348,994.6885687663022,1377.0370904755653,4.298196739087089,0.5388355083266945
118,17.573595255404683,994.2225453386591,1376.9499299885745,4.301065594894322,0.5374450630432481
119,17.55404042486893,993.6214069833048,1376.864328038217,4.304457089126081,0.5358014088887716
120,17.521527276046765,992.7022659124611,1376.773119123155,4.308974945783234,0.5336123036697391
121,17.632805933809227,993.7463704605633,1376.6799399848287,4.305894833213495,0.5351097636333294
122,17.621766996948494,996.0020857746318,1376.5910471271513,4.305449589777297,0.5353287876701982
123,17.95853586291699,994.1811391667068,1376.4945240024815,4.280989976721081,0.5472214299470697
124,17.969487892705274,996.0587000857506,1376.3978964642845,4.260636335773712,0.5571429197822495
125,17.88372255264141,995.6525598211987,1376.308306923686,4.2489204922601305,0.5628629847256131
126,18.101782923401462,995.3737545523992,1376.2194726114078,4.223936466705482,0.5750711646423041
127,18.04654629165744,999.8858014890571,1376.1360371106734,4.2093042491758945,0.582227561719722
128,18.144035984286436,997.8856545393572,1376.0542414695574,4.188967723629399,0.592174494861898
129,18.248145198191356,997.188167619205,1375.9729667470835,4.1641524226882565,0.604306710357469
130,18.213747289737473,994.9928987182132,1375.8950446595597,4.14401889504637,0.6141398575942089
131,18.215786602124663,997.3326727557762,1375.8161311425197,4.128240577020864,0.6218359666475982
132,18.38280883547951,995.9385876507868,1375.7388515335763,4.102576518991575,0.6343242350540944
133,18.337752079032864,993.014967093224,1375.6718040941366,4.081988553829432,0.6443106421282537
134,18.312764195572324,993.4879251543599,1375.6057644243408,4.066488421883789,0.6518067688181902
135,18.333366663436507,992.9524971657547,1375.5575985227065,4.05157296203562,0.6589980226506257
136,18.215352255764635,990.9985036151885,1375.5129337706833,4.045700586390274,0.6618240170033722
137,18.280282790718687,992.4611058730461,1375.4636149935163,4.03720873708381,0.6659032065474433
138,18.148284371165882,992.6726001875099,1375.4250239627481,4.039112998962973,0.6649912280067423
139,18.096951558968104,993.6059269877013,1375.3827527461435,4.044815381955051,0.6622547530504115
140,17.97220386295218,994.8616300846011,1375.3432170963806,4.058948818548049,0.6554543463267269
141,17.964962666862903,996.3002358582696,1375.3059525503172,4.0723616867431875,0.6489819651161087
142,18.00503551078054,996.2462433952821,1375.2659205191162,4.080999648786582,0.6448055832263107
143,18.138381062824802,996.4360395378401,1375.2252742652856,4.079380655999065,0.6455907758391759
144,18.109021395887854,998.9753735868331,1375.1903471178364,4.081603685898948,0.6445162033006171
145,18.158985146077725,998.2360804727723,1375.1538709070246,4.079624975264059,0.6454754016948423
146,18.091406092846995,996.937012803906,1375.1174637631418,4.0817267921180305,0.6444595192493655
147,18.03815388392842,997.4968537233843,1375.0812348396673,4.087492511650533,0.6416683048517196
148,18.060911667964643,999.0029720759517,1375.0376175345398,4.09179242272241,0.6395856148405686
149,18.127345587496006,998.5281766718276,1374.9972283744762,4.0906240761088215,0.6401537285624849
150,18.202555245031096,996.6764778590945,1374.9525864162213,4.08334263355711,0.6436837348511161
151,17.949414683519404,998.2964916015837,1374.9042954683387,4.095412888284869,0.6378347318015652
152,17.991618881619758,1000.6612326345023,1374.8469697114813,4.10428828576357,0.6335277906109797
153,18.062613812508406,998.895155370815,1374.7902251453088,4.105884990150825,0.6327542026293436
154,18.2044104532163,997.3926299039083,1374.736892227879,4.096639246603633,0.6372462592301246
155,18.23600030389706,997.7480559090495,1374.6905067412831,4.0868530141404,0.6419937385588852
156,18.04791948805564,999.0943515089383,1374.642139894465,4.092191186333381,0.6394079191749987
157,17.987649174549293,999.4534716127447,1374.5951790002337,4.101059286712596,0.6351061015019246
158,17.887787375294316,999.3479892639492,1374.544067036804,4.1153313066844515,0.6281705973919601
159,18.09563745962549,997.6209511073077,1374.4911166784689,4.112219898878892,0.6296861999106739
160,18.163483066927526,997.1821261929244,1374.4401164175615,4.104678456690836,0.6333542079133228
161,18.073189025951542,996.8462351507476,1374.3931200205955,4.104205643664882,0.6335857725680542
162,17.990052758260514,997.8952069508847,1374.3486109031214,4.110126184656666,0.6307099233688894
163,18.014388964550815,998.9364512322875,1374.2907986301097,4.114157332748597,0.6287516172456623
164,18.14669385194371,998.3290560255631,1374.2354504443522,4.108191186815046,0.6316550859924375
165,18.149456880923463,998.5045407998111,1374.1839069614894,4.103042355905782,0.6341591254239576
166,18.234531459932942,996.053560165156,1374.1419219553002,4.09132815300253,0.6398462831165735
167,18.292340107833578,995.4183781088734,1374.1032718628435,4.077034146917274,0.6467710513342403
168,18.128005263257492,996.2890378057002,1374.05610258646,4.076623960269439,0.6469713626320259
169,18.097408378058883,994.0106671815454,1374.008144840209,4.076923576007586,0.6468283546883381
170,18.083370230218563,994.5180958778998,1373.955015736752,4.078453927331641,0.6460900901861467
171,18.174886590782744,993.5753724631518,1373.9125741402963,4.072928546051376,0.648764047449459
172,18.037825110160565,994.6651218041209,1373.8726550103427,4.0782524008783305,0.6461909021019704
173,18.138574966681322,994.4007498589474,1373.8284352965659,4.07575005792672,0.6474031858454188
174,18.126731763160254,992.5906343361827,1373.7821677480456,4.073289215798293,0.648594943396919
175,18.25731334499656,995.1959494640134,1373.7352390797626,4.063946242796612,0.6531094245708653
176,18.338198775624488,997.2068549257577,1373.693828486313,4.05176328836032,0.6589825890091081
177,18.425920019628407,999.4596870214286,1373.6518892581464,4.036853244593077,0.66614854624823
178,18.177967815609577,1000.0194731612933,1373.6144910503426,4.041417917752718,0.6639594238140782
179,18.087227544286883,995.9854362780582,1373.5828381150657,4.048935859179051,0.6603475913005541
180,18.097086120377703,996.532269686718,1373.5422614358351,4.054999245407104,0.6574307019111455
181,18.198274527901727,995.2012383245576,1373.5010625314155,4.0524236433904015,0.6586726004464786
182,18.137403896657577,995.6437428008277,1373.4589747371288,4.0546584494839815,0.6575982395083187
183,18.184270521705322,997.4855687617583,1373.4194692540977,4.05452676785316,0.6576632709990898
184,18.058289174000393,998.0153419414889,1373.3728281059075,4.063327925348897,0.6534224598997629
185,18.110231686300313,1000.8805489880955,1373.3276708499388,4.069076704572011,0.6506488992412843
186,18.012391448162592,997.9649404906554,1373.2838369927056,4.07878925377545,0.6459547136572655
187,18.067362218937284,995.5925446406522,1373.2474689800506,4.081806801723114,0.6444955180998828
188,18.079987250090355,993.5375293541719,1373.2164945479722,4.082217293226622,0.6442979966378047
189,18.210860232945564,990.5571774171113,1373.1925249428703,4.071776139151815,0.6493500388859513
190,18.17819298251803,992.2706582754936,1373.1563431259208,4.066205290883126,0.6520424787167212
191,18.070942269794998,994.2823990090197,1373.114462230271,4.0700412400533,0.6501915320515431
192,18.12150939684554,994.0825199984663,1373.0729826173128,4.069732251719157,0.6503424871620122
193,18.106077375221552,993.696106329093,1373.0366431417856,4.070277091696024,0.650080715355831
194,18.302455843178393,995.7310917386866,1372.9959641363114,4.058648872816544,0.6556943532537153
195,18.13837681152216,995.9653538802647,1372.9581352261416,4.06008625397397,0.6550028980828457
196,18.04300770117542,994.9651950827001,1372.9149663259886,4.06717256432993,0.6515852010031364
197,18.056769775299706,991.2912573719317,1372.8768941288738,4.069944150126847,0.6502480191085065
198,17.968282128180682,991.3950589106316,1372.833712423704,4.078391401792413,0.646165271620797
199,17.98685455392653,993.8873420265564,1372.7901448424038,4.085876921877885,0.6425423808153506
200,18.08057940129804,991.122773142325,1372.7491299681587,4.084115273447471,0.6433974609797317
201,18.183660976725356,991.8382586195796,1372.7140287415177,4.076048772845688,0.6473034400386753
202,17.961529757025232,993.6128689372702,1372.6761857220295,4.0854373878958965,0.6427598818919855
203,17.869739163248678,993.9138569345521,1372.6319422225033,4.099858272563044,0.6357666786537481
204,17.89084199258983,996.6421478329631,1372.586289355075,4.1123977451179865,0.6296740742631296
205,17.833560925198714,997.8334750879345,1372.537494427779,4.127707673649655,0.6222220894922302
206,17.783931278687504,997.7145553362949,1372.496374811375,4.144025972385454,0.6142658533547674
207,17.883988121048755,996.7615416155342,1372.4470821610364,4.150482256702002,0.611116203992295
208,17.970679901258887,992.9252747732268,1372.3963797077786,4.147649540028104,0.6125010599632709
209,17.91080639526078,991.2798975681953,1372.3479748392413,4.148282528974592,0.6121938963336091
210,17.908114345358182,990.9286854257413,1372.2957204846468,4.148782634527728,0.6119517357366346
211,17.83198523739418,995.461141632996,1372.2400637612507,4.157247563910812,0.6078201039557396
212,17.916127717566347,994.0520219033087,1372.1894496797809,4.157824905557007,0.6075399910151164
213,17.73977720983712,996.1669012170944,1372.1412601201214,4.171657489500317,0.6007822350885316
214,17.6467761295914,995.9218299934265,1372.0813085034008,4.189594164545954,0.5920140362479352
215,17.7871029948138,994.7279691093141,1372.0167840411505,4.1945319464561095,0.5896014162420892
216,17.777833868949262,991.7433758252313,1371.9554548741182,4.197479994782144,0.5881617619498045
217,17.543820763190126,992.050632267396,1371.8902709543602,4.216115699920034,0.5790497099358565
218,17.486129711027882,994.3190347011036,1371.818682927834,4.237313903472725,0.5686893515000038
219,17.424123684846666,995.4565028027408,1371.7483372339402,4.260271591779485,0.5574815394325691
220,17.32985880629899,995.7390370888176,1371.6790411874085,4.286383061669556,0.5447595399001953
221,17.59427266630983,997.2719016929881,1371.6038038049262,4.291536931910006,0.5422547256253694
222,17.509500606032578,998.2148032252663,1371.5268025685034,4.302284726884604,0.5370336873796967
223,17.471673513714915,1000.774380652514,1371.442746662372,4.3156089113790115,0.5305713660296513
224,17.347965900106853,1002.4898514671387,1371.3591393221616,4.33643970329918,0.5204936143030163
225,17.337955510537594,1002.1900168132502,1371.2655436919881,4.35463868812904,0.511720332813055
226,17.439074562931147,1001.4580124159475,1371.166906710609,4.36276045499612,0.5078169984409505
227,17.33063531875904,1003.7716127563662,1371.071298305029,4.3785062375757215,0.5002659130740343
228,17.411656516525227,1000.7973792779986,1370.9767159621244,4.384498842109134,0.4974009701365672
229,17.477737038027275,1002.0228291198699,1370.870063466499,4.385864505848625,0.49675126051471946
230,17.43488457460949,998.4709035283778,1370.7638320148799,4.387705859663303,0.49587441453664244
231,17.38732741997834,999.1835591746839,1370.6538328131962,4.392958625693333,0.49336927380670176
232,17.578683741522973,997.4315963895177,1370.5414075262784,4.383288374767014,0.4979933755041568
233,17.623772216463202,996.0730678016191,1370.443497240992,4.371142263325838,0.503815122446266
234,17.57935031763443,996.0301334603948,1370.3429775489826,4.363816151276106,0.507335626156633
235,17.582977672228246,997.43596304797,1370.2403127311184,4.358227605826168,0.5100257275406299
236,17.346475674929803,996.7621068217413,1370.1324349775687,4.36915859878722,0.5047766776079047
237,17.47191910496081,997.3690786664234,1370.0229452048795,4.370289637481153,0.5042373329492343
238,17.276368528691687,998.0561684921599,1369.9166383864065,4.385000881205137,0.49719357027542554
239,17.261888050336648,996.3058806181099,1369.8054886045209,4.39738887758585,0.49128194133677394
240,17.5065250060528,998.7266165269433,1369.6954989017922,4.39278396144775,0.49348195325320027
241,17.646107011504846,999.2748372472103,1369.5890848211884,4.379709627212851,0.49973560766276937
242,17.74820026737629,999.0586637124371,1369.4827364919995,4.361507703061433,0.5084722130001188
243,17.808561365341582,999.2262822755738,1369.376257818344,4.342031076456068,0.5178576715818125
244,17.698288676813775,1000.1383273731752,1369.2794310188676,4.33356010234174,0.5219522904921005
245,17.528502678549078,997.9479800212688,1369.187038430211,4.336542281994686,0.5205141529935858
246,17.69287264908721,997.025071418005,1369.0937783433508,4.327302107285988,0.524984911747884
247,17.708401302506314,998.9338975668869,1369.0000378637524,4.319593017959548,0.5287207743463066
248,17.650773640352128,998.3041757230194,1368.8967282398285,4.316568011063138,0.5301901685902027
249,17.533208939117582,997.7910592381603,1368.7996226357632,4.321679647969801,0.5277165031336596
250,17.440505663216285,997.291038951506,1368.6932423642388,4.33202261964875,0.5227145605960426
251,17.563313417042654,998.9404818005006,1368.5841336290157,4.333490086535148,0.5220086339879227
252,17.568777039108998,999.4026620399768,1368.4857317060544,4.334656534276738,0.5214480142040078
253,17.46409994277643,1001.5517333028729,1368.3913110424007,4.344130440012963,0.5168762231446539
254,17.37569000995293,1003.0858811025101,1368.2988624379627,4.359170489427805,0.5096335196607775
255,17.33881663881615,1003.491863648543,1368.207097002684,4.374721377008836,0.5021684428390529
256,17.304478343181454,1003.1005809225874,1368.1089319787911,4.390031561268083,0.49484479372803475
257,17.288481408728444,1005.1679341820939,1367.9995127899667,4.405437041678183,0.48750358134212673
258,17.119773076993816,1006.6008168095307,1367.8938791855987,4.430923453473181,0.4754225362256017
259,17.105007162032788,1005.5175912040864,1367.7871903005139,4.452910030176345,0.4650731614232421
260,17.256964931118432,1004.2792712299225,1367.6774292813936,4.460470154715579,0.4615331048189466
261,17.054901448487673,1005.5912023089754,1367.559493216394,4.481483300320886,0.45173508941053925
262,17.053658590196218,1005.4974789837214,1367.4352844609343,4.499370067040135,0.4434524084295003
263,16.954539409967552,1007.799360318332,1367.312057203703,4.5227740201658735,0.432697580841693
264,16.88071451326275,1011.4953302859566,1367.1827155609378,4.550023316867952,0.4203020473522582
265,16.84357945801257,1007.8972116920961,1367.0490183193754,4.573447301613124,0.4097624859453005
266,17.010811892983543,1004.8145882182013,1366.9126997501642,4.580027107036443,0.4068243577766545
267,16.989252687343363,1005.6125665748615,1366.7732772111524,4.587590849915056,0.40345746502703295
268,16.940054853572832,1004.5978500396515,1366.6323200218199,4.596731132424468,0.4
269,16.934401373648278,1002.9454829608236,1366.4912879300991,4.603844383280669,0.4
270,16.92432221916098,1002.105557207126,1366.3428897764577,4.610047883704195,0.4
271,17.045891749812167,1000.0938458246002,1366.1957582263956,4.605774595855856,0.4
272,17.01062320262638,1001.4428693345642,1366.0544681498798,4.605393974059396,0.4
273,17.136387415784345,1000.9975867467872,1365.9054320965556,4.596225374586049,0.4
274,17.266247456990286,999.9197851585166,1365.7590278533505,4.578909581226968,0.40735246074506215
275,17.255059111471944,1001.9460016055966,1365.6082802511849,4.56622959956321,0.41303629884281995
276,17.298645281850778,1000.62814976259,1365.457137283121,4.551653150285122,0.4196098222631175
277,17.21227582050972,998.6958157662186,1365.3074244965828,4.54392755829836,0.4231126478217243
278,17.261706378721108,1001.7768904934286,1365.1634412850588,4.535935661173558,0.426748089458469
279,17.072536155513056,1000.3582451673835,1365.019933120268,4.541131294262537,0.4243894846095539
280,17.176649719939512,1000.983645674844,1364.8736810691805,4.538851450970427,0.42542932932898425
281,17.06218459985169,999.1490922406961,1364.728720745578,4.543552890186602,0.42329781123169846
282,17.174155963497494,998.6075376010376,1364.58392552068,4.5395826842330855,0.425104570887661
283,17.268216994017028,1000.462248164681,1364.443763215711,4.530970920649312,0.42902939249068794
284,17.264143943411522,997.8815814922167,1364.3054233258395,4.522302476345687,0.4329940471308106
285,17.225971022145696,1002.2773665302498,1364.169490033188,4.52030321919977,0.43391321129014204
286,17.493385397383935,1003.1477099920273,1364.0400034173308,4.500941248052936,0.44282032877388167
287,17.350076261345137,1003.6975297116888,1363.911091929567,4.494589311165756,0.44575917590954456
288,17.246159195759546,1002.4815736511048,1363.7855869936614,4.4955008646598635,0.44534097353207164
289,17.33910785201759,1003.4054578479756,1363.6557615932977,4.4905279286827104,0.44764669065317775
290,17.27718961890742,1004.534680607443,1363.5274712552443,4.491228975115398,0.44732545579903754
291,17.314483606164128,1004.5349839924459,1363.3908935953918,4.489285335183552,0.44822993885670603
292,17.172059666309757,1005.9243203338591,1363.257372122209,4.498207593440656,0.4441042621374862
293,17.068426329436836,1009.5819195745049,1363.1139826198776,4.515153230721847,0.43630342320247967
294,17.08932480642531,1009.3540423047241,1362.9741978667591,4.527990273447982,0.43042899113025557
295,17.156635742660317,1006.9755255620751,1362.8398652840185,4.532819419459725,0.42822911351016135
296,17.19688554590153,1004.3615848186653,1362.7075467374027,4.532536399300631,0.4283616430142502
297,17.319456110755645,1001.4603255018286,1362.5768865101493,4.522120983329229,0.43312352045396174
298,17.249062752733565,1000.6307235090229,1362.4598350818278,4.517539018179373,0.43522632589247123
299,17.302933467530057,998.8535735278356,1362.338849223811,4.508856147636206,0.43921889802281744
300,17.24526173999339,1000.9485197326725,1362.2120721839158,4.506722968428809,0.4402044924099487
301,17.260261224249486,1000.9402981625524,1362.089847453976,4.503883121635505,0.44151658311114683
302,17.308050044187414,998.406861079976,1361.9677927849168,4.496618767861402,0.4448741550348678
303,17.27227845601837,1000.4296703552067,1361.8462664761767,4.494154482151121,0.4460174354828414
304,17.36251190011745,1002.3976127124645,1361.7172912047017,4.487154745439307,0.4492645899336589
305,17.493031595019648,1002.9953699142413,1361.5844986442244,4.472693165048545,0.4559954160680064
306,17.470167550993718,1001.4910418199933,1361.455564081262,4.461010136415187,0.4614582703488811
307,17.49806901509209,1001.2054110771275,1361.3313610706812,4.448999525003727,0.4670961318787411
308,17.527779740703735,1000.543837669366,1361.211055715502,4.436350413642944,0.4730566502804738
309,17.471498225676125,999.7234912447352,1361.0982434724222,4.428914621912141,0.47657251180751253
310,17.581602167475108,1001.8089300404876,1360.9816420780126,4.416409946945772,0.4825001491575
311,17.655913718828366,999.8460782950381,1360.8709451240309,4.399483759977569,0.49055505417501744
312,17.55426534866146,997.9824152612063,1360.7608285728302,4.390844647351648,0.4946816686423321
313,17.613574907519215,997.4088763530325,1360.65311434155,4.379101091149253,0.5003040093828721
314,17.531909244064067,995.4383583518362,1360.5503833865307,4.373439073717758,0.5030219120187578
315,17.6312261140639,996.1488524213293,1360.4463970270351,4.36231049131778,0.5083709310507473
316,17.52144608030852,998.6531354713605,1360.3450997355349,4.3619049148980595,0.5085691908214239
317,17.493275146747227,999.210874447483,1360.2492544471097,4.363829991071778,0.5076464558876983
318,17.421838716779536,999.8709485229354,1360.151368510481,4.370746973367774,0.5043263617996835
319,17.298128643517337,1003.7308059266044,1360.0500669246126,4.387482774472838,0.4963104753091216
320,17.319044174027347,1005.7961523418484,1359.9465942886727,4.401585026026014,0.4895815802992737
321,17.2717357300006,1006.3095390320361,1359.8384668920062,4.4171170784992535,0.4821987336014093
322,17.299375770082225,1004.4269876533318,1359.7355857313416,4.427251029003365,0.47739972710116724
323,17.226963038240438,1006.5747879257542,1359.6327448347417,4.442149308141912,0.4703687996022543
324,17.426053869607582,1005.7643469210676,1359.5253889997978,4.440744181960621,0.47103398964447385
325,17.39192304310245,1003.0276221953042,1359.4233099441103,4.440149997414292,0.47131702166322825
326,17.460210875333498,1000.3946905085086,1359.3203765073936,4.433335792212298,0.4745353521462491
327,17.35410173325633,1000.858949525451,1359.2218840934868,4.435062233546732,0.4737229868582023
328,17.37988890267222,1000.5480005869039,1359.1187179497938,4.434577704612493,0.47395477821684906
329,17.30748647435093,999.3049744913233,1359.0152549013783,4.438313353946854,0.47219493310531657
330,17.252850835884683,1001.0539513490822,1358.9064136661134,4.446311198281,0.46843059630474226
331,17.323006468135315,998.7312838635639,1358.7936492516537,4.44686848689288,0.4681716947233387
332,17.356630243086435,993.8491802938977,1358.6864516510072,4.441976677889917,0.47047770485401635
333,17.27344707175167,995.6101988487815,1358.5757857928372,4.444592855894873,0.4692488769301427
334,17.325780444724565,993.1954010784236,1358.4685861367927,4.441731381904306,0.4705996257046471
335,17.30562103487171,991.3277898305017,1358.3601357731707,4.439495389737113,0.4716566782096179
336,17.249953361172416,991.9274052111247,1358.2602100170207,4.441763522663713,0.470590557087616
337,17.181028499478664,990.404505135452,1358.1596950432727,4.447425791684994,0.46792793620411155
338,17.156102678263572,990.3453573411149,1358.0616737545024,4.453898905667398,0.46488930826417674
339,17.28128943232793,992.0537623265375,1357.9571995552205,4.451952129741475,0.46580637942992653
340,17.35834335862307,988.8721756299019,1357.8573709018497,4.4430455982048604,0.4699983340212589
341,17.212314148145555,986.6122323177502,1357.7568084219806,4.443995871345602,0.469553753638339
342,17.426522594789137,988.0562823434855,1357.6532498400918,4.431125759815017,0.47562870095189796
343,17.50246323429918,987.7659116916526,1357.5548305136251,4.414831673952731,0.48335196344982617
344,17.355000983220428,989.0407866653882,1357.458043917726,4.411827051501705,0.4847823657651939
345,17.33751548798005,990.7301310791495,1357.356285869734,4.411528171624872,0.4849274853205911
346,17.332091983020444,989.3129293327148,1357.2582715699498,4.410750627317059,0.48530006842187
347,17.369050805512774,989.8308809950205,1357.159167779865,4.407899128390943,0.4866593016940336
348,17.35331771614474,987.2210864714968,1357.0602325585112,4.404902607139888,0.48808863836828
349,17.255523932799907,989.6875280186024,1356.9559631429047,4.41056917889695,0.485395428783068
350,17.30594692751606,985.9383590450267,1356.8536466103876,4.4095899824969305,0.4858641531277128
351,17.41758898118656,984.9139356375488,1356.7584986045665,4.400509454955242,0.4901909908042416
352,17.562137620577726,985.0742403140024,1356.668213676932,4.383048236148434,0.4985366870261191
353,17.53394857668273,985.3930607211346,1356.572819028278,4.370326730908389,0.5046399825721364
354,17.592334792531737,985.5255500325885,1356.4886306840874,4.35562081842125,0.5117159935766155
355,17.462856840046445,982.5988789596381,1356.4117164969712,4.350094438595471,0.5143821560556391
356,17.29806216527832,982.8346068263485,1356.3279558175211,4.356768041651296,0.5111684927045032
357,17.2423976279829,983.6635286961327,1356.2418172838622,4.36675358001653,0.506366951223111
358,17.16003992924009,980.716053867878,1356.1568248534923,4.3789929377695636,0.5004952262862935
359,17.257119228877905,981.3858884174971,1356.0720266975516,4.383207287320567,0.49847894021049166
360,17.2546880004711,980.2128130738304,1355.9871867534725,4.386216013626913,0.49704143368631115
361,17.147971346535705,982.3707603949562,1355.8953159579432,4.397400341932617,0.49170013716975325
362,17.048907006285464,982.9478118052914,1355.8037131403498,4.414016844952018,0.48379144792263107
363,16.996547156610305,983.0175104372896,1355.7151832213171,4.431750488419546,0.47539048952131474
364,17.0998812825829,981.2646852862418,1355.6333442412779,4.438682751543051,0.4721196187971725
365,17.17900944394779,980.3549016904535,1355.5506802290615,4.438613383743734,0.4721547566449156
366,17.269468677546158,980.6998990733562,1355.4707406311024,4.432611495657495,0.47499076343057256
367,17.012662789569998,977.2082968287501,1355.3878700106877,4.442798662341266,0.4701865637181903
368,16.956157178205007,975.6346843258185,1355.2977636982437,4.454314410279581,0.46477386071208604
369,16.85143654155615,975.4440694711661,1355.203745926943,4.471114184024505,0.45691255157823496
370,16.847690941152134,975.1458757671927,1355.104567433272,4.4854612050617,0.4502350019760504
371,16.83514181140854,975.83678028419,1355.0075864103665,4.498946038524563,0.44398997678567326
372,16.690121165147193,974.372708022072,1354.9098365121454,4.5193616874532605,0.434593869515377
373,16.755789834039525,975.9316941170121,1354.8040592994473,4.533225113930897,0.4282573532561326
374,16.53897364394021,978.2176694547878,1354.6893653019233,4.561214373445451,0.41557293037803994
375,16.48260161818655,980.1642871113318,1354.5673433989425,4.590070548110268,0.40265952979577
376,16.412566397645538,980.845652013746,1354.4458616495874,4.619796954982727,0.4
377,16.38144078957437,982.1070237480361,1354.3233676444127,4.6479787189265656,0.4
378,16.659349275366054,979.7037115053905,1354.2054965946704,4.651493563683548,0.4
379,16.731098281112114,977.1771924349877,1354.0787673450895,4.648003367421323,0.4
380,16.747211049022248,976.3117163523642,1353.9509068187986,4.643394171171699,0.4
381,16.650302174086768,977.730511881293,1353.8172984184043,4.646969689925849,0.4
382,16.604956649648383,981.0557314260948,1353.6799468519973,4.655191799394356,0.4
383,16.386191664493765,980.4560533778025,1353.5407227272065,4.676700690761193,0.4
384,16.3064268428057,979.8275027394924,1353.3931497707017,4.700019245877827,0.4
385,16.252115844666065,978.634505574008,1353.246873280553,4.722787008486018,0.4
386,16.170133749374997,977.6148843001399,1353.08940963413,4.747080225989766,0.4
387,16.275072131060295,979.5483936235083,1352.9258202660435,4.761801267948905,0.4
388,16.31727258904865,978.6169010443292,1352.7588862032262,4.770853462100283,0.4
389,16.338162310375957,980.5285716331085,1352.588109477511,4.778329589577496,0.4
390,16.477138083299,981.7970432614113,1352.4281453455137,4.776019184922899,0.4
391,16.49742446867922,978.2628445819906,1352.2750237424777,4.770447292954064,0.4
392,16.459763626972407,979.8334226928285,1352.1216517843338,4.769265352310615,0.4
393,16.46389020995081,983.2436148887466,1351.961194564347,4.770128103546282,0.4
394,16.45670908936282,985.5208425641969,1351.7966512668486,4.772785129844176,0.4
395,16.390305771770237,988.4284274512,1351.6194713626671,4.781397446604252,0.4
396,16.42225147240743,985.3966663977434,1351.441111525034,4.784632404173246,0.4
397,16.381908235629176,982.727272505678,1351.262504179971,4.788447774379489,0.4
398,16.38099292959399,983.1036584733554,1351.0797630023028,4.791990294555428,0.4
399,16.555591844242144,985.0943192310324,1350.900325872032,4.784365366894774,0.4
400,16.558884821344748,984.8807409973837,1350.7238446718738,4.777525372355332,0.4
401,16.446479435006307,986.1634701267069,1350.5473353341595,4.780174303157928,0.4
402,16.448770081923072,988.02481125047,1350.3749186896619,4.783442546193073,0.4
403,16.49726060949397,987.0668011320058,1350.204309906895,4.782314801470736,0.4
404,16.622351825137432,989.6453256722515,1350.0305728679452,4.774461977131785,0.4
405,16.565529642010315,988.9377949381494,1349.8583387697563,4.771210922752148,0.4
406,16.595696743376955,992.0504021294187,1349.6835219994339,4.768354089456889,0.4
407,16.65703422852654,987.4569331171533,1349.5108647677182,4.758854812939505,0.4
408,16.506748184292885,987.821777470104,1349.3396082461456,4.761244759454399,0.4
409,16.54232043661161,988.3029090449506,1349.166228415658,4.761156856501308,0.4
410,16.49028171001652,987.0813252377383,1348.9938183724062,4.763856378473761,0.4
411,16.529459304367023,987.4380892485701,1348.8286404940404,4.763707739301902,0.4
412,16.38812497872019,987.2099588757263,1348.663205664754,4.773062541447479,0.4
413,16.336837959952355,986.420572897157,1348.4925368678669,4.784009456082811,0.4
414,16.31501108908052,982.1416106336321,1348.324830550525,4.792104997203194,0.4
415,16.377306430189282,981.5366643386608,1348.1593722076307,4.794362778260181,0.4
416,16.45694285206677,979.3172606755134,1348.0016367291703,4.7894604275209804,0.4
417,16.370685215797057,978.0216723188876,1347.8428655820153,4.790351353757953,0.4
418,16.31356745373576,976.1192028077619,1347.686885497843,4.7937998048637445,0.4
419,16.227044415233767,977.1253187830531,1347.531881779131,4.803257060290087,0.4
420,16.25813304094877,980.6378933304771,1347.3664479599765,4.811391513956163,0.4
421,16.084806442847025,981.5472481511371,1347.1999641307434,4.830682234440073,0.4
422,16.263484666369806,978.4116843089466,1347.0332967026714,4.832935954608915,0.4
423,16.342954219290004,976.963212573111,1346.8699550816634,4.828527203004988,0.4
424,16.5298196765526,975.1106130399781,1346.7038201424282,4.8108870887961945,0.4
425,16.487631344343562,975.1262945744054,1346.5372440762264,4.798775896508844,0.4
426,16.571972754397162,972.2858942192271,1346.374138237453,4.780948280816184,0.4
427,16.70472748085037,974.8584405751092,1346.213930185512,4.758374914810165,0.4
428,16.78605101433881,971.7662067860606,1346.0628244819836,4.731701313787386,0.4
429,16.926328108515538,972.3545311596508,1345.9109466631655,4.699846527159949,0.4
430,17.147588653898747,971.0543972847065,1345.7620626169696,4.656883031044817,0.4
431,17.30518664586658,970.1857537372977,1345.615301853806,4.609084390659078,0.4
432,17.541850553603094,973.3862586055056,1345.4728595289137,4.554355052281314,0.41890710401479425
433,17.590318959329935,969.4731023316583,1345.3320385624302,4.502069127777693,0.4428126550323329
434,17.474307923382398,971.5628493682713,1345.202328468252,4.466842984130708,0.45919201851677294
435,17.61992931026913,972.7455652230972,1345.079221010778,4.427729056572326,0.4776068563203974
436,17.493515321210033,969.7538552541248,1344.9708412272432,4.401206233522172,0.4902165237154694
437,17.417514401850564,968.6402322382746,1344.8640666216943,4.383135914037936,0.4988592093072992
438,17.308545558740743,969.79849240925,1344.7616480845543,4.3759266245998285,0.5023197181122643
439,17.212195663226957,970.8723855826163,1344.6647954341813,4.377036709161146,0.5017899881985582
440,17.159155502599003,970.8294751659253,1344.5714572534134,4.381565282414515,0.4996209820373715
441,17.158088776333855,970.6955841318344,1344.4842029149531,4.385402862387058,0.49778497672864463
442,17.14733373468666,971.3019973685991,1344.4060676351367,4.3897792640390545,0.4956925741999319
443,17.252008734744106,974.3079233524246,1344.3323410695557,4.38826457130915,0.49641961071416835
444,17.128203178082344,973.3870486322664,1344.269949220781,4.394828089823697,0.4932828558297635
445,17.138965909461824,973.0169208749357,1344.2094676511704,4.399440958067002,0.49108191331448503
446,17.221321551364415,977.1191708032777,1344.1399038601865,4.4003378943151,0.49065601251689805
447,17.21808102410916,977.2462687071896,1344.0767617551244,4.40140104171153,0.4901507258681338
448,17.214147634492125,978.5283890088036,1344.0066686168616,4.403380316621433,0.4892089530799552
449,17.23770218905566,978.6432083660336,1343.9329594664982,4.403530971324129,0.48913935873600606
450,17.217064301384216,979.4859418229852,1343.8535294303208,4.405595390049725,0.48815781102623146
451,17.406210060347956,977.7258456391735,1343.77180750489,4.393360459185249,0.49399946339413603
452,17.37692161881754,976.3736867929455,1343.6901307928752,4.384103450745543,0.4984318746074917
453,17.282420991247648,978.311240950099,1343.6073850271264,4.383891145428309,0.49853614258878104
454,17.301887125648275,982.6060849869198,1343.5204567088515,4.385090793899174,0.497964139490782
455,17.439852866889535,981.2931771115776,1343.439860342701,4.375887896159414,0.5023794069051063
456,17.536451798707066,978.9265206209354,1343.357073663915,4.35999605223474,0.5100237841629421
457,17.418347382322047,976.3775629924896,1343.2783750881295,4.352925052348666,0.5134347835997182
458,17.317749818897827,978.124175825083,1343.2023361687732,4.354865762599226,0.5125012029164928
459,17.33085136804214,979.2466992649713,1343.125046494964,4.356330340582604,0.511797534508124
460,17.369900353732554,976.191604736413,1343.0503334145303,4.352991286389966,0.5134100796511
461,17.393377963696597,977.1375508956417,1342.9763270642256,4.349150211167987,0.515266038030918
462,17.39912903855177,977.5279916409003,1342.9015039538535,4.345739626701181,0.5169154638600635
463,17.43799648686809,979.2194814639661,1342.8343300939887,4.341259395262585,0.5190828467193055
464,17.37921237279232,978.2698078925241,1342.7669946274727,4.34085610235833,0.5192800059733549
465,17.35872993146907,977.8554006658372,1342.6957447501818,4.341647081091015,0.5188998622244094
466,17.349475712098485,978.2783257216582,1342.624947115064,4.3432160681381005,0.5181437034780444
467,17.24245854568899,977.5829290845676,1342.5605942370119,4.3513994762792425,0.5141936580281382
468,17.229442588647675,979.0608362765433,1342.498463151086,4.360172841404672,0.5099657281702302
469,17.259195822466985,975.8149028470079,1342.4330805370973,4.363559068477584,0.5083372367207519
470,17.347142032764758,975.2308070148979,1342.363626317483,4.360080244194052,0.5100145883776528
471,17.443116244569453,974.1121292272313,1342.2964779703454,4.349882632722919,0.514934147456142
472,17.4364900631016,972.9547546383053,1342.2332234464498,4.340936759939395,0.519258159769779
473,17.538248943847744,974.500749773552,1342.1709508140523,4.327376965229792,0.5258248389326314
474,17.6942775917684,975.6900102254336,1342.1097835923792,4.305974822887919,0.5362181972607573
475,17.649826739096397,980.3406282953132,1342.0484160310416,4.293739994348313,0.542175137123511
476,17.707204865129743,982.8445008998008,1341.9836033933857,4.281010379447605,0.548382755250206
477,17.822313655192776,978.8505639892443,1341.9230157631248,4.259835117925061,0.5587258212774324
478,17.814548537169216,980.1603025278479,1341.8630108792063,4.2431900854476226,0.5668693664256732
479,17.77567693778326,983.3059405048617,1341.7969144533747,4.233670715685502,0.5715316329370943
480,17.779211358754164,983.1153427008692,1341.731388653934,4.225218480703066,0.5756732613073371
481,17.874168672102297,984.8492798332403,1341.6668392500046,4.212659868322381,0.5818280303911699
482,17.800585001975136,985.1650703739997,1341.607193411116,4.207195043775137,0.5845079079755853
483,17.66697731121172,988.0201149023338,1341.549721744454,4.213447304703818,0.5814464257829965
484,17.554294436679903,988.0851946382206,1341.4909876116405,4.226476430482423,0.5750656749911996
485,17.45811320629681,986.3766731749965,1341.4369216086295,4.243024760661494,0.5669652261154615
486,17.501237127262847,989.831303199656,1341.3854747486685,4.256330519211453,0.5604578265487445
487,17.413431949492438,988.0096642652808,1341.331986267638,4.272472314056427,0.5525720868495484
488,17.4639969473486,986.7927924763083,1341.2807497378433,4.281982734093597,0.5479322641006823
489,17.448891033193796,984.3161374902988,1341.2360020980088,4.289535011237948,0.5442513085718245
490,17.428614516134274,985.2511917380116,1341.1892428150952,4.297924361798459,0.5401661672797036
491,17.41805329154979,985.0170341897027,1341.1400273432246,4.305627009913662,0.5364195392251668
492,17.522918101043803,986.1994654099087,1341.089488575578,4.305777898953772,0.5363478305281932
493,17.683250672390226,986.4820765352483,1341.0435711335308,4.295165551538138,0.5415144751439733
494,17.793857964883816,986.7328483832731,1340.9955266154086,4.278770685880291,0.5495090916902236
495,17.73269301008345,986.1721948090319,1340.9433971249289,4.268647171741255,0.5544535292822399
496,17.82096477543539,988.8005799658475,1340.8850901512621,4.2556867601514,0.560789980161888
497,17.763221366271274,991.3088622967831,1340.8213378061164,4.2501829543325895,0.5634841697125675
498,17.88266717270098,990.257092131917,1340.7614364533642,4.236707844764872,0.5700811703895778
499,17.779400947654004,989.0646948384158,1340.6996535735036,4.231535221263106,0.5726161894178902
500,17.818416673418962,988.6131187956222,1340.6412760925664,4.22419702745505,0.5762124588087744
501,17.917719548332155,989.9113653614596,1340.5820940779615,4.212014932273092,0.5821831133054982
502,17.812952581272338,991.1229153175068,1340.5218959466956,4.209558058297512,0.5833892026715374
503,17.887306519232798,989.2957353440552,1340.4632945771334,4.201255088859886,0.587460195475466
504,17.879782244175896,988.7857356566111,1340.410855211331,4.19438866816619,0.5908270692953183
505,17.789338312284364,988.9530072364615,1340.3662088936917,4.1948168234336665,0.5906188817108325
506,17.603685048948208,988.8948646915343,1340.326239906953,4.20778711284091,0.584264102578347
507,17.86156189098197,989.3476929658486,1340.282443272008,4.201535727707386,0.5873292381130707
508,17.774266710698065,991.962944235319,1340.2408789918697,4.203814460420991,0.5862140173295388
509,17.832610135352496,989.4417188668538,1340.1988064907025,4.200189824026455,0.5879918655223658
510,17.79919772602188,990.032807881259,1340.1620691516387,4.19975665424559,0.5882054865671796
511,17.94756675170774,984.4366239621704,1340.1258778009708,4.185758933413622,0.59506637971478
512,17.923980355476168,984.3376368080732,1340.0929591865738,4.175404742382738,0.6001405434656547
513,18.021507872684875,984.0524653031856,1340.066186050366,4.159782398036494,0.607791910819154
514,17.98256127669601,979.9956097553634,1340.0395452703635,4.1465998495339,0.6142433364132485
515,18.07116690900934,981.0533304682605,1340.0169512107861,4.130027003795283,0.6223442025999204
516,18.125211418757054,979.4472806104285,1339.99713269457,4.1112478423932055,0.6315069034580095
517,18.13101522286056,979.5626024245147,1339.9748193220057,4.0949629688848646,0.63943514910336
518,18.133979662113376,981.0036530219962,1339.9441271764529,4.0818268099660715,0.6458167575811299
519,17.9608779292217,979.9473114365377,1339.9274287776425,4.081783807696182,0.6458382887774176
520,17.97979701331901,977.0943376968612,1339.9091448351978,4.078661492683752,0.6473534888526065
521,17.87923018768579,975.4953245469657,1339.8951209932493,4.081848747464376,0.6458080723241878
522,17.90701225709697,974.6617050691381,1339.880002551935,4.0821407748299725,0.6456669854454158
523,17.9257415491964,975.4434053089474,1339.8711934680118,4.081606004449839,0.645926801553705
524,17.91359814552419,978.3691323668405,1339.8587838130882,4.083821623463275,0.6448521496634725
525,17.97671467897252,977.2954618001177,1339.8517910202727,4.080730251239829,0.6463524304737066
526,17.94968718596429,976.6846743846288,1339.843751948228,4.079558361052002,0.6469211685448577
527,17.856131040418145,973.0257143890007,1339.8429912320482,4.082628283106796,0.6454319097793543
528,17.934552067568276,971.513190799763,1339.8459099682334,4.078944355043228,0.6472188542315518
529,17.873467098949657,973.4692473537901,1339.8476658459028,4.081205218181159,0.646122183146057
530,17.746639582531778,969.1897202990777,1339.852812284013,4.08906780367199,0.642305033106494
531,17.701432481303225,968.3945149227033,1339.8496727494492,4.098328625545745,0.6378032200357516
532,17.593299826457272,968.9877281925318,1339.8457981422916,4.113937882293438,0.6302016340223792
533,17.500104693706582,971.5860844713997,1339.8332249697958,4.135189303524986,0.6198294551411966
534,17.275945315584472,974.1688775838245,1339.8170336840249,4.170145424882745,0.6027269484492453
535,17.402491109895447,973.5759602821619,1339.7990506165022,4.190866821544215,0.5925753682677376
536,17.46977159527314,972.4223376752137,1339.7795965580447,4.203171425409866,0.5865458890314892
537,17.49988040454986,973.0236473121499,1339.7613763065376,4.211958753855195,0.5822402111053248
538,17.54147283968905,970.9793998306453,1339.7429138049035,4.215307662287398,0.5805998400304918
539,17.542169541545107,969.9233338445739,1339.7207182484542,4.2174414674871485,0.5795550851190396
540,17.544259932588357,971.1953192492098,1339.7008413707658,4.2199141970818115,0.578344240657941
541,17.479201899817706,972.1870925952848,1339.6768625224074,4.227071286476983,0.5748388510435456
542,17.605093433612137,971.5364265770459,1339.6471992800218,4.224171679419988,0.5762603234686845
543,17.6860256859909,970.4821656200528,1339.61688016832,4.2155313426316425,0.5804947630031042
544,17.632579430994195,969.3572427774543,1339.5833068834834,4.211118044935987,0.5826586113523441
545,17.647104885036327,968.1261887824484,1339.5469940351977,4.205601994457558,0.5853631489716566
546,17.61322506398065,966.7754879994662,1339.5019741080098,4.202369625871506,0.5869489188546504
547,17.83127629866165,969.8183296596229,1339.4609997235536,4.186689813737484,0.5946347053182955
548,17.85713463579256,972.8941229134078,1339.4220998043386,4.173538770414835,0.601079542866201
549,17.78160570562154,970.3659613304818,1339.3879550199226,4.165911161937986,0.6048166562158171
550,17.716357108407188,970.1493798950811,1339.3565688403403,4.16373467789866,0.6058835919119426
551,17.78107665514018,968.0015702867735,1339.3274501822561,4.156124145279482,0.609610367116347
552,17.737271613324733,968.3535948279683,1339.2987995560857,4.152860091361766,0.6112088243788618
553,17.60085806385486,969.6027598449178,1339.2660849163747,4.160162382211283,0.6076359830337493
554,17.68831233658404,969.6293960865734,1339.238707335058,4.160430474292759,0.6075057659082523
555,17.65167228154106,971.123496271033,1339.2137126291932,4.164094823426649,0.6057126014061867
556,17.72234406298572,969.1440794677228,1339.1877600911084,4.161149739287989,0.6071555486698769
557,17.87803291807326,967.3670298520555,1339.1646432240923,4.146924465480796,0.6141178142674275
558,17.87595261366081,967.3380740326978,1339.1413708636462,4.134956409308975,0.6199697936625386
559,17.884888823419363,961.5651599881319,1339.1344453761594,4.120538069830293,0.627010333017766
560,17.918641380965877,962.941860773274,1339.1290049549664,4.106851253599136,0.6336829358639863
561,17.889046445635724,964.2948828070024,1339.1201418357882,4.098085278779885,0.6379503971488045
562,17.75710571410194,964.0821141962697,1339.10903223775,4.09948531977621,0.6372696800625616
563,17.710739992275748,964.5509908312312,1339.1003429855784,4.104128252559475,0.635010130898796
564,17.66923206632593,966.0629127964849,1339.0877775128918,4.111853946020544,0.6312470367362445
565,17.65913777504377,968.3473916320564,1339.0660910530655,4.120547428365177,0.627008418898249
566,17.677455179020377,972.514463718827,1339.0440878012917,4.129314728561974,0.6227295377187005
567,17.760931281193752,973.493409669998,1339.0188551550762,4.131698947120483,0.6215659804411507
568,17.65658689371803,974.7221340200872,1338.995423031754,4.141605482022867,0.61672540499253
569,17.610395928197708,972.4191350762856,1338.9802034225127,4.151720752107233,0.6117783788004888
570,17.66092663102111,975.1392027552035,1338.9616349797382,4.158591233454389,0.6084165709223601
571,17.86119147278395,978.1987250399426,1338.94059231522,4.152720605914807,0.6112906279276569
572,17.994878163511512,981.268375071719,1338.9193375955197,4.140560388387635,0.617239264684188
573,18.15958886555473,981.3541738766054,1338.8981613688704,4.119061457927474,0.6277399019653895
574,18.006711140143263,980.8820671454937,1338.8730383496554,4.110900912896257,0.6317199097245697
575,18.028718946723654,981.883793867421,1338.8457231496277,4.103096805826413,0.6355223164662787
576,17.941987039623545,980.9058368080041,1338.8179149929858,4.1017536447431295,0.6361772471745984
577,17.76502794011974,981.8928069598728,1338.7885727490288,4.113284663694226,0.6305613173458878
578,17.854832270943394,980.5931485659222,1338.7603130043103,4.116151570085378,0.6291645642649528
579,17.824934104133547,976.9988249083269,1338.7387652662508,4.118360081773323,0.6280882371260915
580,17.764424345233245,976.1561097395951,1338.7127462832702,4.123827120732885,0.6254215974242637
581,17.779601618107534,974.583222381348,1338.6854534068273,4.126449612530079,0.6241424285951779
582,17.900576459996376,973.6354091515926,1338.6613459607615,4.119843221490317,0.6273677075372087
583,17.897541932914805,974.2748903043855,1338.6467042489635,4.114837313527034,0.6298098623160083
584,17.937771289052957,973.5856096937857,1338.639487328778,4.107408425820558,0.6334307254191367
585,17.847031993659986,975.0958064934563,1338.6392430221217,4.108224641270106,0.6330331106669438
586,17.810256342342477,975.8989954414735,1338.6309909622069,4.111928855294196,0.6312283669615635
587,17.7665147706908,973.8907989824717,1338.625065714594,4.11679107447498,0.6288579485635407
588,17.71874910648036,973.3101366733723,1338.6150154693025,4.123810985256645,0.6254332552707661
589,17.614394377826752,972.0940302457183,1338.5968477899237,4.136118319392949,0.619422879899154
590,17.556753271601384,973.6725998536778,1338.5801719684948,4.151499411595769,0.6119018267359138
591,17.48702440477672,975.4769329412638,1338.5588389098702,4.1704586056441055,0.6026204738573713
592,17.6255762804948,974.6279365788492,1338.5338851899082,4.1766036701404685,0.5996110603730365
593,17.72155763010585,977.3473592587039,1338.5068936,4.1770038813421735,0.5994159832201268
594,17.878752747706034,977.6407299828024,1338.4856076936487,4.166823896911232,0.6044034293940403
595,17.75616407344872,977.9578515606578,1338.4646649678677,4.166718985455904,0.6044555923732426
596,17.891614418187498,978.8030292253927,1338.4451873642645,4.157938104170947,0.6087557363851158
597,17.979533932075476,981.0483443295607,1338.4206064107855,4.1459015846985885,0.6146464129082149
598,18.083325798306337,983.1831581528099,1338.3938722640924,4.129947249765409,0.6224456636553297
599,18.114307339511367,982.0802707750934,1338.3676800897076,4.113581403068182,0.6304330735886884
600,18.046333577945024,984.7865929072619,1338.3383801617952,4.106004429481474,0.6341264032156569
601,17.734602435096615,983.9670552745433,1338.305015351999,4.120276584052135,0.6271700992007119
602,17.888005463195057,984.6950935168552,1338.2672932990731,4.12241983331635,0.6261257003285123
603,17.965277576581332,984.0905340144346,1338.2268139329317,4.1185984917828025,0.6279918323205156
604,17.86746037016864,985.0986339376776,1338.1921395463787,4.1226468061876345,0.6260178383908495
605,17.967270689414768,983.8005305649231,1338.1629263549885,4.118472985566245,0.6280555398741251
606,17.833792613519304,980.5542416241663,1338.144043497237,4.121969932973869,0.6263500401705504
607,17.783505878900698,977.2723021499007,1338.1218436702923,4.126299243029088,0.6242376132600835
608,17.6821331400647,977.4960749231541,1338.1051591409616,4.137023616937905,0.6189992683585609
609,17.64811935234749,980.0187950744055,1338.0892536739982,4.150044987399231,0.612632061965099
610,17.63577209802342,978.5607192588332,1338.0781406906392,4.161035412547016,0.6072532126631147
611,17.61520711241752,980.0607828153848,1338.0660072380963,4.172722789483023,0.6015297207853968
612,17.60969850535614,977.4678849249536,1338.0517855757037,4.181398670348537,0.5972794723470491
613,17.517320505692044,977.3323920599403,1338.0220932520567,4.194978750356391,0.5906251919555717
614,17.63893593927034,977.8629142738034,1337.998017318044,4.198574036331118,0.5888639014090461
615,17.746627112309618,976.5794532425077,1337.9785627480771,4.193487680075945,0.5913575960586926
616,17.884184685244954,978.2859146174649,1337.9539303835036,4.1808716772083745,0.5975413243011349
617,17.89069678522206,977.6279380633941,1337.9358069316409,4.169290075533434,0.6032160838276946
618,17.69609914675327,979.7475302204547,1337.9103585267478,4.174033156348408,0.6008935689269223
619,17.73518094048903,981.1988288582351,1337.880940951166,4.176317623029531,0.5997754345693914
620,17.650225613352415,978.0422150452231,1337.8491559024942,4.1820562107842925,0.596964747636554
621,17.590738822438272,973.3671853787073,1337.8191824911082,4.188039792147188,0.5940335081016813
622,17.666228871201543,971.9042279464543,1337.7895139767534,4.18706330080255,0.594513168032109
623,17.618787671276692,972.5978030108486,1337.758295016929,4.189900981165059,0.5931235714421608
624,17.786623886166055,970.7508570968937,1337.7285471405548,4.179719787313434,0.5981140978807863
625,17.810695072814507,971.7085045627963,1337.6947547629657,4.170029842632313,0.6028627199341198
626,17.801468971256075,969.3292351614202,1337.669638627436,4.160922747446622,0.6073237248470221
627,17.579616555164083,964.5583242994807,1337.6541250332702,4.165284192231628,0.6051885983735055
628,17.744802984523734,961.8744322513204,1337.6472505572913,4.156051372469149,0.6097093684699229
629,17.673678779710805,960.6248516067548,1337.6425410719062,4.152259798212726,0.6115652321238297
630,17.583144141567924,960.4871959522819,1337.6290877907838,4.155115645889979,0.6101680628766881
631,17.59568573601222,961.9077024112337,1337.615977927303,4.157583952903127,0.6089603395253108
632,17.568264087883076,965.1673099098299,1337.5957937390494,4.163602980826013,0.6060140971913319
633,17.504130534393422,968.5855483063988,1337.5691434528635,4.17524013974295,0.6003149176988124
634,17.466309161771424,971.4434119310682,1337.5422794268472,4.189507814381447,0.5933241957892861
635,17.480228877644148,971.1364883486164,1337.5121069897505,4.200494043316292,0.5879405102450257
636,17.450502314482886,971.8318082344676,1337.4879473552724,4.212294768390278,0.5821574391417235
637,17.461408281671105,972.7505009912325,1337.462942198449,4.22216146477441,0.5773231607786563
638,17.369926871608687,971.8810366623691,1337.4370349394028,4.236230278198989,0.570432319263842
639,17.551158500462506,969.2917470935017,1337.4022102095976,4.23421564325655,0.5714201903517601
640,17.52724297684363,971.1294282560101,1337.3735747646201,4.235289589846302,0.5708952381036729
641,17.55900483075771,972.7928886275901,1337.3401932262655,4.235087442230139,0.5709954170111926
642,17.609381520443687,974.3483307577125,1337.3014445905387,4.2324648927307615,0.5722812420013796
643,17.589430136149012,973.3096477788523,1337.2644272788282,4.230940044650076,0.5730294547471819
644,17.66199232982561,975.7916148796967,1337.2243381309356,4.22626607766565,0.5753205782227518
645,17.623951834027732,979.3552466010032,1337.178566819108,4.227128851477145,0.574899516004865
646,17.56861797286349,978.2813538706986,1337.131789915391,4.23095389274211,0.5730273738801248
647,17.501946356324556,976.1537521686889,1337.0869947392498,4.237405125831366,0.5698693405290062
648,17.658547173169076,976.5327178856875,1337.0402886824443,4.23246290673183,0.5722914616514576
649,17.486627326544355,975.2515542097336,1336.9952907338998,4.239162628936517,0.569011969640302
650,17.518925579597067,973.5628747135153,1336.9469954991494,4.241594013694995,0.5678232138052549
651,17.55789723296125,974.1433442093455,1336.9064481831604,4.241372416927972,0.5679331302165339
652,17.42664642928799,974.3502805124505,1336.8643131083654,4.250252609277108,0.5635880705359582
653,17.50674970618603,976.4616743266552,1336.8211358178735,4.253675917720066,0.5619146629311893
654,17.45481034257896,978.2037426730941,1336.7782824716703,4.2612203036164775,0.5582264343676024
655,17.336400857657782,977.4191468613557,1336.7341073152709,4.275202422190165,0.551396044500976
656,17.174605306665864,972.2882116558726,1336.6958887124388,4.294873010820894,0.5418026961927498
657,17.27029309714327,973.6754517818447,1336.652976245554,4.305950633904866,0.5364110550526701
658,17.37450469803509,972.4131877196902,1336.6078407862321,4.307474577146351,0.5356712682209033
659,17.209145665413924,970.0866072644213,1336.5610763807788,4.318565133336295,0.5302830798698919
660,17.348453478969816,968.1630076766887,1336.52247234908,4.31729337625432,0.5309019294000128
661,17.302561369080184,970.21370635064,1336.4742255175818,4.320629575582715,0.5292836677423514
662,17.298048398179752,973.933565245906,1336.4238421253715,4.326116189434187,0.5266232472053475
663,17.286818411188968,974.8216934162252,1336.3738807760926,4.3321040940693125,0.5237223554744997
664,17.380109843473484,976.5686100101354,1336.316089286837,4.331941223924757,0.5238031368922071
665,17.539618398901695,978.9005783336269,1336.2604490177894,4.322409391721022,0.5284268428696499
666,17.430008396813925,981.2484120124496,1336.2010544424934,4.323250910707684,0.5280204425352145
667,17.320170544380893,985.1914353194845,1336.1323427569557,4.333930264280468,0.522845565036783
668,17.11005037116884,987.5763845631275,1336.0523005691282,4.35881941663657,0.5108214739114986
669,17.233371100299287,989.8941662314854,1335.9724693983585,4.373037256936539,0.5039810197570441
670,17.3275436857099,991.0642784532807,1335.89524665431,4.379446438824781,0.5009057601016532
671,17.248798830187383,992.1344034781833,1335.8086448378106,4.3909309468565585,0.49540517788578203
672,17.33794922940505,990.7003627401094,1335.728840541094,4.393718190831859,0.4940743154208829
673,17.340193692858218,991.3946161831324,1335.6461093675257,4.396371879918809,0.49280828086907325
674,17.33109076705025,995.4763317975406,1335.5592650485426,4.401818905727317,0.4902097156376632
675,17.32579291567144,994.3228939572095,1335.4724171094038,4.406082995504036,0.4881785993214659
676,17.277744331318424,993.4739069467139,1335.3899818111163,4.412444718592075,0.48515114708211443
677,17.336351835849165,990.7608897800815,1335.3168023631033,4.412151811343387,0.4852927346633698
678,17.288860729824066,988.796700330654,1335.2403303098777,4.413899545149172,0.4844634652275533
679,17.33231804060716,988.3122561543054,1335.1593597333276,4.412120476188661,0.48531237422176815
680,17.271499499025868,988.6458138700301,1335.0686127754777,4.414960151614819,0.48396416803784753
681,17.406233389800736,990.5800950189648,1334.9819810380122,4.409417094889114,0.4866047691973423
682,17.36245380318744,991.4114234261358,1334.8993550951857,4.408210623417148,0.4871819589421407
683,17.67416224550211,993.348251983913,1334.8127350332102,4.387177979735747,0.49723252340111557
684,17.647987435697544,996.1447505603353,1334.7298552962507,4.372844531257393,0.5041123859169885
685,17.717790461087553,995.5046918339999,1334.6494419505764,4.355504277024142,0.5124644690255301
686,17.65846701872888,996.4475627957249,1334.5694472252762,4.345398996056391,0.5173466737800623
687,17.38581948384982,1001.1548556032315,1334.4851521724552,4.358342398827795,0.5111009673152367
688,17.375615455515856,998.7620843512244,1334.3994845753684,4.3685317396242676,0.5061964682008384
689,17.31449089116345,1001.2186266510279,1334.3130372438916,4.382902883782544,0.49929675239944526
690,17.243289146552684,1003.3763295798295,1334.2207485561173,4.401326547970217,0.49048530157051323
691,17.20741333285863,1007.3112584953477,1334.1248328970375,4.4219088106590805,0.48069100294243905
692,17.16719200402227,1007.7428282283696,1334.0234790850652,4.442414695370175,0.470989905261455
693,17.4534153245879,1008.0802919800014,1333.9270249678505,4.440565491407614,0.4718653857313702
694,17.56985194044786,1006.9818304155804,1333.8303256690963,4.430372303713788,0.4766873573200274
695,17.739416889803064,1004.1401970467718,1333.7520532740662,4.408370492100597,0.48714036666918464
696,17.742246053230236,1005.4184368004849,1333.6738891442883,4.390281577244834,0.49578140934788445
697,17.75361614047021,1003.9537536098823,1333.602230288538,4.373208946266313,0.5039724069119774
698,17.854000101834785,1004.4740578644446,1333.5296334172583,4.352188853846018,0.5140999568354102
699,17.916029721015093,1003.9908530396932,1333.4474985394672,4.329793139182994,0.524937214971271
700,17.95472014301278,1005.2427929316563,1333.3662924885407,4.308910686113317,0.5350801443838301
701,18.023623712402596,1006.3609704721631,1333.2837134394335,4.287172719779165,0.5456712221295419
702,18.07629167129032,1008.6603200510028,1333.1982614558115,4.266557350629552,0.5557406977251425
703,18.13644504557638,1011.365128306385,1333.1110864523575,4.24664187126439,0.5654863871789947
704,18.117601913188146,1011.4975805054761,1333.023932155499,4.231080376005068,0.5731110388838487
705,17.96553784986943,1011.0681444402261,1332.951578026666,4.227938123025542,0.5746532959478328
706,17.977731893463968,1015.3196405687072,1332.88127405701,4.227115236185099,0.5750590396004298
707,18.10046059689882,1015.4157489389398,1332.8192509773244,4.2181185059400566,0.5794707162695909
708,18.132185779230444,1013.3797177442402,1332.760200734727,4.207028100662326,0.5849097846432285
709,18.24370746533592,1014.2723961079619,1332.7023682574702,4.190569016721617,0.5929815995529056
710,18.407887216790428,1011.6578887837879,1332.6535983109677,4.163751014683733,0.6061268924818214
711,18.573466171035808,1011.715209823437,1332.6107445398213,4.1297158984224,0.6227814308676295
712,18.69134326508513,1016.1970711648972,1332.5694285397615,4.095582192140627,0.639426941239727
713,18.796246566046563,1017.1216109810955,1332.534063314579,4.060007087089852,0.6566829986964781
714,18.938050120712816,1018.230076826503,1332.503849789691,4.020809759206529,0.6755475662818948
715,18.934077025448413,1017.1558060259235,1332.4810404608063,3.9870858076888442,0.6916201216123663
716,18.665664137045027,1014.2145496783239,1332.4625716455444,3.9748463751000953,0.6974116334388069
717,18.752480001396528,1015.7815124306777,1332.436761204794,3.9595178835713045,0.7046300112214634
718,18.706714908591113,1015.3680390398929,1332.4132099413728,3.9493447803556867,0.7093982270162482
719,18.653024854903006,1013.3211075159077,1332.3981145670884,3.9430643684184608,0.7123324671758039
720,18.670815226559377,1012.9286709057806,1332.3854575459648,3.9362672588976397,0.7154995415002687
721,18.677006328676335,1009.2089029477825,1332.381911515248,3.927724647937238,0.7194666122558839
722,18.812471012480856,1008.2383247941435,1332.3879179104658,3.9106268194170166,0.7273614799848469
723,18.777824679933293,1004.7213317654346,1332.4062835977052,3.896237374813231,0.7339567756584329
724,18.732731555100703,1004.6772210325119,1332.431542368595,3.8870493989393706,0.7381431242155044
725,18.781967747290746,1003.4145146894782,1332.4637080672683,3.8750911297623363,0.7435622370076296
726,18.80565126448606,1002.3930369333818,1332.5045614774428,3.8626702224545157,0.7491540128058756
727,18.979531261278364,1002.2645407072375,1332.5464359362556,3.8401902708388413,0.7591760804065317
728,18.93642869121621,1003.3125702404064,1332.5763724931692,3.8246778555926473,0.766013116979166
729,19.057892242912104,1005.5261598875123,1332.6099099240207,3.8046151962405688,0.7747552727251595
730,19.051749641345438,1006.4179977056781,1332.6420938644192,3.7885421047834362,0.7816730185713026
731,18.99630957249687,1003.9817346703672,1332.6749771762852,3.7771206000212154,0.7865400082430815
732,19.05159258569634,1005.0055725127829,1332.708733415783,3.7642925656151656,0.7919571062262043
733,19.06223297236723,1004.9124480041413,1332.7438364619882,3.7526054575972916,0.796845388641744
734,19.001603011094623,1006.5593052843117,1332.785025255079,3.74783783623127,0.7988250739745223
735,19.113595409910722,1006.7264630328524,1332.8246944159353,3.7362639850923562,0.8036016565931925
736,19.056041787102135,1004.3083248071625,1332.8650577929448,3.7288221862553597,0.806647620138348
737,19.11665713759899,1004.2392070501751,1332.9083670380603,3.7183252076881748,0.8109113834929073
738,18.98274171322028,1003.1855365244887,1332.9545246002742,3.7178586038750754,0.8110977755310796
739,19.010642096060582,1002.1378801042573,1333.0099796295394,3.7149019510177705,0.8122889062104923
740,19.125842166407622,1001.1885862166883,1333.0642325234726,3.7039456161492597,0.8166825098626801
741,19.166559145474185,996.6348382691395,1333.1288727392914,3.6889910440296365,0.8226076232898335
742,19.146855800705797,995.125477225374,1333.1955129734665,3.676670558049112,0.8274241391709407
743,19.2299914516981,996.4899869354182,1333.2590841328854,3.661396248250418,0.8333135985712339
744,19.232742722266195,998.1302551280686,1333.3250264665235,3.6492590923572106,0.8379257085807857
745,19.129655958078434,998.066342420218,1333.3924563354215,3.645922453483225,0.8391804926601092
746,18.98126765687994,999.763140629237,1333.455880484207,3.6542605366236365,0.8360242673662408
747,19.095572778788124,1000.9186503613533,1333.523061548206,3.6542916996222723,0.8360089559389079
748,18.87784233523431,1001.7837509539522,1333.5868806848325,3.6696906447504647,0.8301083507734748
749,18.98229625557344,1000.8290756846567,1333.653190963086,3.6750649907146773,0.828024460345985
750,19.083227388421786,999.0898409797053,1333.7138816094744,3.6716640567731664,0.82933922268237
751,19.17430344136294,999.862718935178,1333.7754029840223,3.663057896829537,0.8326504645985422
752,19.19456671240247,998.1183085281926,1333.844508372897,3.6532637535632597,0.8363825819369133
753,19.167694025518916,999.1667159799682,1333.9154059012917,3.6474292584583123,0.8385857038463317
754,19.226315621265414,999.4893150975699,1333.9853621715363,3.6386810443928597,0.8418645339302536
755,19.09220025269522,1000.3469147335786,1334.05938876327,3.6409186068075408,0.8410241496254675
756,19.005584832773614,1003.4826883797384,1334.130855793144,3.6506945823537618,0.8373412184657375
757,19.019021191212016,1002.6548042586263,1334.1972115792069,3.6575675785620936,0.8347275963645374
758,19.009385326303374,1000.8187908524835,1334.2573133508104,3.662909139293584,0.8326826709740484
759,18.89281467319202,998.9080843192862,1334.3242434048002,3.67418418227632,0.8283318297531946
760,18.848483395775258,996.2591741672993,1334.381922331936,3.6851181154079753,0.8240652134455689
761,18.9199620834408,996.9013455608327,1334.4432572460312,3.689948827917785,0.822163625555342
762,18.885999506108337,997.107606146466,1334.508955832709,3.696497729236413,0.8195723622600358
763,18.988685066547543,998.0830527035645,1334.57766432681,3.695685940022309,0.819890554325692
764,19.06665792220038,998.0834310977056,1334.6473035817999,3.689686206108671,0.8222566865625989
765,18.961523750090716,999.1994542162804,1334.715191120273,3.6924491639674493,0.821163676209134
766,19.144329975537968,997.958853914802,1334.7865433265067,3.6815669960045216,0.8254344053483054
767,19.1692436109278,996.9267344749826,1334.8529335763017,3.669970299418899,0.8299353733677196
768,19.230522076814264,999.8756312334586,1334.913397041675,3.6577978487520917,0.8346028360942936
769,19.30881878825973,998.9098520745326,1334.97602344657,3.6415108187657457,0.8407547218563617
770,19.293283145172392,997.4748924698819,1335.0404436249555,3.6278207960206696,0.8458395837229726
771,19.351816300134274,997.3322848857255,1335.1000820148615,3.612108326056432,0.8515776938514718
772,19.16443396862274,998.5006107134817,1335.1578571948844,3.6122495086342523,0.851523540122958
773,19.18357578301548,994.151274002624,1335.2226044579154,3.6083258741374133,0.8529372823370717
774,19.283235273150733,993.6622852785176,1335.2861487292714,3.5978959106407027,0.8566679936063205
775,19.087073247064712,995.6470529889488,1335.3540238802598,3.603639479302528,0.8546141013229489
776,18.956597814210028,997.3628638986628,1335.4240578370393,3.6184878505156037,0.849242510591324
777,18.973054233597125,997.643269119341,1335.4876402080306,3.6301649391754838,0.8449505764068699
778,18.935517021563136,996.5953006021257,1335.560208034753,3.6419865285100506,0.8405461197612087
779,18.95434291242667,994.9548892520464,1335.6344356918696,3.649719377126076,0.8376320969417849
780,18.93056818655488,996.17419608307,1335.710070967448,3.6586795205851113,0.8342254255689545
781,18.97963444134892,999.0573601221765,1335.78639867594,3.664770623918454,0.8318897213998879
782,18.9369015898484,998.9759750519435,1335.8615773023885,3.672806896344734,0.8287867590644764
783,19.015789099109483,1002.1590772564833,1335.936265361702,3.6762708429152524,0.8274392238328993
784,18.95133821076339,1001.9847394849829,1336.0017127686453,3.6834944702005172,0.8246186535882687
785,18.982724947459957,1002.1560866462339,1336.0673442956922,3.687605065335544,0.8230031469376032
786,18.81406660458359,1002.9332340539573,1336.136943723968,3.703074307217063,0.8168749406709342
787,18.879657446900286,1003.762779390407,1336.1950490931417,3.71227904001655,0.8131851524733781
788,18.87973249696344,1001.1927962497982,1336.2482083290693,3.71847886260823,0.8106817164679927
789,18.9036476751493,1002.9987018995978,1336.3001421956035,3.7232578087360744,0.808741997736157
790,18.844622369844803,1000.4179419309652,1336.3520239267514,3.72971365745574,0.8061096214363017
791,18.83759880002211,1002.9328391613423,1336.4021909029725,3.7372638192275187,0.8030129426612197
792,18.922492991371023,1003.6704159733162,1336.4499382606582,3.738364835694213,0.8025576967781232
793,19.159500361288618,1002.9337803179722,1336.500449384444,3.7226964173366484,0.80895995383784
794,19.22674704668151,1006.3824806401263,1336.5471292607474,3.7069714436604198,0.8152971106610435
795,19.203053296610168,1009.9921308883252,1336.5957974349112,3.697492840071849,0.8190719541114532
796,19.245668444190756,1009.0902955614348,1336.6427072573429,3.685965779215385,0.8236175304742903
797,19.216646729997972,1007.0974787746201,1336.6936166106823,3.676888681648226,0.8271603040047633
798,19.162623499025717,1011.7240878562642,1336.7331370230563,3.675766894466787,0.8275942029992219
799,19.171900970069643,1007.6482144679504,1336.7792730715814,3.671613779349835,0.829201411145204
800,19.047561481365967,1006.5442678822047,1336.826692846225,3.6758556643321265,0.827554935348599
801,19.046521714092,1004.3653485296051,1336.876742993716,3.6781593555262937,0.8266565634506365
802,18.95062350546144,1002.216441578398,1336.9255702705177,3.685294349669816,0.8238664559684428
803,19.009181752809873,1002.8745653418187,1336.972910585754,3.687785896018337,0.8228859727216483
804,19.001039862061024,1002.5093275442622,1337.0244743460978,3.6902280733621162,0.8219223486355312
805,18.83788075783145,1005.956256781115,1337.0845961068721,3.7055866245215796,0.8158239316310616
806,18.927323259284528,1001.2795227177784,1337.1506177277918,3.709604016198267,0.8142116856524787
807,18.947446496377562,1002.8710240690932,1337.2137993495414,3.7126510525287437,0.8129842487713771
808,18.87916023802526,1001.6895755452464,1337.2797904904967,3.719147015033417,0.810359657558947
809,19.0020620972248,1000.9388858469594,1337.3443791945226,3.71582603204098,0.8116984218037822
810,18.982521191748265,1000.0749573417559,1337.4072767033983,3.713789657202082,0.8125161759375755
811,18.94491609452969,1001.3757819519833,1337.4696746033628,3.715439165214047,0.8118482003868833
812,18.957431277796605,999.1142183059184,1337.5277309688859,3.7145641779467193,0.8121980722901906
813,18.99276923856568,998.4333461845958,1337.5863017728132,3.710984974204684,0.8136353239018197
814,19.018907783066442,996.2095662332204,1337.6422642079244,3.7047616347740853,0.8161254321965971
815,18.873419513339485,996.8352962902339,1337.7010738604654,3.709773757362401,0.8141158483141191
816,18.837458612415162,1000.4592217810103,1337.7560728472877,3.718766071974605,0.8104899147822877
817,18.901219371848935,1000.8801148123496,1337.8020403039668,3.722332594287282,0.8090424857398344
818,18.81109218737045,1000.947546942978,1337.8520290559659,3.731544281758338,0.8052864963086693
819,19.00286476514959,1000.4724662806773,1337.9025605018248,3.7260152027447266,0.8075405205968842
820,19.195351893887047,999.4245593520409,1337.9509113090562,3.7075469307510955,0.8149959102187978
821,19.241538848868434,999.861389472112,1338.0061574619315,3.688978770897921,0.8223642849074584
822,19.32388915097331,999.4623068144873,1338.0620069378026,3.6673363573750777,0.8307860892533885
823,19.23597049519235,999.7342860579715,1338.117381506266,3.655098913262739,0.8354647009381039
824,19.12758336891223,1001.6090270425452,1338.1727514999288,3.6532593358872085,0.8361603289200625
825,19.073250732121764,1002.6931317921553,1338.2290929711614,3.656078733675693,0.8350863253868308
826,19.16461905181485,1001.3748632418261,1338.2874606880935,3.651422530038098,0.8368504476560161
827,19.252229482460486,1001.1676265115143,1338.339086219399,3.6413679274790782,0.8406333111657184
828,19.244319117511427,998.659077569491,1338.3916792673324,3.6317798253234677,0.8442012057803354
829,19.264406068291606,997.176447870711,1338.4491818894887,3.621327960432837,0.8480460867473876
830,19.309195647636013,994.5939546874595,1338.5049893528617,3.607766734216998,0.8529654474847864
831,19.34279082225489,994.5272861436523,1338.5710070682383,3.5939098593593912,0.8579078728128521
832,19.28566979043469,993.0508996978109,1338.6485788458351,3.585091334536501,0.8610064595780769
833,19.26356587221103,989.9308932114913,1338.7314986178246,3.5771352611816942,0.8637708870631046
834,19.24627805212016,988.691640462547,1338.8199320171047,3.5707691701464617,0.8659606494105025
835,19.32443662786345,994.3488308990317,1338.8996514816927,3.5635994237333817,0.8684052994461356
836,19.308991109861235,993.0256423811109,1338.9755562843143,3.557723370291924,0.870390250216265
837,19.281834372855126,991.2257436867161,1339.0506215584253,3.5534441624793325,0.8718244130655869
838,19.362349683602435,990.2567245529357,1339.1309940598626,3.5437132611224564,0.8750579637605731
839,19.214735956907344,989.6103856615146,1339.217018541985,3.545087296255452,0.8745988670228797
840,19.07659673971078,987.6784357100886,1339.3043539548519,3.5544453783401857,0.8714750104934278
841,19.226396027402902,989.421563316837,1339.390315157544,3.5532965870126274,0.8718555302600457
842,19.448543878488568,989.1112831214065,1339.4782712119359,3.5369963692021478,0.8772474687060635
843,19.413132314493016,987.5006836529793,1339.5701628192076,3.524538033906228,0.8812800385412386
844,19.409874865716503,989.6252380797265,1339.6582078365007,3.515508750455228,0.8841535201517813
845,19.450634830995263,991.0737372217892,1339.7443592311593,3.505970660345893,0.8871449234011323
846,19.4931671973848,990.4023250973153,1339.8305790611503,3.494543839963413,0.8906688586022972
847,19.487524977829214,990.2597609389587,1339.9213389621377,3.4851254623702754,0.8935219260720113
848,19.502681837798725,989.4731075829521,1340.0123844373295,3.475592067637901,0.8963629537455844
849,19.490348822695694,988.7854689614829,1340.1031287610244,3.467895348112373,0.8986208881899418
850,19.51067858276635,982.8855446407599,1340.2028527117436,3.4562517275328073,0.9019790798731578
851,19.51129338873821,983.0986950952537,1340.2956805944268,3.446447066539824,0.9047500581218524
852,19.443669779992376,982.3975441874462,1340.3829034002736,3.4422765473794605,0.9059102932410137
853,19.467859895833058,980.4898082732864,1340.4790986080134,3.4358823855784806,0.907672851849061
854,19.320844368303618,979.0334317283001,1340.5880836949023,3.439541588249061,0.906657715900271
855,19.328732962078416,977.6694005116835,1340.6961249505912,3.4412553576165226,0.9061765788419645
856,19.271316284574336,980.6922940649577,1340.8015861406057,3.448526560255455,0.9041372798230023
857,19.27149156194402,980.3849900124493,1340.9088396738,3.454501544556592,0.9024390063244407
858,19.375715128397918,977.1781614268366,1341.0200569314252,3.4504623543281117,0.903578897969841
859,19.362152944652596,977.1754621413096,1341.1311677156957,3.4479509267970783,0.904280854914739
860,19.198358295314446,976.8855319442284,1341.2437855295682,3.456787972991467,0.9017676611915727
861,19.319067274618035,973.8867065691286,1341.3572957283804,3.4541899207798097,0.9025026936299109
862,19.14546105018302,971.2861598693909,1341.4744467636358,3.4621658158630906,0.9002087328583265
863,19.24875921285441,968.6666483852201,1341.592911466794,3.4602604295709303,0.9007516673101286
864,19.19832599343266,965.9495726955028,1341.7103895876376,3.4603635957806933,0.9007154139966737
865,19.214904051344163,964.5465972243262,1341.8300372197248,3.458438446768377,0.9012621092984907
866,19.2995611701346,960.1813348584521,1341.9457163249874,3.448286805027779,0.9041407626321886
867,19.27477364548273,963.9517010387119,1342.0592862408653,3.443721270670627,0.905413812599314
868,19.165157250057536,963.5579746295051,1342.170832971352,3.447057395357703,0.9044737925945636
869,19.188003673969444,962.7277282507929,1342.2827296579032,3.447814204654728,0.9042548636147895
870,19.195622893582232,966.6020628493824,1342.3965052034018,3.4503794544986794,0.903525358140669
871,19.190644452711602,965.7351697831647,1342.5101052846717,3.452352806057611,0.9029603117884227
872,19.063062577134264,966.9105634581745,1342.614897041358,3.463458978624776,0.8997711571933108
873,19.142497507661773,964.8113157228828,1342.7264083930233,3.466167180464709,0.898978741750832
874,19.303855566004334,962.7883799437203,1342.8303294027705,3.456206218714651,0.9018454270495923
875,19.578363647180126,960.2271993085441,1342.9409702703035,3.4274318570988695,0.9098364017750236
876,19.465763688554627,960.2770439562107,1343.0507709289432,3.4106731090358817,0.9142782445074228
877,19.561908136773116,961.296719534226,1343.1609579938156,3.3905231318728126,0.9194114304210943
878,19.43563445446928,964.7740873809569,1343.2738157447181,3.3841856307925355,0.9209737126576889
879,19.40210777218464,966.0391538761831,1343.3847688434646,3.3818789138298766,0.9215326434005325
880,19.47966937975479,966.0968230509151,1343.490028047214,3.3746725905161705,0.923272778558421
881,19.396901403578205,967.1469738418133,1343.5961108330284,3.374845309875411,0.9232252164116206
882,19.43548849752017,968.4802621296362,1343.701286394663,3.373204311854647,0.9236127957408661
883,19.228794691668984,966.6277564534903,1343.8084148360185,3.3847182331394907,0.9208122954722493
884,19.41373057179291,967.1691011110786,1343.907587782541,3.3822519799294493,0.9214116144316644
885,19.34178995942971,965.1112400482805,1344.012598592512,3.3837583679332854,0.9210365264824234
886,19.228839885493432,962.3486997982977,1344.1280031049073,3.3909902974141173,0.9192398613705071
887,19.272375359840957,964.6041117566751,1344.2545604937513,3.395593581203536,0.9180776849874464
888,19.333380901787688,963.7419019058457,1344.375739821076,3.3948087028119467,0.9182685781508366
889,19.294786712475627,962.7500308428017,1344.502521762802,3.3961449417015293,0.9179244500692539
890,19.309992911626985,960.6799828948898,1344.6245269502465,3.3949410723882827,0.9182211069668629
891,19.298614551311985,963.0651062071107,1344.7429915616194,3.3961952774961737,0.9178980756289165
892,19.3449128518029,962.5785604847567,1344.8653550401366,3.3938019137693667,0.9184939264001774
893,19.20414687552209,962.1203775512091,1344.9845173997016,3.4010650623381693,0.9166477998483296
894,19.262913061449794,963.3464613678116,1345.1039708335256,3.404009194164434,0.915886935249935
895,19.303288974376766,960.0,1345.2155586677757,3.4016538358847113,0.9164842792724391
896,19.230531524624027,960.0,1345.33652037783,3.404606563675108,0.9157201508055486
897,19.247045613772897,960.2500311201593,1345.4534587952267,3.406149292431608,0.9153159165895696
898,19.21270661933497,960.0,1345.5649959331854,3.409641577790155,0.9144045953944622
899,19.348717706337272,960.885852575907,1345.6772667728642,3.403905752442885,0.9158810095015724
900,19.215844899707236,961.1059081833185,1345.7929986063955,3.40821757406188,0.9147615324078726
901,19.10957741540259,960.0,1345.9077737531413,3.4184227159636813,0.9120794894534048
902,19.112415287361337,960.0,1346.0227018079866,3.426903827499822,0.9098053613028643
903,18.95945085640482,960.0,1346.1370386525964,3.44452965005368,0.9049596614918474
904,18.88427513913591,961.1350663476416,1346.2519571636608,3.4653461573694866,0.8990212893447576
905,18.859935836615087,961.6943546416863,1346.3583563600432,3.4850500467148384,0.8931887021389726
906,18.957325815082985,961.591423783646,1346.4662865277385,3.495101248684158,0.8901326182983343
907,19.01644015737364,960.8872565985375,1346.5759627740854,3.499175458321468,0.8888754386393154
908,19.037502157665024,964.0510262491845,1346.6791501637201,3.5031973891732457,0.8876263755905277
909,18.950903648795638,964.5849860960279,1346.7826269477473,3.512849783554773,0.8846032080381826
910,18.914972183797186,966.2161522074725,1346.8825442823463,3.5245288861956765,0.880884206165247
911,19.068778342352108,964.5959327468817,1346.9893081808953,3.5229611857826817,0.8813807962814932
912,18.964648038769493,967.7412885338437,1347.0872733402462,3.5307014882513985,0.8788830768702585
913,19.09809291826525,966.8590386853093,1347.1799091520209,3.5276373316515697,0.8798682215321407
914,19.166657451741287,968.1997116564073,1347.2715476907792,3.521208177783789,0.8819257421492436
915,19.25578703835109,969.2267431610987,1347.3549535840295,3.5103207019960037,0.8853670110333102
916,19.333110903513482,970.2821478505748,1347.4341825853696,3.496465497313197,0.8896613084464924
917,19.389189258125068,970.7534296218278,1347.5123935720228,3.4811665448996516,0.8942892874461523
918,19.513957469080754,972.1952496898037,1347.5946349139842,3.4605740668248806,0.9003268109662793
919,19.52897526306436,971.0858765323325,1347.6816229357617,3.441348843601835,0.9057588981000824
920,19.38498067633919,971.6297927140638,1347.77053352749,3.435156102412721,0.9074626065844263
921,19.221246480312555,967.7452831644699,1347.8590482030913,3.438595330135144,0.9065112741560716
922,19.274220559510905,967.332999966486,1347.945733022849,3.437651400491066,0.9067667886206827
923,19.34701061747922,970.7523877745841,1348.036991307523,3.434046271665059,0.907751640612292
924,19.419298785022654,971.0555396447616,1348.1227773579276,3.426250073631457,0.9098632741191273
925,19.54165868963428,971.3084799732478,1348.2148518715378,3.41144994820579,0.9137833636250988
926,19.28630317363251,973.4114561247669,1348.3100656793758,3.4175844272091505,0.9121657913717345
927,19.25907547751761,973.449861105024,1348.4093532892125,3.424677135604994,0.9102700728691513
928,19.394214109605908,973.8784832151526,1348.5112547417464,3.4217730288256285,0.9110416043204413
929,19.47517096126075,971.8330899754496,1348.6173632318732,3.4125027787244604,0.9134853999663713
930,19.600565945899323,973.1232425687067,1348.7285256150903,3.3968964638183325,0.9174944503647032
931,19.600465908464116,974.6799875650935,1348.8398258851232,3.384618658045185,0.9205500191843397
932,19.496260493200968,975.0744466148549,1348.944558485601,3.38152742111878,0.9213013613421872
933,19.411274133471753,974.767187209762,1349.0418243548452,3.3844938674036866,0.920569184209079
934,19.413618048378865,977.590916792698,1349.1392235533033,3.3886346757779324,0.9195409125242378
935,19.352325031539973,975.8178619595021,1349.2415773890825,3.3952113927978567,0.9178906106268746
936,19.38898643034298,970.9861711374875,1349.3508569248004,3.3952609957884383,0.9178719035167733
937,19.289449194079268,973.2380052777688,1349.4646155559678,3.4035002996283685,0.9157703712808807
938,19.384447416149214,967.4241328245528,1349.5696626252873,3.4003715893238198,0.9165644943366944
939,19.44877999510578,968.3472359718811,1349.67248261413,3.393912691920828,0.9181927981349919
940,19.429090611544705,967.8463808322866,1349.7826442014355,3.38944793741085,0.9193022712447871
941,19.511664665135196,969.3164762382577,1349.8954512867856,3.380955763133618,0.9213865583744933
942,19.398184280032993,967.2661365653869,1350.0167749037755,3.380173715229522,0.921570087532679
943,19.37467211693633,967.8603799231597,1350.137650320733,3.38148452613332,0.921243773343844
944,19.445741758979253,966.3410881874522,1350.2542032689298,3.3768017189849298,0.9223736685026417
945,19.481584038699044,964.6804634344988,1350.3678901959868,3.3693342800655195,0.9241533388282169
946,19.650672379661827,964.8736228283608,1350.4811546577153,3.351593731382588,0.9282599844086007
947,19.674285355274645,967.3627043611898,1350.589982497512,3.336474342728546,0.9316128409777793
948,19.627745086713773,966.1556871122037,1350.702281382092,3.3260318337947443,0.9338469222336089
949,19.6320706001251,966.0518960945693,1350.8100640559699,3.316795745396592,0.9357678178692509
950,19.606519981258273,964.7435476348951,1350.9239440071788,3.3098608078733984,0.93717431746764
951,19.648887999742513,963.1946727293698,1351.0422221532071,3.3001050577294264,0.9391058367679057
952,19.626597135724353,962.1788509773926,1351.160696332542,3.2926907102429412,0.9405332086333122
953,19.611401376560828,962.8398024257103,1351.2829649099415,3.2878397454909054,0.9414462061766207
954,19.699092479191034,966.4633587791169,1351.3964734809592,3.280027501865204,0.9428908884850233
955,19.61367282483586,964.5735443731144,1351.5108741834313,3.2780135901691634,0.9432522167768798
956,19.536385729909775,962.9495098528704,1351.6303910379645,3.2805418746442414,0.9427828355740051
957,19.296058947192115,961.8026917622034,1351.7534524803814,3.29833467495401,0.9394099945724361
958,19.124812644875366,960.0,1351.8862526792875,3.323984732594896,0.9342099924951167
959,19.008980819451637,961.3691208423851,1352.018439183076,3.354537975031708,0.927501832887155
960,19.15841255220215,961.7651043265681,1352.1460049674267,3.370581399697723,0.9237555648899685
961,19.383600815625286,961.7157592711053,1352.2721772572474,3.3688519025397787,0.9241586234062316
962,19.264519325993906,963.0592471295348,1352.3964434971992,3.376337676750234,0.9223632391250497
963,19.31892103592216,962.6789751338292,1352.5224720402252,3.3787562570257124,0.9217713445704615
964,19.532334154120036,960.0,1352.6485542616424,3.364590862576281,0.9251404534632642
965,19.629943299063818,960.0,1352.77403629579,3.345903094523593,0.9294082149557632
966,19.601007053567024,960.0,1352.9046259641818,3.3319890499971394,0.9324495470691244
967,19.546267358943723,960.0,1353.0316922076906,3.323889885353501,0.9341636574370384
968,19.50635576751208,960.0,1353.1553386724381,3.3197235747829033,0.9350266780295037
969,19.64465242258608,960.0,1353.2666468603315,3.3067642085873556,0.9376598267383685
970,19.572616684219938,960.0,1353.3702091960788,3.3006543811038744,0.9388628701337902
971,19.644526293368582,960.8807938311485,1353.4672071237812,3.291118883473516,0.9406985586987088
972,19.62967032767894,964.3844516063489,1353.5691176551186,3.2862327061495527,0.9416145081011243
973,19.691738197732253,966.4300525707183,1353.6803451002397,3.2791413620811056,0.9429197515687967
974,19.54743463296198,968.5726159502124,1353.784781861484,3.2842906073128626,0.9419642601921975
975,19.402428851514095,970.8389683496279,1353.890459618094,3.2999701614880887,0.9389665950848415
976,19.29679599338681,971.3347955562406,1354.0060579790684,3.3208037513156654,0.9347528256296007
977,19.492920363041137,974.1372352838246,1354.1225408099367,3.3269217701240237,0.933460782821908
978,19.466346870026737,976.5021907812674,1354.2354795397714,3.335421662948798,0.9316313114763499
979,19.475978274219703,976.0005217416781,1354.3456448055476,3.3416746217293736,0.9302563897791967
980,19.441894326108123,977.6819489563712,1354.4522806063433,3.350370052704518,0.928308560201484
981,19.508060829446617,978.681971922019,1354.564244281616,3.3538852446243976,0.927504514937071
982,19.510565710501453,976.6257797336879,1354.6740560752614,3.355407174277812,0.927150623137844
983,19.42737913978408,981.1420318232678,1354.783957316416,3.365211058765503,0.9248727441759608
984,19.43743038076882,982.1183167524157,1354.8917863996453,3.373474930574343,0.9229083095152637
985,19.5374630872895,981.8883139339757,1355.0020526602875,3.373542092522181,0.9228859290280531
986,19.370715932284863,978.7228645983739,1355.1082491704326,3.3829604283522303,0.9205995158342488
987,19.357147968261717,975.6183828042592,1355.209327199229,3.3899341686274562,0.9188724575028213
988,19.284917780081205,974.4489649848002,1355.3059843733454,3.4000439904502318,0.9163223728520137
989,19.399810860609062,976.5834034228936,1355.409653266335,3.4021578164316426,0.9157771298010606
990,19.398106959820655,975.7666353299396,1355.5124995002536,3.4035560402609715,0.9154131442108047
991,19.522706704329234,974.9347306258022,1355.6159305092713,3.39573518795126,0.9173963602985787
992,19.416839393074003,975.6938518928595,1355.7177193931893,3.396775273782733,0.917128049289546
993,19.570817128246457,973.5696804058134,1355.823825817766,3.3858352349374017,0.919852538528543
994,19.582186326394396,974.5846767901551,1355.9296193433088,3.3764014072471307,0.9221460610647384
995,19.422638628726897,970.1531292611276,1356.0357851173353,3.3764559769782694,0.9221268426557752
996,19.255194691620964,969.5412077177293,1356.1434491390114,3.387519782794311,0.9194183388888307
997,19.398170417864623,972.5688396203244,1356.2525195506591,3.3890947788793877,0.9190217265099894
998,19.525677576927364,972.4911365272494,1356.3528432348571,3.381701335070893,0.9208363307235253
999,19.342822056667195,973.4893350588719,1356.4525913436237,3.388498233838312,0.9191583699181641
1000,19.26904403445916,974.1469450955186,1356.5481087253697,3.399714175426073,0.9163357948998253
1001,19.290487231261732,972.6828653453842,1356.649797129603,3.40686507383083,0.9144967281944925
1002,19.327331992019683,971.0050867538332,1356.7522157059334,3.40937720875458,0.9138400561671833
1003,19.46521734220134,971.1047104265006,1356.860033005943,3.402185294006177,0.915687832130776
1004,19.62550108363435,970.5257968653369,1356.9628188412837,3.3847921281349134,0.9200444026167484
1005,19.52301327488669,970.892038021099,1357.073960839103,3.377218088848185,0.9218836653387676
1006,19.32892661335309,972.0813209750611,1357.1856598799054,3.3847467053659,0.9200428686787071
1007,19.26157588035075,969.6905231592941,1357.2912224116512,3.3942264116994845,0.9176808622984801
1008,19.281824766996415,968.7435840181187,1357.388707980499,3.4003086412435204,0.9161367828254631
1009,19.26265004762146,966.3564023190761,1357.494865502638,3.405280410274989,0.9148575847886821
1010,19.09529892007966,967.0964425378273,1357.6069395038844,3.4213692510751468,0.9106361918008136
1011,19.03415457186415,967.7433099059423,1357.708783909235,3.43961622231067,0.9056764888000678
1012,19.081171474725828,968.6476146696139,1357.8051036257334,3.4524940087770974,0.9020655321065674
1013,18.86715496515528,969.465976503651,1357.901659149073,3.478530219530758,0.894499551968515
1014,18.99533246328634,969.2874201547495,1357.9983109147379,3.4918196205488368,0.8904979993889616
1015,19.045267077652944,970.016551893153,1358.1001828229828,3.5001744171710323,0.8879334523384592
1016,18.938202390788327,968.5414350735072,1358.210836947675,3.513637775879002,0.8837291265544476
1017,18.974342431696527,966.3375494356274,1358.3172948789584,3.5212320460430635,0.8813150394077133
1018,19.145601382895464,966.3670771751862,1358.413273564049,3.51604304358179,0.8829584162906253
1019,19.204211879283385,970.654034352514,1358.5025372859122,3.5103417997074065,0.8847493687352872
1020,19.366321235107943,970.6108497943897,1358.5926814925165,3.49442888901091,0.8896699016173724
1021,19.334108686730893,969.4338245638041,1358.6837483480306,3.482355063568096,0.8933155044114147
1022,19.463197579718106,967.8609614946989,1358.7681215799757,3.4623104545957393,0.8992035337950129
1023,19.58183997216564,962.6572669691645,1358.8543417348903,3.433914662492472,0.9071796793781659
1024,19.709499713107263,964.4678082112447,1358.9423116845314,3.4022252518290808,0.9155595007326902
1025,19.623006175653973,964.304806650543,1359.0215623427966,3.381076771682525,0.9208364166810094
1026,19.622802297303583,963.1886465415048,1359.1088730500796,3.36241126680492,0.9252792652660233
1027,19.643940051582113,964.0186199502161,1359.198610905599,3.345628989840076,0.9290995751141374
1028,19.452692229749967,961.9146627660258,1359.2860976719692,3.343062538060688,0.9296649116381597
1029,19.509698699354196,963.1148516587971,1359.374225150114,3.3377550324706062,0.9308269819476387
1030,19.576013473900172,962.2908174322466,1359.4713423303988,3.328208475009729,0.9328784581343703
1031,19.405249107333766,962.097760865565,1359.5724773594452,3.3316013288941457,0.9321477680555068
1032,19.391719730459602,960.3991197039851,1359.6828098814858,3.3343364613292357,0.9315520586924764
1033,19.42060119891062,960.0,1359.791569521784,3.334443050484037,0.9315227245633345
1034,19.485771646593157,960.6759983059984,1359.9058089198556,3.3305214227112168,0.9323599698092282
1035,19.42110937003051,960.0,1360.0267690151843,3.3311656612054565,0.9322149899767614
1036,19.434193368904527,960.0,1360.1538548329838,3.3308222436022397,0.9322812382304276
1037,19.44701236363233,960.0,1360.2765469299986,3.329657365098542,0.9325232371410149
1038,19.50730789228115,960.0,1360.3989421761623,3.3245610928694145,0.9335963318640477
1039,19.51995512263336,960.0,1360.522439447879,3.3193679850876707,0.934673816264284
1040,19.630110360721037,960.0,1360.6361693272133,3.3074522717594173,0.937094347794159
1041,19.46292503358002,960.2079169643819,1360.7536056902904,3.308840223896266,0.9368092474914965
1042,19.43874202640885,960.0,1360.8744415966648,3.311535858313383,0.9362584257805222
1043,19.232532931850997,961.4908482273677,1360.9863113343765,3.3288092212905642,0.9326630678241463
1044,19.294165494608972,964.633219596467,1361.0939660329493,3.341274096259883,0.9299558967164637
1045,19.34281238879929,963.4212693997893,1361.2032342217208,3.347792857865536,0.928500312082738
1046,19.412209924273505,963.214029822833,1361.3152617297906,3.3484772721310647,0.928340247008578
1047,19.67679415113055,962.1550133389986,1361.423817927843,3.3303736580229835,0.9323038920836378
1048,19.56013056541332,961.2502089098206,1361.53484260612,3.322360349428076,0.9339922241314778
1049,19.558017302387242,960.0,1361.647737442665,3.3149053187212933,0.9355276605761393
1050,19.354446815294164,960.0,1361.764645657184,3.3224316927915667,0.9339640064559037
1051,19.308203663607756,960.0,1361.8819800985905,3.3319782693811435,0.931933446236353
1052,19.477944899900564,961.1572932306876,1362.0026661777722,3.3292625760260766,0.9325077296139523
1053,19.525234330024496,964.1736578627261,1362.11252683694,3.3256341362010144,0.933271094651052
1054,19.55834066137113,965.9902549211215,1362.219669153395,3.321439877331795,0.9341447842416106
1055,19.459754813758284,966.3600541754445,1362.3168227951196,3.3248214270456167,0.9334305977934332
1056,19.526533701431134,968.3463006035773,1362.4149531884937,3.3243994373015675,0.9335137195099175
1057,19.379790306747186,970.1794199050183,1362.5145326157242,3.335188836357011,0.931204082312528
1058,19.14239847988868,970.1417332217175,1362.6179522504979,3.360502466352722,0.9255214467676045
1059,19.216857815146582,973.8602204328598,1362.7299609113506,3.379291018061033,0.9210590020495908
1060,19.101420718684576,973.7686343940461,1362.8357254240618,3.4030648540777073,0.9151237926525116
1061,19.142721246044328,972.7047574599371,1362.940875120164,3.4197898063101926,0.9107553309728749
1062,18.99050005400327,974.5909798955969,1363.0340005597386,3.4455605990202667,0.9037250779600191
1063,18.88376592840713,975.880826744377,1363.1226521945143,3.4755469702916586,0.8950944034910734
1064,18.76638438232892,976.1124745482176,1363.2180105385512,3.5091750072766876,0.8848563121816474
1065,18.585078218235406,980.9211552266005,1363.3100061110047,3.5531352573161117,0.8706190354553136
1066,18.61393421281787,982.2984093673605,1363.399517829631,3.589404046727235,0.8581771720690584
1067,18.692982003931654,980.411031617844,1363.4831400460382,3.613660315169646,0.8495211202024133
1068,18.7184540569869,978.2217627849419,1363.5700775397272,3.6311642571679044,0.8431135724207715
1069,18.680497446637865,977.6042976037479,1363.6491223636071,3.648238449967041,0.8367386582135223
1070,18.81785850426945,976.0507249850019,1363.716452455668,3.6524184750717867,0.8351570930137747
1071,18.704823297948376,978.2292510231183,1363.7853724375939,3.665041665365299,0.8303448320616534
1072,18.61452729121691,975.6200429698448,1363.8499972469608,3.6802767340996345,0.8244532149495672
1073,18.38517584697129,975.5401862594445,1363.9157259681995,3.7087950661493942,0.8131872953348247
1074,18.35523699940936,975.4816801132685,1363.9719001060205,3.735037625038567,0.8025561122569813
1075,18.398946836064805,973.068953298027,1364.0228436813443,3.7528471423245255,0.7952032528097115
1076,18.5834519650635,975.2655155329984,1364.0647267850666,3.7568042669408115,0.7935534415081342
1077,18.647456203081475,975.759829432078,1364.0970560765825,3.7561205520120504,0.7938369227004319
1078,18.49796308765166,973.4366888388722,1364.132847126582,3.7642562969096542,0.7904330067351039
1079,18.32024078249862,975.0723360837978,1364.170448566984,3.784305026817843,0.7819560014920444
1080,18.236793620295042,971.8674253254162,1364.210379790293,3.805010105208086,0.7730703049217968
1081,18.14482015437938,974.1471594997491,1364.244781187912,3.830309047398479,0.762042736942172
1082,18.222694859420034,974.7892670485448,1364.2830985152564,3.846914408602786,0.754707164792778
1083,18.152747134325498,977.9138385328579,1364.3118152656027,3.8677608857405024,0.7453967268048397
1084,18.21287593272452,976.9025022967488,1364.3352753091658,3.8807484783078388,0.7395412767838934
1085,18.277338000868294,980.3278821650382,1364.3436797675909,3.889556054466506,0.7355478943840638
1086,18.407896676256158,984.8092467982731,1364.3460858254298,3.890974708126398,0.7349029419415748
1087,18.25220698124006,980.4837056125335,1364.354102320892,3.900057941020886,0.730763007081688
1088,18.18794011506766,983.0549030619802,1364.3678613505904,3.913775116960693,0.724476431271951
1089,18.378772682552114,979.7341871922132,1364.3864635349892,3.910346967665884,0.7260503636828062
1090,18.409054919934416,978.7033349722584,1364.3991246265396,3.9047213835009904,0.7286285166310169
1091,18.440595708131287,978.2702898116293,1364.4041687104318,3.8975188908334273,0.7319197455205811
1092,18.161088997760952,980.0884079964261,1364.4040905828053,3.9115765934986406,0.7254850132414317
1093,18.040942397147656,980.873484357468,1364.3975925664326,3.9322022223732938,0.7159685703995661
1094,18.007176104940356,981.7922418075206,1364.3921370726946,3.9526123086095994,0.7064689396637553
1095,18.052951890982094,978.9675982118027,1364.3840301998857,3.965064025415715,0.7006361035510964
1096,17.838188463038133,983.5023427041765,1364.3733923951108,3.9931302631740917,0.6873930570565515
1097,17.754641838603145,984.4389674128887,1364.3622304531186,4.0232661639592235,0.6730419611593921
1098,17.680837524860983,983.7685013256596,1364.3548216125726,4.053485359757472,0.6585347209133434
1099,17.58733975292184,981.9837614400304,1364.3385159359948,4.084414488327093,0.6435879878331529
1100,17.536417600130303,981.8163221887842,1364.3161830429874,4.11406655948809,0.6291847200808739
1101,17.597305446913342,982.1764222527215,1364.2996643605345,4.135351220649293,0.6188120373960772
1102,17.565452980723702,979.468086023608,1364.2847460685405,4.1539060837594874,0.6097527746551075
1103,17.584931351908594,979.7134573500878,1364.2692352221882,4.168505824261144,0.6026167484487484
1104,17.458067918146252,981.5887445002237,1364.2372048378502,4.190736434431354,0.5917430502868547
1105,17.386397586828604,978.0856249834438,1364.2002742474922,4.212306237343193,0.5811896763131181
1106,17.53574149065629,979.339977132591,1364.1588715804487,4.221260491821553,0.5768103289377892
1107,17.537825430240673,978.8640724955224,1364.1191242673935,4.22842987192111,0.5733049507402106
1108,17.835752367870352,977.2282574536654,1364.070964243665,4.213204457076781,0.5807548424510446
1109,17.94928092133864,976.2638520883963,1364.0216304529122,4.191923984587792,0.5911698608230672
1110,18.187023368822057,977.3628317000157,1363.9705511426566,4.158337679453851,0.6075989835090229
1111,18.40730943191578,979.8291827165305,1363.916658057531,4.116341640333722,0.6280926679700454
1112,18.335327516312898,980.1552905210099,1363.8640116208883,4.085752423450992,0.642958372844426
1113,18.31566064907668,982.6417386886582,1363.814918381314,4.062657365105076,0.654133445731497
1114,18.357983536320415,978.956811833496,1363.7697890298327,4.037822872970996,0.6660913330582304
1115,18.449084747298162,977.6269102011711,1363.729147736317,4.0096717241610795,0.6795582610944914
1116,18.413159908363845,978.9040073514257,1363.6839066712419,3.988994300408738,0.6893819829047413
1117,18.712443274759213,980.2202329939864,1363.6362472906696,3.951866515122536,0.7068505509871059
1118,18.734312776182247,977.3406002008877,1363.6013856299787,3.9170044159227038,0.723025077340023
1119,18.66633959071051,976.8924541840719,1363.569917111231,3.8917182735428777,0.7346001078874179
1120,18.73768912436683,978.3537981821261,1363.553565593346,3.866286795996804,0.7460936556554905
1121,18.984929410413528,981.2071950909054,1363.5423294581428,3.8296306166553924,0.7623739611626698
1122,19.11887443778498,981.698140095021,1363.544989187593,3.7896605032037893,0.779700899349416
1123,19.04652052911347,982.8393948071987,1363.5604079495795,3.761332198419129,0.7916863803068218
1124,18.973274173369965,980.8479757549446,1363.5762166470588,3.74098662217538,0.8001325365989677
1125,19.09701459544697,984.1728179731755,1363.5896813330755,3.717360810222235,0.8097616682944699
1126,19.16978529603236,983.3421299092016,1363.60753593157,3.691799851871893,0.819951859826641
1127,18.88851570571019,983.2400669769726,1363.6319569589702,3.689163196727738,0.8209879207753313
1128,18.6863839815777,982.71749166369,1363.6554125052764,3.7003579878212607,0.8165643837183476
1129,18.672743910574834,987.3226373560367,1363.6886785260358,3.7137036908722285,0.8112295386857169
1130,18.761973121590177,985.6341125166962,1363.7233591660977,3.7179072585466217,0.8095344724645683
1131,18.8318709303301,985.5603274023853,1363.7544181042997,3.716673765672651,0.8100304647934078
1132,18.853646448428382,983.8802888137444,1363.790412715849,3.71308395963644,0.8114735265572014
1133,18.69162920190318,985.3171006184209,1363.8375407932783,3.7219711904309722,0.8078856179566666
1134,18.679759077633783,983.7075637898366,1363.8918219627292,3.729319683867063,0.8048967968673294
1135,18.771913521400364,984.530321940386,1363.9412362669987,3.729808523302082,0.8046950113495904
1136,18.737721670296803,981.3377400113641,1363.989749283003,3.7305411752667164,0.8043937020045939
1137,18.77352363867036,979.8333256981753,1364.0454136849548,3.7277780343731077,0.8055171754139946
1138,18.7385096428189,975.0643352187526,1364.1088227928767,3.7248093537289884,0.8067210218551535
1139,18.819245331014304,973.2000664031157,1364.1602945550899,3.7156133854615288,0.8104373617632405
1140,18.96732697167948,969.8670888627328,1364.2052863857962,3.6956126768544486,0.8184168428393974
1141,19.042018184143746,969.308529662666,1364.2514064641437,3.673173710673572,0.8271893031725532
1142,19.229186037941126,967.1068140979442,1364.304980107564,3.63996737777045,0.8398058534437329
1143,19.353412549716168,969.348597432346,1364.3620704185557,3.604694492851589,0.8527029395509906
1144,19.40272890224101,969.9542362968463,1364.4218384827122,3.571735649548251,0.864257404141243
1145,19.295160413587837,971.6873609083929,1364.4744504533642,3.552137915322969,0.8708894842701882
1146,19.196021236680906,971.1046083346725,1364.528299247571,3.5418640850573975,0.8742919716134804
1147,19.333655202512517,973.690302583806,1364.584783511352,3.5253874436354833,0.8796434797030651
1148,19.315806802957702,975.0103852331434,1364.6394470787366,3.5134294265056214,0.8834428124601851
1149,19.248132609119473,976.7519306684018,1364.6952211500127,3.508970898169835,0.8848391549635304
1150,19.263883893914596,976.8263214049413,1364.7493886902032,3.5041553527538887,0.886336378195728
1151,19.348270882129587,976.5256333429767,1364.8077870565319,3.4941259517738557,0.8894198215555703
1152,19.30242275184891,975.4844706323086,1364.8749298928726,3.488067286105221,0.8912557703916066
1153,19.173547483810676,977.5274599319088,1364.9446689965614,3.492980909299033,0.8897614017578727
1154,19.293916537510757,980.3764834604839,1365.0206247747885,3.4907552412798,0.8904338928920756
1155,19.171128445027957,982.467711974019,1365.101338039458,3.498542766525058,0.8880506663145269
1156,18.98627008100031,979.7415643442156,1365.1866598684776,3.516033544567034,0.8825909107363151
1157,19.12236928314361,978.3945588307686,1365.2664002077913,3.520783736763283,0.8810785294334357
1158,19.07299681197333,977.2586251124275,1365.3419887413827,3.527468027174236,0.878933420730344
1159,18.872301000434604,978.1524609277118,1365.423566726245,3.5473801753529624,0.8724214820012314
1160,18.788249816522427,977.7938700201686,1365.50342676822,3.569803474657547,0.8648615741098152
1161,18.652057851496444,980.6332910487222,1365.576322945537,3.599926787132702,0.8543407951864588
1162,18.73236791990101,982.4876758237654,1365.6462304363877,3.62123074948651,0.8466544831426281
1163,18.593283569384543,982.6523103090946,1365.7187698082912,3.6489144814831755,0.8363766354024206
1164,18.570547322176353,981.2313089864523,1365.78824472066,3.6730987612819543,0.8271394968535548
1165,18.698781548489567,980.8410034282855,1365.8498193505366,3.6846767557973417,0.8226337628288327
1166,18.756453399676385,983.9993434532307,1365.9136256968159,3.692580352285314,0.8195271532809472
1167,18.771741711890286,981.143870457127,1365.9732230182,3.6964583272507783,0.8179927476586571
1168,18.64446047253569,983.3573351386918,1366.0217355975528,3.709816941120857,0.8126720014428643
1169,18.694084121182314,982.0102437088888,1366.0769164299666,3.7169437248368125,0.8098050467048731
1170,18.831359619326555,982.7610588819358,1366.1283838046843,3.7141260431307717,0.8109370650650916
1171,18.763855087555196,982.5567094719258,1366.1705123553093,3.71619933216596,0.8101003739416786
1172,18.697755608969583,979.9048577045792,1366.2106698012656,3.720792335724122,0.8082439775038588
1173,18.760173141213546,984.1500499600075,1366.2402042499893,3.723120225923666,0.8072997422257295
1174,18.78947192915948,983.8359618565325,1366.273684259389,3.7229058096289713,0.8073849827497169
1175,18.768980044454242,985.4452458966879,1366.2990570622003,3.7251329020722053,0.8064801409730602
1176,18.843954418986616,985.3824041105081,1366.3231492486564,3.721880585418006,0.8077978638782239
1177,18.786636298077227,984.6570905553938,1366.3543367838279,3.722562532756144,0.8075200624608363
1178,18.85728955977953,983.7349304973116,1366.388981439995,3.7177497400350425,0.8094642999500781
1179,18.953723172044516,985.7609818993711,1366.4229141452086,3.708368149610158,0.8132317642802475
1180,18.911560626069193,988.222928161407,1366.4492836296286,3.7048160932750087,0.8146490950187131
1181,18.763287970086342,987.7869115123711,1366.4787801115342,3.7116195227736712,0.8119263105044353
1182,18.71837096223391,985.5651506907631,1366.5163278253478,3.719061576764672,0.8089283213571823
1183,18.68681396393747,988.5815248459152,1366.5474611064,3.729436669958756,0.8047166441816901
1184,18.747313942891402,991.0115984447059,1366.5724745718821,3.7356663969742026,0.8021691583759238
1185,18.55935757125762,992.6073626661814,1366.5987178438984,3.7547668253051225,0.7942777313329354
1186,18.636038270489703,993.4065915345905,1366.6241597968935,3.7662837479557973,0.789459894398119
1187,18.77574338338637,995.4401411644019,1366.645912861322,3.767840350287389,0.7888045025176412
1188,18.800467258093807,993.8586558002867,1366.6725002987334,3.766483430622273,0.7893736351555041
1189,18.848552970353236,993.3210876350398,1366.6968491507168,3.7617167439579515,0.7913715491313448
1190,19.01449839598148,992.1429312794078,1366.7259114164872,3.745621938303947,0.7980645629948372
1191,19.05501250460194,992.1734922079489,1366.7608107291728,3.7292015960859706,0.8048018151546682
1192,19.04516067612757,993.0685792239541,1366.7941336757729,3.7164791195398785,0.809956321592798
1193,19.074023857336208,996.7711575474224,1366.8180269702718,3.706032056179177,0.8141453665558296
1194,18.98602553352434,993.7268422330009,1366.8431368936542,3.701226819526083,0.8160579477876422
1195,19.04748029168215,993.9441438388892,1366.8668145360232,3.6930941993521165,0.8192761609067317
1196,19.181064652220616,991.5046132174662,1366.8959445141359,3.6755474729600786,0.8261348515385307
1197,19.161208874584016,993.5838529224417,1366.9154136402733,3.6632948549980333,0.8308528950744416
1198,19.19212451720795,994.7637612960933,1366.9384206930622,3.6515181167430057,0.8353307821746678
1199,19.347532759553626,992.6303578917425,1366.9706255376104,3.6295805437777506,0.8435204936659303
1200,19.512987856628524,991.6712743213901,1367.0060273917582,3.5990618919971613,0.8545727402779185
1201,19.675100457160774,990.0706978593446,1367.0467331318291,3.5610728067163255,0.8677485971050618
1202,19.676120307270097,993.0935118413769,1367.095293533302,3.5306170052438506,0.8778217655601007
1203,19.90531231421995,994.502857189006,1367.1458641189909,3.490009485887968,0.8905427435659484
1204,20.00628755728059,995.7425616951346,1367.1968007084242,3.4493976942218993,0.9024152877221159
1205,19.93232721683592,991.5432516123883,1367.2547928815757,3.417268805137893,0.9111792511170685
1206,19.924290846571818,990.6380910022252,1367.3106820685416,3.38993627504707,0.918183191388211
1207,19.934638903308596,988.7431787007963,1367.3722725654857,3.364805127056196,0.9242467223724283
1208,19.757447277859985,989.0991234305986,1367.4418006446813,3.3557346461367787,0.9263425234585521
1209,19.922213461747493,989.1463037479998,1367.5100374147057,3.3368338838324973,0.930558549313277
1210,19.8652753316954,992.2483608736911,1367.5781958710577,3.326600018519591,0.932750953655744
1211,19.937227137939626,994.9803457418076,1367.651885218069,3.3147224654653025,0.9352169898606996
1212,19.966448317208183,994.6807600449484,1367.7342687318687,3.3024478440719474,0.9376754278276099
1213,19.753124812421532,991.7836211226144,1367.8282714227255,3.304716549042496,0.9372215925156746
1214,19.90953672234223,990.2419281574629,1367.922766855276,3.295022030633817,0.9391100763225761
1215,19.952558256156326,988.1404656644895,1368.0303734578597,3.282528002163127,0.9414597151143055
1216,19.823641224464527,988.925067945754,1368.1432687525594,3.281181627258449,0.9417012597737642
1217,19.681467953967886,991.81797836736,1368.250759714143,3.291541741875905,0.93975686820455
1218,19.60374763608309,990.4153280280584,1368.3588421900517,3.3047569232349376,0.9371827608334125
1219,19.76007224368634,988.0102754184352,1368.4681349586874,3.3038289384682713,0.9373602065613913
1220,19.832821149391204,987.758848605295,1368.5685225905547,3.2979275520458255,0.9385108954161496
1221,19.779998600798823,989.1366553838143,1368.6763117745195,3.297376607416355,0.9386115090436914
1222,19.93935087783271,989.839440144685,1368.7799836277825,3.2864991688146454,0.9406776051335453
1223,19.958438443334707,989.9599487650925,1368.8873414942489,3.2760294032233634,0.9425969669641384
1224,19.871271239050113,989.2656433337901,1368.9973712655872,3.272628776660834,0.9432013840194076
1225,19.865294955675115,989.4688852501139,1369.0967490577284,3.270273271387805,0.9436144741249974
1226,19.975306465742015,988.9707908154187,1369.2037755057825,3.260465508576317,0.9453152487971387
1227,20.147973651915287,991.9488606208181,1369.3099915542725,3.2422464587855537,0.9483200675966297
1228,20.18881325012667,993.0052619339992,1369.4092729896422,3.2246446226525136,0.951024129914321
1229,19.99509997011191,994.0988204578921,1369.5020056637918,3.2235638781784877,0.9511786317318125
1230,19.945901983075466,991.2786245734267,1369.593345579515,3.224218904885534,0.9510763796130766
1231,19.98247482417374,990.2659762352752,1369.6929727085944,3.221647098654696,0.9514492525043299
1232,19.8833457853315,991.0713317074263,1369.7960350028332,3.226719124851095,0.9506921848505451
1233,19.975801175821754,991.6336125264014,1369.8953612314078,3.225088371941602,0.9509295745716342
1234,19.935935889991168,991.47062327656,1370.0028726414678,3.2263143747061958,0.9507405244500502
1235,20.093578093108945,990.9643840757951,1370.1108514885218,3.216302112327298,0.9521982257240938
1236,20.138004647357373,991.3752185902008,1370.2141707815797,3.2050250667049927,0.9537643170867389
1237,19.957348129213514,986.4840639352703,1370.3222259110125,3.2046608593790236,0.9538073424743063
1238,19.985837011161987,985.4225595469344,1370.436357704196,3.2017424425266072,0.9541934726816889
1239,20.140002715667855,986.6285477468183,1370.55727557233,3.1895228762911305,0.9557716811763146
1240,20.104893929687965,985.1667599994813,1370.68177666488,3.180606227035384,0.9568601814215614
1241,20.077613056668923,980.9483780614316,1370.800311315531,3.1722273219996246,0.9578358763928593
1242,20.107900902297555,981.8171929169503,1370.9156691976152,3.1635900037908957,0.9587941790089177
1243,20.15103098181,983.9670071282832,1371.0310058380917,3.154665507851819,0.9597333499540979
1244,20.167649595925795,984.0485921264709,1371.1413875569638,3.145999357231176,0.960595463214607
1245,20.13255352466565,986.3057132596471,1371.2548463621254,3.1424451579703465,0.9609307060737142
1246,20.059305633691284,987.7096794416874,1371.3656130441288,3.1452967686686812,0.9606503731257205
1247,19.948511821982997,991.1374480532365,1371.4819402675143,3.157425190564876,0.9594195579282793
1248,19.955832017108335,989.8260699660253,1371.6011080018457,3.1664096756936626,0.9584437222429703
1249,19.730638109696812,992.742263291247,1371.7098755471022,3.191219394942746,0.9554890578990313
1250,19.8001643336938,996.1196008469864,1371.8162518838844,3.2097006431103874,0.9530277027796016
1251,19.79409787674616,993.819595515613,1371.9315331482858,3.224373826412252,0.9509155694534598
1252,19.74094244485869,993.3143386102429,1372.0451998939411,3.2401476052799905,0.9484926526764083
1253,19.680589834194997,991.0241891682326,1372.1590416784766,3.256222535955299,0.9458617891830471
1254,19.4647651979311,992.0115895001597,1372.273919802252,3.285205946967997,0.9407153248894607
1255,19.546994573394453,996.2253940015639,1372.3859967937608,3.3068967226956203,0.9365230998340536
1256,19.431202445315922,994.5009647216978,1372.499809633548,3.3321329355399327,0.9312870797335732
1257,19.37622591974392,993.841620159242,1372.6114624943389,3.356912230774704,0.9257758771816279
1258,19.247232666189284,993.7505383594741,1372.7188104782822,3.386701690757477,0.9186763634838111
1259,19.453785194968336,993.6248310990535,1372.8185746844463,3.3978773089589156,0.9158780423485312
1260,19.383077848141806,991.4334096123727,1372.9201081771782,3.410811159212416,0.9125520847915473
1261,19.3315287559148,990.018455892531,1373.0111310407506,3.4244240042650502,0.908951400237383
1262,19.143309500841827,991.2894339051061,1373.1043267923426,3.4496133699781812,0.9020241099151953
1263,19.080468384918316,995.429937082415,1373.19251731052,3.4779123278304382,0.8938356199545217
1264,18.891497732547702,997.5616834340735,1373.275054442789,3.5161783436328404,0.8821026875630169
1265,18.778031608333208,1000.2663458184787,1373.3501421013282,3.5581354374260643,0.8684002692586696
1266,18.817582350707273,1002.8382814095132,1373.4095910006731,3.5927258810169826,0.8564762262014475
1267,18.75447422794991,1001.7885410436655,1373.4716446179657,3.6257640847985555,0.8445844108057432
1268,18.67060773311371,1003.9946741680112,1373.5238347680793,3.6609477301795756,0.831409353985501
1269,18.82051665126093,1008.9401949503754,1373.5663675809649,3.6837607095205063,0.8225982854469485
1270,18.712710678778855,1004.6843196567094,1373.6045755441778,3.707812127251317,0.813092043375042
1271,18.850035556826672,1004.7858819833574,1373.6508054694523,3.7189679923932384,0.808608384557254
1272,18.833417557897267,1006.7380659173617,1373.6910250497413,3.7308120393693867,0.8037996031680503
1273,18.752046137728463,1005.5745858203323,1373.7288000082347,3.7456878805514795,0.7976909127760623
1274,18.65671048595483,1003.2268029551218,1373.758265858819,3.7633456002369603,0.7903431776473193
1275,18.71427830765205,1003.3456291660359,1373.783136508179,3.774509153824914,0.785644677733563
1276,18.678654736023653,1004.2367557893535,1373.7971651822038,3.7869855493752587,0.7803474221807883
1277,18.80520586063147,1003.8887106866864,1373.8049964981112,3.788753085592579,0.7795927541342309
1278,18.746094182266013,1000.1454601870145,1373.8178236788367,3.791922748859196,0.7782370906598685
1279,18.617945121454355,1002.5377152669796,1373.825244424986,3.804851034377472,0.7726783554538635
1280,18.6631393530744,998.547467671766,1373.8310204749807,3.810248493909697,0.77034280561006
1281,18.644500169760253,998.8457267988465,1373.8433160326558,3.8162935661458426,0.7677166890299116
1282,18.59966676325237,999.1249936039901,1373.849646730912,3.8246609706169936,0.7640649760766588
1283,18.781757893563512,1000.368843598793,1373.8608626378957,3.820156483940009,0.7660325995170214
1284,18.741400541143932,999.6182739080056,1373.8722858037213,3.8186031470591493,0.7667094289982953
1285,18.557928287724863,997.9295496774688,1373.8813228302856,3.828713374903019,0.762287995058549
1286,18.589853899074576,999.5850917181667,1373.8834846787415,3.8361759259230324,0.7590064656682908
1287,18.552932512732664,1004.2429300680362,1373.8837100588685,3.847967878860346,0.7537906495406733
1288,18.509224172892907,1004.9844265315049,1373.880537464851,3.8614347195721352,0.7477896559698303
1289,18.328727289148556,1004.6180482954758,1373.8824535411388,3.884942553671448,0.7372056626936191
1290,18.21099164943478,1004.0798494925734,1373.8797866679486,3.912602944474543,0.7245877714351069
1291,18.21117754415834,1004.7329183964181,1373.8679074353843,3.9365130506359223,0.7135496745316771
1292,18.22594207981386,1006.7721282182064,1373.8542187869896,3.95711587818268,0.703949301188453
1293,18.31277821115119,1006.4629012128618,1373.838144080328,3.9685199280399845,0.6986027849150013
1294,18.29192081412315,1006.4586668254412,1373.8188548924109,3.9796310914922284,0.693372563770538
1295,18.35873292782971,1004.0529443674254,1373.8094288940513,3.983010070334669,0.6917781887311742
1296,18.3621638055814,999.7020453855282,1373.8016211979682,3.982907493217258,0.6918269638260338
1297,18.250750393748113,999.3638594058435,1373.785248554432,3.990194498846104,0.6883824185298676
1298,18.322396811342486,998.1547062912163,1373.7708944551885,3.9907475661302314,0.6881212100659022
1299,18.478934083717185,998.1283364367125,1373.754984747398,3.9805408720646853,0.6929460975721582
1300,18.334380335265074,999.863799661332,1373.736235552419,3.98280263421007,0.6918792851467892
1301,18.47875191254555,1001.0396580923008,1373.7078736767503,3.975634218432357,0.6952613862372482
1302,18.447802231991048,1003.0342832866736,1373.6727920807452,3.9729053521395175,0.6965477386772783
1303,18.471698286412522,1000.9465576793965,1373.6398678943447,3.9676432273519167,0.6990232485260196
1304,18.416734389045853,1001.8552477099736,1373.607277274997,3.96748593741239,0.6990985424061407
1305,18.541012279740468,998.7642757542073,1373.5817322176672,3.956941604275356,0.7040427355828884
1306,18.562810855912705,999.6333289546654,1373.5554265448984,3.9470419415878366,0.7086667656598712
1307,18.724435927915668,1002.3906201804789,1373.5309575768688,3.9293576543723057,0.7168801910741003
1308,18.789777715455926,1002.2965572739633,1373.5083737777331,3.909816974876508,0.7258830055320333
1309,18.84218466564818,1002.9951689746805,1373.4816076774441,3.8900786093684396,0.7348940028555264
1310,18.931208150540968,1002.8954269172845,1373.4601156609338,3.867175661869223,0.7452367985284472
1311,18.996498889838417,1003.5808741625963,1373.4475078621408,3.843693688913279,0.7557059229646566
1312,19.092932767224703,1003.1343032104702,1373.4303059256442,3.816885525150881,0.7674786762391806
1313,19.110562087703144,1003.1543101667346,1373.4222086331724,3.7929106336107075,0.7778332201592814
1314,19.162398858662602,1001.8022198508343,1373.4156716490513,3.7681500748002037,0.7883432766654738
1315,19.296727981381554,1002.2330490174603,1373.411780282792,3.7382272089290893,0.8007789582935609
1316,19.16871658446478,1000.3160412288842,1373.409168340897,3.7203026341618712,0.8080813445343964
1317,19.333425755206754,1000.924567976568,1373.4132692003552,3.6942334229332485,0.8184944236887496
1318,19.212034755041635,1001.1103573014908,1373.4202316789733,3.680458367774865,0.8238935299020657
1319,19.135633747599975,1000.9688838282927,1373.4362183941391,3.6738633512089014,0.8264518265082968
1320,19.08583973848989,1000.0794616244799,1373.4566458289064,3.6710882231598267,0.8275225349186341
1321,19.19465642490732,1001.5497463302669,1373.4784529869607,3.6622452273377326,0.8309162163293426
1322,18.91047251764052,1003.3019762675789,1373.5039741444418,3.6751855098343276,0.8259366723408021
1323,18.781603064492362,1002.525097109485,1373.5324706530487,3.694471325846224,0.8183944868401514
1324,18.744489998709025,1002.1976003803707,1373.5644978522755,3.713185346296839,0.8109412794314479
1325,18.683408701090542,1005.2327824210937,1373.5933317842132,3.735164064733336,0.8020258029607895
1326,18.59504340685381,1001.0924778066752,1373.6265177339055,3.7572552600347966,0.7928951867662293
1327,18.541995990254048,1001.7732209183772,1373.6638159100155,3.780074173271854,0.7832940016118992
1328,18.765777503130128,1001.7443982790425,1373.6930486221763,3.784212570233711,0.7815338806440075
1329,18.746605375959646,998.77574434764,1373.7324402905977,3.787165577534816,0.7802737716306746
1330,18.672231720265984,997.7368727438842,1373.766587690575,3.794085990583127,0.7773130048973593
1331,18.78751133667351,993.2485733660108,1373.8003122939933,3.7892901711887785,0.7793635908700425
1332,18.880272830347547,990.963252499508,1373.8339460893396,3.7774569148384836,0.7843952153836229
1333,18.76718739585866,992.6511461209001,1373.8723449719253,3.7761631380109035,0.7849409901412411
1334,18.745298724888812,991.2221365179984,1373.8983174983614,3.775653770150679,0.7851551902836056
1335,18.760298802181946,992.5272972101627,1373.916957529363,3.775021553441889,0.7854215976996375
1336,18.698882571515814,990.0294301311627,1373.9360003035433,3.7770929582880113,0.7845443633862073
1337,18.766470372872934,988.6406455601002,1373.953093441956,3.773375988855026,0.786115020329162
1338,18.839627043814275,988.3720478125764,1373.9664074695452,3.765065378964943,0.7896119818229764
1339,18.746585859242803,988.2995255099045,1373.9778850283153,3.7642917761770063,0.7899358618361143
1340,18.68570045309256,989.2486606581085,1373.9994373030797,3.7683784651094605,0.7882186890936348
1341,18.577509880821903,989.1151718258232,1374.0198561169757,3.7791358307093383,0.783674722565521
1342,18.580669271927327,990.6193056548067,1374.0345043589932,3.7890120412472146,0.7794710714692681
1343,18.640209054211798,988.3636993356403,1374.0558547572869,3.7919311290497624,0.7782220168797366
1344,18.62207644348576,988.1748472861943,1374.081593173522,3.7955282076812202,0.776679314257403
1345,18.66942948959142,990.2962785738306,1374.0997311536305,3.7966974837893748,0.7761765257571354
1346,18.7346860377847,989.7048485380212,1374.1172107344855,3.7928747966267835,0.7778150462522719
1347,18.615901212925017,989.6170370084676,1374.135792302504,3.7976594378479067,0.7757615605733137
1348,18.556901554477378,989.7786922318859,1374.150864563971,3.8058461024168992,0.7722328773983831
1349,18.656846332242583,990.6445850273118,1374.1677727581532,3.806544040395851,0.771930380098126
1350,18.806030347443656,990.3346459435462,1374.188403422931,3.7967825946199945,0.7761357078007058
1351,18.76280090496527,989.6659902821266,1374.205902539332,3.7910080376765998,0.7786097111366852
1352,18.771494811132015,984.2056270927703,1374.22560723162,3.7820675804554647,0.7824202688337959
1353,18.613286792338435,983.8307256513253,1374.2411408554044,3.7850059699892324,0.7811695474268621
1354,18.58099536927681,985.2242634180861,1374.2553843840503,3.7905805757964908,0.7787901184871378
1355,18.524488874519868,987.5184218993236,1374.2700641819229,3.800612402868788,0.7744848626233
1356,18.62278840343676,988.9718502333918,1374.281789965706,3.8033609178114633,0.7732996686628516
1357,18.588235293082704,987.8877933978407,1374.2965018783245,3.8073672665214513,0.7715681926774635
1358,18.674608899330554,989.5198339768792,1374.3126151474764,3.805918805904257,0.77219371198425
1359,18.786426232966807,991.6185678360545,1374.3212964504721,3.798395056290293,0.7754364506316636
1360,18.814893204036153,994.5553042671241,1374.3251963924386,3.791911412340175,0.7782174569739873
1361,18.78212760590064,993.9548350934141,1374.334956702802,3.788253356636166,0.7797804820647747
1362,18.672772109590774,996.3084084089197,1374.3501793900912,3.7940738697752288,0.7772900700959247
1363,18.619976459407365,995.6581423275198,1374.3633873735569,3.8022070220896405,0.7737933645423989
1364,18.76913909271843,995.4564553148507,1374.3765244751585,3.798835163410425,0.7752445495578848
1365,18.860094231997525,994.5094557348299,1374.3831050372246,3.7891784288127726,0.779383155902004
1366,18.813683013339695,998.3034336559126,1374.3856227936658,3.7865210144856483,0.7805170180558345
1367,18.894397328708617,999.1325477849548,1374.3848991218283,3.7792879093322655,0.7835924959753275
1368,18.838819617757903,997.0261129852113,1374.3913208440626,3.7755975581437955,0.785154958807168
1369,18.778490980886282,999.7617476143404,1374.3940040055195,3.7782925896209045,0.7840139710384628
1370,18.959732553774916,1001.8466862345141,1374.3988305016346,3.769554326593441,0.7877044003257634
1371,19.00885659508018,1002.9663277577098,1374.4087751569223,3.759486829966822,0.7919254686004673
1372,19.063622630651988,1009.2363139257594,1374.4154675604339,3.7511499820976266,0.7953957313787025
1373,19.15696535942983,1009.8358710832371,1374.4206694358672,3.7380847425882506,0.8007873399841311
1374,19.151845487428886,1010.195687636046,1374.4212512496435,3.727554636716815,0.8050900869759403
1375,19.235439374094533,1012.8591688310588,1374.4177336476623,3.7145892961970217,0.8103341719215325
1376,19.13274738401977,1012.0122244055865,1374.4232066955049,3.7100285062912417,0.8121641027308136
1377,19.22023116155278,1009.297700074627,1374.435710955114,3.6984840392928264,0.8167619303303664
1378,19.24537094982099,1008.8105458272321,1374.447192664241,3.6866523155872493,0.8214223529671689
1379,19.309993967342574,1001.6568037574904,1374.4694839939452,3.6676876654403516,0.828779627389434
1380,19.241533517422006,1003.4451205233016,1374.4889391571844,3.65735650901754,0.8327273617098797
1381,19.327409918475524,1001.3880520415994,1374.5078112575031,3.6414308900029333,0.8387285075009004
1382,19.371706462966614,999.4839740921034,1374.5381463841077,3.623677950052492,0.8452932305335851
1383,19.220930119309386,997.1626949108363,1374.5742169135601,3.617393414213476,0.8475836431346682
1384,19.227840157290334,1000.2799922501492,1374.6107117681686,3.6135448824875764,0.8489770573141459
1385,19.372383507564493,1000.7713514183376,1374.6513721743397,3.6007397846428506,0.8535709024529297
1386,19.314596197210225,1004.3491069632247,1374.6896631576096,3.596044753303238,0.8552358321120503
1387,19.264338005647556,1005.4080701829737,1374.7315056355717,3.5961437063384274,0.8551985815249667
1388,19.35313000995916,1004.0871853978806,1374.7692637510106,3.589348923510109,0.8575918541017425
1389,19.317270317638762,1003.1424269567685,1374.8125695934223,3.585420205335157,0.8589649807578192
1390,19.34485127375408,1004.7453124506442,1374.855932082429,3.5812123496361363,0.8604280396218503
1391,19.38035039099045,1005.8035620648476,1374.9017473463623,3.57588487966512,0.8622692368297774
1392,19.474131151207885,1002.9856853750337,1374.9467208194073,3.5631947981043663,0.8666055162288232
1393,19.540510427966183,1003.3619643441817,1374.9962176120296,3.5481248557810487,0.8716569297193122
1394,19.468397009932005,1003.2630606979837,1375.0489977768955,3.5401640192772517,0.8742801566932464
1395,19.645154837196753,1002.4128992850508,1375.095165995873,3.520824498522147,0.8805288233538331
1396,19.647434019427667,1002.5292291077046,1375.1426579150077,3.5043039813586545,0.8857193611586284
1397,19.734604739987937,1005.876800220397,1375.1951528183536,3.486434185500528,0.8911780322741523
1398,19.818540600112247,1009.1605111249596,1375.2428077051122,3.467597564816529,0.8967535742163926
1399,19.664193310128702,1007.7270739487242,1375.2905497109405,3.4611944222619813,0.8986046191555387
1400,19.690489915934837,1006.8988366715871,1375.3435857233417,3.453439162750622,0.9008175787440625
1401,19.686398105028374,1004.4750654142082,1375.3972426174466,3.4455988685965475,0.9030220008392481
1402,19.69871171843351,1002.7062160292645,1375.4540513659435,3.43698168638018,0.9054066169447642
1403,19.50313549800294,1001.3816923841774,1375.5146592239603,3.4421413722111844,0.9039783264752966
1404,19.425031266831944,1000.4765673807068,1375.5805447408316,3.4512757745580966,0.9014167360310079
1405,19.481906787413013,1000.5834609629305,1375.6489231857088,3.455234136558202,0.9002905103861252
1406,19.470306314068274,997.2032515081764,1375.716322151586,3.457259204536573,0.8997092919314268
1407,19.409543730694292,997.8639838483426,1375.7918846127181,3.4635347056202614,0.8979017136512093
1408,19.43208230702565,995.3422422157929,1375.869190877728,3.465745307264725,0.8972571781180403
1409,19.543300816536778,998.612342175142,1375.9475972139237,3.462110501139201,0.8983041434495003
1410,19.58613172949805,998.8906527681061,1376.0299238843677,3.4562794664334104,0.8999714375750171
1411,19.5221051881609,995.7849092153577,1376.1076521653156,3.453726675960317,0.9006933201168903
1412,19.32490768776129,995.6537104485016,1376.1874083483458,3.4649032986122816,0.8974836318547375
1413,19.101254266274584,994.4172588988355,1376.2678912370338,3.4888552613934065,0.8903884350984123
1414,19.086457297480838,993.244558201676,1376.3485435236933,3.5094833018930065,0.8840398982149663
1415,19.152368717930077,993.9729059430703,1376.4175315518023,3.5229874276621516,0.8797666756703811
1416,19.237318483987167,993.1077032804018,1376.4823588680624,3.528135777819956,0.8781116063443124
1417,19.268095211608298,993.1437842146918,1376.5495222172685,3.5304387112916933,0.8773649731135187
1418,19.22790069411344,993.2503565481388,1376.6159227225037,3.5352005919541414,0.8758168446366014
1419,19.12100079559977,993.3781909895655,1376.6791116790787,3.5466086093041023,0.8720684299567169
1420,18.92592458818141,990.6702941163502,1376.7452910891723,3.5678841387466336,0.8649144997996615
1421,18.82229475332147,991.5347645146812,1376.814933657113,3.5935701468776955,0.8559976362942389
1422,18.77181984629355,992.9909041282361,1376.883717587727,3.619757962914239,0.8466018948169864
1423,18.782872247653632,993.7177906567473,1376.9468484590145,3.6417228765256415,0.8384925589995746
1424,18.89528213670842,995.1162905517818,1376.997418001463,3.6536189945845745,0.8340155405202286
1425,18.884567890913416,998.0727021274856,1377.0336759709915,3.6663228743660006,0.8291718502631145
1426,18.894616431306446,996.727214519224,1377.0694074213418,3.6755892093862426,0.825597728903719
1427,18.909430506712663,994.441207208785,1377.1095849148842,3.6810165710127083,0.8234877117857656
1428,18.818471579496283,993.2698860602,1377.154543604244,3.691086199015031,0.8195442727669923
1429,18.784367757276485,993.2320067229468,1377.200269487999,3.701943989127704,0.8152491475051131
1430,18.762360181335488,993.4580039641669,1377.2430042563922,3.7128142049070267,0.8109053039032348
1431,18.65830008702658,995.1565775866511,1377.2782741416577,3.7302104821240527,0.803866078483464
1432,18.676682445933473,991.8825716352844,1377.3055104735229,3.7416828553676043,0.7991652651697146
1433,18.750957021882183,989.0902413859817,1377.3291851099143,3.7446171059454554,0.7979548353812818
1434,18.796739559126678,986.987645004477,1377.3519560002326,3.7426687924299307,0.7987569700012825
1435,18.920297100483147,989.4791906768105,1377.3731953095767,3.7341681311489294,0.8022453418500165
1436,18.931580840928657,986.6755342500263,1377.402904613086,3.724407842786865,0.8062192508147268
1437,18.80107699044963,987.5958818057268,1377.432106795333,3.7255787288568234,0.8057426626732501
1438,18.790582974894647,991.1393684582499,1377.4586521072065,3.7295210210666716,0.8041380452850414
1439,18.815659066147994,992.441707677051,1377.4844632296313,3.7319847613385346,0.8031320000274029
1440,18.821461893125942,991.376913003052,1377.5065670785557,3.7330129474078007,0.8027109572982752
1441,18.928695620333052,988.9216567275471,1377.528969275114,3.725037477290304,0.8059575128102043
1442,18.904168902014515,992.2594935967322,1377.548043529504,3.7220314344355114,0.8071747956270093
1443,18.987334598108006,989.8433257923803,1377.564297796947,3.712290528388229,0.8110992970069807
1444,18.920885966111467,990.8277549074277,1377.5813557851957,3.709156100429483,0.8123541966945913
1445,18.879464563178807,990.6419815078208,1377.6024267583841,3.7091955969625108,0.8123373337635343
1446,18.927743368706253,985.9128257327845,1377.6297101090483,3.7029620142208923,0.8148226853071963
1447,18.907021108545166,987.2307784692513,1377.6623234362999,3.699904965031461,0.816035298074232
1448,18.923018271990166,986.8392743281244,1377.6960070667587,3.69597041878093,0.8175912472502175
1449,19.028198821890456,985.0309972671174,1377.7250612962794,3.6843240444713343,0.8221661116908211
1450,18.967501092633636,982.971784942724,1377.7562337199365,3.6772608379061995,0.8249145568485399
1451,19.114142924316702,980.6569443147902,1377.7909081586142,3.65981245399262,0.8316222212626421
1452,19.29798174814614,981.9777228077742,1377.8256925786263,3.6332939942138727,0.8415814352223068
1453,19.29467007753338,982.6032982533451,1377.8669259977605,3.611372940701376,0.8495900838849478
1454,19.41678137435089,979.4468301245976,1377.9108097519015,3.5824356909813706,0.8598399227561424
1455,19.58805575609215,977.0628215061,1377.9621784176118,3.5446733178931327,0.8726387171118487
1456,19.615629980884854,976.8241427297054,1378.0126131720149,3.5105471284306184,0.8836156651175844
1457,19.5362739945501,974.9928970202515,1378.0645971255879,3.4857903252599223,0.8912131320119875
1458,19.447796988762875,977.3753124790611,1378.1184931454663,3.4722732483979906,0.8952265950376354
1459,19.413907607668285,977.2172901543851,1378.172268304732,3.462992045853344,0.8979259039873226
1460,19.16653626952237,978.3650010537604,1378.2269903268414,3.472672069684738,0.8951034333172216
1461,19.075991117655636,979.2265088243671,1378.2858358670744,3.48760896467903,0.8906532719666802
1462,19.12417666937469,977.5384058641797,1378.3421122291466,3.495960384487192,0.8881135116205096
1463,19.290093778305256,978.3054730498974,1378.4040288997646,3.4922433885329607,0.8892435181960349
1464,19.333517732521766,976.1654754186977,1378.4767953094956,3.484778572182064,0.8914942614437201
1465,19.30769565838416,980.0600852419572,1378.5465925596666,3.482645565721226,0.8921293841288451
1466,19.19084845676091,978.5655949259062,1378.6240017953737,3.487848275760945,0.8905624025444322
1467,19.195890744991893,980.4462120829623,1378.7078982395592,3.4931119882751216,0.8889625357483489
1468,19.270857788225484,980.7495194734722,1378.7923409965163,3.4926719719239854,0.8890917767385575
1469,19.352662563588947,980.4373259552735,1378.872896305655,3.4865303709068027,0.8909458209327259
1470,19.356667826150307,979.2008749749732,1378.9504061717757,3.4802582875441797,0.892819372025154
1471,19.464557548762404,976.4074793057564,1379.028558715058,3.4658198873044594,0.8970597285985736
1472,19.41634490807014,972.0978536021332,1379.098976391962,3.4541154637385576,0.900415865309448
1473,19.519842079719755,973.3276502325425,1379.164178766166,3.43789331819536,0.9049476466364089
1474,19.549545291428892,973.4831866774447,1379.232286751467,3.4221796937265387,0.9092003976847876
1475,19.614703654853,977.0847560953774,1379.3060872299504,3.4066548171121562,0.9132675220050979
1476,19.768725959434434,978.5840015398156,1379.3809515796552,3.3839142776779316,0.9189820203538719
1477,19.803889286509644,979.1445197377282,1379.454916019907,3.362543323049704,0.9240822068207406
1478,19.855699761278487,980.4118149723843,1379.522744086709,3.3416481142817855,0.9288116145203237
1479,19.830812280499423,977.6088845686478,1379.5939904248012,3.323816178115755,0.9326423871655727
1480,20.011549395559904,975.43398015662,1379.670606898132,3.2949806450594328,0.9384341458286853
1481,20.04103429103723,977.7684054392155,1379.7501847487708,3.269933208507588,0.9430514284984962
1482,19.828449658478924,978.3961028263828,1379.8311492349255,3.2635153502696563,0.9441684044240456
1483,19.870401481785567,976.8344756978951,1379.9186708423374,3.2542194265092843,0.9457424066063017
1484,19.77354393777887,976.7363474103194,1380.0045598421182,3.2528520692386516,0.9459650773256312
1485,19.763185064973293,976.1441708757258,1380.096071064763,3.25202218357988,0.9460973372351963
1486,19.694428942554776,975.385448271648,1380.1899372097962,3.2555210774660557,0.9455086371955096
1487,19.573479409946398,973.0592499525557,1380.2892725439613,3.2652662954989076,0.943838096267944
1488,19.395431942016884,974.2170418872103,1380.3956726178571,3.286404172311664,0.9400180101647295
1489,19.29828072693476,974.4980953437564,1380.5031330640008,3.3111644290272237,0.9351948329232802
1490,19.150985415688595,974.3426495598904,1380.612803239755,3.3421435270874778,0.9286395713369456
1491,19.20715660346454,978.6744327870435,1380.716052345298,3.3673795259842585,0.922878036722565
1492,19.118229690617916,976.3204415986885,1380.829238735334,3.393403033362713,0.9165491377833926
1493,19.128450137825727,976.1724599013015,1380.9426062899802,3.414733773710194,0.9110731371965912
1494,19.11796754084144,977.7063909327338,1381.0430870375071,3.4345451444099853,0.905760386524796
1495,19.12675442082137,977.9268915548281,1381.1443076743114,3.4509253383700935,0.9012046284347818
1496,19.129915924925193,975.9082644656736,1381.24146137,3.463361469740548,0.8976482915934743
1497,19.18173012255404,979.6625008118425,1381.334089049018,3.4727688034449966,0.8949025042481599
1498,19.19615293712108,978.5200001582118,1381.4236518843209,3.479063068009975,0.8930378680281124
1499,19.093862364574953,980.2097524025505,1381.5057121262876,3.4924437247945312,0.8890115380751128
1500,19.041360858441053,979.0752624011071,1381.5792696995757,3.5066779069282132,0.884628309477764
1501,18.978313989000647,981.3205020702491,1381.6454323302203,3.5244849545422943,0.8790025335639211
1502,18.9514174001274,983.1666014269215,1381.7017492480043,3.5426156453112347,0.8731143074258025
1503,18.99652271661421,981.4577359639147,1381.7610132398327,3.553878475170388,0.8693751558588504
1504,19.071490244029633,979.4190137508797,1381.8167435810064,3.557062196939466,0.8683051299149349
1505,19.230827314741646,978.3831092915979,1381.8732831135135,3.5482648861183463,0.8712387360077224
1506,19.32791831156394,976.5023048340915,1381.9311677829105,3.5329903682285675,0.8762461492902195
1507,19.36510678390784,977.6039292202403,1381.9893344950185,3.5181685164189096,0.8809961001611293
1508,19.297878214426813,978.2673351998303,1382.048073657899,3.5105661537295,0.8833885302529443
1509,19.22422871535881,979.3978326623707,1382.1089779417314,3.5098318897314336,0.8836150377091041
1510,19.23704981522635,982.1996296656471,1382.1682125836205,3.5100997805441616,0.8835279646239695
1511,19.289021540954494,981.3672544645563,1382.222941803314,3.506263816836207,0.8847218261069589
1512,19.204416326473932,980.7074786768192,1382.2760258954143,3.508349204044297,0.884069171018359
1513,19.164889379342956,981.3575855828021,1382.3254037469367,3.5132231356215624,0.8825393691311869
1514,19.236999570282755,981.165651299023,1382.37313959877,3.5123343548604566,0.8828161149692718
1515,19.154741894088332,981.7493483331837,1382.4228034962975,3.5175483680938786,0.8811689036587891
1516,19.15542719119154,985.8687797981663,1382.472344365583,3.524528852432498,0.8789433846321589
1517,19.285039301609686,989.3699389328956,1382.5260295209441,3.523841409655728,0.8791604316075976
1518,19.124179217327818,990.092969972954,1382.5842207993644,3.534667164590305,0.8756661522541729
1519,19.048595974153955,989.0827827958113,1382.6445379589004,3.548379857223236,0.8711589081206723
1520,18.952720070924023,990.545146538711,1382.699599646167,3.5674860841292126,0.8647307732164141
1521,19.03085392701164,992.9337113770728,1382.7476253022753,3.5799102572478936,0.8604585325882372
1522,19.057290374364328,994.0834515002402,1382.7944171364659,3.58939481861165,0.8571489494952512
1523,19.089451248465487,995.2392635606683,1382.842062065354,3.5959947018426237,0.8548211631284243
1524,19.103874599768254,994.4640983015724,1382.8857301614212,3.6001340182520027,0.8533505467561743
1525,18.965652772619613,991.662803392264,1382.9297433249928,3.6113005278359327,0.8493493983554782
1526,19.068490353791127,991.3712735601035,1382.9765938470096,3.613605157910232,0.8485148137609462
1527,18.940748838157432,991.3966340638088,1383.0193915131372,3.6242792678053757,0.8446285386391955
1528,19.10037494078071,991.6444783024594,1383.0610328004902,3.6226378654979525,0.8452268094925868
1529,19.224630739716556,992.6295307834359,1383.1080666681917,3.613401436692127,0.8485815408504763
1530,19.360597893729405,989.5336392028007,1383.1502376365995,3.5943406973231,0.8553893779563858
1531,19.33152437748086,993.6625466629972,1383.1864735091701,3.5827201870158767,0.8594596278308684
1532,19.3648555628313,993.0467049205412,1383.2191938175183,3.5701849192346247,0.8637815217110333
1533,19.352599130605316,993.8254573796863,1383.2558590261297,3.560855218704411,0.8669502337687132
1534,19.364937251898148,995.6236147592339,1383.292825441562,3.553217586342803,0.8695134068177434
1535,19.46538867261334,996.2680050715334,1383.3310647371827,3.54029082298148,0.8737895421720101
1536,19.51786880069492,994.5087865307686,1383.3721244321557,3.524620869721318,0.8788648558273547
1537,19.665768557994245,996.6681522131217,1383.4051375062247,3.502589836357979,0.8857962047819152
1538,19.773944128687177,991.9779303720841,1383.4480507974818,3.4735418618750984,0.8945578809066536
1539,19.822482888768963,990.3216283749211,1383.4874324888233,3.4445021237448676,0.9028749174103541
1540,19.767724656633764,988.3872936679624,1383.5378396488195,3.4223287510771945,0.9089178392004078
1541,19.500902694550167,989.4680171151601,1383.5953170100918,3.4223328156992996,0.9089135141469964
1542,19.500714560725523,991.7372483291723,1383.6575664963812,3.423778698206375,0.9085239950658768
1543,19.615937534191207,992.2837819744506,1383.7174602759223,3.4175053300409015,0.9101870357675103
1544,19.78479708445616,994.5405504413507,1383.7768550645758,3.4020953958613527,0.9141839789928388
1545,19.805999142207984,997.363833553111,1383.8339150392687,3.389331760036246,0.9173928255345069
1546,19.902373223320406,1000.2096396901981,1383.8894441826217,3.373712452527514,0.9211939383287683
1547,19.905636853568172,1002.6701360508639,1383.948530851415,3.3617639006324382,0.9240057252009475
1548,19.945261171829568,1002.6171580402479,1384.0105798601087,3.348875839301335,0.9269452900621097
1549,20.126994188637287,1002.1447641466204,1384.0801294157222,3.3252473605723063,0.9320821561004179
1550,20.128018015308896,999.75361362241,1384.1578433811737,3.3035870062260426,0.9364963035273525
1551,20.065488030690986,1000.6308063789678,1384.2382418810662,3.28998662842083,0.9391203604971743
1552,20.109574138016267,997.8301529675048,1384.3184565510878,3.2736596317283255,0.9421213027853974
1553,20.276744982165688,995.5307369746008,1384.3871101383284,3.2469487179775918,0.9466772517478641
1554,20.445602163064294,994.3104054627875,1384.4567135832353,3.2119764584178307,0.9519635060785598
1555,20.316943832885876,994.9748246424562,1384.5329695284377,3.191430254160375,0.954702631699478
1556,20.23527604905381,996.427598550467,1384.6172734958648,3.1804428041825483,0.9560530549378043
1557,20.2101204622192,992.9568756206844,1384.7057562072603,3.1706300117190693,0.95719209726089
1558,20.31456542400594,994.8808635861785,1384.797065700859,3.1563885486456966,0.9587357841640214
1559,20.350924962921198,993.4800276840331,1384.889698080664,3.140924693814849,0.9602620048088935
1560,20.254471424402787,994.0021681279258,1384.984643368729,3.134677851661385,0.9608305539600578
1561,20.129988532006696,995.0510542790879,1385.0885001944348,3.1385061190783463,0.9604755185638741
1562,19.954608736839546,993.9731497687252,1385.1940913255764,3.1530244305921182,0.9590587284986168
1563,20.06363918969081,994.5618175500296,1385.2951107541885,3.158310882241875,0.9585047946523132
1564,20.18314648731497,994.9447160450098,1385.397163720219,3.1549071452278,0.9588536050678189
1565,20.193342195930825,995.103667167814,1385.5073117362945,3.1514197802164636,0.9592027806002045
1566,20.251457434356663,991.4354602627808,1385.6284245743043,3.142186901869857,0.9600988509107512
1567,20.29306464265316,991.6855655773777,1385.742829213,3.1316630707384463,0.9610532578927596
1568,20.26197397125764,993.0804288584518,1385.8523689875944,3.1257138528658586,0.9615578144364261
1569,20.10117319471123,992.1580005146617,1385.9623527915048,3.131026420700382,0.9610959746349699
1570,19.8550638042041,993.5259450251255,1386.077622559043,3.1531639578948543,0.9589919202034207
1571,19.93698184370747,992.969384841096,1386.1940993659005,3.1660516131040377,0.9576161027054413
1572,19.962224530200093,996.3447376569646,1386.302542284253,3.1774135653556934,0.9563129641331934
1573,19.774434435031814,996.8248509472927,1386.4050253488329,3.200162201623467,0.9534590339393956
1574,19.740153006642263,995.2586739688751,1386.4995263471171,3.220846416228,0.9505748469706299
1575,19.77944283584132,993.2909074640514,1386.6001498013654,3.2345126683753587,0.9485171562801343
1576,19.87463710207463,991.6071612952024,1386.7071031377086,3.23858549308375,0.947876477474222
1577,19.77956315945304,993.6262229648642,1386.8131624930595,3.2497939384302996,0.946070346315866
1578,19.83154450652506,992.0573084422387,1386.922682294957,3.2547927710900084,0.9452357026096442
1579,19.764570307696868,991.9827209804876,1387.0343823100777,3.2635557316900576,0.9437395320596663
1580,19.78881389087129,992.3336149154304,1387.143758847017,3.2695743233649353,0.9426822707200793
1581,19.749438770042502,994.4047546649062,1387.24336600673,3.2786763900591915,0.9410444693911899
1582,19.629957007566954,994.7425334603963,1387.3306153306644,3.294762655415053,0.9380300945970445
1583,19.62678010735515,993.6112420488398,1387.4221869980574,3.3079396142826782,0.9354416638488358
1584,19.713217642118273,995.3446930916118,1387.5126478363875,3.3143457073597373,0.934142502056827
1585,19.608751832939554,993.3196709189549,1387.5955755775428,3.3256292441115347,0.9317984138139177
1586,19.723402777272867,992.8511328239174,1387.676225597563,3.32711734204159,0.9314795323617449
1587,19.855331987319406,988.7214170780275,1387.7615673931814,3.3167961251580573,0.9336265781266978
1588,19.95382189522204,987.7531056910991,1387.852334577378,3.30070589190512,0.9368477939246417
1589,19.975909292251224,988.5929801818693,1387.9381534554868,3.2860541628316216,0.9396435389699392
1590,19.88928402162689,991.7446236193606,1388.0247957641323,3.281484909414284,0.9404849429746119
1591,19.75060096964153,989.4322962626383,1388.1107121751147,3.2855885936150155,0.9397203105154567
1592,19.81916763260615,989.9505085384575,1388.196897627491,3.2847338091715126,0.9398743645185687
1593,20.00584029237435,989.1720437939672,1388.2809305468597,3.2708044014752917,0.9423982085857305
1594,20.048533587897044,990.2980023984746,1388.3583556790043,3.256766345429248,0.9448202121970849
1595,19.993447130733422,990.3218937704962,1388.4362460129912,3.2486004370873274,0.9461704501080002
1596,20.012915985609936,987.5300867023805,1388.5207939240895,3.238574747526691,0.9477714731056468
1597,20.012294309099534,987.7351251937142,1388.6002527777405,3.230224421820049,0.949055922123253
1598,20.014636299237146,987.619771473264,1388.6856516105554,3.222894482597148,0.9501460073589
1599,20.122103500229784,989.1389098529153,1388.77596692474,3.210302575049264,0.9519419717739213
1600,20.09132286901926,987.058556033329,1388.873269007241,3.20038499171266,0.9532834469390428
1601,19.918228079689335,983.655134878818,1388.9754873790341,3.2015986457025725,0.9531159282170915
1602,20.079120430638262,979.7240289882096,1389.075670317659,3.189196885783293,0.954715274545465
1603,19.934813650514133,978.8073494821889,1389.1707182268688,3.1879051734895656,0.9548711301093034
1604,19.999436174992702,979.596851169844,1389.268148259843,3.1829038101861293,0.95548043062568
1605,20.051662381852346,982.6703896136582,1389.3721089183935,3.17703237591067,0.9561756485680194
1606,20.048074175366555,981.8717923219162,1389.478908717186,3.171782897344414,0.9567774337909457
1607,20.056335261419783,979.9229353459804,1389.5845532611747,3.1655304807080324,0.9574720597839507
1608,20.040427076395666,977.988071190735,1389.692868309931,3.160080309549446,0.9580557874088121
1609,20.012335494868708,977.18638787777,1389.8019920586808,3.156855640279465,0.9583893372823195
1610,19.971226590152305,976.6857188821687,1389.9118501792009,3.1565987663439397,0.9584095964496888
1611,20.075462880371248,974.6448802925271,1390.0280108783418,3.1479962038233587,0.9592750618447291
1612,19.97968557777883,975.5589451820396,1390.1425463431917,3.1477823208678015,0.9592893132682738
1613,20.003411808162877,980.2768159445529,1390.2445112745497,3.1489570226468078,0.9591671419574834
1614,20.16094486626561,980.5042065101671,1390.3532781934134,3.139370773958504,0.9600816296866546
1615,20.178344704034295,977.0173492905806,1390.4577192309857,3.1278408135730587,0.9611030152411725
1616,19.977087310814156,973.896924184307,1390.569146019042,3.129780107906769,0.960929657471068
1617,19.960815114566444,971.7051160947797,1390.6848877115885,3.13115580555849,0.9608029896063
1618,20.03258830646694,970.0784666121675,1390.8012319156053,3.126412605019983,0.9612037075423377
1619,19.96303598770851,965.2875637922642,1390.922224410151,3.1240991286931625,0.961389932720581
1620,20.057302447407597,965.7350632150079,1391.0414781704371,3.1159950525461855,0.962032549857748
1621,20.265859926588817,965.9702902348081,1391.157977670255,3.095052016511488,0.9635031568165034
1622,20.3295048100361,967.8087648276905,1391.2708084570986,3.0740744583127517,0.9646840669270476
1623,20.393159334535294,967.0627821198617,1391.3891427607193,3.051438691619498,0.9656290925091233
1624,20.354788855298708,966.2069558509669,1391.5038017053237,3.0342721490168407,0.9661156705879794
1625,20.438462977356775,963.614322333713,1391.6211832118813,3.0123490209765573,0.9664515532644339
1626,20.5883585986555,960.0,1391.7480828425985,2.981229447261634,0.9663768831118331
1627,20.66731913767124,960.0,1391.8750478461195,2.9494005968969774,0.9656286783905712
1628,20.472124630027604,960.0,1391.993277790423,2.9356388200575507,0.9650912945088723
1629,20.305621428804983,960.0,1392.1117900702757,2.9352801777472988,0.9650686810892514
1630,20.43623755773924,960.0,1392.2327456735286,2.9260803734031615,0.9646341354507995
1631,20.419245425674195,960.0,1392.350240083886,2.9194177039042746,0.9642823751511159
1632,20.22105495933884,960.738958862973,1392.4732023963088,2.9277167496713314,0.9646998701253117
1633,20.220818923378584,960.0,1392.6070054363506,2.9343214685385504,0.9649971221600737
1634,20.332666637401708,960.4559699684056,1392.7426681619206,2.932605911330807,0.9649125042424785
1635,20.291323920816318,961.009308492601,1392.8812492846778,2.9343117299739334,0.9649802635027651
1636,20.242737213384157,964.1975047290706,1393.0157414823873,2.941078994225697,0.9652547912480528
1637,20.151364887273253,965.3024728332801,1393.1541555763247,2.9537497541535003,0.9656932272430324
1638,20.098503972910084,968.3981915016242,1393.297920536461,2.9700700311213217,0.9661015791648276
1639,20.011625923050293,965.8372530513363,1393.448191634659,2.9882452705157405,0.9663467450037472
1640,19.83980770956969,966.1433896138047,1393.5896491164076,3.0155879103733803,0.9663030915111442
1641,19.710297730647184,970.2257746996737,1393.7201718799545,3.0502206864210946,0.9655308699814338
1642,19.789129048651,971.0461405404566,1393.8555001312066,3.074806963785285,0.9644927576391352
1643,19.749748414815485,968.054182741637,1393.9921673993072,3.0965021872957887,0.9632407255702474
1644,19.761725254512513,968.4621698761806,1394.118158383907,3.1143845363911122,0.9619727323034497
1645,19.66693785744005,968.1294688366215,1394.2445384028829,3.1358299532078493,0.9601745397063314
1646,19.661237683239904,964.9367432060423,1394.3785121091237,3.152435322217841,0.9585720175149931
1647,19.648896237770884,964.4599969106484,1394.5104169990022,3.167089988146676,0.9570069220431899
1648,19.606413206968654,963.1566337352476,1394.6407486623907,3.181618429783315,0.9553172061524026
1649,19.655642864729742,962.8315566942282,1394.766090276255,3.190410266945086,0.9542254419362068
1650,19.704527766808553,963.9588608484601,1394.887326127744,3.1952644683181903,0.9535981711591667
1651,19.70089491589661,961.9365752213314,1395.0057044892678,3.1983638966873413,0.9531872880194566
1652,19.72536354398672,962.6697759843698,1395.1147026969588,3.1997940137088974,0.952992399599796
1653,19.51764984578806,963.2265298306365,1395.2177821190262,3.215505670947697,0.9508296191153601
1654,19.48666263423263,960.0,1395.3270059868516,3.2289380949143003,0.9488542488801807
1655,19.53738851455562,960.0,1395.433548732623,3.2369012228359173,0.9476266098467325
1656,19.560243649803223,961.4095865548314,1395.5391003559726,3.243001486388474,0.9466576279654062
1657,19.414927373496703,964.136495731902,1395.6381520714565,3.2598007016061756,0.9438794608072997
1658,19.503824066421963,964.4165102528754,1395.7356487153575,3.268202578901225,0.9424209662404711
1659,19.503634571591785,962.8331767984433,1395.8334734212622,3.2743595791236597,0.941322753644625
1660,19.41304948983555,964.5154948897748,1395.927934081644,3.2868217337778676,0.939034196716586
1661,19.405514659204133,962.6590618246212,1396.0258600560812,3.296758134368897,0.937139718969731
1662,19.379258254221043,964.6798633689666,1396.124206522407,3.3082652410235585,0.9348713182999497
1663,19.32667442786247,963.0541461408793,1396.2234107628822,3.3206030384013445,0.9323503789413082
1664,19.60492232783018,962.7372219679663,1396.3223725531698,3.311941821955726,0.9341199314608123
1665,19.512431597498537,965.2169724303617,1396.4096961047583,3.3124406495038445,0.9340138512150747
1666,19.658494284779962,964.9583234490865,1396.4950171265205,3.302754835057677,0.9359433510266325
1667,19.70708158726464,964.6197989085836,1396.5832064431559,3.290999827018711,0.9382091934301741
1668,19.48003874150184,964.9135563921373,1396.673615416682,3.2966547551966756,0.9371219854057046
1669,19.372925881752337,964.355458535573,1396.757482413353,3.308404228247251,0.9348067346243498
1670,19.17523127300649,964.7402043566824,1396.8457101747076,3.3320966730631314,0.9298889957981996
1671,19.237714678520273,964.933745727101,1396.9324773060875,3.3481020623045046,0.926375515508021
1672,19.259868006292468,966.7099107578044,1397.0124687500052,3.3613169855077287,0.9233603124336461
1673,19.17832907026149,967.022081406815,1397.0914829825306,3.3782991392830555,0.9193376048506465
1674,19.166325292281638,968.608419063163,1397.1670844391676,3.3945508199960104,0.9153326686680189
1675,19.19772128056012,971.3003574293697,1397.2369146216402,3.4079226029709675,0.9119246506643606
1676,19.210123177998607,973.222788606422,1397.3181045764316,3.419655180925663,0.9088507857753901
1677,19.190328890790628,975.290030141723,1397.392420109955,3.432278225313257,0.9054592631833996
1678,19.336836180424108,970.8794258598066,1397.4764584038046,3.430251985921065,0.906004168396532
1679,19.490237230392097,974.5464935155119,1397.5593775123584,3.4203933235579758,0.908641512855865
1680,19.58639137293596,974.9239425630374,1397.6309268288187,3.405703156342054,0.9124742915276696
1681,19.55363799135186,975.7613997931721,1397.6972592919453,3.3959746175493826,0.9149448875799799
1682,19.52250682390158,979.0631997816032,1397.751604958812,3.3919055260716875,0.9159608609823954
1683,19.461280345259045,980.9934684671749,1397.8077663867866,3.3938323907831136,0.9154762755897117
1684,19.57457542051666,983.0821226186983,1397.8627655302018,3.389070683278242,0.9166589309186338
1685,19.545813627483735,984.7658748766322,1397.91260949382,3.388042673927141,0.9169103988325076
1686,19.62979791138998,982.2004247811132,1397.9637348151707,3.3798333026845135,0.9189166238219164
1687,19.559572101451803,983.8304743093055,1398.0156138696077,3.378664645987831,0.919196535469162
1688,19.510893816407396,985.7508224409895,1398.066677508435,3.382196098330136,0.9183364435403705
1689,19.547977621112352,985.0308633900277,1398.1170443658325,3.382218851518582,0.9183280250059811
1690,19.760111365746234,985.4878581738309,1398.1734861428388,3.3680797904329896,0.9217137053408473
1691,19.66724777520288,982.1363965142646,1398.241186982986,3.3602741781807115,0.9235311234016574
1692,19.596236719100453,981.355649396254,1398.3148267274003,3.357983390002504,0.9240546716352322
1693,19.595963596614585,982.6716855491271,1398.385801318195,3.3568839224686253,0.9243028131851664
1694,19.73510980480644,979.516776875398,1398.45733948769,3.3444859258225135,0.9270936579867789
1695,19.864358828793996,981.6499904270456,1398.5240505841998,3.326489694677304,0.9309850045255923
1696,19.81776203650727,981.7394414788289,1398.5971161388359,3.3144224939212257,0.9334842162631266
1697,19.97510524089757,979.7975096054811,1398.670125251493,3.2922268839793705,0.9378545295943406
1698,20.022492172826553,977.4218127310894,1398.74975730763,3.268636876433563,0.9421683051609129
1699,20.124077180118412,977.526288520391,1398.8260935807602,3.241733250770311,0.9466664624428816
1700,20.219183810609007,978.4269845132713,1398.8995815774097,3.2129558458956518,0.9509729194744773
1701,20.272838242980885,976.3213456650309,1398.977058776584,3.1835146324332753,0.954830416866121
1702,20.367084792341366,977.698137344009,1399.0640188397942,3.1529387897365626,0.9582419900479792
1703,20.22019544948975,976.1312381510778,1399.1490206213393,3.1359653412010053,0.9598698855296287
1704,20.429749427835237,974.6010301660798,1399.2308339478336,3.106303252989905,0.9622630593478793
1705,20.412498761785418,975.2848531516702,1399.3125635104168,3.0826960568493846,0.9637500764463548
1706,20.403846619839122,976.7388921765294,1399.4002810207635,3.0641351955821463,0.9646572393729211
1707,20.463787335973045,972.6700369147304,1399.4974080999864,3.0417131219213402,0.9654466937508613
1708,20.31172869874265,973.0145268509641,1399.5930468452405,3.0332265811648718,0.9656541768864376
1709,20.317520227182957,970.9863786640126,1399.6980386482296,3.0243408850773097,0.965819407168099
1710,20.451223397091894,966.7159945391924,1399.8078762024975,3.0049925155334463,0.9660031670329555
1711,20.292085872013946,964.9925852241619,1399.9251709985642,2.9982979190105015,0.9660035180072443
1712,20.40242993398719,966.1698759162502,1400.0453361513323,2.9858347744816363,0.965929979798551
1713,20.400576218488684,965.5760311020457,1400.1685146507818,2.9749932174246,0.9657801649045138
1714,20.37458684565345,964.6923947057597,1400.2971057630434,2.966991079286539,0.965616783262796
1715,20.453263153951763,962.1101245133765,1400.419770893164,2.95320457505287,0.9652406126843203
1716,20.299638826653347,965.504955720108,1400.5511010951004,2.9540866068035148,0.9652601451978139
1717,20.496775052840487,966.8192753564747,1400.6789388104412,2.9422393781591296,0.964840911673704
1718,20.567638832770392,963.2582621076036,1400.8084175791982,2.925099972051387,0.964071728583959
1719,20.613773868657145,961.6497459306825,1400.9414849834411,2.906376315724457,0.9630080928006486
1720,20.63722473226366,960.0,1401.0678653094822,2.887824864098633,0.9617247788750796
1721,20.715977607909547,960.0,1401.1935413560493,2.866693059385198,0.9599865773943459
1722,20.910418998636434,960.0,1401.3237154540325,2.835489566670277,0.9568862280654244
1723,21.0,960.0,1401.444602714163,2.8028661316697354,0.9529671528288999
1724,20.93051886960855,961.5181030484628,1401.5694648174865,2.780824281819464,0.9499282806064111
1725,20.84979002614596,963.8359590050947,1401.6925105082914,2.769046592939214,0.9481740214513074
1726,20.826841400158994,964.4699379099059,1401.8135983949744,2.760997765530745,0.9469223845998159
1727,20.78762406209111,963.919702225663,1401.9390175148526,2.7564803144748966,0.94619859222981
1728,20.726354003389872,963.4166483459072,1402.0576459095046,2.7564960481307335,0.9461941370724614
1729,20.835098462394264,960.5756240023798,1402.187038222618,2.7473140787435733,0.9446909004507079
1730,21.0,960.0,1402.3184399379672,2.727916966932037,0.9413502173436835
1731,21.0,960.1251120582168,1402.451287645979,2.711508242488908,0.9383407287002031
1732,20.878050631376446,961.4204924487974,1402.5848144411254,2.7066816683615778,0.937418467868164
1733,20.75658261375423,961.94659325274,1402.7227053606682,2.7111824958599042,0.9382636393277016
1734,20.818489410699456,961.946835501562,1402.8695494396359,2.7107924989782695,0.9381816424892603
1735,20.880951869167884,962.3255224496601,1403.01975008987,2.706445880984482,0.9373481013649038
1736,20.7966839041118,963.2295245023274,1403.1664328269262,2.7090594254032623,0.9378368731691069
1737,20.90537019322029,964.4893582477056,1403.3071200959744,2.7046730971305255,0.9369916598078173
1738,20.94282031788639,963.1879945101465,1403.4470669694008,2.6975745054542757,0.9356040408279833
1739,21.0,965.3989959170649,1403.582491729225,2.689039697063885,0.9338970308404283
1740,21.0,965.5456142073076,1403.7144094694486,2.681877479454906,0.9324294922208437
1741,21.0,964.0266946965925,1403.8524396894265,2.6748326751955234,0.9309554295464346
1742,21.0,962.5707465579806,1403.999260571642,2.6679273442477225,0.929481056680094
1743,20.975889889482172,960.1902832279021,1404.1477721844572,2.6622000195704065,0.9282351128027403
1744,21.0,961.278695807794,1404.2889350917292,2.6563755949937558,0.926948670902556
1745,20.871597116368516,962.7283858667599,1404.4240351551307,2.661082375216055,0.9279754491720316
1746,20.900844926116108,963.8835962376544,1404.5610575814503,2.663819145094862,0.9285630537412243
1747,20.87860044332869,966.0183618822153,1404.6997226678006,2.6690051511257447,0.9296712727532116
1748,20.820748019336822,965.0361708531324,1404.835699034905,2.6767342259775186,0.9312971960964482
1749,20.905003499605847,967.0145086947141,1404.9748080649488,2.6788124942354026,0.9317223446234434
1750,20.946227051904135,965.8352209260252,1405.1162110758228,2.6770287470488165,0.9313425126837412
1751,20.999038901960272,963.8425455184725,1405.261229922603,2.670660689444637,0.9299917849964764
1752,20.793405067779428,964.5316010142111,1405.4074514844801,2.6796856095511155,0.9318785143926055
1753,21.0,965.6989478440967,1405.5509260285667,2.674023105260229,0.9306868281352881
1754,20.97992503590167,969.6210437490645,1405.6912805563977,2.6730480020882017,0.9304729922789163
1755,20.969555036811848,971.9799301554284,1405.8286148350805,2.6744114597660045,0.9307525431776317
1756,20.9166800722081,971.6883846521325,1405.9678330700306,2.6789875102145757,0.9317012195429732
1757,20.859406275861684,971.427299318415,1406.1016133203889,2.6866130148668104,0.9332597814310323
1758,20.846609676032912,972.5741336196221,1406.2362424345877,2.6946886478793095,0.9348724360359445
1759,20.73810315259887,972.3009233579066,1406.3712447204105,2.708770107720911,0.9375953184188092
1760,20.79058985216865,970.8724393325168,1406.504363536356,2.716265059409575,0.9389915220848536
1761,20.76965342157759,968.5754927153455,1406.6437258730994,2.7226144628993727,0.9401457039195936
1762,20.68099702764074,973.3399467739914,1406.7823928871162,2.7370505623497468,0.9426873681766388
1763,20.796072478661582,972.5790080367512,1406.923459949373,2.741005217263584,0.9433549695641886
1764,20.85404940698884,973.3075785140625,1407.0533449605123,2.7408774445219657,0.9433256718209355
1765,20.900856051071965,974.9894578716862,1407.191508523172,2.738640889224832,0.942936364390974
1766,20.895551956989703,976.8142248020425,1407.3271601700833,2.738250629195395,0.9428615791075885
1767,20.738648559528908,974.6560771528746,1407.4653628900614,2.7472443965184783,0.9443695959827145
1768,20.73655734573292,974.5463431291674,1407.6012324508442,2.7549623779676704,0.9456222544696453
1769,20.603206417476834,973.9577328846476,1407.73611595841,2.7702330359596754,0.9479979703258576
1770,20.617376208904172,973.0565416991662,1407.871232707944,2.781680382009825,0.9496799254547909
1771,20.65845455283889,971.0803178251147,1408.0023587344972,2.7873681698898447,0.9504807945814069
1772,20.711542765316334,970.2192503599658,1408.1362889752327,2.788045009815104,0.9505677304513566
1773,20.72272400691725,967.211964693224,1408.2713452086664,2.7859642912285048,0.9502672473155667
1774,20.784251469572002,965.5803803348348,1408.402609333767,2.7789777620773215,0.94925712322838
1775,20.74142390877607,969.1123577979727,1408.5368915533484,2.7781809149907954,0.9491329005838345
1776,20.681188209830513,971.6779276755466,1408.672463861015,2.7832219550883126,0.9498538301924421
1777,20.83059535151762,972.4232496892882,1408.8084046015556,2.7778017656909673,0.9490614072616151
1778,20.762788360206024,971.4477422360252,1408.9452297715545,2.7771976911159877,0.9489647586573624
1779,20.78332128118051,973.518818998071,1409.0724382345218,2.7765907141689814,0.9488680192035069
1780,20.79889356246577,972.1606936626617,1409.2003481102404,2.774158692447192,0.9485005750149405
1781,20.83366448334256,977.0297009731785,1409.3174455158721,2.772791048877587,0.9482896328639401
1782,20.975085613313514,975.2848585577334,1409.4351782418828,2.7608985221706708,0.9464584772263823
1783,20.951846080780612,977.2638562586361,1409.55318243386,2.7536192551868512,0.9452908883544121
1784,21.0,978.7404499579212,1409.6718958334568,2.745082850382314,0.9438803959032593
1785,21.0,981.3759235836619,1409.7887694315432,2.7394872546826736,0.9429287836013037
1786,20.89332301513122,980.2643844864763,1409.910279403232,2.7412954313763165,0.9432290911703417
1787,20.84792482341913,976.2467333686102,1410.0332019857192,2.7433928782172505,0.9435759346116703
1788,21.0,977.4517965350943,1410.1507717444808,2.735578578301772,0.9422360531075253
1789,20.793537549557808,981.0282942558254,1410.2745284623104,2.7452497098127897,0.9438729156406707
1790,20.987197849077848,984.1912007556433,1410.390856032564,2.742274536294725,0.9433665304631098
1791,20.862971723574674,981.0041714354088,1410.5116689985048,2.7461976094793887,0.9440170014128346
1792,20.81558406588488,980.0582213480526,1410.6344529134878,2.7521633726199934,0.9449912446371671
1793,20.921673185140307,981.5611319055838,1410.756853697447,2.7509564359194574,0.9447873018403731
1794,20.874167719924273,982.2903929421371,1410.8859518590443,2.7536250963582423,0.945213534689696
1795,20.89408819750601,980.6166732900125,1411.0150008102544,2.7534824298270544,0.9451828749856824
1796,21.0,977.1525640091137,1411.1479964269977,2.7439661806787377,0.9436068471915107
1797,20.99577002463948,977.0245685572627,1411.2807472339846,2.736084793090054,0.9422573795955518
1798,20.823325013138398,977.5161797736821,1411.4092014961227,2.741438833989241,0.9431655135967787
1799,20.83527342945279,977.846160790943,1411.5351218423339,2.745383969643414,0.9438213767195887
1800,20.958276590814,978.80338878163,1411.6666078681135,2.7409638732948953,0.9430699191999958
1801,20.901183653690126,982.1810693172143,1411.7856598204824,2.743222759154208,0.9434445533758112
1802,21.0,981.1111642271007,1411.914077926145,2.73773937874415,0.9425051571056184
1803,21.0,980.1307135222926,1412.0369071414834,2.7324608214515718,0.9415832076868497
1804,20.952358415233178,981.1814022442221,1412.1567993300803,2.7318803735703163,0.9414745445651878
1805,21.0,982.1153472052484,1412.2806019678776,2.7287309862740754,0.9409121467164476
1806,21.0,982.1603680226094,1412.4018510251285,2.726082370187208,0.9404334174359332
1807,20.853382330464804,983.0142782744175,1412.5246526883845,2.7343536732673566,0.94188466903122
1808,20.875316989536167,981.7611351070277,1412.6535732197804,2.7391010504072675,0.9426949824139406
1809,20.847566090271382,983.6376349280571,1412.7811410160778,2.7462083521033724,0.9438856320179718
1810,20.660959203810062,980.4698095056004,1412.904582923799,2.7629617574969294,0.9465772334739607
1811,20.86978621271481,980.2066025721052,1413.0272222870797,2.7628152124069376,0.9465471766034812
1812,21.0,982.814923312888,1413.1525499482311,2.7554663322330164,0.9453770320387361
1813,21.0,980.0978960152514,1413.2768899227763,2.747508056887672,0.9440722208691793
1814,20.914259649488542,977.6253057940222,1413.4084852453461,2.7450247088745856,0.9436514887828561
1815,20.762407248399143,979.086043683958,1413.5402239510222,2.7541752764483096,0.9451464651501081
1816,20.53552195347266,977.998952286303,1413.6727704339778,2.776719279889946,0.9486156574182387
1817,20.550072305799045,978.4946090825805,1413.8076023572007,2.7952030676035644,0.9512174894405736
1818,20.613464520652013,978.528363859358,1413.942152992247,2.8066185428380233,0.9527119766177253
1819,20.40533583027601,975.8176943660404,1414.073630675398,2.828787538821129,0.9553816966077746
1820,20.415419965198048,976.2015966738574,1414.2061192472236,2.847186314272503,0.9573535278996826
1821,20.518136110354305,975.8062179828659,1414.3368721073698,2.8555812153457047,0.9581755515806141
1822,20.52705531614319,976.9728655689588,1414.4574716055317,2.8628444713229415,0.9588490242282517
1823,20.665627648194814,975.6318929243139,1414.5882577755272,2.8587366503247513,0.9584605322714999
1824,20.732623384535387,969.866467368658,1414.7292369680322,2.8470503747314333,0.9573085779403919
1825,20.59339211081316,966.550724642952,1414.8737186915055,2.844509772300402,0.9570395415724999
1826,20.57746942407667,963.5582078476759,1415.0163188028214,2.841549309619756,0.956722261576384
1827,20.568646750525502,962.5244684062861,1415.1521840086582,2.8389824845619662,0.9564418150993033
1828,20.58113072125332,960.0,1415.2786292191827,2.83436010976032,0.9559329862518618
1829,20.42821832413393,960.6481695259087,1415.4064264892088,2.841252772224074,0.9566678129137589
1830,20.535350800553168,962.3716282838811,1415.535089256599,2.8409015926916372,0.9566230836038158
1831,20.599376946321172,960.0,1415.6547399102508,2.8347487837434198,0.95595332149993
1832,20.694632493138315,960.0,1415.7738597585264,2.8230319933991876,0.954616241419447
1833,20.775777969725624,960.6448284527443,1415.896473155123,2.8079529565762233,0.9527663635198041
1834,20.66885757748895,960.9356114451841,1416.0198154739162,2.8026002472732583,0.9520696826316037
1835,20.529212123454094,960.0,1416.1517316725153,2.8069708645750455,0.9526261428812747
1836,20.52676378477902,960.0,1416.2869603269462,2.810852621145337,0.9531089627891833
1837,20.605660440761064,960.0,1416.4146342141203,2.808779251957708,0.9528404405511721
1838,20.55195251120335,961.0535517179342,1416.5410382633436,2.811338135733402,0.9531546123574013
1839,20.72437940241062,965.324848254242,1416.6620861774923,2.804461832469401,0.9522735002586583
1840,20.85687668019833,965.1332774644094,1416.7824703381714,2.7894732204800623,0.9502560577196599
1841,20.765515544786545,965.5731935738927,1416.895377854116,2.7832317407596414,0.9493698389065776
1842,20.751484043430366,965.9825416394032,1417.013107391624,2.779139917520911,0.9487727874848921
1843,20.8425706188575,967.7868491966502,1417.1315415548195,2.770595585742468,0.9474992508895629
1844,20.88281216493586,967.861521040948,1417.2539005841752,2.760639497704763,0.9459578666837218
1845,20.854665011000325,972.8192909557224,1417.3762540150813,2.7572170391020316,0.9454088362962875
1846,20.698876723194,973.1829017468856,1417.4943454965305,2.7651462064877532,0.9466459359098665
1847,20.67747441415364,971.8557025895622,1417.606940433744,2.7725073605421513,0.9477586485630294
1848,20.798632649768773,971.3305553391032,1417.7188257175335,2.77018262287521,0.9474022655103431
1849,20.821724901793647,971.8153903837799,1417.8338455565322,2.7669394595735626,0.9469017922332227
1850,21.0,973.4258650887654,1417.943157345768,2.7530568356434504,0.9447069731705222
1851,20.91946905829308,971.4032500889532,1418.0627704129977,2.7454665149832147,0.9434522033542672
1852,20.862418349640876,967.4609724560858,1418.1921792923777,2.740416260772523,0.9425944458715864
1853,20.85673186096064,968.0756193444225,1418.3164427850952,2.736898022112211,0.9419854953085703
1854,20.787622120102572,968.9101606077583,1418.4398268524915,2.7391396535992816,0.9423625068954653
1855,20.79696260820182,968.2964027513881,1418.5680404147406,2.7400222856742196,0.9425054253344676
1856,20.87386053833501,970.2806488487558,1418.6958757141867,2.7367858489371883,0.9419439604286912
1857,20.863587611022755,971.6513433325746,1418.8211683984757,2.7355980015854824,0.9417316655446465
1858,20.914215611143298,971.3457216331094,1418.9384600936837,2.7309480228576604,0.9409140366064508
1859,20.929157893243055,971.5506850333952,1419.0541717822655,2.7261070984701985,0.940048964053977
1860,20.860810127064337,971.6846068712097,1419.1761279669308,2.7267311663754494,0.9401532971240047
1861,20.66111379393821,967.3458140398016,1419.3044503488893,2.738127504897015,0.9421387451289185
1862,20.614260411491028,971.8689544585449,1419.438679906885,2.7538546864488067,0.9447481665913602
1863,20.628865319391473,969.778354764126,1419.5707890045483,2.764911118732326,0.946487404344872
1864,20.687808463402586,970.4496424013427,1419.6992179282115,2.770717969277607,0.9473664453611638
1865,20.452095725606803,972.6415653851212,1419.827894181814,2.793086741164769,0.950573864813652
1866,20.488822403676654,974.0184234771932,1419.9521678477947,2.810466531090305,0.9528433924087325
1867,20.440966020456443,973.0987483427132,1420.0783281437366,2.8279189768895847,0.9549261928743608
1868,20.533128205733124,971.9575010620814,1420.2086027992627,2.8357583252148326,0.9557930548881106
1869,20.49639901975018,969.447297111586,1420.3407249869786,2.8433416003679195,0.9565931392828678
1870,20.442146408537987,969.8422168894808,1420.47554091,2.8537307865316675,0.9576310157716466
1871,20.402359997798214,969.2710200230753,1420.6119615500613,2.864911195316396,0.9586694320292016
1872,20.303161884862615,967.0783439059284,1420.7476654958082,2.879788548320527,0.9599264738443415
1873,20.276182986914623,966.4413402224491,1420.8743482738012,2.8938702490037054,0.9609818322573501
1874,20.289472954064507,967.032627639022,1420.9982099589297,2.9053071588939403,0.9617411089699841
1875,20.43711585531453,966.3777504666687,1421.1221389073357,2.904561478106931,0.9616863530649213
1876,20.52819616873255,963.1169667789345,1421.2507198622573,2.8956707863709337,0.961085785728939
1877,20.584530388606762,968.1871427314348,1421.3629989420078,2.887471548871977,0.9604859021538186
1878,20.544907765515607,970.5583149360748,1421.4753343341856,2.8846943361192947,0.960268194896098
1879,20.509833779357443,969.8166606244816,1421.5860725073053,2.884255001520582,0.9602277364015099
1880,20.524361754689227,972.1909075391382,1421.699254240371,2.8843879875478153,0.9602312351788629
1881,20.536610542741435,972.4638954626496,1421.8102259637644,2.88383886559642,0.9601821748094491
1882,20.753957359678235,971.0848589688237,1421.917740210149,2.867702000713228,0.958839988943269
1883,20.87561368950394,968.3646249279991,1422.0241083840658,2.843987122055665,0.9565600285849637
1884,20.778875533066014,962.8831811603203,1422.1302608340286,2.8269640340765214,0.9546950814375247
1885,20.68099392061174,966.2509565645983,1422.2328398247118,2.8212818456070803,0.9540266616723777
1886,20.699857419245387,963.4251236862244,1422.3379574144205,2.813387106437729,0.9530654929227511
1887,20.705753960824367,962.8643742816162,1422.4504673476008,2.8059217515373485,0.9521188054290104
1888,20.841533525007215,960.5325896327353,1422.5678308443519,2.788860587222378,0.9498290367648151
1889,20.788897841384507,960.3578016281391,1422.688058724788,2.7778329711664638,0.9482473483488342
1890,20.849330850854454,960.0,1422.8057052253941,2.764118594548306,0.946174363959294
1891,20.822983299512636,962.2072498976046,1422.9196790480812,2.7556462101047403,0.9448318961437405
1892,20.77435151362443,963.2597896334842,1423.0336658150773,2.7524196079803005,0.9443046121833943
1893,20.919975877253698,964.45174713418,1423.1457870455295,2.740510910236812,0.9423201776133786
1894,20.99270730763476,966.9129579257007,1423.265479844325,2.7269860695445547,0.9399596625812285
1895,21.0,966.6277643942109,1423.390753912284,2.7148136506812244,0.9377373669992658
1896,21.0,968.1248088985571,1423.5096340674659,2.7054102326851317,0.9359569761093011
1897,20.990265909574855,970.8342384143774,1423.6212981937986,2.6997871595413723,0.9348641625199917
1898,20.962350952080097,970.6441977365705,1423.7340301157276,2.6967888303475513,0.9342704983611513
1899,21.0,970.7428613907086,1423.846418338662,2.6917385084715653,0.9332627218519748
1900,21.0,969.8796781141076,1423.9658532729734,2.686901929412718,0.932282452064907
1901,21.0,974.5586415075373,1424.0787988720163,2.6857385841505588,0.9320396791935144
1902,20.906191934857464,973.7561366501491,1424.1961311307348,2.6906324918537754,0.9330210903517436
1903,21.0,971.9112831098695,1424.31277577788,2.6872417264349266,0.9323311756973658
1904,21.0,969.8810388764329,1424.42842478233,2.6830805219618403,0.9314766273986427
1905,21.0,967.4665849665596,1424.5528326909607,2.6780223921964965,0.9304248107469182
1906,21.0,964.9723536782981,1424.682454831305,2.6721516161843497,0.9291856500021828
1907,21.0,964.4802609824125,1424.8124988621057,2.666851438175617,0.9280485134440098
1908,20.955901139864803,962.0545040772242,1424.9445791420874,2.6638211923931325,0.9273875498766548
1909,20.96985057809873,962.5908039454501,1425.075412555661,2.660633395651273,0.926686818720222
1910,20.91834711878987,963.4863655521563,1425.204491737392,2.66199535781185,0.9269762694818179
1911,20.90940514550013,962.4111152298148,1425.3362934609124,2.663084566326297,0.9272053106965717
1912,20.80926781634746,962.2197226007582,1425.469207633478,2.6707091683225683,0.9288344182472683
1913,20.65356859358132,964.5879671766018,1425.602039192895,2.689285191172554,0.9326689029877185
1914,20.679616483028703,962.938600059419,1425.731859370579,2.7022618480398504,0.9352218234461086
1915,20.73952088725751,960.0,1425.868315625712,2.707361198411636,0.9361919987864178
1916,20.718972078617153,964.2003855459612,1426.0017626661079,2.715741262990018,0.9377570480643336
1917,20.59314710337944,965.9969891445219,1426.1352074893189,2.7325648589624243,0.9407762546222909
1918,20.54110059304619,966.0064959661157,1426.2695560089735,2.750415272190268,0.9437879383014153
1919,20.516748462844152,967.2589463989498,1426.4035550154251,2.7680355472733793,0.9465647264464461
1920,20.427171293563475,969.0539849005844,1426.535171860788,2.7902438605780677,0.9497866396755976
1921,20.22513108722921,969.7867308310769,1426.669168191303,2.8233414948746267,0.9540058472230052
1922,20.122150874317896,968.7152719502,1426.8029152835738,2.8578124174310098,0.9576455986536997
1923,20.166473368805516,968.5045190882444,1426.9364229469309,2.8839615654262967,0.9598855364288507
1924,20.092748500784523,970.1047796476691,1427.064544076152,2.912217168886958,0.961799258877177
1925,20.16719211719126,969.86207324821,1427.1847172036807,2.9310119165195614,0.9627765612982078
1926,20.024019509630957,971.2563738503769,1427.3062334510232,2.9576159159614965,0.9637602894485447
1927,20.08463733949948,968.5687814378238,1427.4324168163344,2.974408058053186,0.9641347739289398
1928,20.19577995504267,970.3650672793411,1427.5552361852679,2.9822442267927873,0.9642411266234674
1929,20.18950987141872,970.8893287929013,1427.6713835791782,2.989662247669782,0.9643039335727571
1930,20.172665352135095,970.9190323890493,1427.7849799752855,2.9971333904440156,0.9643301496923067
1931,20.155206663237706,969.3716489690196,1427.898648998222,3.003697946961408,0.9643215022593091
1932,20.07262584484533,968.410352175045,1428.009121903435,3.0142959567535077,0.9642510237978973
1933,20.056537520560177,967.3652720210092,1428.1104118341184,3.0237414794635695,0.964124663618105
1934,19.932113046569288,966.8477001537904,1428.2077061693801,3.0399174101695534,0.96377416877425
1935,19.881188008134387,968.3096250316661,1428.3060924300698,3.0580559590601184,0.9631737621876872
1936,19.886277227551908,970.1048597175253,1428.3990293297359,3.0742581476268565,0.962451508265673
1937,19.8052790994012,968.3774971360845,1428.4972810081429,3.0924577420093393,0.9614321946495061
1938,19.75460802696623,971.4618760856689,1428.5858350005874,3.1133212560055092,0.9599947467844687
1939,19.4169152437681,968.8375258069094,1428.681060651347,3.1523987807624283,0.9565341030769196
1940,19.570976524226797,970.8374792978885,1428.7782973156254,3.176383074305889,0.9539128701460118
1941,19.48816404968129,967.9142372629899,1428.8774057464777,3.200567610852393,0.9508922558130922
1942,19.639543953867697,967.8281437658655,1428.9742154709,3.210761256538639,0.9495031562866789
1943,19.65681570584838,968.8747644400667,1429.068835136915,3.2189090200868105,0.9483440830869004
1944,19.635039399077428,969.2637702422786,1429.158842584467,3.2275626592492515,0.9470674003492934
1945,19.758131894594797,971.2492843961577,1429.2454586999654,3.2277865275095374,0.9470287751090121
1946,19.983641357644863,971.70592294788,1429.3243639033847,3.212907303384656,0.9491827657536372
1947,19.983413159461925,970.7431596601417,1429.4019129673645,3.1996689623034897,0.9509799786787428
1948,20.086988256967814,970.5650231115131,1429.4796175071417,3.181250682218711,0.9532948481679459
1949,20.059045592196124,971.2752360046387,1429.5532628805913,3.1679454737402706,0.9548296058781115
1950,20.41512802513477,971.6410552572689,1429.6224237314552,3.1326172989796315,0.9583523610422886
1951,20.44279032755658,973.8676687210445,1429.6734976546925,3.1021073141203415,0.9607353240909953
1952,20.32097071564089,974.2222099683187,1429.7329953741719,3.0846931035471865,0.9618175340092511
1953,20.41012350918039,974.9023869018034,1429.7874938929374,3.06424823078806,0.962831757187558
1954,20.371441537112425,973.4664565994946,1429.8510699619922,3.0485996951501764,0.9634184980383358
1955,20.4747777401357,974.6495248391369,1429.9139718982206,3.029006577423065,0.9639235137953426
1956,20.505240261671155,969.3524350678606,1429.980047801078,3.0069407630825515,0.9641850689287141
1957,20.405559012867027,968.536254122765,1430.0535447832228,2.994458919941266,0.9641865081032741
1958,20.506415973692686,969.1105640093505,1430.1369024457977,2.977342809467495,0.9640199379062563
1959,20.540485631553327,971.0580522358766,1430.2182977476907,2.9617008894471915,0.9636959541015392
1960,20.375418311099246,970.9642845764314,1430.3059749078056,2.959587268327406,0.9636350288897703
1961,20.299880535932918,975.228312408995,1430.3893029859075,2.9656211503989303,0.9637810405411976
1962,20.384552579612794,975.4903308927996,1430.4893358434929,2.965148855629923,0.9637640992479913
1963,20.308651449120447,972.9721429956455,1430.5932728393927,2.9683298136875886,0.9638286782141524
1964,20.158882687537012,969.5398055092493,1430.6950324517732,2.9790705080840065,0.9640116621899417
1965,20.215044894797742,970.0849017482144,1430.800283859991,2.984718862637054,0.9640738117710826
1966,20.345713110620903,968.638772474895,1430.9037596093242,2.979710397067396,0.96400796901213
1967,20.22125177626126,967.6338941773893,1431.0139927063385,2.98329594487565,0.9640457554587882
1968,20.171662129320755,970.2916338580952,1431.1238720673755,2.991395091468159,0.9641077802631719
1969,20.169466149157255,970.2480696270119,1431.2287997769217,2.9984014668553436,0.9641254165832842
1970,20.0250427200605,968.5434975056176,1431.3410034173114,3.013118241019461,0.9640619326126274
1971,20.020811576067572,967.8372737804389,1431.455313947542,3.025470719018016,0.9638955266783847
1972,20.027449505020012,971.0045759215624,1431.5586362920249,3.037513682704035,0.9636354981904399
1973,20.12974998847389,972.9979404025311,1431.6557241615849,3.0420393585369525,0.9635092191190884
1974,20.041186917746774,975.99045424593,1431.7550059936243,3.05380261183279,0.9631261638222249
1975,20.21233914500063,976.8466672191689,1431.848521009883,3.0526853246314047,0.9631603474981874
1976,20.159309662629106,973.5022997436746,1431.9376633317115,3.053239986750167,0.9631353556962714
1977,20.066640695905132,973.9390938918741,1432.029744407051,3.0602973864983833,0.9628619098748797
1978,20.02399511176327,974.79999413982,1432.1277024025308,3.0697427077206334,0.9624454858245811
1979,19.992118732610532,975.3615642104609,1432.2190390777985,3.0802958013243513,0.9619110286803362
1980,19.959540281377517,974.4389681440823,1432.3086642323785,3.0909032878946614,0.961299322080121
1981,19.99598579693895,972.7542098839624,1432.3991226921576,3.096376314165816,0.960951848435464
1982,19.86795759618622,974.1120970781051,1432.4819186418065,3.110602575899868,0.9599649186816254
1983,20.020921832230787,969.4531341488588,1432.5671587072318,3.109342887253752,0.9600521808003246
1984,20.17362670416791,972.2404999581001,1432.6494745309212,3.0996289905854577,0.9607241778961784
1985,19.987547845096696,969.9320702438916,1432.7399630146704,3.1025898380002057,0.9605190588999399
1986,19.994926340283826,968.701795385316,1432.826930834503,3.103829009619595,0.960428555221873
1987,19.997324059860013,967.66290582421,1432.9231221813652,3.104064520369441,0.9604064778684603
1988,20.043626590611623,966.0143569579944,1433.0177026668064,3.10007291637691,0.960672588121698
1989,20.094080700542932,965.5836737009217,1433.1077504387188,3.0929727976449803,0.9611245128544829
1990,20.278907416117278,968.4153605564418,1433.1922689087312,3.076134960111205,0.9620701699492193
1991,20.43598460949978,969.2657492629659,1433.2736839679053,3.0516615862232577,0.9631106427917979
1992,20.505625557086027,968.1463801555072,1433.3541359709404,3.02541146735018,0.9637826319288466
1993,20.670566559187446,966.1689935008751,1433.436967913746,2.9906206304725393,0.9639643361898006
1994,20.910737450610156,965.3236406252116,1433.5122934933736,2.9441602091089902,0.9629461473721825
1995,20.864038450669586,968.2969329653376,1433.5926319384246,2.9097222270202057,0.9612603307447791
1996,20.844240675474666,967.1048938461987,1433.6811309735212,2.881047186090455,0.9592546071326958
1997,20.92767872689643,966.1435508614151,1433.7601039369076,2.8503856239179313,0.9565110576017299
1998,20.88408312468877,960.7992138462248,1433.8434919612232,2.823925224262058,0.9536482042009359
1999,20.783109591367435,960.0,1433.9278906026434,2.807806677450627,0.9516796718018381
2000,20.64644643016799,960.0,1434.0153266549128,2.8034126739385927,0.9511101637347994
2001,20.93658989467944,960.9886897085331,1434.101753372635,2.78054187553651,0.947967856963544
2002,20.913100450431315,961.1156014355834,1434.19668648975,2.7627812824360785,0.945296295552224
2003,20.94459997606076,962.6382714502579,1434.297246259562,2.746498942714591,0.942671467213887
2004,20.964177270961404,963.0227525373359,1434.400172110452,2.7315679632534526,0.9401181239196219
2005,21.0,967.6927120577733,1434.506579864001,2.719379177361832,0.9379298849943358
2006,20.9383263267637,963.7829418341578,1434.6279354398948,2.7107555312604683,0.9363237308549393
2007,20.882757583567713,965.0781065505429,1434.746151290269,2.7080256172572787,0.9358011383184998
2008,20.832914542485106,964.6536261775817,1434.8640429400825,2.7088320788173275,0.9359470916140252
2009,20.800467724297405,961.653709528471,1434.9886388455545,2.7098372519730116,0.9361297496193863
2010,20.773260954525114,962.055934206774,1435.1109943117367,2.7127978317241674,0.936678391329782
2011,20.824537064622213,960.1132560914525,1435.2294561859728,2.7105985342023846,0.9362591394630064
2012,20.904507480181667,960.0,1435.3403981926538,2.703211794671655,0.9348460916081659
2013,21.0,960.0,1435.46423466748,2.690430025470907,0.932326534531913
2014,20.950835225351998,960.9780041312572,1435.5860922439656,2.683529785406492,0.9309220872359223
2015,21.0,960.4122195897914,1435.7091001870883,2.6739600159370864,0.9289296162057876
2016,20.990752478500664,960.519807167661,1435.8326200556373,2.666523248276255,0.9273418543353236
2017,21.0,960.0,1435.9578240679893,2.6592447610348167,0.9257558361104905
2018,20.991099538050968,960.5311423193508,1436.0793199576542,2.653998787999514,0.9245915026376339
2019,21.0,960.0663184748412,1436.19808764251,2.648640750438737,0.9233858975147217
2020,21.0,960.0,1436.3141790629784,2.644044637872926,0.9223375167594922
2021,21.0,962.96669205794,1436.4260871192266,2.6420069581884893,0.9218653042133148
2022,21.0,963.7387604749242,1436.5358984077193,2.6407613335594182,0.9215730778339436
2023,20.947129246763936,966.2193710711468,1436.6466666613585,2.644865835595704,0.9225054531946696
2024,21.0,964.5063106613558,1436.7622225301536,2.6436749359730025,0.9222274639167918
2025,20.877028238037564,961.197311845038,1436.8861618100002,2.648952379029068,0.9234165255751631
2026,20.87301245958966,962.8212495278625,1437.0065895602904,2.6547347608792053,0.9247014662807792
2027,20.863471506826958,963.5543572105979,1437.1290757221436,2.6607613821750853,0.9260198750841959
2028,20.844336232142954,963.9733527363531,1437.2511189662378,2.6674510896637895,0.9274589531402384
2029,20.70070265313788,963.0584256099764,1437.375952801666,2.6823423836698166,0.9305750390774309
2030,20.67939448050355,964.3938200338258,1437.499954822416,2.6972923686183625,0.9335693889412539
2031,20.72834126465641,968.5746171326821,1437.621027385573,2.709300481996096,0.9358750332912421
2032,20.872327808042556,967.1077379644244,1437.74215206832,2.708777760886571,0.9357691357160847
2033,20.862402668979637,965.902319503603,1437.8642205585525,2.708249936283342,0.9356620500940882
2034,20.706280740568648,967.3728506025773,1437.9865545848772,2.7193596232877395,0.9377231449263289
2035,20.56851003164962,968.0847269567466,1438.1073378834624,2.73863352462199,0.941123635160734
2036,20.77118697036983,965.8806719816332,1438.2309936179965,2.739825486594935,0.9413195545780638
2037,20.812741034805057,965.8495089291426,1438.3481994091367,2.7379891897608304,0.9409993305570379
2038,20.671300118058824,964.7170153244659,1438.4673170108738,2.7453469929113132,0.942235252678513
2039,20.83975161719304,967.8725663969226,1438.5819875604404,2.742117575673831,0.9416871645666994
2040,21.0,968.5866747930187,1438.6934496145072,2.728909544442358,0.9393989430463766
2041,21.0,972.2581220572702,1438.7944704141723,2.7199957296720845,0.9377920970113994
2042,21.0,972.4787846234418,1438.893911553964,2.7125580045340403,0.9364130139920762
2043,20.952385549402273,969.4721255506149,1438.9982750619024,2.7075842870365268,0.9354696753940438
2044,21.0,966.2115642837409,1439.1115516440336,2.6980599294798044,0.9336261603514467
2045,20.98169943058389,964.7486255756713,1439.2252657213237,2.690288842947744,0.932079961413278
2046,20.85027859327255,964.1583878858331,1439.3327584498518,2.6922613286717967,0.9324679671737967
2047,20.97564437717679,960.1715594118593,1439.43545100065,2.6828888297147593,0.9305677944639094
2048,20.857468842270347,960.3862637693229,1439.5486131770901,2.6831052232736083,0.9306055679958939
2049,20.83447117528515,960.6163221081108,1439.6637756305765,2.6850002356737583,0.9309859004031962
2050,20.99479986132734,960.0,1439.7709252520558,2.6753043297663024,0.9289768697346042
2051,21.0,960.0,1439.885794309084,2.666708680301357,0.9271476774761073
2052,21.0,961.4028440071453,1440.0069512548419,2.6602861699806546,0.9257502487533518
2053,21.0,963.6737957685605,1440.1259780318544,2.6562577358177495,0.9248588069882462
2054,20.845770634472554,963.9714078347737,1440.2460988279568,2.6635240821734136,0.9264404974919653
2055,20.86779024775786,963.7539747044713,1440.3640336923454,2.668063958038908,0.9274103439628372
2056,20.936116894860227,962.8680199380199,1440.4843855072902,2.666711656354043,0.9271137595135536
2057,21.0,962.4053757611451,1440.6034236544713,2.6609202946304578,0.9258542323416232
2058,21.0,962.0416708856064,1440.716032336377,2.655768503093821,0.9247167509070587
2059,21.0,961.3885931337841,1440.8349784878953,2.6509780413040316,0.9236442089226283
2060,20.88448531958028,962.2195141810644,1440.948410454425,2.6552961787790803,0.9245988972143757
2061,20.680668735400197,964.9368587463333,1441.0607266015886,2.6745584320916547,0.9287458674856953
2062,20.427099241107253,965.6360304258745,1441.1835037532012,2.7086399081268033,0.9355425578779537
2063,20.409167321416216,967.9781515155879,1441.3058565093686,2.740305862774159,0.9412209607423103
2064,20.60447579056991,968.2452656104722,1441.4269418220294,2.7540896993548216,0.9434942183977001
2065,20.587279976209985,965.8231434790284,1441.550413208714,2.765451058463486,0.9452769181483788
2066,20.613194955959298,965.8582061650861,1441.6662553560361,2.773365493077139,0.9464688592127435
2067,20.70438537587321,966.0286038534831,1441.7823152625826,2.773990045446297,0.9465549277741689
2068,20.788050201040345,963.0960734110847,1441.9032188554706,2.7669758461874885,0.945490179327656
2069,20.89613770548997,961.757772248725,1442.027023438467,2.752809888032195,0.9432522503008288
2070,20.97652596186518,960.0,1442.1509584125117,2.734186986824347,0.9401211989853817
2071,21.0,963.6156619834372,1442.2711168457856,2.7190368058502603,0.9374139942182572
2072,21.0,962.6496128047894,1442.3858132111136,2.7055505410397385,0.9348848520192014
2073,20.904616261276345,964.4909428081305,1442.4894764135477,2.701742886459981,0.9341465151037845
2074,20.685372947375093,961.6285156644456,1442.584936691723,2.7116335206433404,0.9360247892030674
2075,20.698278385528152,963.0775028017239,1442.6784859183895,2.720074561257458,0.9375796842407289
2076,20.540462179376348,964.680374814641,1442.7820231864216,2.739006538786534,0.9409133844110921
2077,20.371906692952532,961.0844971965047,1442.8896449003869,2.764311945412284,0.9450223029170614
2078,20.426861372519994,960.0,1442.9994720310588,2.7813958941318297,0.9475659285783182
2079,20.31885767560391,960.0,1443.115099791229,2.803272302303429,0.9505532324702911
2080,20.29379965891899,960.6850086080519,1443.2349079315245,2.824005255608604,0.953100077104267
2081,20.355253613721047,960.0,1443.3603548176118,2.83701169617291,0.9545528280910452
2082,20.294260864703016,960.0,1443.4904432098738,2.852220776860698,0.9561129244739839
2083,20.28862324739546,960.0,1443.621893138856,2.8655324171839625,0.9573532191528561
2084,20.198844633731674,963.1339153406069,1443.751696475681,2.8849356017138232,0.9589562756880244
2085,20.139703382507946,961.322628461786,1443.8789018699024,2.9043147170388837,0.9603095329682203
2086,20.20438114147835,962.4194638024206,1443.9939741380413,2.9170734159439005,0.9610628090739239
2087,20.16643644318293,963.0323306521033,1444.1095221217213,2.930888450082383,0.9617570557907184
2088,20.043627659221194,963.3763891644774,1444.2179839842406,2.951211264150683,0.9625510367387321
2089,19.993849998541734,966.895854973645,1444.3156312113713,2.974092778260785,0.9631165816051612
2090,19.969404303540905,963.8055086106543,1444.4186835095088,2.9932598988752437,0.9633196835173525
2091,19.983282999992976,964.8531028101646,1444.5153026637195,3.009266796514839,0.9633003584986434
2092,20.050435294055326,965.0411227681863,1444.609896043885,3.0184180408564028,0.9632099467251234
2093,20.01391754174839,960.7513837293518,1444.711182917912,3.0259809218843685,0.9630915752059364
2094,19.960121214799305,960.0,1444.8103015142294,3.0355995288738806,0.9628875758571694
2095,20.099435890528465,960.1432771309491,1444.9079424550773,3.034378279990308,0.9629102926870658
2096,20.104289892106745,960.0,1445.0011765271538,3.032919396339292,0.9629375270122048
2097,20.198025077013444,960.0,1445.090817436066,3.025295979143783,0.9630805472157475
2098,19.930668622783774,961.0764675295438,1445.1845272008334,3.0377012236042527,0.9628136283762921
2099,19.8516716236035,960.0,1445.2775812692116,3.0529472024962163,0.9623461365644571
2100,19.764417986660046,964.096769519709,1445.3614605018615,3.0744292220276512,0.9614272176761243
2101,19.810469019085144,960.4800713424155,1445.445246578118,3.087274343469527,0.9607290571294305
2102,19.75664440229711,960.1501628967085,1445.5281689659423,3.101650310777591,0.9598185142570136
2103,19.63186030109795,960.0,1445.612339611879,3.122273077656182,0.9582757077604902
2104,19.55058544778514,960.0,1445.699839011877,3.1453372470135865,0.9562189873656755
2105,19.308338857768597,960.0,1445.7862904431488,3.181438783747507,0.9523049860746855
2106,19.32474738411073,960.0,1445.8689617719967,3.21100766932744,0.9484707586879905
2107,19.471745723806542,960.0,1445.95685238637,3.2261306351370984,0.9462909301950894
2108,19.523521284804094,960.4656276106467,1446.0438030450466,3.235752585766082,0.9448266880132115
2109,19.622982517680573,961.941287250303,1446.1332807321214,3.2380875994148135,0.9444585151392749
2110,19.745974431881237,962.6566834030978,1446.2082121942233,3.2321473112354306,0.9453705834834363
2111,19.78774385916757,963.6397340794126,1446.2783312161928,3.2248728902108343,0.9464583778567763
2112,19.918000336884802,961.9132682085562,1446.345124781007,3.2087314927087442,0.9487573122097677
2113,19.790418711999905,960.0,1446.4168439163407,3.202494254515239,0.9495984045629438
2114,19.708302227150806,960.0,1446.486438904173,3.202784734668983,0.9495554722062043
2115,19.66492926605224,960.0,1446.5500300047051,3.2059853414504778,0.9491204510993426
2116,19.577366898532993,960.0,1446.6099068572564,3.214668854442809,0.9479138919226658
2117,19.6059754979424,961.7893019720644,1446.6558587345448,3.2212288551089108,0.9469704852886948
2118,19.702288068481625,963.1075320630205,1446.7008141815677,3.2210764545786783,0.9469899978366456
2119,19.53612691870035,960.789839624211,1446.7557759904166,3.2308023421916356,0.9455427419644697
2120,19.703675731281475,961.4575680825039,1446.81159379065,3.2280799414545993,0.945949691159692
2121,19.688527563836065,963.1381295621957,1446.8710074745986,3.2278562447633568,0.9459796901854834
2122,19.71493985670696,961.5792504485238,1446.937654438103,3.2248853315896793,0.9464176681790228
2123,19.659910469884167,962.1882273649329,1447.0061557417855,3.2264912120920233,0.9461754601921211
2124,19.63264412668124,960.4659555303733,1447.0825880914047,3.2286280172353625,0.9458515118213192
2125,19.82699538041252,960.0,1447.152042522633,3.2169154292439655,0.9475628180836665
2126,19.935740627446485,960.0,1447.2171803865897,3.199554178128265,0.9499408722977137
2127,19.889391842642564,961.8200987134668,1447.2792775418363,3.1891001291145504,0.9512782841713069
2128,19.78503425383747,961.9720895936027,1447.3376771459148,3.1874166935050057,0.95148420680997
2129,19.9021940913954,963.7417423866515,1447.3953861494472,3.1791220695588183,0.9524857569428813
2130,19.83247322235053,964.6267621074252,1447.4576270572402,3.177377192810602,0.9526878113825239
2131,19.697897523166926,967.379334523323,1447.5100181628347,3.1867927733110375,0.9515511292488339
2132,19.66463001156713,965.6085307500143,1447.5720895005045,3.195945927899169,0.9503906797971569
2133,19.649754464728684,968.8159543898748,1447.630473109958,3.2067598109318913,0.9489512402210701
2134,19.52541505340675,968.6812490120153,1447.6905460435912,3.2243342610326775,0.9464546304504087
2135,19.42143926989521,968.341521293064,1447.748103518627,3.2461392660125425,0.9430859360993732
2136,19.36451929063585,968.6596352157851,1447.8035414255194,3.2687501826043044,0.9392780533441424
2137,19.17893396879277,966.5625589238315,1447.8703661215568,3.299286664060885,0.9336340251708827
2138,19.20569440941231,966.319049533035,1447.9414203199883,3.323266876376586,0.9288027862180797
2139,19.406853446918795,968.10430273929,1448.0067926139054,3.3310758359106805,0.9271525766254844
2140,19.398296226324504,964.7705452557411,1448.0695441583105,3.3361959310224965,0.926049743253592
2141,19.2714099206687,968.3906968586533,1448.1351981754274,3.351469664792535,0.9226748614813334
2142,19.26911254855652,967.0745327775667,1448.197834243423,3.3637796061668226,0.9198547969711771
2143,19.22378045692532,968.8977692101853,1448.2518197675051,3.378478810727602,0.9163735244446539
2144,19.155660727175775,965.8075525164547,1448.3063581954427,3.393665251683158,0.9126469304324626
2145,19.289367209872015,965.8829334395003,1448.3588712308829,3.397515805005285,0.911679053766196
2146,19.36234422908544,968.20329929609,1448.4027785631365,3.3972808708103104,0.9117356704809405
2147,19.38269464988936,970.1481655649452,1448.4397881916188,3.396920578837214,0.9118241587470458
2148,19.603523857254217,971.5576634882425,1448.4720107560968,3.3824638453302125,0.9153966155431629
2149,19.678049326508102,969.848218599951,1448.4969428276995,3.364023487113448,0.9197809676604216
2150,19.654311647585075,969.876566492989,1448.5240210643442,3.34998357773647,0.9229865276008326
2151,19.504748029401107,967.8511325091001,1448.5638869623212,3.3469589137545173,0.923660061134674
2152,19.67851234014238,970.2486507645197,1448.6006956636006,3.334065036309291,0.9264784478610124
2153,19.68436093946966,969.7467008545574,1448.6321498053483,3.3223907224233846,0.9289452666897406
2154,19.71780737413692,969.6437706777195,1448.6638745618077,3.310125007408116,0.9314492287502124
2155,19.693929096099914,967.7362398732278,1448.6955387848536,3.300123515972628,0.9334234398633613
2156,19.73158567159288,967.0901220290631,1448.7245832577244,3.288650781219568,0.9356135998404275
2157,19.729739405573508,969.5792450615075,1448.7584744530407,3.2805928349058266,0.9371029467950877
2158,19.735873852002925,969.9426266024443,1448.7958826909305,3.2735547551080932,0.9383706570180398
2159,19.762778706931705,969.757571061077,1448.8345474336663,3.265623581668309,0.9397627512362651
2160,19.66878978867789,973.1162139866955,1448.8818958872546,3.267398674620716,0.9394512912115643
2161,19.619320625379856,971.6984171336268,1448.9342666776254,3.271383141633425,0.9387482201551295
2162,19.752230273493065,975.1930088341701,1448.9817039962456,3.2679203843290607,0.9393543535002772
2163,19.717066621537086,971.6128917361366,1449.0250595057107,3.265116211546792,0.9398394685220575
2164,19.745132812308245,972.266930779897,1449.0763737436687,3.261233401687917,0.940503630560095
2165,19.872218618314896,975.1044091913344,1449.1250624511197,3.2510660813180254,0.9422032884816112
2166,19.91114018351361,973.823605014016,1449.176603236131,3.2389663937818747,0.9441420289384095
2167,19.90591453523668,975.7765713830959,1449.2256540777078,3.230267894836326,0.9454781584025957
2168,19.75729760985748,978.8242607609551,1449.2748976077569,3.234915027658984,0.9447658374984059
2169,19.546841485458497,979.1155780802263,1449.3246033335936,3.2533806825409552,0.9418096747312105
2170,19.619230182750623,978.0668193175312,1449.3745294859461,3.2634861008845393,0.940100236640977
2171,19.71354315621372,974.6030507807876,1449.4279475259898,3.2634708188056,0.9400997365801369
2172,19.681975799641748,976.6338905692573,1449.4750831878555,3.266886995087789,0.9395057507602428
2173,19.740317107236034,976.4659428066874,1449.5195065210492,3.26571189479006,0.9397073374951248
2174,19.706725160239536,974.8963697243805,1449.5720003660576,3.266011840085598,0.9396522268347015
2175,19.753107091183153,974.202569539,1449.6230930837612,3.2626710899727556,0.9402256645564625
2176,19.487065070722934,975.7224437838978,1449.6755374678232,3.278906434744466,0.9373564513459485
2177,19.593758337560853,972.7942971985116,1449.7356866503007,3.283595933979964,0.9364947897517499
2178,19.7096265486744,974.855564919748,1449.7952686814726,3.280989981817684,0.9369698537626988
2179,19.827559229333303,975.3076768455305,1449.8537308022496,3.2710285374401176,0.938757138217577
2180,19.907058653762572,973.3160863038846,1449.9064975827328,3.255892696874316,0.9413572850078052
2181,19.895797439339997,973.7671498047215,1449.9489889075305,3.244078291101089,0.9432874863178693
2182,19.742567640512103,977.985937498926,1449.99249310708,3.247128831741375,0.942794271483808
2183,19.847075794836545,976.7972799456227,1450.0410637839188,3.241855931717542,0.9436358459843279
2184,19.960267474599483,980.1545642776746,1450.084800604121,3.231780702434621,0.9451981177606527
2185,19.731512118549258,977.4304133688337,1450.1351066385198,3.2370787822185885,0.9443802578048534
2186,19.762651364821384,977.2045451805743,1450.183595683424,3.239319270405226,0.9440274714000991
2187,19.76968768663278,978.053730459293,1450.2335134120704,3.2412794985741042,0.9437157838326502
2188,19.610016396062115,975.4888461469674,1450.2731079528864,3.252203430288748,0.9419486683664163
2189,19.643454802701402,979.6895129556245,1450.3138372315539,3.2618580368435137,0.9403244338154761
2190,19.69504108053251,980.2965282415774,1450.3591902643893,3.2669338465249167,0.9394458418999194
2191,19.748816264360293,983.1917316620617,1450.4074432295051,3.2694101728903417,0.9390098766252821
2192,19.73123016651608,983.3031529569434,1450.459488785667,3.2727828589799195,0.9384108014319055
2193,19.628358193653927,981.8197452866976,1450.5125472970224,3.2817206766757185,0.936794227756466
2194,19.574486958570898,980.1177248803074,1450.5593583649375,3.2919141799702762,0.9348914296119603
2195,19.55943106122182,980.2411762341708,1450.6108790847757,3.3016817387330564,0.9330082150625886
2196,19.57472149886669,981.1151567911863,1450.666764579598,3.3094934926287234,0.9314595486977875
2197,19.609028584525777,980.7778276333028,1450.7111461152888,3.3135846535371902,0.9306328970290185
2198,19.55343831313435,980.8847047940845,1450.7570047234228,3.3209151704024356,0.9291284792725715
2199,19.495220405326492,979.7721813181564,1450.804073858492,3.330409859469775,0.9271328138147936
2200,19.501700381400614,979.0773114216493,1450.8434037316313,3.3376012907715658,0.9255853397059834
2201,19.492353637698777,979.9379779899091,1450.8833451607295,3.344892740562187,0.9239850961287965
2202,19.507512566553352,979.8170750905923,1450.9255407988082,3.3499819810026485,0.9228487943629147
2203,19.50607886724715,978.9404556951906,1450.9709047666813,3.35385320008069,0.9219735156848962
2204,19.51302192261518,979.4034283693503,1451.0147713496206,3.3569625870111834,0.9212637179604763
2205,19.36808225659006,976.122628301834,1451.0567702194048,3.3674090531158782,0.918843894618955
2206,19.44081817613035,976.9164717474139,1451.0946598069438,3.3718353545548903,0.9177983740290983
2207,19.57621121320729,979.1571620019466,1451.129149997032,3.3677890798134666,0.9187506164150858
2208,19.35877069598597,985.729758374405,1451.1595966507798,3.383298181220677,0.9150403300173282
2209,19.298853044192793,984.727425845942,1451.1920611787218,3.39992984001099,0.9109090609364784
2210,19.408679020114256,985.9100207885859,1451.219561975997,3.4073326358363696,0.9090193268478184
2211,19.29225207285528,985.9921613176878,1451.2441019690086,3.421605435929613,0.9052912793647551
2212,19.290598091347995,988.7173237730151,1451.2658333893942,3.435566804496372,0.9015360960413906
2213,19.233184316503852,984.75112637532,1451.2900129504903,3.448845141484455,0.8978661144312087
2214,19.31514584952995,985.5767922321031,1451.31325747236,3.4550703170150223,0.8961122508182064
2215,19.410873266221888,983.0841239513275,1451.3380001399307,3.4522722981223946,0.8969011522618481
2216,19.40095968830524,982.849103161064,1451.3634486468927,3.450421033621919,0.89742030840761
2217,19.418277757429717,979.879218447428,1451.384401664344,3.445797070919547,0.8987113772991782
2218,19.45335096219521,981.5225211166504,1451.4076131379397,3.4405134980596106,0.9001725707634116
2219,19.335339145102292,980.5929322205062,1451.4389070962932,3.443473424868122,0.8993533639891154
2220,19.461687207542052,983.4841131199619,1451.4564170461506,3.439206503569866,0.9005292820041262
2221,19.555685519255857,983.6469857330446,1451.4707617036402,3.4292809451848805,0.9032279164117285
2222,19.621131269618274,985.2524555442694,1451.4893886983696,3.4173988109390336,0.9063875205422572
2223,19.673650784791562,984.2135266243477,1451.503590264913,3.403067892627212,0.9100947452747916
2224,19.66027400324277,984.3121076924499,1451.5183307453008,3.3918596769585414,0.9129137834000086
2225,19.617374302100586,984.7294298184053,1451.5305254155298,3.3855170762273055,0.9144773451723837
2226,19.75895874886371,988.0958503990728,1451.5436217823865,3.3726048097470067,0.9175901780765894
2227,19.77559114707973,985.6875325299025,1451.5640331663596,3.3589794766626646,0.9207704163741471
2228,19.728940149447777,988.7962021034895,1451.5819895406567,3.3525333383110696,0.9222369148042167
2229,19.847659178042427,988.6549541095021,1451.6007452299439,3.3388803686287063,0.9252636326432951
2230,19.89534678081191,991.2602203471489,1451.6193312995003,3.3256691363798128,0.9280874755037137
2231,19.879799546898006,989.6653215975766,1451.6340387530713,3.3144935693855597,0.9303949421609808
2232,19.953962159774946,990.001698335196,1451.6548127929632,3.3001557808482254,0.9332450746157366
2233,19.96048293963608,987.837911546376,1451.6825802051842,3.2861614098059913,0.9359060681760973
2234,20.091737141385362,983.6253854899218,1451.7171091875525,3.2626738918654,0.9401025173155395
2235,20.12106295103247,981.1665238058147,1451.756940162761,3.239163331117942,0.943959385025355
2236,19.977379341171286,984.1178182250452,1451.7949376380323,3.2308235237982643,0.9452427240253234
2237,19.953367453527054,987.7205430232964,1451.8280594816538,3.227639613748009,0.9457199824385973
2238,20.002617880717516,987.3306684522454,1451.8683551500048,3.2213337151338592,0.9466477514020213
2239,20.0693453034363,984.377113499252,1451.9118259131503,3.209568824204297,0.9483129872325882
2240,20.04475899348572,989.523958114464,1451.949003713166,3.2044855067293874,0.9490040907637796
2241,19.967767284002253,989.817124289901,1451.9923003754866,3.205592516982063,0.9488519556410943
2242,19.887598133422838,991.7369364962183,1452.0366502296686,3.2132024765412757,0.9477999158614738
2243,19.820739335353043,990.8711660450697,1452.081042393071,3.223678590930936,0.9462922770783768
2244,19.81283855607147,987.0530339898042,1452.1320679438977,3.230715908036405,0.9452391685756695
2245,19.916951959387397,988.579014704934,1452.1813580552748,3.230568872660771,0.9452585262912452
2246,19.975888295417764,985.66138515693,1452.2393203667057,3.2245922214925713,0.9461483862009921
2247,20.14184759373489,987.1398149703858,1452.296786501535,3.2091416505666825,0.9483491344444777
2248,20.189668344914104,988.7220265683449,1452.3459402122187,3.193748865431087,0.9503905378269775
2249,20.12978647870898,991.1115926009367,1452.3925365998728,3.1862483797549324,0.9513287857908892
2250,20.071282691275034,991.9715270317981,1452.441295459926,3.1843988335458953,0.9515523672480578
2251,20.073706030067314,993.2192697471992,1452.4922937065387,3.1834477678071624,0.9516649391832135
2252,20.111665826169133,993.9231542344068,1452.5412629745383,3.1804977470416462,0.9520168752288545
2253,20.212043120336297,994.3078293528619,1452.5856043018289,3.1713968809828006,0.9530734686639782
2254,20.046026185259397,992.925694792968,1452.6282068991475,3.1740961533387853,0.9527623721946926
2255,19.88785348583198,992.6143125691224,1452.6684813534046,3.1869659248713567,0.9512239732247578
2256,19.916872228891886,991.4066691157557,1452.7088836613202,3.195168238896042,0.9501869004659748
2257,19.902931973202595,993.4615610321179,1452.7525073060908,3.204384119136773,0.948970234692067
2258,19.942090566509428,996.220870791351,1452.7962056860413,3.211289282285516,0.9480223526241408
2259,19.94895427521454,997.9668506693863,1452.8463696681133,3.217791219722292,0.9471014878237245
2260,19.937238636167088,1000.0383567692643,1452.8969557844914,3.225420750405606,0.945987136424388
2261,20.00260316889431,998.7924667830302,1452.9450569905664,3.2266696161163715,0.9457988666135786
2262,20.26208917575316,996.1629098467574,1452.9911778470869,3.2084035340335824,0.9484095855314563
2263,20.190144243828506,997.3517307278005,1453.0372291506146,3.198525771282338,0.9497314580466396
2264,20.22010606351305,997.3938363057376,1453.085198978893,3.1881157995373632,0.9510568347788048
2265,20.3557410355311,996.659376420969,1453.1382811211336,3.1695678722323013,0.9532470358077413
2266,20.326729637404007,998.3973246380443,1453.1822123461577,3.1568727176122113,0.9546170970596732
2267,20.44802661787886,1000.2245031194112,1453.216343886365,3.1389726342580584,0.9563719985606874
2268,20.631533794997978,998.3268268188497,1453.2528163862576,3.1100651885758626,0.958763423401108
2269,20.71169663978808,997.0299967938948,1453.2896523224933,3.0792177671000687,0.96070697981161
2270,20.66739910358224,999.4255174694545,1453.327021649768,3.057523299086864,0.961694819833454
2271,20.754790618931835,1003.1342501085085,1453.3612524241119,3.0354681406429367,0.9623778647100547
2272,20.65541759018095,1003.4524945265639,1453.3954178027614,3.0236890532069087,0.9626086912699404
2273,20.723214356821384,1001.8588274639758,1453.433768758244,3.008055858828641,0.9627722788734039
2274,20.72215110502729,1001.7945950724653,1453.4850353063791,2.994799584647639,0.962781856943171
2275,20.654540061608213,1000.0570032164289,1453.5346219189514,2.987041380781324,0.9627317864937693
2276,20.63735625153984,999.321595493763,1453.5863758846829,2.9811538180953328,0.9626660884706878
2277,20.67773121725137,997.1981074582059,1453.646251634016,2.972062057184884,0.962520330281805
2278,20.947430388933444,995.5508598589062,1453.7039616311386,2.944929780831895,0.9617644611651558
2279,21.0,996.526761367337,1453.7661921032927,2.918902173368533,0.960577916297461
2280,21.0,998.4477881188769,1453.8355692799728,2.897988953878145,0.9592973836660355
2281,20.948974982346883,998.1442531863311,1453.9092479161684,2.8834962940059894,0.9582387160846529
2282,20.867345065933993,996.0506424478435,1453.9828758026526,2.8754175556571275,0.9575865083659996
2283,20.78299653464925,994.0519468679395,1454.0629838729017,2.8730355848257463,0.9573825257927081
2284,20.860458978702088,994.4465836593806,1454.1371210092755,2.865984338357682,0.9567665614918094
2285,20.892363420626253,993.8371977141219,1454.2146619434595,2.8574341732192785,0.9559766467727218
2286,21.0,991.5254886379256,1454.2929156604123,2.84138010507828,0.9543683417656963
2287,20.998358451158374,988.6066541856383,1454.3698734152756,2.8260070709296046,0.9526708517743137
2288,20.79799671728461,987.6897370606183,1454.4481134730263,2.8260069681912716,0.952666194632181
2289,20.913275129817787,984.8437639501269,1454.5295894076494,2.8163634579105694,0.9515212265294645
2290,20.76412472724027,983.9922866361811,1454.6260855303296,2.8177871858797157,0.9516876085573243
2291,20.805127470052174,985.3221403150555,1454.7236805028806,2.81704287568569,0.9515920093404256
2292,20.920453050816953,985.8651694286124,1454.8197098986823,2.808898648312228,0.9505802737704208
2293,20.87463035986554,986.0208992963235,1454.9132621824876,2.8051946901152345,0.9501030655893613
2294,20.795908019019105,984.905919807306,1455.0042608139706,2.8067048799813508,0.9502910500551421
2295,20.85351491047121,984.5386521061719,1455.0908565539517,2.803834133407947,0.9499170827139785
2296,20.80698037360125,985.3747026127293,1455.1808730771334,2.8050897126005294,0.9500737229080612
2297,20.826580821978965,986.7629791817136,1455.2711165205785,2.805696778618162,0.9501463270845811
2298,20.629726882872532,988.5850574169361,1455.3669056625517,2.820766447274488,0.9519995586319888
2299,20.684510700937984,988.9675358775977,1455.4620468872859,2.8300858490523244,0.9530700918700065
2300,20.562610795064717,989.9655910386017,1455.5476717363194,2.8469374989048877,0.9548678325050235
2301,20.466188584709773,989.7267283346824,1455.6402392238044,2.867677270301269,0.9568267241281488
2302,20.339592038996333,992.8793314892107,1455.7241416709053,2.895913440738631,0.9590420236311166
2303,20.293327750456214,992.9025474006382,1455.8106724139473,2.92307940968417,0.9606756836788617
2304,20.335821966744174,992.1621457159368,1455.9033296377102,2.9428101740973065,0.9615531906485295
2305,20.401003358370332,992.3615459642903,1455.9930856383273,2.9552680932351936,0.961971831497744
2306,20.390684925075554,994.9994830597436,1456.0768324333915,2.9682219101799077,0.9622979094839265
2307,20.386001147998932,995.5629356595849,1456.1629785855196,2.9799065949397328,0.9624952803727685
2308,20.448125604252585,993.8111176223393,1456.24776066196,2.9845042561512454,0.9625448794779606
2309,20.386649633876655,994.4305656620194,1456.333403442147,2.9929890340286307,0.9626035666696307
2310,20.344023919924794,994.3122139506727,1456.4096288224398,3.0030293447663814,0.9626123549650991
2311,20.36206744034454,994.0752128837532,1456.4885285852615,3.010185534480726,0.9625760131614107
2312,20.15993980435894,994.8436490693359,1456.5620081613147,3.0305173025454546,0.9622950517896002
2313,20.215485126270405,994.906956069663,1456.6300436588883,3.0440565523885095,0.9619536689195016
2314,20.174979557344994,993.2722078323377,1456.6932442613827,3.0572934526094118,0.9615018888613862
2315,20.065847970857053,992.5015839100369,1456.7552788593678,3.0754911857659577,0.9606917925549149
2316,20.18347080281376,992.5766496752074,1456.8183297669784,3.0829964355248274,0.9602913183496383
2317,20.11340455174133,992.568082500588,1456.884889787047,3.094142012197889,0.9596292595195951
2318,20.128596771096866,993.5963839517383,1456.9497476861216,3.103228992146104,0.9590279638808257
2319,20.286078385358074,996.1402454316323,1457.0110797174195,3.101831059903232,0.9591197585370866
2320,20.348410829238098,994.2865504652854,1457.076658761368,3.0952301502397623,0.9595491308535984
2321,20.42923323851355,995.088674913414,1457.1380775893363,3.084620709356476,0.9601814058252073
2322,20.47852289724711,997.5475185966591,1457.195109130569,3.0737951303663715,0.9607499164112558
2323,20.396571417518896,997.6268964225275,1457.2535714949681,3.0702242920245713,0.9609179872567031
2324,20.335118443934853,995.8311918125258,1457.3039189587196,3.0702427330308133,0.9609141073034204
2325,20.2458179654671,997.5283488583407,1457.3560963889595,3.077408979408636,0.9605580093177906
2326,20.26124939803929,996.0522809425369,1457.4072818591922,3.0815194854846633,0.9603370845963944
2327,20.325009700959797,999.3990921540043,1457.4497407926356,3.0827798300836244,0.9602654967753199
2328,20.351881446203002,999.0639784973679,1457.4981011721745,3.081810035537998,0.9603158241953273
2329,20.391366227357647,999.9611467873186,1457.5419674702357,3.078862012600253,0.9604711511207302
2330,20.296289338876075,997.6066288807546,1457.589164732446,3.0813475829276293,0.96033553241426
2331,20.34746015577753,995.0472436978722,1457.6459481497973,3.0783631724096945,0.9604910821689853
2332,20.529152418451705,994.9253253877793,1457.7047929358464,3.06337637184598,0.9611962540348206
2333,20.46872625235391,990.7854535343208,1457.7716302821398,3.052144494010404,0.9616253895037089
2334,20.46641991870791,993.5916462069197,1457.8386270879978,3.044522360555194,0.961867422322554
2335,20.500295083498315,990.3906230824394,1457.9040596756386,3.033720003827616,0.9621458213570105
2336,20.600154928250422,990.070242280972,1457.9661014563674,3.0175357052766323,0.9624192697984854
2337,20.557184822948837,989.801261404535,1458.0242936985928,3.0065358577271786,0.962504265982415
2338,20.46473566009585,995.8857174154103,1458.0787817614562,3.0073149825872827,0.962497390204498
2339,20.37762078388091,997.3573295702394,1458.1357324608034,3.014836877446151,0.9624382892259794
2340,20.349173715763794,999.7199421507588,1458.1921232922523,3.024656179340692,0.9623053221480712
2341,20.438700489053705,1002.6968904022594,1458.2472549551646,3.028781290088454,0.9622283630755644
2342,20.54360009685486,1003.2067739089798,1458.2964824754063,3.0254651975420273,0.9622855132755631
2343,20.53720249190818,1005.8409823696095,1458.3460570753657,3.0247417471046303,0.9622946757449224
2344,20.45048307491037,1004.5856675496898,1458.4062351527036,3.029241558193844,0.9622099044510977
2345,20.586235170518602,1002.9469893534264,1458.463817336702,3.0227893126451093,0.9623186196030781
2346,20.562758394717385,1002.8044943850729,1458.5215636969147,3.018813900530685,0.9623704199581511
2347,20.61770574350825,1003.3558092965056,1458.5801390476938,3.0120402141749687,0.9624367455301622
2348,20.6455479397233,1001.1437644863028,1458.6453184898596,3.0029929389799372,0.9624782872831398
2349,20.475090982784618,998.9442783743094,1458.711378060098,3.005525197581129,0.9624671151749631
2350,20.502135710423634,1000.0567353353155,1458.7716771652306,3.0065367193253585,0.9624594198754886
2351,20.50899975590228,998.6061631871445,1458.8287818482165,3.0060152108575102,0.9624581812093372
2352,20.28606691460465,998.6203887417821,1458.8859265433728,3.0207626172516298,0.9623227905197944
2353,20.453304021357617,996.8555795548288,1458.9477248458525,3.0207972359289736,0.9623186024358171
2354,20.535947716025934,995.9328809035404,1459.0148899152944,3.014617326047492,0.9623877047398793
2355,20.495025339817545,993.2119720869488,1459.0842847080173,3.010437043913571,0.9624185401227051
2356,20.63941869608668,993.2131834252973,1459.1483595708216,2.9970513796809697,0.9624481929099798
2357,20.556880201502825,992.2789260784585,1459.2204684759913,2.9907058544359106,0.9624179052232907
2358,20.59785314293925,997.2332616407616,1459.2869254961308,2.9856431320700407,0.9623739055543813
2359,20.425257928759308,997.4683897960819,1459.3571245386388,2.993241682882557,0.9624233090245203
2360,20.228292051877315,998.816022332343,1459.428887871603,3.0139628357867045,0.9623691172181363
2361,20.259563617921803,998.8333403850809,1459.4917628115186,3.029457132480825,0.9621405647357444
2362,20.283998179404115,994.2383630965379,1459.5595013902991,3.0380684553420996,0.961942261673221
2363,20.36937738466411,994.4495294820555,1459.6267104018052,3.0397067907188537,0.9618956723690775
2364,20.280694001247582,991.9055300286968,1459.6855290996273,3.0455359945441445,0.9617262005121572
2365,20.400895680587134,991.8189648308067,1459.7518228439367,3.042250547357947,0.9618185423945899
2366,20.381183164205098,993.6041783407247,1459.8208164738862,3.0419250241265443,0.9618235563494787
2367,20.44324048297559,994.3550505277504,1459.8866974070468,3.037895275449408,0.961927033710977
2368,20.739023940108023,992.6956775903328,1459.9591356728147,3.01328173069255,0.9623435050543884
2369,20.911752709991685,992.7413568448484,1460.0262330641026,2.980626166350488,0.962273006463038
2370,21.0,995.3142035170936,1460.092373094657,2.948480189613684,0.9615078957957373
2371,21.0,996.7646052612778,1460.1485089026164,2.9220698624862362,0.9603638167799523
2372,20.95131397656448,996.6650712248282,1460.1950877255429,2.9028738961809015,0.9592411355917467
2373,21.0,995.7257831488118,1460.243332530826,2.8826500551375176,0.9577946418310423
2374,21.0,997.3977064741714,1460.2910749206758,2.866513101945618,0.9564465925875089
2375,20.950342234816485,997.5929180968762,1460.3429844965838,2.8563013688638046,0.9555039395620606
2376,20.936835258622807,997.8704633515031,1460.3901962949096,2.8487160743334674,0.954759067462294
2377,21.0,999.1289048435391,1460.4415924144482,2.838759873234877,0.9537250466345558
2378,21.0,1000.5424148524813,1460.4906275004112,2.8311876136067085,0.9528948567549362
2379,20.95063549629683,1002.061367740801,1460.5417107398926,2.8290698559445926,0.952653796681805
2380,21.0,1000.0454972567252,1460.608516773262,2.8226380408246405,0.9519091172680355
2381,20.87239609823752,999.5560838525265,1460.6851798626813,2.825552493238061,0.9522435229804198
2382,20.945107276745755,1003.7133294958336,1460.7621473985107,2.825697211288341,0.9522556410942945
2383,20.982876416673964,1005.3346068913871,1460.8373969732254,2.824269547961167,0.9520859558474782
2384,20.81524525997506,1004.3299001382437,1460.9124670016354,2.8338387506497837,0.953163662608751
2385,20.713382981206003,1003.263272293395,1460.991833974435,2.848237418577026,0.95467517026027
2386,20.8050853544501,1000.7254378083213,1461.0726746035164,2.852632518971663,0.9551062605389052
2387,20.722767452345224,1000.9958467884943,1461.1515653304718,2.862144561097955,0.9560017229025443
2388,20.78865582280564,1000.6459146483019,1461.229602836807,2.8655223416286275,0.9563024688129785
2389,20.930764420374167,1000.145456210688,1461.309947282201,2.858400570769586,0.9556450427544687
2390,21.0,1001.2945872226103,1461.3885694352475,2.8483560751043924,0.9546634893437157
2391,20.842338672884917,998.7953990479999,1461.4679367993067,2.8489805016155105,0.9547214137492412
2392,20.952687675693085,996.8165960608366,1461.5503521939397,2.840749851176812,0.9538703276255877
2393,21.0,996.9448426685108,1461.6257440472505,2.830612624381452,0.9527630864252764
2394,20.876589906827636,997.8927961756134,1461.704769187722,2.8309974196599086,0.9528014691043156
2395,20.79491910005071,997.0701784628136,1461.786999543977,2.8363680284290416,0.9533877824142765
2396,20.68667717660221,998.268276487755,1461.860958023369,2.8490591226253605,0.9547058882835002
2397,20.849248255230606,1000.3988178369548,1461.926898112553,2.8501177032876335,0.9548075316097161
2398,20.907343087442083,999.2537278206913,1461.9977730999428,2.846339832066718,0.9544232089087833
2399,20.98453035715603,998.464517782717,1462.0644512460303,2.8373749861374966,0.9534800484125118
2400,20.95131767380736,1000.9877354467184,1462.1323701360207,2.8336062779620232,0.9530655825748612
2401,21.0,1002.2070105009557,1462.2057410275484,2.827855752883322,0.9524172067865867
2402,20.93038928534769,1003.1719776091328,1462.2821777893053,2.8283162255123995,0.9524650263305543
2403,20.755219181225897,1005.7479101003503,1462.3502101877332,2.842259548807277,0.9539812635955478
2404,20.7319304771904,1005.2011416035213,1462.4245423532286,2.855352870199737,0.955289216217504
2405,20.854902145649834,1004.9888542777733,1462.5004859873566,2.8579740817460197,0.9555339717155268
2406,20.92445075733412,1002.8269990393754,1462.5715050681838,2.8541038823044698,0.9551601028687353
2407,20.931658321700493,1003.1923901546934,1462.6380119954615,2.8505535740484524,0.9548084496745195
2408,20.679868782300378,1003.0563335964805,1462.7013265882438,2.8645969640323115,0.9561318027861253
2409,20.612977967514244,1002.7528428413102,1462.7736574794149,2.88089791082977,0.9575057960719354
2410,20.522616438726686,1001.8659096414538,1462.850506873815,2.900348567802133,0.9589168614432705
2411,20.443457128784715,1000.050128284263,1462.9334789178242,2.9211284329806597,0.9601478558138324
2412,20.465773355662815,1002.2296109068837,1463.0129279457728,2.93864465738426,0.9609623191653565
2413,20.5153581056721,1004.7089655830277,1463.0923902075103,2.9517187200976585,0.9614359519737068
2414,20.676216845512897,1006.3372967987607,1463.1658042709255,2.9529030418868008,0.9614692604229675
2415,20.504605686248997,1011.3208210687553,1463.2276563477076,2.96873605564354,0.961879835819359
2416,20.464736297237973,1011.117388026472,1463.2888198299977,2.9847810599117803,0.9621252913988331
2417,20.443070270828777,1009.2629515893348,1463.3577672726137,2.9987264749828544,0.9621979921037062
2418,20.680819530792068,1006.9955399844537,1463.4302514280294,2.992960883878692,0.962177630921461
2419,20.58267185560174,1008.1008971521446,1463.502837651549,2.995440363136261,0.9621828838618154
2420,20.411187319117573,1009.7696275479079,1463.5626810932947,3.010277317589097,0.9621509518494505
2421,20.40669458976054,1008.0457417500363,1463.620545126467,3.0221086356905627,0.9620194801007245
2422,20.432606294428098,1005.4007924222652,1463.675851960148,3.0287343509124516,0.9619036426224408
2423,20.39332607955444,1006.9489552910202,1463.7260819294374,3.0380165340912693,0.9616937117374648
2424,20.374627573452823,1005.6087629493255,1463.7785478246255,3.0463354368835165,0.9614562767158099
2425,20.49185930292929,1005.2352718984087,1463.8329077576013,3.045187724117502,0.9614880852859067
2426,20.484551320879447,1008.9411490166522,1463.8921246167624,3.047044544428477,0.9614273619649818
2427,20.617964294769887,1009.6481450298924,1463.9413080407767,3.0399828256592083,0.9616295933436011
2428,20.627888267938705,1008.7269970075863,1463.9892572738922,3.0327242188784806,0.9618029495062053
2429,20.66520770471247,1007.4980557942545,1464.0369502005947,3.0232387165061696,0.9619773826411896
2430,20.588425053090226,1008.0667476979277,1464.0964848133574,3.0207632139644938,0.9620101955389684
2431,20.56201847538715,1008.0568730420217,1464.1513127014518,3.0204511037124284,0.9620112031351415
2432,20.533018815440208,1008.9805452971136,1464.1970118731972,3.0227426003612674,0.9619754003827294
2433,20.317365524568984,1011.3330584674873,1464.2418547093994,3.0408584449184466,0.9615879358395898
2434,20.4487806617933,1009.885345908795,1464.288151119429,3.0463954830350968,0.9614238645038425
2435,20.515375043376274,1007.1046636026249,1464.3343395492245,3.0448150581955615,0.9614692180707091
2436,20.400036904108863,1005.2673257122262,1464.3818785846488,3.0501687014951164,0.9612966207367493
2437,20.407362040874883,1002.1981161363233,1464.437692452084,3.052286854453153,0.9612208412607302
2438,20.56665370849177,998.0199968099223,1464.4955908771321,3.0406073067271415,0.961579551408948
2439,20.669346987950615,995.197797283232,1464.5618519551342,3.0219082931270695,0.9619659567789746
2440,20.768339087718022,996.3938770207727,1464.6269941677795,3.0000262998074985,0.9621223801188635
2441,20.75146470778678,996.0519488549924,1464.694318323581,2.982360336014739,0.9620143983997785
2442,20.842306109324337,992.013372599305,1464.760435394924,2.958613664305103,0.9615423435819099
2443,20.852116215142367,992.6119184343197,1464.8244853208296,2.9381380090217637,0.9608329401367822
2444,20.88801177868076,994.6194931173321,1464.8849393558478,2.9195539862042588,0.9599474094096611
2445,20.870945921790284,997.5445835256664,1464.9322217535853,2.9067625586208714,0.9592043540176963
2446,20.84027083355532,994.4035435458313,1464.9886659970518,2.895999963496497,0.9584942313026937
2447,20.882973178071826,993.3490326820088,1465.048745387795,2.883279386134997,0.9575566688166471
2448,20.804851574383292,994.1578181692962,1465.1028863106571,2.8782965114459014,0.9571585139169299
2449,20.792554979891996,994.4917785488896,1465.1571021258055,2.8751088610841715,0.9568940705807235
2450,20.984925505002224,997.4378330782823,1465.2150492642704,2.8611549398702123,0.9556686486548404
2451,21.0,996.5481383614638,1465.2783877504335,2.8477070260574027,0.9543665833410814
2452,21.0,994.0736128944773,1465.3483475929993,2.8347173482723127,0.9529964046777799
2453,20.88656174024982,990.5325045745077,1465.4210726717574,2.8291703694023926,0.9523753494438788
2454,20.810745849326167,989.0148379463405,1465.5000200018105,2.828662369559116,0.9523131822540716
2455,20.88628578727249,986.6419440814914,1465.5806630132631,2.821591376783332,0.9514909974403799
2456,20.793257127525987,984.4146508552514,1465.6655180571588,2.8205130899201207,0.9513584734847794
2457,20.810450057891206,981.1104190903083,1465.7520036773794,2.8163440415166057,0.9508533654768239
2458,20.763012577316868,977.2818533545224,1465.8403882056461,2.813618846387185,0.9505152458220025
2459,20.815391058553104,976.8347076169705,1465.930643869703,2.807453754140332,0.9497391985024879
2460,20.781376219155515,977.2441353751083,1466.0168255972328,2.80478777578111,0.9493932545562221
2461,20.758020439826726,979.1751201755004,1466.1009072122192,2.805328743172309,0.9494578061287122
2462,20.896891723356827,983.2126720415436,1466.1898353284873,2.798875088722035,0.9486108243751948
2463,20.905040348656257,982.5010645617531,1466.2797925400828,2.792386248344143,0.9477323177520084
2464,20.79192088546783,981.2759418527195,1466.371564026876,2.7938023421593754,0.9479197475859759
2465,20.790619853937244,980.9840038284207,1466.4579748200147,2.794910701194248,0.9480646890955783
2466,20.891499653366708,978.380661422967,1466.5418352973418,2.787342786317307,0.9470195852985254
2467,20.95342531009936,978.37055335045,1466.6285936013367,2.776686553362728,0.9454880380694259
2468,21.0,981.6739582005041,1466.7073137733444,2.7665381640246363,0.9439628075534637
2469,20.96343519099525,982.3041252889894,1466.7863669538988,2.760799101846228,0.9430694679062998
2470,20.981827212608398,981.1805653606215,1466.8636211891605,2.753960559567853,0.9419789499899145
2471,20.921932326690882,980.6531695698774,1466.9441848740646,2.751894381014049,0.9416403355960391
2472,21.0,983.2521610166023,1467.0201052064401,2.746459085302401,0.9407448187796507
2473,21.0,984.0088269266345,1467.0940465996707,2.7423157834708203,0.9400488460946899
2474,20.835476254239406,984.3133112902631,1467.1759369536371,2.7501898691493594,0.941349278698931
2475,20.79779845144803,985.495661346132,1467.2577819032117,2.7601935808814075,0.9429467690836413
2476,20.74800564598667,987.9447298858558,1467.332737749651,2.7736305390855933,0.9449954875956671
2477,20.666738288436626,988.8832347058882,1467.4078940611425,2.7911775186449295,0.9475000211005109
2478,20.497349390046313,989.5681741997698,1467.489350922674,2.818059347131891,0.9509573834511925
2479,20.266343730854302,991.2227631097343,1467.5750228274953,2.857682777750062,0.9552041519994743
2480,20.250438424207996,992.2042846550811,1467.662843608967,2.8930642037316896,0.9581283434134841
2481,20.349043891155297,991.5275764620151,1467.7489175906892,2.9159970573553298,0.9595810439676936
2482,20.575894045278417,989.6232725039337,1467.8357759977193,2.9188417759460483,0.9597324011378934
2483,20.571496201175815,988.410044058987,1467.920678974683,2.9207949460112297,0.9598317002015258
2484,20.5456998686736,987.3833447228125,1468.0104541261417,2.9235650502282446,0.9599700231795502
2485,20.603430634250984,988.0403509968893,1468.099174010834,2.922402087629556,0.9599050033400252
2486,20.545763010704917,987.3594311020005,1468.1807210856414,2.924911755050378,0.9600278464339315
2487,20.523309866418852,986.0958643415581,1468.2615974555201,2.9277779844248792,0.9601637586977115
2488,20.558377739443426,987.8028653719583,1468.3382777675613,2.9289015678893837,0.9602128540996897
2489,20.44391001770922,985.8813896256598,1468.413401818223,2.936441335964144,0.9605469154431319
2490,20.363748418656495,983.9881791412939,1468.4823527187584,2.94711642111803,0.9609574515579168
2491,20.33298189845787,986.7859658703014,1468.5377774638494,2.9600480491636345,0.9613547820378057
2492,20.40660149261532,989.1888709480094,1468.5898568621712,2.967540268839232,0.9615327720937085
2493,20.454973650058747,991.6164718788123,1468.6444035480647,2.972143900227998,0.9616222097080142
2494,20.495729468203205,991.4008313375322,1468.7100226753453,2.973145662151805,0.9616365735355547
2495,20.636563884500074,990.4561574480898,1468.7751075590993,2.963811191486876,0.9614361977545396
2496,20.536912503836305,992.4558494109631,1468.8379102786455,2.963922956381499,0.9614351275872142
2497,20.721314405430896,995.0377146837991,1468.8999560694638,2.9530867621652237,0.9611312401533614
2498,20.669331782379608,996.9576233626996,1468.9578353875297,2.9486255561788894,0.9609814489512336
2499,20.542423124211233,998.4678642052064,1469.014245077158,2.954427462442551,0.9611657692530282
2500,20.458561517650416,996.4995023782435,1469.0746658685425,2.963829990222468,0.9614186865153015
2501,20.36446867732297,992.1002690661097,1469.1338062780185,2.9754583442750526,0.9616508410648023
2502,20.303625043814687,995.9779902189429,1469.1861455503708,2.991928860987948,0.9618270752656359
2503,20.464326355992135,997.0472142194874,1469.2348595493515,2.9956586519549684,0.9618396139333542
2504,20.342485468931347,996.8945200437611,1469.288153501524,3.007030141355068,0.9618262050134576
2505,20.277999991493136,996.2615062412253,1469.3447058958884,3.020688569663097,0.9616963826090535
2506,20.27449110854487,996.22192555397,1469.403185978453,3.032512252820728,0.9614828509601363
2507,20.161622882694598,993.6792791486362,1469.4713963386223,3.0486468424497573,0.9610416972858006
2508,20.15263970692841,994.1191019169232,1469.5341155473106,3.0632500862481304,0.9604928169348471
2509,20.048206878632165,995.5698892546582,1469.605172895724,3.083688715106495,0.9594874961120774
2510,19.984159692512122,996.5863653263269,1469.672802356402,3.106063542936031,0.9580700270791571
2511,19.955423234182007,995.9205695248183,1469.7344118559017,3.126619648048467,0.9564765234687681
2512,20.037153183018244,994.5662366201561,1469.7920891321812,3.137673298148353,0.9555033509982697
2513,20.17814134029078,995.6732612718467,1469.8430782880564,3.1381650327535615,0.9554553116141788
2514,20.07459123805578,996.4854373988408,1469.8908865671303,3.1461464400901984,0.9546999397681348
2515,20.093742431046774,998.4323066840188,1469.944672944899,3.152852967733315,0.9540322443431658
2516,20.142050802419124,998.2708766485671,1469.992098778551,3.1551620152171727,0.9537938515774159
2517,20.12088330588977,1000.1362451632393,1470.0347479634622,3.1597413942563444,0.9533138549051455
2518,20.267017901836354,1000.0133864794567,1470.0763977731253,3.1536046994848945,0.9539480944372843
2519,20.21011114839065,997.198046178822,1470.1152947859098,3.150490194449415,0.9542595419732582
2520,20.22666892876746,996.731870932932,1470.1540953316282,3.1464215899206858,0.9546575795375252
2521,20.326712120726224,996.5953106581276,1470.1873446012103,3.1360643017257472,0.9556259253981422
2522,20.338785593360303,996.7019492091533,1470.2174412867398,3.126505585560815,0.9564572910593389
2523,20.40833904170997,993.5894214914973,1470.2485486765268,3.111683194525887,0.9576286511317118
2524,20.430690287560097,996.7895327435067,1470.2810498660613,3.0995781123925705,0.9584774248954864
2525,20.273850523284665,996.7413214152468,1470.3216669048054,3.0999392073896046,0.9584510197960293
2526,20.39793094407434,999.4166356946282,1470.3540908151645,3.093481709477317,0.958864837021116
2527,20.386646918141498,997.916172960257,1470.388888737808,3.0878159868952455,0.959204805006114
2528,20.413440577854203,998.4137710913293,1470.4255480679803,3.0814889612966248,0.9595594466822467
2529,20.5939544660885,997.7693966182806,1470.4606678630482,3.0634120378310206,0.9604304601651942
2530,20.61951559686968,994.0180645429757,1470.5062245815877,3.043942600671617,0.9611250054501009
2531,20.826663787119426,992.6784941227717,1470.5488987255453,3.0124428579653872,0.9617153642331077
2532,20.773570476450946,990.2542671063409,1470.5948487501207,2.9877564681012645,0.9617142505209946
2533,20.772500161481855,987.3762543404372,1470.648065213667,2.965032777123636,0.9613528861751399
2534,20.590930884751895,986.2155191961027,1470.7040671357602,2.957351244397031,0.9611505321494287
2535,20.587198856043596,986.0214405667701,1470.7636135486243,2.9509538231979726,0.9609512109037561
2536,20.630436058511908,986.2225463469456,1470.8236809607376,2.9426982583321917,0.9606547115916874
2537,20.698722016309404,982.9460510207355,1470.8781198670304,2.9289665624147556,0.9600638102797642
2538,20.497420795570164,981.6473451894761,1470.9411840141465,2.930185049343584,0.9601172456431811
2539,20.451011158186507,982.3076860486187,1471.0034647831383,2.934797274280175,0.9603211394049773
2540,20.292603195230075,979.2348481988239,1471.0708590959189,2.9475693599082398,0.9608182056371772
2541,20.28496905480403,976.333382023911,1471.1496822671718,2.957117593964913,0.9611171428830791
2542,20.208017482553007,972.9138610615107,1471.233203460337,2.968319696777068,0.9613909174882148
2543,20.2809842142714,973.5133809799265,1471.3258772855145,2.9732501472859796,0.9614815313811972
2544,20.29582991737688,975.6056297651774,1471.4140115136386,2.9777481545717785,0.9615498304342334
2545,20.32794664259882,974.3588383885764,1471.5028371154349,2.978598833209835,0.9615569000373743
2546,20.1821589660971,973.5100550399866,1471.584435696102,2.9887153173123386,0.9616624113906923
2547,20.098821094460217,970.7926145489739,1471.6686879896051,3.0012776503486007,0.9616993336271454
2548,20.18365503899541,970.1231698866836,1471.7549206657645,3.0057566916693337,0.9616836388234835
2549,20.25644850898738,968.9571098332177,1471.844914294083,3.0038720236518204,0.9616842988388947
2550,20.23607648373898,972.5093386244957,1471.9220537053104,3.005895294894855,0.9616730716838416
2551,20.210565666821516,972.2894204174305,1471.9971921253464,3.0092138136130626,0.9616518212431711
2552,20.06401561569902,971.7762983501185,1472.0658508599552,3.0216913461025747,0.9615189497950982
2553,20.13241888240283,973.6476344350365,1472.1319414931058,3.0288179279896283,0.9613948170041176
2554,20.34637559668748,974.1633160179406,1472.192267835397,3.020629949748069,0.961526362928595
2555,20.26780635564061,974.763141377851,1472.2562274959664,3.019398623534779,0.9615389815238139
2556,20.28757271189782,974.6141077227633,1472.3208760534246,3.0169120161896616,0.9615652484842235
2557,20.21425165936256,977.3333878978561,1472.385270480838,3.0215047101342716,0.9615024792633569
2558,20.23589481932052,979.4918671887161,1472.440395555449,3.0252944427472945,0.9614399630323343
2559,20.213147121962773,980.2136002440344,1472.4908624602224,3.0305195254832773,0.9613395842464343
2560,20.189264556450556,982.6883685071969,1472.5434967761685,3.0381463525260366,0.9611616324922537
2561,20.19610613408187,982.420635998727,1472.5998067952848,3.043994572595354,0.9609979497038248
2562,20.186616715017056,983.9018794259808,1472.6538070747204,3.0505449724517573,0.9607880962497278
2563,20.294496278136,983.1464778871085,1472.706387818022,3.0482903111118107,0.9608592878446671
2564,20.38170667196005,983.1334913547296,1472.7511569453445,3.040426639638039,0.9610893865498489
2565,20.587444664633548,984.0728345320259,1472.7972119253066,3.020323547785965,0.961494260891982
2566,20.85721623923576,984.2235959450933,1472.8518865677643,2.9849594551715235,0.9615533558304686
2567,20.872663440050978,986.0647442104099,1472.900863949519,2.9550079454808817,0.9609502811484173
2568,21.0,986.850420706618,1472.9489498575522,2.921372518703919,0.9595610326239004
2569,21.0,984.2758587719863,1472.9951915223403,2.8911604319246824,0.9576730635107517
2570,20.810759748287683,981.092460861971,1473.0462423466574,2.87636187862063,0.9565267015308891
2571,20.79197450945532,983.235648952108,1473.0942852754333,2.8664125915734564,0.9556742305175436
2572,20.742610725291325,982.1707392672396,1473.1422578491395,2.86064647818346,0.9551492752529593
2573,20.747132520710913,984.3623601165677,1473.1885755733165,2.8568180686689653,0.9547878512735084
2574,20.72186892875045,982.8893775202987,1473.235766918687,2.854356392158503,0.9545493580557128
2575,20.630915811717646,983.0858256021023,1473.2887968111536,2.8585816366860803,0.9549482897570677
2576,20.670307304783186,982.8244222773674,1473.346040873163,2.8593258497621745,0.9550144919057856
2577,20.48494737952278,983.4260616192964,1473.4144626820878,2.872960474572504,0.956221583342282
2578,20.553052945943175,983.6174529316314,1473.495609344378,2.880032493114826,0.9567969024140209
2579,20.412207176349728,984.5137625598322,1473.5779920882735,2.89619998085088,0.957994629068457
2580,20.417696018325266,986.5450297940928,1473.665055461861,2.9108482536455753,0.9589300497939289
2581,20.43109065513006,989.1504778601777,1473.749916715759,2.924028543036294,0.9596498908410792
2582,20.321248352761227,987.4784871594575,1473.8277371172007,2.9416586956682687,0.9604345818925188
2583,20.42681962992772,988.98502130926,1473.9025855178807,2.9504040379447845,0.960744938300958
2584,20.336365421757638,990.4317315423992,1473.9744697249569,2.964908937903083,0.961150491162163
2585,20.293718232290903,990.6175598532741,1474.0467411677535,2.980259448306173,0.9614270971691898
2586,20.197648922747312,984.166510162825,1474.123876310818,2.995785540823735,0.9615466373091905
2587,20.2649155899058,984.9332755758411,1474.1952782162082,3.0048849216403695,0.9615403163584695
2588,20.3635565588732,982.6050220997729,1474.2698116748531,3.004435145657906,0.9615372439386404
2589,20.4215750612364,982.0857706169021,1474.335164969448,2.9997746476276697,0.9615398731467829
2590,20.3178445515617,985.40968124527,1474.4017639004476,3.0049713357066876,0.9615276429618196
2591,20.51799332538568,986.8882649490447,1474.458672805661,2.996689896809818,0.961528821547351
2592,20.58005545315268,990.6944085855541,1474.512139459075,2.9878221133375464,0.9614797605186662
2593,20.549917033801485,990.4276865134549,1474.5666592146454,2.98216888883851,0.9614198549960347
2594,20.445182750682246,991.054309099327,1474.6159362888861,2.9848908249238484,0.9614468303932919
2595,20.447924001803706,989.6069907349416,1474.6716059491396,2.9861059808254518,0.9614552560157209
2596,20.516293758284597,990.3264641557223,1474.7216516652197,2.982936151180558,0.9614194941597959
2597,20.52422096561257,990.2122345379255,1474.7695823312276,2.979629988504151,0.9613753044778969
2598,20.65386031018001,989.2873145145822,1474.8125449672716,2.9674086112494567,0.9611566891063135
2599,20.656592061328322,989.3562244815134,1474.8586672261504,2.956877821608933,0.9608878656104201
2600,20.609742767770573,989.8344742821356,1474.9095240523486,2.9514183846801623,0.9607177931816525
2601,20.69058734315513,987.1427707291529,1474.9648189639668,2.93957657446864,0.9602839821214946
2602,20.683866048023233,989.0691726835654,1475.013298013373,2.9311823892186077,0.9599194149057911
2603,20.605608732550696,992.3237251510188,1475.0694390014717,2.931427022994256,0.9599272545261198
2604,20.705372335663508,990.054024338477,1475.129723272855,2.9234111488196732,0.95953588624182
2605,20.757872744325194,992.5492978529509,1475.1858934467693,2.9145944002555355,0.9590567845831734
2606,20.690322078140955,995.2040138625473,1475.2350739354483,2.913372835429211,0.9589838630861618
2607,20.66804713250212,997.0566019185135,1475.282963978277,2.9150185596000986,0.9590750419889149
2608,20.87360690236267,995.924339789753,1475.3335206569882,2.90170547967673,0.9582598239764792
2609,20.746196708494466,998.1292334973875,1475.383457787996,2.9004550789801016,0.9581745315228398
2610,20.991212986874114,997.9437318206571,1475.4379017973592,2.8825897637739732,0.9568826138364587
2611,20.926446875659984,998.0290402652977,1475.492649813479,2.87186856234257,0.9560050961551622
2612,21.0,996.9706235531265,1475.545148394771,2.857079770829654,0.954672278855373
2613,20.995562556886156,997.3501119267693,1475.6010587135083,2.8450505655951233,0.9534819406604703
2614,21.0,993.3145432133871,1475.6596901469393,2.831981142980289,0.9520820306806227
2615,21.0,991.5026169086202,1475.715670464015,2.819730620185676,0.9506692466549713
2616,20.900506483536212,996.2454819756056,1475.773201090482,2.81908118927364,0.950588408013655
2617,20.93864961026751,996.3155835030577,1475.8328656694252,2.815975790030303,0.9502108824876868
2618,21.0,996.5645108835749,1475.8883429438629,2.8093150633824093,0.9493844905944671
2619,20.997757439146998,998.330787747235,1475.9410891067057,2.8049189185498955,0.9488224884292139
2620,21.0,998.7113100558981,1476.0034798327035,2.801269206102627,0.9483453923514089
2621,20.785042625216015,1000.4639609170515,1476.0599409567974,2.813909717787765,0.9499451590355407
2622,20.840373738006647,1005.3997118965273,1476.1241274500296,2.8239956270561595,0.9511467141269776
2623,20.80923259261991,1006.28823912864,1476.1848074274708,2.8352491340913626,0.9524103934124305
2624,20.77579272842238,1007.4482424980963,1476.2486133434752,2.847822671945895,0.9537253093565674
2625,20.873812888314465,1008.8921715551306,1476.310317507576,2.852744681539528,0.9542098188892258
2626,21.0,1010.4563952793313,1476.369885511257,2.849320508334577,0.9538683236541785
2627,21.0,1008.4117814662602,1476.4310477473405,2.8451218544081347,0.9534398668231356
2628,20.84637887712407,1008.6027711011244,1476.4883488909802,2.852134920508474,0.9541395971410713
2629,20.951628867272344,1008.7160282541859,1476.5466084866375,2.8509998543710933,0.9540245000542067
2630,20.85111168866846,1007.5880019799704,1476.6096412143852,2.8561696114644883,0.954522356891055
2631,20.765142213607135,1010.6379068280868,1476.670797755962,2.8683398662998636,0.9556305763393751
2632,20.877725986411903,1010.358954269095,1476.731476541916,2.870841887869763,0.9558435154074816
2633,20.829291119963326,1009.7007870510325,1476.7824790623033,2.8758523752619465,0.9562617944340032
2634,20.755068007616767,1010.4353368589935,1476.8362556805307,2.8856286498751187,0.9570331449660425
2635,20.851472267583873,1009.2854554312693,1476.888740909721,2.8866489278930887,0.9571072203645443
2636,20.958636796946912,1008.884288428474,1476.9389946425035,2.879965524546979,0.9565859906851072
2637,21.0,1011.5489837913879,1476.9913826660475,2.8731465556535065,0.9560238503187358
2638,21.0,1014.3984840740882,1477.0474817625689,2.869145617272156,0.9556782980479799
2639,20.888643273561364,1013.9129451129213,1477.104826739319,2.873022323172944,0.9560066139109169
2640,20.973160014629496,1015.7145702329168,1477.152372157396,2.8716969569474715,0.9558914730341819
2641,21.0,1015.0646584979995,1477.205379540609,2.86833314825909,0.9555981069308807
2642,20.892016526908353,1011.6696320027886,1477.2570765304574,2.8706887186995247,0.9557990226897676
2643,20.77273075154445,1011.6348604214332,1477.3055475642439,2.8807924087799215,0.9566298153422943
2644,20.6520775905097,1013.5799475442212,1477.3590594274594,2.898822430502082,0.9579473935069189
2645,20.50738669689981,1015.7577212244202,1477.4096660804894,2.9253733962392774,0.9594982185994569
2646,20.33359160269024,1017.7109274021991,1477.4564463576505,2.9610076829235656,0.960845232826581
2647,20.358982402459564,1017.6417345742242,1477.5079517665501,2.989524121659296,0.9613128908252856
2648,20.39458153253549,1017.8540524516537,1477.5642335640011,3.011472554089276,0.9613022123037955
2649,20.40611371459249,1019.6455246386878,1477.6207599704578,3.0304720075345095,0.9610328570286143
2650,20.34869344838146,1018.2465308805312,1477.6786399130026,3.04965049702429,0.9605167633514594
2651,20.24131433246603,1018.3724610477724,1477.7312923105558,3.073344066889806,0.9595421853351848
2652,20.123229999917026,1018.425335549112,1477.788440285842,3.1015584552579263,0.9578960383790446
2653,20.290422774206203,1019.2743698235523,1477.844640996348,3.114689749034633,0.9569486820555416
2654,20.18052694398035,1016.4739301267141,1477.8982414345205,3.131570977774206,0.9555651583586168
2655,20.148344561441206,1018.3692245001195,1477.9440541490144,3.149305677909004,0.9539111087071642
2656,20.272975678011985,1019.4984957336442,1477.9817643574247,3.156604234862233,0.9531696385899776
2657,20.20417083217792,1016.7113793618815,1478.0148818940336,3.165737734959567,0.9521937805407906
2658,20.329728917669165,1017.3844387645801,1478.0378717515962,3.165374731844047,0.9522321541804928
2659,20.37143390459128,1018.7862935928797,1478.0606712249132,3.163109238128288,0.9524768828648902
2660,20.394622097586296,1020.698724502082,1478.0834852570983,3.1608092839997295,0.952721944631715
2661,20.306674383800626,1019.2938134741651,1478.1085998825167,3.1639584683516713,0.9523821785837951
2662,20.37379114568782,1019.5495800731683,1478.130190599474,3.162225756523676,0.9525678127330013
2663,20.277146314940136,1019.0475728024667,1478.14742276718,3.1670181998632554,0.9520450426235798
2664,20.346395936407298,1020.3413731490942,1478.1571733137448,3.1671909716983597,0.9520253756134577
2665,20.372768952455683,1017.3454076318905,1478.177683383857,3.163654367089465,0.9524110181482697
2666,20.44400412207684,1010.7226735676225,1478.1981880348362,3.1516248156602145,0.953664852323088
2667,20.556268602434102,1005.8849865556509,1478.2209179382337,3.13070674301548,0.9556211227004602
2668,20.638524113563864,1005.9357131727787,1478.2496748654814,3.107356738728309,0.9574656613209129
2669,20.588937344418817,1003.7916897567113,1478.2775175649374,3.089535359310869,0.958631248174695
2670,20.60008281189494,1003.8816950093743,1478.3116623424755,3.073684883780099,0.9594907335135925
2671,20.497023780081562,1004.3321882869602,1478.348297863569,3.0675141104103147,0.9597788643658184
2672,20.332426716441525,1004.4276959673218,1478.3870733820695,3.0735381829185124,0.959493412797465
2673,20.33025951518814,1002.7819785541153,1478.4228049430021,3.077769428985516,0.9592780031413607
2674,20.289968773135595,1001.7166700172924,1478.4629421976667,3.0834386432980487,0.9589712370932655
2675,20.325924565550906,1002.4180718143831,1478.4973511659252,3.086250769132386,0.9588102988396559
2676,20.210479256744428,1005.0023675330257,1478.5335935226408,3.0981310079240387,0.9580791471828279
2677,20.311574034959484,1002.957645162966,1478.572084499663,3.1000564814073606,0.9579499070792862
2678,20.255108539227507,1002.2584491590013,1478.6149861729323,3.105097940645034,0.957603381617661
2679,20.18471853259159,1001.8921895868476,1478.6640702352845,3.1139459969185057,0.9569562417303495
2680,20.211315708165973,1000.6560103734781,1478.7179442429276,3.118876784189918,0.9565716478679798
2681,20.179508748811962,1000.0279075435988,1478.7699528909845,3.124838302519803,0.956086091455424
2682,20.19441331116774,1000.3622649323163,1478.8219835480947,3.1291012375586686,0.955723683725121
2683,20.12699568816624,1000.734228048822,1478.8688427083998,3.137550209231505,0.95497355131635
2684,19.818548124417454,1001.1349202256943,1478.9086758503754,3.165989550316138,0.9521130456487382
2685,19.86708660127353,999.0685573198497,1478.9492012285732,3.185555711333495,0.9498393959330687
2686,20.00537242667693,1001.0826685763574,1478.984705404164,3.194038573579877,0.9487758984249527
2687,19.90757476731741,997.9057713226036,1479.0250010161485,3.20590758182182,0.9472109828347155
2688,19.902242188984307,995.6292264095074,1479.061214138597,3.214925164116705,0.9459615536432471
2689,19.756586288467858,994.1888741769882,1479.1041154871875,3.231601853986041,0.9435162870117324
2690,19.633746872109956,996.5523611151514,1479.1421556653836,3.255631401399992,0.9396861877183227
2691,19.639561588591885,996.8350058713172,1479.1755634370945,3.2758386007058156,0.9361866708990136
2692,19.630943380135854,994.3688106637248,1479.2117294373256,3.292047917130838,0.9331971024425761
2693,19.527198380428615,996.2896028619704,1479.2444027104466,3.314100969657065,0.9288738383393292
2694,19.416560977724604,996.047555211438,1479.2775288058697,3.340227981408666,0.9233744729320705
2695,19.440962251320737,997.4656494182433,1479.304788793099,3.361667614015917,0.9185607383841266
2696,19.562807210760788,998.7434932526378,1479.3142235278476,3.3723987016098813,0.9160511991263491
2697,19.499251850535963,998.3567907689113,1479.326115619502,3.385604623531314,0.9128720921213749
2698,19.531345774725423,1000.6020077274114,1479.3420882734756,3.3960585476110845,0.910284756127553
2699,19.4957782565032,1004.059214485915,1479.3497242386886,3.40954457132768,0.9068568753634585
2700,19.364848695268133,1002.5192266594753,1479.3581883067595,3.428953802276238,0.9017462881871963
2701,19.174376711888623,1003.1119373531591,1479.3584218249805,3.458796198387677,0.8934893132482848
2702,19.20797063967995,1001.7223597078934,1479.3521067701536,3.4809990546832936,0.8870395599419331
2703,19.337172605818978,998.1682723070497,1479.3477167576193,3.4888337535779685,0.8847025968357399
2704,19.407224157638414,1001.2178953019084,1479.3395292962389,3.4926439994462997,0.8835550101783597
2705,19.524052990238694,1002.4891658084267,1479.3245956906767,3.4887275653534084,0.8847357621085254
2706,19.463918963801188,1003.9247265398766,1479.3032987124136,3.4903981268356583,0.8842345964928029
2707,19.509921397609904,1004.8353666329352,1479.2821898617715,3.4892590416118243,0.8845784425920789
2708,19.5331236067524,1001.9543634104048,1479.2697041088913,3.484895716698767,0.8858856344615542
2709,19.526251463469578,1001.9645113606492,1479.254355220133,3.4816612766888824,0.8868486445141022
2710,19.6110582834799,1000.0614241291299,1479.2422795089656,3.4719377132819207,0.8897091934956493
2711,19.522132210662313,1001.8966837724951,1479.2275720883033,3.4708847635202007,0.8900167488616996
2712,19.473482339967806,1001.8685092894115,1479.2066371109402,3.473285062492692,0.8893178267533918
2713,19.372429297315136,1000.5432107117322,1479.1776562975638,3.481372090720019,0.8869386530201846
2714,19.250559396124256,1001.8218874959923,1479.1490247891222,3.497350971358429,0.882137051812618
2715,19.32191364865475,1001.8723867408753,1479.1256475606467,3.5061056098280274,0.8794516412459227
2716,19.41673338898465,1005.3338764680932,1479.10187008205,3.5092705667388673,0.8784721642055661
2717,19.319260163808938,1004.7830930218769,1479.0843803100438,3.518251713176431,0.8756627538641384
2718,19.160376643987885,1001.0198477527107,1479.067155967895,3.5343348108285992,0.8705315779469219
2719,19.1470391232844,1003.7046475580371,1479.048785590888,3.550605152870205,0.8652131516115928
2720,19.181975358648867,1003.1403385412774,1479.0309873239694,3.561700271296691,0.8615144943863583
2721,19.178058966253126,1005.8724387943463,1479.0096595037594,3.573119051440788,0.857648051103461
2722,19.23126073688536,1006.5915744192098,1478.9910140096995,3.5796550294268785,0.8554082448863275
2723,19.011996649784102,1009.8330108107306,1478.9649361596196,3.6021845999733095,0.8475376011446832
2724,18.82159629841392,1009.6014558312874,1478.9353688799436,3.6341551192290362,0.835986611971961
2725,18.803701952282307,1005.233023629608,1478.902649161467,3.6597965532809087,0.8264126560460259
2726,18.61665244689673,1003.659252147368,1478.8636995047693,3.693338367507947,0.8134930858395095
2727,18.57817623832996,1004.5551048162476,1478.8248656463113,3.7250335265857206,0.8008953543099535
2728,18.51256954911876,1006.0555611096758,1478.78675152384,3.7573875148019704,0.7876699213881602
2729,18.465144812891346,1003.31246850855,1478.7438494249336,3.7863898809841605,0.7755213783100211
2730,18.422439189661635,1002.8601318886231,1478.6912691296761,3.8136651731104116,0.7638606443193814
2731,18.297224015806847,1001.03822710136,1478.6373975107163,3.8442285247412604,0.7505413218624195
2732,18.40443195710655,1000.6986104508652,1478.5829646486764,3.8626925543351605,0.7423752387541867
2733,18.321378643484742,1002.2652831635146,1478.5251849929139,3.88502991395659,0.7323825967397185
2734,18.509381033187836,1004.447752637416,1478.4660869386798,3.892588662664582,0.7289763303292487
2735,18.533488418546522,1000.4829391101612,1478.3996153413937,3.894874053601278,0.7279460884749489
2736,18.63355297890718,1002.0254224367624,1478.322491823133,3.8909740038326674,0.7297121721337488
2737,18.711382809188134,1004.3083339829907,1478.2428172510306,3.8837969843613394,0.7329503106019059
2738,18.744048690040827,1001.9074454617361,1478.1571529510838,3.8739594115562515,0.7373682613134692
2739,18.655678492790624,1000.7362872073627,1478.0716086553196,3.8708776554044104,0.7387502100200339
2740,18.70337012703628,999.5576272070634,1477.9843858061756,3.8642678065830283,0.7417020448448187
2741,18.729251931017362,1001.3703631428417,1477.893822161108,3.858028907873282,0.7444787003883601
2742,18.83702986825469,1002.8229333679195,1477.800487437203,3.8463012856859344,0.7496678602872466
2743,18.770900809880757,1000.2739219660348,1477.7045537330312,3.8392303185187666,0.7527811552254162
2744,18.8683578167801,997.9474760805537,1477.616648108904,3.8251175133489754,0.7589499332874918
2745,18.826888809684917,1002.0675231714672,1477.522091654341,3.8185412980051106,0.7618082293774032
2746,18.627769885878227,1003.1937062256442,1477.4360843587676,3.8272210089981926,0.7580431005050766
2747,18.70957190451244,1005.5346234855539,1477.348411513834,3.8305028237470653,0.7566166428499395
2748,18.824938184290968,1003.0192817145978,1477.2677587139049,3.823851257314987,0.7595169141066063
2749,18.800205158414904,1003.991844698873,1477.1905502326197,3.8204944595899737,0.7609776479622186
2750,18.769563003659872,1004.5463306721449,1477.1147248070836,3.8200772384256916,0.7611621308661355
2751,18.833561015427822,1002.6682057259727,1477.0365109560958,3.814181117118566,0.763716788803097
2752,18.752881540900027,1004.7546042715078,1476.9591655406025,3.815978117306539,0.7629440508624344
2753,18.751334547439047,1006.1940473304304,1476.8816254280628,3.8185177668481303,0.7618488712857759
2754,18.613051476210906,1004.1678958965816,1476.810981485785,3.8288170707057945,0.7573772676973951
2755,18.662730202161534,1002.8887171058511,1476.7375588393859,3.833382475109411,0.7553877160017489
2756,18.796545985382142,998.9834064044154,1476.672209166205,3.8256898682732574,0.7587457054138365
2757,18.687632330148805,1001.557271973865,1476.6031138369,3.8281897076926703,0.7576605236179841
2758,18.77856648995774,1003.912913212004,1476.5220882179829,3.82560600889621,0.7587892973834184
2759,18.6617243464151,1004.5121006211126,1476.4446736658606,3.8317443029622114,0.7561173337661892
2760,18.728885878714408,1004.013713323707,1476.3728545665715,3.8320741685713635,0.7559766438993708
2761,18.961623504729506,1004.1303751772314,1476.2998320407805,3.8165786189752353,0.7627157723941109
2762,18.942448381234467,1007.0038556631264,1476.2239790933234,3.8065235204346526,0.7670538488589351
2763,19.09192131919556,1009.0491992660036,1476.1501999472416,3.789086146069819,0.7745037166826215
2764,19.20031028347425,1010.361572849121,1476.0727528098107,3.767709884749696,0.7835088202600562
2765,19.090521583192753,1011.6929019814453,1475.9957493126042,3.7578554104701256,0.7876132264863214
2766,19.064190634123367,1009.8904298350873,1475.9145602343551,3.7501366875119104,0.7908068826490487
2767,19.002873620399562,1013.8635721716939,1475.8327425657642,3.7502545413040806,0.790762367573225
2768,19.001539725612282,1013.07589538361,1475.7582032798423,3.7499493188859465,0.7908917811116309
2769,19.090144930059882,1011.6125207869305,1475.6798116229381,3.7427339394117425,0.7938588835499307
2770,19.049316005013058,1013.1857141830255,1475.6049910530048,3.740372428493898,0.794828594852853
2771,18.959660991005297,1015.1818045008388,1475.5228927240264,3.745728187567881,0.7926390919910854
2772,18.978015767519175,1015.1532165398761,1475.443725706216,3.7490126120847647,0.7912929878935142
2773,18.962393832845297,1015.5282545095638,1475.3753036894482,3.7531045005963106,0.7896093827564847
2774,18.94907173468102,1014.9248362641503,1475.3062448011183,3.7571096872215013,0.7879561499543806
2775,18.849969406427196,1016.795634004431,1475.2424140757419,3.7684415669833755,0.7832436852647676
2776,18.732547181352146,1017.1242863159097,1475.1826290482484,3.786277169264811,0.7757415057613725
2777,18.671998904471188,1016.6685818152113,1475.1164967763468,3.8052736750241847,0.7676436260024052
2778,18.858526136390278,1019.684964558771,1475.0447915471552,3.810618521554405,0.7653484487688268
2779,18.86080347719793,1019.6018041116503,1474.9698098353435,3.814954163114405,0.7634813597025353
2780,18.822612927349184,1020.4438183815827,1474.8936442440217,3.8217707038751616,0.7605330534077215
2781,18.969095425036663,1020.0584431773793,1474.821669725369,3.8173465190506395,0.7624538912839195
2782,18.856759792912644,1018.9511331560647,1474.7491448554642,3.820538413184013,0.7610745373274135
2783,18.768777994845646,1014.937985232968,1474.6758116783842,3.8267148004541927,0.7583941302058828
2784,18.70720274629818,1012.1034360900568,1474.6055298031506,3.8343722380998937,0.7550553400480484
2785,18.68188692754678,1015.0977464237055,1474.531054323365,3.8444914828659082,0.7506179432696226
2786,18.724777091202526,1014.9532510027965,1474.4552861962557,3.8500809886568916,0.7481568827761899
2787,18.66769735178581,1013.6532438664487,1474.3755082529203,3.857900194337607,0.7446992891681866
2788,18.696772450828927,1013.575169042473,1474.2895613609655,3.862517317782274,0.7426521334366434
2789,18.673762338032407,1013.7776427845728,1474.200160073685,3.8681364198492063,0.740152823352422
2790,18.578493746982005,1014.4878618799562,1474.1185443022239,3.8798478856867233,0.7349141064239257
2791,18.393162347285998,1012.0130035733196,1474.0382100815493,3.9008645392347296,0.7254295664015454
2792,18.417665496712292,1009.6095555810574,1473.9565229187756,3.9155458580394793,0.7187471326368602
2793,18.346018714773,1007.5669601578044,1473.8824183542329,3.931617289756933,0.7113797503788635
2794,18.23746041576573,1009.075212002915,1473.7999155926132,3.9536210255415827,0.7012103905640427
2795,18.295680103719313,1007.0463463060225,1473.713245398923,3.967081254819854,0.6949477137967155
2796,18.255822600139922,1005.9277035434955,1473.623447450724,3.9805320007597493,0.68865890135738
2797,18.178465566878725,1007.9484492416178,1473.5291691711907,3.998506218563565,0.6802094024496658
2798,18.20954995092493,1007.3075668850971,1473.4359469662763,4.011263701258653,0.6741845400132013
2799,18.119515455248408,1005.6442131822472,1473.3402793620862,4.027190997872254,0.6666309216196983
2800,18.208541546265923,1006.7388816580758,1473.2436339161593,4.035356164335294,0.6627481133651123
2801,18.18746866895541,1004.8023196976328,1473.146992307564,4.042511584738645,0.6593394644827306
2802,18.161750772419914,1002.8068176522388,1473.0470857877203,4.049087914546963,0.6562020192969102
2803,18.201378408671054,1003.7331125681281,1472.9370510180995,4.05256271865234,0.654544687611617
2804,18.068286677998845,1000.3303294194304,1472.8309171513677,4.062436095617009,0.649820210566717
2805,18.196119275209625,1001.8272814531839,1472.7193419151681,4.063066145948189,0.6495226421180488
2806,18.417112147450016,1002.7373349427783,1472.6022187694261,4.049125407828565,0.656202308979411
2807,18.53743400817672,1002.5853023555387,1472.4896165086427,4.028986081181435,0.665812452509565
2808,18.623447213334742,1000.9741486018512,1472.378780343895,4.00499512739529,0.6771944115700999
2809,18.4313973906955,1000.6126246798012,1472.2666672994033,3.9974536495279076,0.6807594019546441
2810,18.487573985016827,1000.6431631426648,1472.1568640955181,3.987237006498954,0.6855739532323223
2811,18.376695020254605,998.779144271379,1472.0454290454438,3.9849293855357413,0.686662936352831
2812,18.4039403146864,997.8669598655679,1471.9394235286193,3.980537826990544,0.6887285320879177
2813,18.36608601234379,998.9186667516558,1471.8318497130026,3.9800454555548934,0.6889640468447891
2814,18.35234418859479,999.611073576886,1471.7225027168113,3.980998974331792,0.6885215667021061
2815,18.25924843014155,997.6054356114515,1471.616808514065,3.986885734524598,0.6857621532776063
2816,18.24690804826641,999.4979810309991,1471.5025061950976,3.9939221643084952,0.6824562784634901
2817,18.108406024626603,997.9169954136881,1471.3949892840549,4.008339096495773,0.675654664324602
2818,18.074387621131937,996.8127317307298,1471.2976631541624,4.022214456012682,0.6690811128405041
2819,18.016418204778745,997.9071001160175,1471.2036137089242,4.038645680938438,0.6612641407697345
2820,18.125349327761114,995.9925246262006,1471.1141401289547,4.0439878300916465,0.658718213619332
2821,18.168631326390248,995.7278828067539,1471.0154768361747,4.045414428418979,0.6580408576258887
2822,18.30858312375986,992.917504357027,1470.9223218291343,4.035325781173012,0.6628585857139524
2823,18.459991291552424,993.2434645099789,1470.8248887527945,4.016644889683627,0.6717442557812492
2824,18.3927933262586,993.2821237362206,1470.7304516011607,4.00536666866669,0.677088429591977
2825,18.456091993693093,992.6157627169375,1470.6360682300856,3.991049734107858,0.6838456767456308
2826,18.514280530079404,993.9677419916165,1470.541227407147,3.9757694473479903,0.691023239101848
2827,18.558015042714132,991.6637679827342,1470.4456593450307,3.9583513796660816,0.6991580765431673
2828,18.440612839855053,992.6259834579203,1470.3501193064621,3.95214730790053,0.7020456313160008
2829,18.474566173698616,992.3809043836176,1470.2488812114007,3.944407225048254,0.7056375809888618
2830,18.547882440076734,991.3552773221595,1470.1478237211181,3.9321891718347506,0.7112822327823731
2831,18.548455257275837,989.3160069769427,1470.0470701256718,3.9204800774345276,0.7166645703875374
2832,18.713742735489458,990.3006869459749,1469.9518050013412,3.8998916183084806,0.7260560893277117
2833,18.756827636324008,989.95710776842,1469.8607915113168,3.879240891422648,0.7353819497536404
2834,18.745125025163066,991.5538692674442,1469.7768027583693,3.863490681134136,0.7424280426430806
2835,18.844401588887674,991.3564295553035,1469.7016835751522,3.843217881380606,0.7514047432564414
2836,18.878498285855365,992.0030880612645,1469.6244800742547,3.8240714113853613,0.7597835074885587
2837,19.046555670215493,990.978763762644,1469.5528888360557,3.795706879706348,0.7720048756397607
2838,19.14604118821231,991.5756762262713,1469.4858286172032,3.7651981188556882,0.7848795092718417
2839,19.15509011684659,989.5359195784575,1469.425155012878,3.73736439340451,0.7963633064665083
2840,19.27154446470683,988.8138823350149,1469.3615113029946,3.7053203022183574,0.8092528249786886
2841,19.447091375706297,987.5408164049137,1469.3028575070512,3.6653260485351007,0.8248067055671141
2842,19.34653693840965,986.2817229817754,1469.2518169302732,3.637385461227657,0.8352997338605175
2843,19.376806620055852,988.0605721928583,1469.2010447841108,3.612695271699206,0.8443023884051409
2844,19.32695276303551,986.5861218014567,1469.1613877615393,3.594174754516524,0.8508826698550651
2845,19.21606847013551,987.5116473429969,1469.1243923948043,3.586566616348905,0.853542840885761
2846,19.249630078236414,988.4009473372738,1469.0864740933266,3.578374412391152,0.8563779364075491
2847,19.295076084571914,986.3839258936406,1469.0556984872137,3.5670454424861253,0.8602468791273316
2848,19.082730629394806,984.0665003322424,1469.029801767469,3.5704165654607327,0.8591036688184664
2849,18.936297202514165,985.8753226261742,1469.0105542631252,3.584393694404898,0.8543033235861708
2850,18.922982990521614,985.6649742885095,1468.995489881856,3.5970484323914023,0.8498806995728109
2851,18.9582784460124,985.624360584337,1468.9800197497996,3.6053757525273795,0.8469318450461814
2852,18.99105616400748,988.7111552268593,1468.9668411113712,3.6121664926722845,0.8445046220388072
2853,19.073349211824283,988.076485869259,1468.9622400689402,3.611934623543841,0.8445880966030316
2854,19.104743321836576,989.4665596360626,1468.9514393254765,3.6104753423659135,0.8451119564715632
2855,19.30025083325819,988.0899668032304,1468.9431608819114,3.5950536383521787,0.8505855070807931
2856,19.39125536747947,989.4032836213414,1468.9321227702972,3.576575170755445,0.8570043212409271
2857,19.443782746921805,991.700476463023,1468.9146795751135,3.5587385902484576,0.863052340733846
2858,19.649877405471727,992.8502176062989,1468.8985397834692,3.5302667874905325,0.8723949968258428
2859,19.610453224614414,991.2475148962097,1468.8878420015385,3.507740839155323,0.8795072025693685
2860,19.563573878090704,993.4079946537664,1468.8661939794745,3.4931473688159205,0.883980303974923
2861,19.53950707615555,991.3542832283908,1468.840078798373,3.4810880300412252,0.8875952130469362
2862,19.599590560264463,990.194690887696,1468.8148650103099,3.4660153636402797,0.8920071048340847
2863,19.565194596189293,988.5335208984947,1468.7937723778632,3.4544994252597983,0.8952975976096758
2864,19.533667392400957,988.9791310979958,1468.7745911240825,3.4471386146400604,0.8973642098304553
2865,19.711906165957007,986.7273819835328,1468.761342894327,3.427325263192005,0.9027797641802925
2866,19.586098633145532,988.6779317124129,1468.749263700254,3.4202802537748136,0.9046542102519429
2867,19.749099078989467,986.9157831894769,1468.7482201064302,3.4020815118387793,0.9093675500344356
2868,19.811721303736764,991.4222812936978,1468.7483173043695,3.385187101493518,0.9135769053496144
2869,19.81338787168364,991.463153123506,1468.7517274216468,3.370739108675643,0.9170477795232101
2870,19.92290848974375,994.1006402844099,1468.7632193551694,3.3526615776019253,0.9212206525052388
2871,19.83564986920423,995.1153420573306,1468.7729532091944,3.343877250364947,0.9231793265175939
2872,19.679476773091036,997.5604576362616,1468.7791526504293,3.3485863828735503,0.9221342842899426
2873,19.746501334457733,1000.5365354614521,1468.7810855915945,3.349899701906661,0.9218405025106838
2874,19.532477415783735,1002.2636601136245,1468.7851604011464,3.366679140477373,0.9179996747596274
2875,19.383635251543033,1003.6054458951774,1468.7860651552492,3.391923139689648,0.9119157627384565
2876,19.41171284742209,1004.601298775579,1468.7832164629804,3.412095842055371,0.9067947409562926
2877,19.366670388420193,1005.4722047511625,1468.787516533929,3.4328587012888825,0.9012875012171725
2878,19.059621121265913,1002.9239957268503,1468.787600725392,3.469811815045257,0.8909089016432814
2879,19.048488438568246,1005.3119251417942,1468.7914946913143,3.503484492961301,0.8808278918619998
2880,19.035418495166926,1005.8359248872448,1468.7959864529564,3.5333264521752024,0.8714153706006014
2881,19.0289723256683,1008.4039891716878,1468.7963477105388,3.560748982149074,0.8623845276837964
2882,19.055463511375333,1012.8621699506206,1468.7961809962173,3.5850627367709436,0.8540826856648317
2883,18.941776379722565,1016.0822491074688,1468.7872675338122,3.6155001717339004,0.8433148307860774
2884,18.87783482842324,1014.3793758314252,1468.7701678219441,3.6446536009319903,0.8326265629044625
2885,18.804688889467485,1010.3339082490601,1468.7579953498691,3.6718666096163637,0.8223336792594944
2886,18.796480899832773,1012.306375613859,1468.731509658796,3.6967992855320286,0.8126488641362761
2887,18.8379598929543,1011.9722876547344,1468.69616446764,3.714956865214519,0.8054495744993804
2888,18.991571680306905,1011.1748393016339,1468.6614799354436,3.7194274527634703,0.8036599131460972
2889,18.899077845152622,1008.9403036454072,1468.6263827861203,3.7281185248906628,0.8001586876515491
2890,18.956918728128112,1008.9984155247255,1468.5756465306729,3.7316035825521157,0.7987490673241415
2891,19.07085036352213,1008.1239981026423,1468.5249054965943,3.726256254218106,0.8009166048408844
2892,18.96648771275277,1009.0474194657199,1468.4731671626923,3.72939987711033,0.7996476190646796
2893,19.075952929797953,1007.691956971377,1468.4221230131213,3.723763433916507,0.8019275939492534
2894,19.232245173060523,1009.5274769931706,1468.3710651468348,3.7094853330493067,0.807648619258856
2895,19.365132284457353,1007.3515016875868,1468.3174988181229,3.6869284705835446,0.8165331253958237
2896,19.488976209117617,1007.0860813766134,1468.262623944021,3.6591541514223698,0.8272048260450579
2897,19.530556832858494,1009.1974159697403,1468.2041855554298,3.634044480452287,0.8365873272065355
2898,19.629323687173432,1011.5987154825988,1468.1447650108385,3.6074880560419706,0.8462228702195861
2899,19.728653452738214,1012.6699028590258,1468.0880177946099,3.578825586305389,0.8562760309764811
2900,19.715855775763934,1011.0377066267599,1468.0421236177503,3.554305725204915,0.8645792326667809
2901,19.673758560209883,1010.8435533207047,1467.993472372884,3.5362083470659287,0.8705268231669839
2902,19.56954200684826,1009.8550356310288,1467.949866259102,3.527299956787221,0.8733976291801051
2903,19.69534643974438,1013.2547967770562,1467.9090858901213,3.513302392692091,0.8778283503234046
2904,19.74857059458969,1011.5228942575101,1467.8654558921512,3.496688799678951,0.8829601233179013
2905,19.759017978085506,1009.9390722949144,1467.8295633213927,3.4808579709652814,0.8877193734713328
2906,19.759414178330566,1009.3359933142968,1467.802787576399,3.4669948455641846,0.8917803988173818
2907,19.766027686185875,1008.8603738838044,1467.7837230805035,3.4544611688470956,0.8953648167206111
2908,19.715223868723825,1010.4230674867368,1467.7701742710185,3.448251780576583,0.897109905167512
2909,19.64824030827594,1007.8400844660363,1467.7615019614407,3.4459081017101068,0.8977634077602492
2910,19.78432560981435,1007.0691946427698,1467.7581316447286,3.4341629050501785,0.9009915487730381
2911,19.93968551404871,1008.6204201973691,1467.7584162079468,3.4145767505102773,0.9062071520804906
2912,19.940326482865114,1007.4492878072798,1467.7600636827817,3.397147055769208,0.9106697846926842
2913,19.89991197877616,1005.6604565740766,1467.76217208572,3.3839570792908384,0.9139332758826814
2914,20.007781706685172,1004.6113784971697,1467.760300393883,3.364738751625169,0.9185108830336479
2915,19.9128117487269,1002.8290200400929,1467.7673884252424,3.3537477414183505,0.9210324671500748
2916,20.084564149535186,1001.1700715973016,1467.7783933593985,3.3316639067285516,0.9258852774473045
2917,20.081715108084914,999.4429047286063,1467.7923178238625,3.3119985518377084,0.9299627718116109
2918,20.16322651804809,997.5390254003254,1467.8083320569667,3.288532629185182,0.9345233545228065
2919,20.229875354648193,1000.1914556631442,1467.8228913838707,3.2657188402236437,0.9386345264280519
2920,20.083438689227,998.0632453574344,1467.8381886150648,3.254958684028922,0.9404613670616496
2921,20.078130096974395,995.0342822280911,1467.8531710657855,3.244265819624325,0.942205267753682
2922,20.166432599180737,993.2671834568929,1467.8763319719767,3.22805021225431,0.9447128791779574
2923,20.231123246475278,992.0284727795843,1467.9083922776192,3.2090811251823355,0.9474348839862237
2924,20.14805688176109,992.3758002588993,1467.9410924023175,3.1988330369201616,0.9488091556974538
2925,20.077029564343846,991.1996940824048,1467.9734148159662,3.1942181753222365,0.9494050072586565
2926,19.988568479418905,991.0571140600879,1468.0117483117217,3.196229917433329,0.9491438357869704
2927,20.032460295754486,992.5502615391151,1468.0437826552275,3.195891548447092,0.9491856672771666
2928,19.993519676834786,993.4463535893916,1468.0837321574463,3.1988203289488957,0.9488023787994185
2929,20.043728456591293,993.9318680763387,1468.1227571522718,3.1981964486007874,0.94888167314601
2930,20.233580296322916,996.3582913199543,1468.1627417928642,3.1862658866626496,0.9503917497689599
2931,20.177465011057517,995.7503118986391,1468.2071151864652,3.179563332906378,0.9511986112320007
2932,20.237199254505942,996.1064997942399,1468.2437486585227,3.1700226586089375,0.952298642545339
2933,20.30052192989824,995.9130398646764,1468.2801438863391,3.157478931506273,0.9536558249758993
2934,20.207430772389642,997.1664928252219,1468.3205890412014,3.153945946660487,0.954017817187279
2935,20.161424395631627,997.0167870385528,1468.3646675198434,3.1539816291531886,0.9540115544511163
2936,20.277077676517447,996.9041997609885,1468.4040599933394,3.1460650408587947,0.9547963757972986
2937,20.24030452035968,994.7710361182421,1468.442107201054,3.1404962996479737,0.9553233005151389
2938,20.036261685247457,994.1829450355327,1468.477488554938,3.1492876893078114,0.9544765032691984
2939,19.969282785186415,997.920709183098,1468.511965232272,3.1636764250257965,0.9529832038587723
2940,20.024392108475062,999.978365253084,1468.542072688877,3.173450228794218,0.9518917309914694
2941,20.121094234697704,999.1965064358834,1468.5745778282185,3.1746799761467783,0.9517483129823752
2942,19.92608987716189,1000.4103521606635,1468.616410488602,3.189769780951255,0.9499301666721879
2943,19.904172539473933,1001.7359982142449,1468.6539809281574,3.204923842745366,0.9479571681875935
2944,19.73829769561378,1001.0565496380389,1468.6954518742125,3.228672819534227,0.9445713439110252
2945,19.62043837280634,1000.1944449297009,1468.7405764180821,3.2563425437216926,0.9401774174849812
2946,19.520308219183256,1000.4579943946842,1468.7802800267434,3.28684670890571,0.9347815000231731
2947,19.376423988010583,999.5691891580082,1468.8178577332997,3.322013818155878,0.9278552990633461
2948,19.4376614531596,1001.2267170457745,1468.8579499078621,3.3487798322111653,0.9220865583675866
2949,19.406052590631898,1000.7763223666435,1468.8954904044479,3.3733997590484437,0.916409341651081
2950,19.470154825674673,1000.026786994195,1468.922185519733,3.3894891273690746,0.9125104474341136
2951,19.51844796273855,1001.8839746287885,1468.942964731084,3.4010463560173547,0.9096190427964621
2952,19.594319705261626,1001.2312411618128,1468.96621429217,3.4052919126183765,0.9085371353356263
2953,19.51278443626388,999.110128863758,1468.9961497380652,3.4131168868002173,0.906517444999717
2954,19.245230201680812,998.888871132006,1469.0170452976847,3.4378491658588852,0.89991581267458
2955,19.182821559289124,999.6243860084942,1469.035024439214,3.4635850059778144,0.8926948686763974
2956,19.05538603571512,998.8340709040456,1469.0443817840437,3.4936409307184912,0.8838210015060445
2957,18.988557155841605,1000.8054199002119,1469.0445111812644,3.524981463335038,0.8740781309995129
2958,18.99944534756383,999.5176859991253,1469.038919445098,3.5500681578451343,0.8659314304595244
2959,18.93341709197546,997.748015401383,1469.0263842657823,3.5747734799077064,0.8576167743711456
2960,18.85916141913607,997.6604174229019,1469.0154240361107,3.600774628254812,0.8485635490847445
2961,18.880893392754235,995.6534652020285,1469.0029486374137,3.620131277047305,0.8416295690788386
2962,18.791953002086323,997.8626682164625,1468.990347138303,3.644033067024502,0.8328463470447564
2963,18.656493859881,996.5729766961622,1468.9796867794564,3.6727618504315123,0.8219786695897882
2964,18.658834499499967,998.4861667533252,1468.9688063118551,3.6982272285054325,0.8120749505812794
2965,18.647704846950013,998.4267001113801,1468.9520515748468,3.720593265222491,0.803177026518156
2966,18.696555581787027,998.2588941001732,1468.9206861801301,3.73617194360253,0.7968744004780134
2967,18.654895368714968,997.8644501691712,1468.8854588929075,3.752002381059239,0.7903842786630139
2968,18.934109553016587,995.733994094488,1468.84471226963,3.745101579619451,0.7932266750790116
2969,18.93756063958552,993.1131051897934,1468.80371156127,3.737349719390329,0.7964001624282595
2970,18.836566369643446,994.0746913201751,1468.7630308374744,3.7382441472407715,0.7960373012354274
2971,18.80925089835641,995.6060430449068,1468.7177080621998,3.7418293460948755,0.7945742108967234
2972,18.80981054644569,995.1120525504367,1468.6689969375927,3.7445274390744676,0.7934709668847936
2973,18.617908910277304,994.1195638434235,1468.6221340600594,3.7592640516447697,0.7873911620075669
2974,18.747541794008033,992.1508904977426,1468.5716280539211,3.761721908739685,0.7863722342682443
2975,18.58704455769308,990.5568019271299,1468.5159157375315,3.7737366732639255,0.781353850047938
2976,18.55828911929611,990.3905558490177,1468.4595544481854,3.785802733435153,0.7762679702382843
2977,18.555135118782154,987.7859976939098,1468.404142042911,3.7946328003779786,0.7725182486335413
2978,18.616046680135504,988.9458387169485,1468.3493357279654,3.7987209797957315,0.770775594533169
2979,18.649375815232386,992.8397044057077,1468.2886125106836,3.802379353584642,0.7692124764547272
2980,18.57272383431072,993.8127252964049,1468.240190703363,3.8113219743671207,0.7653701612123378
2981,18.398570204005754,995.7527512721286,1468.189356987094,3.832005280620702,0.7563928388098292
2982,18.381641147844164,996.340583295208,1468.1313663172682,3.85110929383539,0.747997636911467
2983,18.361827200483134,994.1398595942712,1468.0725015668422,3.867310578951571,0.7408043919019762
2984,18.48886473855339,993.4285970012157,1468.0130398904391,3.871982319524115,0.738719999393333
2985,18.37283680750746,996.2725877802526,1467.9412578425502,3.885646515305799,0.7325886397811361
2986,18.392080870544792,997.4772793693676,1467.8734230843245,3.89670951672853,0.7275931084153557
2987,18.355943403971427,995.7882935964416,1467.798524047026,3.9075099683745544,0.7226901297432053
2988,18.27331655592552,997.1079711908442,1467.7200107796934,3.9231486375100753,0.7155452150406503
2989,18.10899506266788,997.8515638883745,1467.6390786095624,3.948100263365557,0.7040418421237508
2990,18.072169153940887,998.1294884411531,1467.5584853334897,3.971992082195275,0.6929197355946047
2991,18.12758359158356,996.8933753894075,1467.4785544993306,3.9877476537744703,0.685533960124635
2992,18.044750240161974,998.0349262906299,1467.392320443038,4.007500017916366,0.6762204221945711
2993,17.927339893476088,997.7463932938826,1467.296055996728,4.032103396258335,0.6645439995474336
2994,18.020571168769035,996.8983366461259,1467.1976839121578,4.046132942313473,0.6578542272798764
2995,17.95565272214503,995.8296351194831,1467.0979789709093,4.061805720713649,0.6503549671885646
2996,17.907238546192374,995.1520889990047,1467.0033445444103,4.077997733680274,0.6425815658984145
2997,18.004588083674015,996.6914409461824,1466.900451027549,4.0861012329261275,0.6386847728006039
2998,18.123483815675833,996.055985674546,1466.7985971573926,4.084492071114648,0.6394638956613587
2999,18.15698777313104,994.9586537496818,1466.6963953901447,4.080151344959527,0.6415576707177421
