step,temp,fuel,o2,reward,residual_fuel
0,1398.7905169938656,15.96853638291359,4.192651206788302,-0.5152411917699851,-0.031463617086410524
1,1395.1162367484042,15.94961823374033,4.352171187505148,-0.5500921793072735,-0.018918149173259735
2,1389.6050376080427,15.969593353569508,4.481345204900521,-0.6078389508198165,0.019975119829177858
3,1382.8272605555503,16.004593087732793,4.584407720888903,-0.6732298558779075,0.0349997341632843
4,1377.4887283287287,18.567582747032205,4.4594714690414285,-0.7254963426373002,0.038835993409156805
5,1374.920610100621,19.515040733487574,4.279597475873367,-0.7519110935867434,0.027664047479629517
6,1374.861627879379,19.496261941463914,4.13363540435973,-0.7560280051565382,-0.018778792023658755
7,1376.547152459066,19.458448823363746,4.017036593729693,-0.7364319080169912,-0.037813118100166326
8,1379.360225581747,19.338795599706888,3.9312036304503013,-0.7067579678334619,-0.041415354609489446
9,1382.8365025666994,19.296259326108217,3.8642966648396837,-0.6717470662319238,-0.04253627359867096
10,1386.6822501032802,19.253308612473727,3.8129428853571876,-0.6332189429707796,-0.04295071363449097
11,1390.6857843757268,19.210212076075795,3.7743546351359796,-0.593156738519076,-0.04309653639793396
12,1394.4974546850606,19.167119086154226,3.7462338290909796,-0.5550258077970306,-0.043092989921569826
13,1398.1068338678551,19.12427600360704,3.7266759048398357,-0.518956652058887,-0.04284308254718781
14,1401.6951463409464,19.081730616458184,3.7141152159917024,-0.4830783061303691,-0.04254538714885712
15,1405.139481285375,18.344691532608056,3.7640462850684653,-0.4486219065471323,-0.04237819314002991
16,1423.953946524683,18.302637547012353,3.808426413414292,-0.2604929555076023,-0.04205398559570313
17,1446.5301961141222,18.258131301160837,3.8484551690688558,-0.03494326488435945,-0.044506245851516725
18,1466.4676596284062,18.213603883739495,3.88491752925727,-0.16467871344104423,-0.04452741742134095
19,1483.0091277014722,16.752256769309657,4.034237950802976,-0.33011051918219436,-0.04471983909606934
20,1495.1403291582676,16.707451430330888,4.1603421887718,-0.4514118415709459,-0.0448053389787674
21,1503.976578207823,16.663092527161258,4.2673726734732575,-0.5398104256591432,-0.04435890316963196
22,1508.9539158146092,15.744022245006466,4.4302440943861425,-0.5897130812212913,-0.04261967241764069
23,1510.556053249157,15.720240188436414,4.565742129197613,-0.6074442940763288,-0.0237820565700531
24,1509.432385662705,15.642897547525678,4.683170958358244,-0.5996418283334402,0.02939766049385071
25,1506.306888222437,15.683719028276716,4.776126666862987,-0.5642112642500888,0.0408214807510376
26,1501.7752888129273,15.726582456869398,4.848847548452282,-0.5179570829134378,0.042863428592681885
27,1492.4790802464286,15.770075662178312,4.90492440661766,-0.4248537801359089,0.043493205308914186
28,1483.7704973400096,16.447172043453783,4.895575114035438,-0.3377784468536174,0.044227939844131474
29,1475.790619226322,16.49135297311458,4.884298228546136,-0.257910893281553,0.04418092966079712
30,1468.502676007446,16.535415367018313,4.871450403615095,-0.18503861365016747,0.0440623939037323
31,1454.0227214583686,16.57928462399158,4.857330191491786,-0.04024652827673208,0.0438692569732666
32,1440.8376358107787,16.62359903825435,4.8421302436171185,-0.09166815762116358,0.044314414262771606
33,1429.9116972512445,17.822840608967052,4.73166426520125,-0.2008831964667229,0.044312724471092226
34,1416.7609426550193,18.396346390384352,4.594215270442815,-0.3324097771722836,0.044120687246322635
35,1406.764984998526,18.74991850435546,4.45261318158718,-0.43236328628240245,0.04425204992294312
36,1399.2124394554555,18.947729770725253,4.32033433203782,-0.507937921505511,0.04362888932228089
37,1394.2973478800498,18.989575527494434,4.2084460401641675,-0.5572048344548125,0.0418457567691803
38,1391.481696092934,19.021257822101596,4.114108563712475,-0.5861993852868614,0.03168229460716248
39,1390.3078781325032,19.020926256759683,4.036778928541828,-0.6001226046698753,-0.00033156534191221
40,1394.259876527272,18.904113577413032,3.982914559858106,-0.5599865114301655,-0.026184332370758057
41,1398.67398508034,18.70128389590208,3.955321019110529,-0.5149364764847519,-0.04294760525226593
42,1403.2692409779734,18.658143779568118,3.936219726004327,-0.4673268413284359,-0.04314011633396149
43,1407.9298280317628,18.615011545948427,3.9240814317886423,-0.4207025079537993,-0.043132233619689944
44,1412.5732735908296,18.571970829300326,3.917645317896264,-0.3742764157888632,-0.04304071664810181
45,1424.3406529991184,18.529093494944018,3.915871640268111,-0.25660980823799495,-0.042877334356307986
46,1438.3257852534175,17.828042986782073,3.97170707214002,-0.11691457357037052,-0.04460159540176392
47,1452.5062604324548,17.78336514213848,4.02114319973926,-0.025070229248731264,-0.04467784464359284
48,1465.9456455920208,17.738651606233596,4.065334814524784,-0.15946002504633724,-0.04471353590488434
49,1477.7966329341343,17.69396340528297,4.105223858430598,-0.2779688628367694,-0.044688200950622564
50,1488.1840979587396,17.649490439684865,4.141567205182043,-0.38186250312264747,-0.04447296559810639
51,1497.0828383706744,17.605490439923283,4.174964429498744,-0.4708756802903963,-0.04399999976158142
52,1503.9541466085363,17.562492963464734,4.205863907214632,-0.5396417184156667,-0.042997476458549504
53,1508.4965513764564,17.523244461210247,4.2344088665458965,-0.5853404111849704,-0.03924850225448609
54,1511.9337936075237,17.503899627717015,4.2593965929906,-0.6213283029513627,-0.019344833493232728
55,1514.4339744264591,17.506956327872153,4.27963673513858,-0.6465798976294286,0.0030567001551389697
56,1516.1661461504277,17.527524046020385,4.29455285777285,-0.6634125633035864,0.02056771814823151
57,1517.2874802191634,17.557444516734954,4.3043389774661565,-0.6738100774482677,0.029920470714569092
58,1513.9954626761776,17.59197076054084,4.309542110970851,-0.6404152040709074,0.034526243805885315
59,1509.075113847969,16.010745537765622,4.443026405649891,-0.5916119234275629,0.043134093284606934
60,1502.3593167640809,16.05447286415875,4.548910130173858,-0.5236524909516606,0.043727326393127444
61,1494.4216100082517,16.098520762212875,4.632135190054527,-0.4442481572486167,0.04404789805412293
62,1485.8208394175363,16.224517666832117,4.690083272111191,-0.3582190115507365,0.04415407180786133
63,1476.9085142544614,16.26870041443458,4.733990085263582,-0.2690880101240737,0.04418274760246277
64,1467.9354669951306,16.31287768437019,4.766383505549405,-0.17935521771799132,0.044177269935607916
65,1459.1052130008272,16.357019432917742,4.789338846492474,-0.09105568214707772,0.04414174854755402
66,1450.6600973623504,16.401085450783878,4.80456115108577,-0.0066085466916456425,0.04406601786613465
67,1443.853364398263,17.481269720880302,4.728770782299993,-0.06148122856833425,0.04391729235649109
68,1439.3276773115876,17.95746989688635,4.627707601512442,-0.10679013488602322,0.0432482123374939
69,1437.0277514417069,18.122351327884108,4.531361682725513,-0.1299819696355894,0.04065337181091309
70,1436.5628599414026,18.117515292583537,4.452753230124994,-0.13548133026679807,0.02955407500267029
71,1427.972223637195,18.11940389071269,4.3881399627534545,-0.22304431131540242,0.0018885981291532517
72,1421.307373407786,18.16300988291068,4.331593601826372,-0.2910980053290245,0.04360599219799042
73,1416.2809795700098,18.2052600333528,4.281772903572034,-0.3373257884754889,0.042250150442123414
74,1413.1408105415571,18.243976531370112,4.237756018785502,-0.36894525982690995,0.0387164980173111
75,1411.1373410870838,18.26839714591069,4.19966652064029,-0.39005617747683574,0.024420614540576938
76,1410.1265173236602,18.35874055999076,4.161050268362592,-0.4007103863928978,0.004665018245577812
77,1409.9582434663835,18.344566191013215,4.130543270927725,-0.4023015040584778,-0.014174368977546693
78,1410.4400860368091,18.310966914311816,4.108273265923173,-0.3967567485582049,-0.025750458240509033
79,1417.7452682364403,18.25874530675255,4.094279411589183,-0.3231210752244601,-0.031488034129142764
80,1427.4796387240885,18.214675289414753,4.086405852852157,-0.22646181107998017,-0.044070017337799076
81,1437.4396657153493,18.170213168881762,4.083582979177751,-0.1256425531660261,-0.04446212053298951
82,1446.4961058290821,18.125764101765977,4.084900600529441,-0.03504024705089932,-0.0444490671157837
83,1454.7144538081866,18.081551444552765,4.089594108385289,-0.047168179072123166,-0.04421265721321106
84,1462.3789375987258,18.0377255708202,4.097024235228511,-0.12382805433532212,-0.043825873732566835
85,1469.4921613492743,17.994358825705874,4.106660869650694,-0.19496752635456688,-0.04336674511432648
86,1475.189129621558,16.830085193278485,4.209707351118851,-0.25195869863800907,-0.042692720890045166
87,1478.9779992347746,16.790036337735348,4.297478258397725,-0.2900443788824373,-0.0400488555431366
88,1481.2134486564455,16.382055671641155,4.40279058239962,-0.3132604743326283,-0.02878897786140442
89,1481.5336399605303,16.378477031493112,4.489439134554071,-0.31785743337663913,-0.0035786401480436326
90,1480.3426388148343,16.43510192223298,4.555863561249459,-0.30650351410744175,0.02719261944293976
91,1477.9590472756868,16.472278251130458,4.607293541542175,-0.28058884370232134,0.0371763288974762
92,1474.7764380519707,16.5126388508867,4.646167857170123,-0.24808280760558318,0.040360599756240845
93,1471.063509932679,16.554111297805186,4.6746556676228606,-0.21074628404301393,0.04147244691848755
94,1467.0320068781111,16.596037246663446,4.694589483653409,-0.1703654189750887,0.04192594885826111
95,1462.8461943816815,16.638101153452272,4.707497750335675,-0.12847573960987121,0.04206390678882599
96,1458.6316635164292,16.680105750639314,4.714649913333009,-0.08632256612447008,0.04200459718704224
97,1454.4826142931654,16.721892427284594,4.71709987977537,-0.044847934985830305,0.041786676645278936
98,1444.1220719430328,16.763304232437488,4.715724679541012,-0.0588167677189108,0.04141180515289307
99,1434.524262538853,16.80745985396611,4.710988617957518,-0.15503175624904314,0.04415562152862549
100,1424.4972506138377,17.88451145931449,4.619088390269985,-0.25504697981209346,0.043960762023925785
101,1417.0502667271849,18.41283773334566,4.50055538045238,-0.32950108484054,0.04392324090003968
102,1412.413101069483,18.645182185782613,4.384371123748797,-0.37598996438232235,0.042713490128517155
103,1410.0311685059057,18.702418470818422,4.284422684038732,-0.4003269700670376,0.03632693886756897
104,1409.4390143354324,18.712762184876823,4.201619675163626,-0.4082081791265932,0.0103437140583992
105,1410.212245617199,18.691795544762037,4.13543460171622,-0.40100857924532873,-0.020966640114784243
106,1411.9925696831901,18.658189715880773,4.083909109825523,-0.38133822204474654,-0.03360582888126373
107,1414.4928332591637,18.620256682176016,4.044758093989505,-0.3555043878907122,-0.037933033704757695
108,1417.4883866646805,18.580567922133827,4.015897626474618,-0.3252917059869378,-0.03968876004219055
109,1420.584801534448,18.10273048153417,4.031280918758214,-0.2942304356929276,-0.04047327041625977
110,1423.4493701841723,18.06236971190469,4.047193500524884,-0.26551754823695545,-0.04036076962947846
111,1426.1102461707524,18.02287526300447,4.063469303937679,-0.23898417036540195,-0.03949444890022278
112,1434.9273203277398,17.984351135997937,4.079963654395145,-0.15082382891197085,-0.03852412700653077
113,1445.6947703087637,17.554433460277735,4.128621894230123,-0.0436270168182159,-0.04427132606506348
114,1456.1999455763716,17.509915066999614,4.172159693993492,-0.062024162485022315,-0.04451839327812195
115,1465.4501492914228,17.46549243752402,4.2114909070802,-0.15451106929448089,-0.04442262947559357
116,1472.7896464109606,16.826569176688057,4.295955310686816,-0.22793729627150922,-0.044014307856559756
117,1478.0142801198556,16.783842457308634,4.368707749151928,-0.2802715600462693,-0.04272671937942505
118,1481.4042383480926,16.745725403203828,4.4314796743547635,-0.3145033500083878,-0.038117054104804995
119,1482.9726601076964,16.464392124673935,4.505943208542552,-0.3312861499019891,-0.02252156585454941
120,1483.0043673489467,16.475018477997395,4.566134920982946,-0.3333584654072684,0.010626353323459625
121,1479.3627974014412,16.505684495529742,4.612986098231325,-0.2956319404353008,0.030666017532348634
122,1475.1342484150466,16.547959927281948,4.647949315292205,-0.25250342557245176,0.0422754317522049
123,1470.5626850410488,16.590581307372663,4.673136134101115,-0.20566144524433866,0.042621380090713507
124,1465.8371486293856,16.633299264869304,4.690298414037795,-0.15838114403444933,0.04271795749664307
125,1459.3198941060812,17.111571453720586,4.665287080312945,-0.09320498914411701,0.04265747666358948
126,1453.5499549448484,17.155059857875365,4.64122391427104,-0.035582642197603036,0.04348840415477753
127,1448.443764853693,17.19801241329338,4.617982035287918,-0.015615936336746473,0.04295255541801453
128,1440.5071069906332,17.24020098915722,4.595476044102164,-0.09500532804908517,0.0421885758638382
129,1433.3984679312784,17.283834634930155,4.5734553897972825,-0.1661598276781251,0.043633645772933966
130,1427.0604792597353,17.326938687473795,4.551875990093413,-0.22944816672557633,0.04310405254364014
131,1420.0031613403844,17.36921382418301,4.530726158164363,-0.30005127817959876,0.04227513670921326
132,1413.9734135053113,17.4117777215543,4.50990497428936,-0.3602947410130946,0.04256389737129212
133,1409.6798495115972,18.340539405723312,4.416933198681566,-0.4033644800760976,0.04093414545059204
134,1407.3288055005357,18.374141375203827,4.337950389737227,-0.4274451625916504,0.033601969480514526
135,1406.5225508771284,18.381711325277784,4.2725658700828255,-0.4373776931693715,0.007569950073957443
136,1406.9090909529473,18.361854532589415,4.22057326106471,-0.43365176474675987,-0.01985679268836975
137,1410.8255740636334,18.329839256634216,4.180555610020914,-0.3929601076903486,-0.0320152759552002
138,1415.1662469661608,18.28757535540054,4.151194942173817,-0.3493623928662396,-0.0422639012336731
139,1419.7060094696299,18.17951644762215,4.135949768482847,-0.30296347596047785,-0.042499607801437383
140,1424.2752802317273,18.13702174826321,4.126921392887866,-0.2572476885269771,-0.042494699358940125
141,1428.7982876726494,18.094709659654466,4.1229758687810865,-0.2120353843485259,-0.04231208860874176
142,1433.2088984123855,18.052690191108553,4.1231743699831,-0.1679402778824283,-0.0420194685459137
143,1437.457115869872,18.011097485858766,4.126736096841763,-0.12547151763089234,-0.04159270524978638
144,1441.2386677327127,17.56081686038766,4.166453645579366,-0.0876722555733022,-0.04100337624549866
145,1449.7500509483984,17.521257829854825,4.202254799519343,-0.0026439250872817865,-0.039559030532836915
146,1456.9092564362686,17.181398483036975,4.25938505157208,-0.06953863539139547,-0.044019740819931034
147,1462.4227370055403,16.95715685849681,4.324556883812746,-0.12430851403066072,-0.043208301067352295
148,1466.2998229174607,16.916146830372952,4.381349125748374,-0.16321805646895654,-0.041010028123855596
149,1468.737824523979,16.881569120936536,4.430744454550733,-0.18802147710853434,-0.03457770943641663
150,1469.9294855593018,16.86298982565894,4.472766924178752,-0.20089469700890047,-0.018579295277595522
151,1469.7378948708042,16.867714156114005,4.5068392769889405,-0.19970931128130814,0.004724330455064774
152,1468.8158873046616,16.893667851292037,4.532657670323346,-0.19028180951891274,0.02595369517803192
153,1467.3995252952323,16.960632719725968,4.548356383809137,-0.17462917040322737,0.03229286968708039
154,1465.6588753419464,16.995652796954513,4.55836748815637,-0.156861474173611,0.035020077228546144
155,1463.7146031167226,17.03189468595445,4.563614906552026,-0.13726821234436556,0.036241888999938965
156,1459.2950062756736,17.068617101640104,4.564916833826632,-0.09299811542530732,0.03672241568565369
157,1455.2208476185108,17.28003263603971,4.5487075367206735,-0.05274079573085373,0.042045611143112185
158,1449.818192219257,17.321346105449653,4.532039776373606,-0.0018912919807462457,0.04131346940994263
159,1444.0342110456595,17.547093487085068,4.4999241368617655,-0.05977935188852826,0.04252809286117554
160,1439.0266764057626,17.589682066739762,4.470108973732675,-0.1097392846217258,0.042588579654693606
161,1434.7254690958837,17.63111625939723,4.442274537742851,-0.15286074774088548,0.041434192657470705
162,1431.3030167609684,17.893653617824327,4.397995747300534,-0.18715541145182443,0.03957840204238892
163,1428.9303308197377,18.016119111170934,4.351679259021549,-0.21111230128157332,0.035422307252883915
164,1427.5984485800388,18.0548188877303,4.31053719289235,-0.22499615335929093,0.025615915656089783
165,1427.3436133062967,18.03768416192878,4.278200948458907,-0.22824673762308748,0.008787208795547485
166,1427.7593254388964,18.026443389025815,4.252603823985114,-0.2244095437808869,-0.011240772902965546
167,1428.6923537666007,18.00516737249244,4.233352857987711,-0.21407998669703376,-0.021276016533374787
168,1430.00841793924,17.978268142012247,4.2197652709846825,-0.2004781420022823,-0.026899230480194092
169,1432.6507949331817,17.948340959814676,4.211069098971384,-0.17379484583992053,-0.029927182197570804
170,1435.4019554096456,17.911123503712304,4.206979648433165,-0.1467094732940245,-0.03721745610237122
171,1439.1494950809865,17.65591210817507,4.224482174235129,-0.10851720317325089,-0.03709591627120972
172,1442.5453922989104,17.616185579649716,4.24208069730383,-0.07480913823631,-0.03972652852535248
173,1445.6105662261075,17.578030652753622,4.259629506846115,-0.04405149790185078,-0.03815492689609528
174,1449.702828792706,17.54191085790804,4.276971240305569,-0.003175225277991558,-0.03611979484558105
175,1453.8823293965265,17.502690757266787,4.2943965283667245,-0.039133324544832246,-0.039220100641250616
176,1457.3964584654823,17.18720190725178,4.334467013400099,-0.07400241333867598,-0.038841813802719116
177,1459.8663316867598,17.151986001943055,4.370202654909295,-0.09902590771699805,-0.03521590530872345
178,1461.4894823723034,17.12655918798298,4.4015837601836525,-0.11587373285789909,-0.02542681396007538
179,1462.3575789058318,17.11478071561903,4.428278803270208,-0.1249406232179308,-0.011778472363948822
180,1462.5157861976634,17.041645468961132,4.456145350958067,-0.1266398824814064,0.0030417326837778092
181,1462.076093531273,17.05747305471791,4.477702489754067,-0.12203952062003054,0.015827585756778718
182,1461.1530875731914,17.08150774408473,4.493415228751731,-0.1123515860929183,0.024034689366817477
183,1458.6116438392821,17.11033435333861,4.503943964221588,-0.08659563038152783,0.028826609253883362
184,1455.9427308582074,17.148375101577177,4.509468837360815,-0.06034872248054171,0.03804074823856354
185,1453.3633788394768,17.318184451209927,4.500122413282993,-0.03363747851832614,0.03800384700298309
186,1451.0408674306277,17.427911774269695,4.483491428698735,-0.010499249822501043,0.03709809184074402
187,1449.0062837209175,17.50022162557262,4.463944860291168,-0.010124212894966149,0.035227590799331666
188,1445.6179103234101,17.532905868297995,4.445245717881445,-0.044075231573294786,0.03268424272537231
189,1442.62823482574,17.57148518920559,4.426759719000904,-0.07430715956082168,0.03857932090759278
190,1440.0521439225804,17.60782919586319,4.408631167694801,-0.09970209219919525,0.0363440066576004
191,1437.9907904829229,17.725040189555134,4.3841872732192915,-0.12041533860996878,0.033111572265625
192,1436.0734605589041,17.7827792927464,4.359424840236583,-0.1398111503337532,0.02765401303768158
193,1434.7907179901513,17.807613153739787,4.337090222070382,-0.15237483530291684,0.024833860993385318
194,1434.0901708431822,17.820508475025044,4.317722029518667,-0.16010797413410502,0.014737035334110261
195,1433.8991778328493,17.82420324066733,4.301538175377973,-0.16211244864068933,0.0036947656422853473
196,1434.1753311000186,17.818160170485125,4.288761254677894,-0.15922047258226257,-0.006043070182204247
197,1435.5793952214772,17.757480190604404,4.283242947659681,-0.14499907868052106,-0.013973379135131837
198,1437.5738717547117,17.729559381216244,4.280999624447947,-0.12565602547818572,-0.027920809388160706
199,1439.8323062604888,17.697428454368787,4.281785838756299,-0.10209794914104123,-0.032130926847457886
200,1441.9689990284478,17.561004208587235,4.293579123854417,-0.08041405051704714,-0.03317133486270905
201,1443.9100078668598,17.47663792581303,4.310144030263181,-0.06107328382491687,-0.0314377099275589
202,1445.611721376123,17.42238500160951,4.328160802484279,-0.044144202972036056,-0.02882354259490967
203,1447.5695018601893,17.387428822854595,4.345791174633431,-0.024654274451256696,-0.0253306120634079
204,1449.4043944046048,17.348618859391326,4.363419630009954,-0.006122914686652621,-0.02699919939041138
205,1450.9336890161,17.315290239583444,4.380598578229403,-0.00958879309888971,-0.024480170011520388
206,1452.1309399017719,17.295986879002047,4.396262786396063,-0.021827079960730772,-0.01930336058139801
207,1452.998024613105,17.282722209643985,4.410191425872665,-0.03060675740681745,-0.01303824782371521
208,1453.538279406023,17.276373973738814,4.42213168808165,-0.03605179525208541,-0.006348235905170441
209,1453.494349755441,17.27670385655336,4.431895745069412,-0.035611309426381015,0.0003298828145489097
210,1453.1539307220132,17.287753083969875,4.4389993289349,-0.03261124168032893,0.011049227416515352
211,1452.5628336181826,17.30349339511566,4.443537969477766,-0.026097444554752658,0.015740311145782473
212,1451.1717524563467,17.322619330550953,4.445696683279144,-0.012056086992417931,0.019125935435295106
213,1449.4016288654952,17.35076241460018,4.445166975767772,-0.00688542620644057,0.028143084049224856
214,1447.573293460481,17.46029252672931,4.435781814845254,-0.02453172074682925,0.030789637565612794
215,1445.8658497675758,17.49071328306934,4.425599998680681,-0.04137839044680049,0.030420756340026858
216,1444.25468966927,17.519143294937816,4.41492760885584,-0.05765217775445535,0.02843001186847687
217,1442.8125422665244,17.599634565396983,4.399598502577547,-0.07206795983635857,0.02649618685245514
218,1441.6414409511258,17.64210091036191,4.383558285718813,-0.08388326204521492,0.023519471287727356
219,1440.742696300464,17.660972357805875,4.368863133209531,-0.09303783937973549,0.0188714474439621
220,1440.1085523613826,17.67473449211946,4.355688466535813,-0.09942540769921152,0.013762134313583375
221,1439.7284197878837,17.683260248865988,4.344188515022038,-0.10323943987786834,0.008525756746530532
222,1439.6150989094333,17.68670437474182,4.33447710081417,-0.10435717399273699,0.0034441258758306503
223,1439.7430564272142,17.68499852016946,4.326653143599371,-0.10308443377267622,-0.0017058545723557474
224,1440.0806531485675,17.678915683258378,4.320734588115609,-0.0996311667481973,-0.006082836911082268
225,1440.5897838408225,17.61377270491052,4.321204856809512,-0.09444920266968665,-0.009553247690200807
226,1441.691525204963,17.601741331528906,4.322573680971257,-0.08333256051951139,-0.012031373381614686
227,1442.8409345200248,17.581373157810454,4.325360603940161,-0.07242433483343576,-0.020368173718452454
228,1443.960470749737,17.510628651577058,4.333427121824055,-0.06041445420383297,-0.02017655670642853
229,1445.3279720170683,17.491776188212455,4.341582289795003,-0.04685268916349969,-0.018852463364601137
230,1446.6902316756484,17.47045508076531,4.350011888431761,-0.033344547651770425,-0.02132110744714737
231,1447.870034367643,17.410728388646266,4.361805024593871,-0.021408413491624288,-0.020233535766601564
232,1448.8260218221583,17.37866272207869,4.374095802518704,-0.012108965944610191,-0.01654169410467148
233,1449.553187575354,17.363372497568612,4.38542375756403,-0.004922777673464225,-0.011995159834623337
234,1450.0647275986655,17.358839723782456,4.395083098975002,-0.0011242095553711806,-0.007225824147462845
235,1450.3794000954742,17.360830158847047,4.402841100578521,-0.0042460996521663215,-0.0027048371732234957
236,1450.516306359757,17.362162759820595,4.409093761741848,-0.005566807412246817,0.001332600973546505
237,1450.1748479311495,17.374972746499058,4.4131741117844125,-0.002096688808082945,0.004814695939421654
238,1449.7541974033861,17.399987057450836,4.414475829328336,-0.003281708251984128,0.013051518797874452
239,1449.2497836529265,17.4210482388619,4.413822117969441,-0.007596724451532282,0.01399712860584259
240,1448.3988752777873,17.4403010717877,4.411712733148451,-0.016104176227750032,0.014926418662071228
241,1447.567562431862,17.46857297185204,4.407672657921981,-0.02478979080150566,0.019580569863319398
242,1446.7593649164578,17.48719252708695,4.402838206182478,-0.03250245229826305,0.018619555234909057
243,1445.7604829567902,17.510659607051412,4.39695622598139,-0.04249712477303319,0.017600011825561524
244,1444.768630615653,17.537169505834356,4.389966613287957,-0.052517689846145,0.019639971852302554
245,1443.8915994758731,17.555904883324878,4.382704075830815,-0.061174464677446846,0.01873537749052048
246,1443.184405016139,17.572127141237036,4.375423112199377,-0.06840726179644661,0.016222257912158967
247,1442.667790063432,17.584906558871047,4.368408388012547,-0.07366638339349492,0.012779417634010316
248,1442.3137096477262,17.593843823849934,4.361925960885272,-0.07724711878825019,0.008937264978885652
249,1442.1653824787415,17.59945160540916,4.356152102731887,-0.07867912355455019,0.005607781559228898
250,1442.263616861862,17.60105150210835,4.3512867954878525,-0.07776461986738469,0.0015998966991901398
251,1442.5284028160593,17.57593716879119,4.349349586866423,-0.07517084196654877,-0.0029488045722246173
252,1442.8957640065878,17.55565937218558,4.349418177335461,-0.07132451871123976,-0.005770392343401909
253,1443.3917704183664,17.54838035685312,4.350069262653041,-0.06623315811524208,-0.007279015332460404
254,1443.9375543321357,17.539263208036534,4.351348206014748,-0.06080827002705518,-0.00911714881658554
255,1444.5480642721516,17.529781523918025,4.353171782797513,-0.054555810808676594,-0.009481684118509293
256,1445.227164462449,17.51973491368186,4.355488124747879,-0.04778484798727504,-0.010046610236167909
257,1445.914745995304,17.509124538873547,4.358254604976515,-0.04090891650417461,-0.010610374808311463
258,1446.5888350164853,17.499014299188964,4.36134932755102,-0.03416166334752006,-0.010110239684581758
259,1447.2259814249364,17.489786105429047,4.364641128056174,-0.027828390343102003,-0.009228193759918213
260,1447.7649179476527,17.434467043522744,4.371861078209384,-0.022478789088102077,-0.007948508113622665
261,1448.1640739038655,17.41181637959211,4.379632449591427,-0.01859586208306837,-0.005582496896386147
262,1448.4179661404764,17.405888807094993,4.386489375349168,-0.01612327923955945,-0.002553090453147888
263,1448.4019716516398,17.408555197865443,4.391894157016754,-0.01628099565926959,0.00045403130352497103
264,1448.1984329296984,17.420819799096577,4.395323814771566,-0.018520798833333175,0.0055053126066923145
265,1447.9332786461782,17.436879298918175,4.3968237518050906,-0.020990475194084864,0.008737929165363312
266,1447.6280381582658,17.451281106382673,4.396876784466582,-0.02380427318068314,0.009584476798772813
267,1447.3016072682944,17.461282689780063,4.396102941853771,-0.027025637976917097,0.010001583397388459
268,1446.9669842397332,17.474069130640796,4.394423482964126,-0.030336316103578155,0.010063168406486512
269,1446.6323231989186,17.48395169846373,4.392238723232127,-0.03369482806916949,0.009882567822933197
270,1446.3076399098459,17.49350844792681,4.389666242685766,-0.03695618273752643,0.009556749463081361
271,1446.0024395168857,17.5025672981854,4.386816519394617,-0.04002539475159211,0.009058850258588791
272,1445.4453269631279,17.510972073149258,4.383792908085828,-0.04561213789819476,0.008404774963855744
273,1444.8571384233055,17.522446116414702,4.38037588799697,-0.05181970940846441,0.012315711379051209
274,1444.347023993248,17.53596947864316,4.376468802362797,-0.056531333332118266,0.012299978733062746
275,1443.963477091058,17.54642331302784,4.372410704796858,-0.060549843524258906,0.010453834384679795
276,1443.752150163989,17.55422959775351,4.368445135205007,-0.06274325332601166,0.0078062847256660465
277,1443.716125690327,17.55864235200606,4.36483275786217,-0.06317809614404041,0.004412754252552986
278,1443.8221326221733,17.559721245250326,4.361782441285123,-0.0621120598790958,0.00107889324426651
279,1444.0211499265197,17.558224387379955,4.359403504917111,-0.06004607584626683,-0.0014968578703701497
280,1444.3104657356207,17.555175662698815,4.357701918876284,-0.057050529324869786,-0.0030487246811389925
281,1444.6279067971686,17.519097889195418,4.359254893973503,-0.05386099813791134,-0.004449385777115822
282,1444.9475106900816,17.514464026297663,4.3609070128292275,-0.05054334081124807,-0.004633862897753716
283,1445.2648762635463,17.51011063678119,4.362617509282208,-0.047379284702665246,-0.004353389516472817
284,1445.5757259916911,17.50611794216487,4.364346399377697,-0.04427880957310435,-0.003992694616317749
285,1445.8989256042034,17.502559904734824,4.366054852074782,-0.04105420967659256,-0.003558037430047989
286,1446.245877133085,17.49909671803865,4.367738794903203,-0.03755071374253703,-0.003463186696171761
287,1446.5964700022307,17.49553877411339,4.36941038320008,-0.0340447757006018,-0.0035579439252614977
288,1446.9350405307546,17.492265382017226,4.3710485872056175,-0.030678049875364193,-0.0032733920961618423
289,1447.2434470908393,17.489558140727908,4.372613150248322,-0.027622144172291883,-0.002707241289317608
290,1447.4736367748164,17.448734010861973,4.377232239835983,-0.02535139685026479,-0.0018295953050255775
291,1447.6067323516297,17.448643191544125,4.3810273150525205,-0.024106554082420642,-9.081931784749031e-05
292,1447.655884296283,17.45052312204034,4.38398564880993,-0.023638232018577128,0.0018799304962158203
293,1447.4465097658774,17.4540336057672,4.386124605760847,-0.025697957664290245,0.003510483726859093
294,1447.1981279913466,17.45534011026251,4.3877717829132425,-0.028475851688403962,0.008081799745559693
295,1446.928913299269,17.463556299269293,4.388451041212572,-0.030757965778047947,0.008552787452936172
296,1446.6583848039963,17.473394324772535,4.388204069573898,-0.03342768851353867,0.008668152987957001
297,1446.4015822778322,17.481821246587216,4.387312904779488,-0.03600830033900593,0.0084269218146801
298,1446.1668238389188,17.489746084951342,4.3859345318569565,-0.03838196995586713,0.007924838364124298
299,1445.9581467429257,17.497034961127223,4.384208619099387,-0.04048212878956747,0.007288876175880432
300,1445.7770173288245,17.500799846750603,4.382485704185038,-0.04229870971355922,0.006600046157836915
301,1445.6260582759064,17.50670934441398,4.380589989806221,-0.043808472090381655,0.005909497663378716
302,1445.2784834153113,17.511904096704825,4.378610988858382,-0.047286640384140814,0.005194752290844918
303,1444.9971438272296,17.520356428724632,4.3762974835084965,-0.05035431970060017,0.008452332019805909
304,1444.7914332596188,17.52732219110142,4.3738311670201595,-0.05223432436811436,0.006965762376785279
305,1444.658988674551,17.525200047916826,4.371982209040768,-0.05357058441818026,0.005361050739884377
306,1444.576164396448,17.52906386872297,4.370150312061388,-0.05438807902889494,0.003863820806145668
307,1444.5784636554279,17.53190970478123,4.368415594815616,-0.05431716192050999,0.0028458360582590105
308,1444.6652116084988,17.533152011423464,4.3668916053752795,-0.05350823685661453,0.0012423066422343255
309,1444.8162157564013,17.53288602218041,4.365663670675146,-0.05198867202451538,-0.00026598924305289986
310,1445.0176035967086,17.531558192931207,4.364765274427281,-0.04993014803352935,-0.0013278292492032052
311,1445.255710441639,17.529482377357873,4.364198225152685,-0.04751769421602376,-0.002075815573334694
312,1445.5011433279853,17.52695377100268,4.363939882458863,-0.04503384579833209,-0.0025286063551902774
313,1445.7615882759553,17.524531972818167,4.363925950797567,-0.042394798057514435,-0.0024217981845140457
314,1446.027886647627,17.5220883071796,4.3641142231912875,-0.039723320269135914,-0.002443665638566017
315,1446.3160518986608,17.519800881520005,4.364455534979041,-0.03685510501128874,-0.00228742565959692
316,1446.612970081839,17.51739128366122,4.3649323229820185,-0.033882516401529304,-0.002409597858786583
317,1446.8620092668127,17.515114617943855,4.365509338266883,-0.03139320054601512,-0.0022766657173633577
318,1447.1024774367904,17.513988061938527,4.366074552957228,-0.029090236603299218,-0.0011265560053288937
319,1447.2810873043445,17.455077047824993,4.371352237076668,-0.02722940392913188,-0.0007237862795591355
320,1447.3746377143934,17.45574721767767,4.3756251717742485,-0.026393018469289018,0.0006701698526740074
321,1447.3829184897702,17.44046595936718,4.380377762655398,-0.026341236348737314,0.0023743823170661927
322,1447.3137052245586,17.441257621871518,4.384210192518085,-0.0270257093010855,0.004001997783780098
323,1447.1884555431743,17.448604800045317,4.386752373605127,-0.02825374712542725,0.0053850233554840095
324,1447.0299370770335,17.457814287258934,4.388084362801404,-0.029792087937712493,0.006299610435962677
325,1446.8591682493038,17.466674873799768,4.388452506810235,-0.03145380769734857,0.006754512339830399
326,1446.6894882183608,17.473483729184355,4.388197965235447,-0.03311055212086785,0.006808855384588242
327,1446.530657776916,17.480083226848617,4.387449930194998,-0.0347123876092428,0.006619201600551606
328,1446.3867121735639,17.484914332300526,4.386441743524299,-0.036168891688757865,0.006259067356586457
329,1446.2617519120502,17.490752769306404,4.385137913382206,-0.037424543914569314,0.005838437005877495
330,1446.164804344493,17.49611059767018,4.383630930931801,-0.03840001741928063,0.005357828363776207
331,1445.7533421308565,17.500845838755474,4.382008241420979,-0.04252883741928372,0.004735241085290909
332,1445.4145229402848,17.51090628919016,4.379855496012583,-0.046387291532091694,0.010060450434684754
333,1445.053617984197,17.51933418330561,4.377401517270584,-0.049627075789953776,0.008427894115447998
334,1444.7722558570704,17.527804746896138,4.374697040245526,-0.05228170837680409,0.008470563590526581
335,1444.6044249317356,17.53454411369573,4.371928628030116,-0.05412887036173743,0.006739366799592972
336,1444.5419296383186,17.529069813243893,4.370105889846404,-0.05480823957987241,0.004464007169008255
337,1444.5602085769176,17.524353618955747,4.368996651932988,-0.05460128986090467,0.002430250868201256
338,1444.6341807494434,17.52528325173868,4.368011107252965,-0.05380825431409221,0.0009296327829360963
339,1444.7550439324332,17.525234765013256,4.3672069229505475,-0.05254737262650451,-4.8486725427210336e-05
340,1444.9048579448322,17.52442184520284,4.3666139236294725,-0.05102786386017669,-0.0008129198104143143
341,1445.0836313128427,17.523212303792633,4.366226507910233,-0.04920334903155208,-0.0012095414102077486
342,1445.2826396350376,17.521635785897768,4.366037660062825,-0.04721030129808923,-0.0015765178948640825
343,1445.4933444365774,17.51987725348542,4.366026512096688,-0.045084757085974154,-0.0017585324123501778
344,1445.7437370491486,17.518109331665137,4.3661618453356095,-0.04256356844930678,-0.0017679218202829362
345,1445.9924564127064,17.485023606192257,4.368976584077169,-0.04012495390307322,-0.0022631021216511726
346,1446.2266237665906,17.48306671101221,4.371444587319361,-0.03776438302825454,-0.0019568951800465586
347,1446.4426962987159,17.48162342644849,4.373586295192505,-0.03562439807447391,-0.0014432845637202263
348,1446.575021063249,17.480741860806877,4.375414537192716,-0.03430596125971988,-0.0008815656416118145
349,1446.6415713228866,17.481574612758987,4.376845643143363,-0.03375571853050588,0.0008327519521117211
350,1446.674912530065,17.467405373994946,4.37917706021469,-0.033381585431541225,0.0021398592740297317
351,1446.6732717299037,17.470216936264872,4.380859061344481,-0.03333445300055246,0.002811562269926071
352,1446.6452734331642,17.473684918899774,4.381954898729984,-0.03361290770485539,0.0034679826349020004
353,1446.5998759618824,17.477618635092615,4.382532022098818,-0.03404781373697006,0.00393371619284153
354,1446.5386460458094,17.475129859781212,4.38320864597971,-0.034641432653015725,0.004212647303938866
355,1446.4662899018883,17.479580574741906,4.3833997651354535,-0.035360907746792236,0.004450714960694313
356,1446.3909537471727,17.48416488680834,4.383181852861094,-0.03610382223884699,0.004584312066435814
357,1446.1286512406775,17.483226534727336,4.3830798469281795,-0.03871570518403359,0.00456213615834713
358,1445.8860919227695,17.49097764492345,4.382362781337963,-0.04145797817608127,0.007751110196113587
359,1445.6730220844047,17.498128028217078,4.38119045823123,-0.04332985184620156,0.007150383293628693
360,1445.4961400940338,17.50452327952099,4.379706533347154,-0.04511411225863412,0.00639525130391121
361,1445.3662076729909,17.51007018909168,4.3780364214920935,-0.046422757443413044,0.00554690957069397
362,1445.1919308843424,17.51461000629079,4.376295935909433,-0.048181400393734745,0.004539817199110985
363,1445.0794989244293,17.51979541890633,4.37444498581271,-0.04926957029734922,0.005185412615537644
364,1445.0278448418421,17.523710701617716,4.372607249830223,-0.049848564571993846,0.00391528271138668
365,1445.0234194201146,17.514686211969835,4.371837787618608,-0.049885428968157154,0.002719051018357277
366,1445.0116392776374,17.509641097804746,4.371619115334655,-0.049972384653981405,0.0018312767148017885
367,1445.0321314160221,17.51160159664436,4.37127959209664,-0.049691608052260104,0.0019604988396167756
368,1445.0793157982014,17.507216284104473,4.371359550782227,-0.04926571626371924,0.0013717563822865488
369,1445.1163263930227,17.508135575015878,4.371349992451129,-0.04888198261686057,0.0009192909114062787
370,1445.197135955042,17.509282640513813,4.371248416427137,-0.048051417908231996,0.0011470654979348182
371,1445.3083914276956,17.501721529323035,4.371783018093973,-0.04699060823694026,0.0004018403589725495
372,1445.4355930554927,17.496541799308716,4.37264467899755,-0.04568971165524317,-5.458174273371697e-05
373,1445.5684977219396,17.49255822069918,4.373676778982454,-0.04433183753029198,-0.00022272923961281778
374,1445.701282108926,17.49236559719521,4.37453884216282,-0.0429901894843033,-0.00019262350397184492
375,1445.8403740873555,17.492309795629453,4.375250294074673,-0.04160994132026644,-5.580156575888396e-05
376,1445.979886929462,17.49227556742936,4.375836481770905,-0.040203288041946054,-3.422820009291172e-05
377,1446.0369797912479,17.482818292474615,4.377090004191116,-0.039643456141877774,9.831234347075225e-05
378,1446.0421959847931,17.484534514343608,4.377977642924555,-0.039739831104620864,0.001716221868991852
379,1446.0478669981487,17.487231884544958,4.378485077593121,-0.039619444851748536,0.0026973702013492586
380,1446.021870264056,17.489925917072465,4.378681017683197,-0.039781631126825236,0.002694032527506352
381,1445.9986415914602,17.487369728490968,4.37905058028794,-0.04007025932952046,0.0032607849687337877
382,1445.981551912179,17.490558195889253,4.37909306006804,-0.0401917126352555,0.003188467398285866
383,1445.9230830655351,17.493612752884882,4.378878275090041,-0.04078256038491418,0.0030545569956302644
384,1445.8453887075964,17.497381517693658,4.378394167947908,-0.04161753370535052,0.003768764808773995
385,1445.7614295291223,17.501429025858897,4.377666437724096,-0.04241357904442339,0.004047508165240288
386,1445.69781563777,17.505506156787533,4.376736515801081,-0.0430248058986399,0.004077130928635597
387,1445.6561157023552,17.50913532900836,4.3756774038703234,-0.04348363884722858,0.003629172220826149
388,1445.6360031488223,17.51230800117578,4.37454966131758,-0.04368561851711775,0.0031726721674203875
389,1445.5802824725129,17.515051098570485,4.373400746505236,-0.044240132752142926,0.002743097394704819
390,1445.5592186251492,17.51840171742465,4.372184823786351,-0.0444685658944536,0.0033506188541650773
391,1445.5759598451953,17.521076579049485,4.370969177464884,-0.04430797727098025,0.002674861624836922
392,1445.6265357243774,17.52305316574152,4.369810820816808,-0.04380447024950627,0.0019765866920351985
393,1445.6527229845294,17.49701383576947,4.370988902410701,-0.04353180168219523,0.0013862714171409608
394,1445.6799143688274,17.498904535893672,4.371800421303544,-0.04325129918243192,0.0018907001242041588
395,1445.712567374491,17.500804254945688,4.372310621754744,-0.04287522814787053,0.0018997190520167351
396,1445.7481025987113,17.489823885051422,4.373626301952488,-0.04252598800808755,0.0018295791000127793
397,1445.7868211694934,17.491644940873496,4.374556343032857,-0.04213264063286033,0.0018210558220744133
398,1445.8342146877656,17.493445842316262,4.375171807052858,-0.0416598685602753,0.0018009014427661897
399,1445.8913412005904,17.49513113980543,4.375538765038444,-0.04109814838945568,0.00168529748916626
400,1445.9581443129464,17.496690028136484,4.375712278232211,-0.040431197786347184,0.0015588883310556413
401,1446.0339394103426,17.498132762288563,4.375736658816192,-0.03967222131447216,0.0014427341520786285
402,1446.1236271092869,17.499480852460376,4.375646484966215,-0.03877319330515775,0.0013480901718139649
403,1446.2234895524232,17.500655629834046,4.375476539602258,-0.03778243575558236,0.0011747773736715318
404,1446.312490262038,17.481287904704715,4.376919914901382,-0.036884428225989724,0.0010814689099788667
405,1446.2192111653978,17.482678453872705,4.377989846968656,-0.03783879637182281,0.0013905491679906846
406,1446.1284138083488,17.48097912807148,4.3790060601682965,-0.03904829728600361,0.004714902862906456
407,1446.0459666401807,17.485562053584864,4.379464838319048,-0.03955353133314475,0.004582925513386726
408,1445.900339725633,17.48708992833375,4.379716178478185,-0.0410204616634087,0.004344336315989495
409,1445.7793041398688,17.492465134431708,4.379483015566352,-0.04231004557950882,0.005375206097960473
410,1445.687132586396,17.49726093420862,4.3788999092208805,-0.04318661476814441,0.004795799776911736
411,1445.622699138772,17.4984916226597,4.378321190157371,-0.04383631079394036,0.004162777960300445
412,1445.5846758749901,17.502070241946118,4.377554195757208,-0.044211657117486994,0.0035786192864179613
413,1445.5723188051527,17.505112420919673,4.376676653483354,-0.04433045597975934,0.003042178973555565
414,1445.5839760098195,17.507656696218387,4.375749150641384,-0.04421003026928929,0.002544275298714638
415,1445.6168378034827,17.50975748725547,4.374816921667418,-0.04387597039133652,0.0021007910370826723
416,1445.5356162123694,17.497912894256896,4.375020434048609,-0.044680809110091105,0.0017310786992311479
417,1445.4700723494257,17.501711312376447,4.374876907472456,-0.045506010447775226,0.0037984181195497516
418,1445.4008237123587,17.499844471043506,4.374911773953738,-0.046027848794958574,0.003437558934092522
419,1445.367283694337,17.50328407218174,4.374659280263374,-0.04632736727704469,0.0034396011382341386
420,1445.3517475860108,17.506018393910086,4.374228786665634,-0.04655305208088066,0.002734321728348732
421,1445.3777360943916,17.508396479538238,4.373681444757955,-0.04625826266610375,0.0023780856281518936
422,1445.4319365606339,17.501288229557723,4.373813510582067,-0.04575639815565864,0.0016204480081796647
423,1445.4876413423033,17.502436570222528,4.3738279621587095,-0.04517079731130479,0.001148340664803982
424,1445.5603842495057,17.50361135923773,4.373743808693234,-0.044398802339983376,0.0011747890152037145
425,1445.6386339000485,17.494850516081915,4.374390738954238,-0.04363859113579338,0.0009254876524209977
426,1445.7163272756966,17.49575746091561,4.374847106236452,-0.04283858152490666,0.0009069448336958886
427,1445.7937345293149,17.496752833151383,4.375139985588759,-0.0420714974470593,0.000995372235774994
428,1445.7906058816618,17.49783078371094,4.3752920565379245,-0.04210219901576011,0.0010779505595564843
429,1445.8102270311701,17.50041972319142,4.375205186581895,-0.04204882858039127,0.002588939480483532
430,1445.8105206730463,17.491092974860297,4.375896135091571,-0.0419357601565639,0.0021792706102132797
431,1445.8190039887209,17.48857022794174,4.376668871747689,-0.04184706169448418,0.002550286427140236
432,1445.8314214165039,17.488271172476935,4.377326954618289,-0.0416999652956656,0.00240849182009697
433,1445.8474480323043,17.488532970689054,4.377845188422287,-0.04153148945466,0.0023487940430641178
434,1445.814247067925,17.490831034287627,4.378082342384291,-0.041862602365199564,0.002298063598573208
435,1445.7900131984782,17.49401892612856,4.378016294111892,-0.04218885083945451,0.0031878918409347537
436,1445.7749298962804,17.49289445474993,4.378054026329587,-0.042270129208413894,0.002993610128760338
437,1445.7110288725985,17.49570230327796,4.377855509366387,-0.04290828743408838,0.002807848528027535
438,1445.6641430567508,17.499358968141188,4.377393902803939,-0.043443451066011676,0.003656664863228798
439,1445.6368100872724,17.50264728971075,4.3767466637840675,-0.04366873345664317,0.0032883215695619587
440,1445.6239016932477,17.498030873002243,4.376593181361192,-0.0438007104945882,0.002891047298908234
441,1445.6281403784928,17.496114315914323,4.376623946819659,-0.04374668626365292,0.002610146813094616
442,1445.578144551245,17.498407972494473,4.376461736879872,-0.04425020351084413,0.0022936565801501274
443,1445.5227175956504,17.501667578408828,4.3760623497339255,-0.04486941897691622,0.0032596059143543245
444,1445.4790241048959,17.504970899487247,4.375464904875721,-0.045214130467447836,0.0033033210784196854
445,1445.4520078374348,17.50800746519338,4.374726851942488,-0.0455065971628801,0.0030365657061338426
446,1445.4540251085252,17.510700642766764,4.3739015620659405,-0.04549408772802281,0.002693177573382855
447,1445.4885861893663,17.51284678958576,4.373049441249123,-0.04516884118177586,0.002146146818995476
448,1445.5271112596774,17.514411831165063,4.372222806981473,-0.04478699792719454,0.0015650415793061257
449,1445.5778174475854,17.49863789844949,4.372834012663515,-0.04422575924443663,0.0015257043763995171
450,1445.6313664975028,17.492115580141252,4.373868205174939,-0.04370305088682926,0.001358545757830143
451,1445.6824090222494,17.489519009116545,4.374928434818446,-0.04317656796179563,0.0013651276007294656
452,1445.6872766959232,17.490986460197224,4.375677903023808,-0.0431374653887633,0.0014674510806798936
453,1445.671362405835,17.493327932927265,4.376101121800707,-0.04337377810658609,0.0023414727300405504
454,1445.663909425826,17.49286328773867,4.376486132002575,-0.04339830095081424,0.0027154248207807543
455,1445.672963983039,17.49541377141993,4.3765934148416745,-0.043286854283562666,0.0025504836812615395
456,1445.7011139195,17.49766186453323,4.376497672600517,-0.0430190998617968,0.0022480931133031846
457,1445.7427301968876,17.493543846797415,4.376755688372139,-0.04260595831697856,0.0019154902547597885
458,1445.794271369856,17.495250753950543,4.376827772852315,-0.04207814461160296,0.0017069071531295777
459,1445.854208787869,17.496821328889794,4.376758534742025,-0.04147154534269703,0.001570574939250946
460,1445.9203279886292,17.498292389031715,4.376581544456788,-0.04080667159344102,0.0014710601419210434
461,1445.8907639104855,17.49971154060609,4.3763204393562365,-0.04109755175190003,0.0014191515743732454
462,1445.8316060660925,17.502897035595247,4.37584601452327,-0.041860573680553445,0.003185494989156723
463,1445.7615638344387,17.493688366551623,4.376209518594482,-0.042433574789365595,0.0036776263266801836
464,1445.699980214565,17.49226959324453,4.376623534087533,-0.043014293682288096,0.003818584606051445
465,1445.654734036923,17.49587105824623,4.376668715071895,-0.04347437159120545,0.0036014650017023087
466,1445.6096607263178,17.49534064185841,4.376749109106284,-0.043938671906500984,0.0032486733049154285
467,1445.5832438255175,17.49616497106266,4.376747668031912,-0.04417229837693412,0.003201306983828545
468,1445.5748889000265,17.498989811757326,4.37651564036936,-0.04428875762865118,0.002824840694665909
469,1445.5482983579811,17.50146498683256,4.376123106378918,-0.04455198298213191,0.0024751750752329826
470,1445.5422460206112,17.504253452861427,4.375573355062877,-0.044608868889251876,0.002788466028869152
471,1445.5496982172074,17.499004650894893,4.3755514910804285,-0.044542487595288095,0.0023937683552503588
472,1445.56732264831,17.501155399937524,4.375357803403057,-0.04435107544816219,0.002150749042630196
473,1445.596264705531,17.503130608830944,4.375037565436842,-0.04405490695961134,0.001975208893418312
474,1445.6403827421225,17.496146992450452,4.375345671435159,-0.04361478219195533,0.001789112761616707
475,1445.6227428837453,17.497699750443793,4.375471426970564,-0.0437962066393743,0.0015527579933404924
476,1445.5986678812683,17.500394916390874,4.3753542975484,-0.04412756198269108,0.002695165947079659
477,1445.6021313740273,17.503184915935496,4.375030252659439,-0.04398816961948114,0.002789999544620514
478,1445.601313706343,17.496515810339364,4.375309535159807,-0.04403847981388708,0.002273830771446228
479,1445.6033502855792,17.498874204828056,4.375345818812493,-0.043974953515933064,0.002358394488692284
480,1445.6233532195915,17.501179596072646,4.375187174835188,-0.04377176812849484,0.0023053912445902824
481,1445.65356878076,17.495172689387736,4.375547971188088,-0.04349627484788471,0.001985764689743519
482,1445.6938948256493,17.497001220004794,4.37569439667544,-0.04307677515077558,0.0018285306170582772
483,1445.6987549520952,17.498678910637434,4.375677364696569,-0.043027534477489554,0.0016776906326413155
484,1445.718144259541,17.501027031706805,4.375471510020107,-0.04288560044826227,0.0023481210693717005
485,1445.7522683249515,17.503119405264194,4.375131720418298,-0.04250289150168328,0.0020923735573887825
486,1445.7484153823145,17.50496649658137,4.374702148642375,-0.04254037440087586,0.001847091317176819
487,1445.751266042787,17.49401587211803,4.375244784817262,-0.04255809065800804,0.002554602175951004
488,1445.763969876982,17.496455778566155,4.375490357325729,-0.04237177080296305,0.0024399064481258393
489,1445.783879374163,17.490902592543023,4.376145533144482,-0.042178545193655735,0.002266517095267773
490,1445.7546966119519,17.493058696317927,4.376506580515374,-0.042464075212517396,0.002156103774905205
491,1445.7393761470234,17.496106849167006,4.3765535443086785,-0.0426954434371828,0.0030481528490781786
492,1445.7407187540948,17.498878019790606,4.3763655945558275,-0.04262051068159963,0.002771170623600483
493,1445.711100385443,17.501335513520495,4.376010649370883,-0.04292036383494178,0.002457493729889393
494,1445.7026452025461,17.504342078718796,4.375473897811224,-0.04302845512137992,0.0030065651983022692
495,1445.7148835765533,17.506939976218597,4.37482146134862,-0.04289203100431678,0.0025978974997997286
496,1445.7396554303707,17.49513888295096,4.375250848791115,-0.042641424881874175,0.002218105643987656
497,1445.77004947724,17.497154657275498,4.375438217416161,-0.04231973835954477,0.0020157743245363237
498,1445.8075758834445,17.49909414752674,4.3754333645453665,-0.0419318695728839,0.0019394902512431145
499,1445.7784027566029,17.50093559800935,4.375278901857876,-0.042225776410834893,0.001841450482606888
500,1445.7619141675243,17.49296409776976,4.375803673453714,-0.04250304989545612,0.0030633661895990375
501,1445.7086465633947,17.495779653178356,4.37600389897431,-0.042938315444152976,0.0028155554085969926
502,1445.6681823238007,17.493607683728733,4.3763455772446225,-0.043381686218806406,0.003450649976730347
503,1445.644546530853,17.493761482142837,4.3766131850198775,-0.04358229551752174,0.0031730417162179948
504,1445.637912045566,17.49659617734793,4.376600972103427,-0.04365471419545201,0.0028346952050924304
505,1445.6487123450302,17.499103388615875,4.376386068207121,-0.043545624943412804,0.0025072112679481507
506,1445.681342550513,17.501291699388055,4.376031018255847,-0.04321846454444767,0.0021883107721805575
507,1445.733162635678,17.50309977667126,4.375592121220219,-0.04270639699211869,0.001808077283203602
508,1445.7087266770188,17.493448044908888,4.376020965170625,-0.04294390359055569,0.001496373675763607
509,1445.6911285087497,17.4922008245435,4.376474540058218,-0.043230285983502204,0.002912084385752678
510,1445.6822932797993,17.494969128183687,4.376620245692568,-0.04319144527656363,0.002768303640186787
511,1445.685203602032,17.49756281573292,4.376527768166211,-0.043165425588774724,0.002593687549233437
512,1445.6438997920552,17.499936961121524,4.376257921433442,-0.043582956295510934,0.0023741453886032106
513,1445.6295419319224,17.503097418062055,4.375778374571391,-0.04378321183596882,0.003160456940531731
514,1444.9781104044614,16.8047462054449,4.432454407239583,-0.05027117511481265,0.0026376653462648393
515,1444.027720740764,17.318505401939653,4.43694435248995,-0.0608605359983585,0.014015099406242371
516,1443.3068054480116,17.543465384635276,4.422242377809364,-0.06730277462526146,0.017723390460014345
517,1442.9483206301754,17.624340280615268,4.403577662071799,-0.07096460071223419,0.013245320320129395
518,1442.917239031703,17.6357197729028,4.387342663057258,-0.0715128331729693,0.0063930854201316835
519,1443.1212521592622,17.616915481496928,4.375566650559023,-0.0694069384792806,0.00019848470110446216
520,1443.418040116407,17.612890151102423,4.366239270310309,-0.06624198034549181,-0.004025330394506455
521,1443.8120866294316,17.60741531546819,4.359038222074393,-0.06202408422965618,-0.005474835634231567
522,1444.2864169911877,17.60052361484277,4.353696552296051,-0.057277516587241735,-0.006891700625419617
523,1444.8049925346218,17.592620280344367,4.34996224357302,-0.05205123804108098,-0.007903334498405457
524,1445.3389918355545,17.584408292878745,4.347571194035825,-0.04664094694117694,-0.008211987465620041
525,1445.8045209592383,17.49326512512771,4.35305875308394,-0.04197770913859131,-0.007982800155878067
526,1441.9906010677669,17.48704532605616,4.358066833483521,-0.08027028943076402,-0.00621979907155037
527,1441.5317140274342,17.526322906436597,4.358963695542489,-0.0892325976708571,0.03927758038043976
528,1442.4436115797462,17.53313323852626,4.359142582092475,-0.07881060903161596,0.006810332089662552
529,1443.7384983070117,17.516252279253877,4.360668781055202,-0.06498414606608777,-0.016880959272384644
530,1444.9455561398595,17.494810137124933,4.363672516059417,-0.051000556887061066,-0.021442142128944398
531,1445.8719107429147,17.473847227426255,4.367848667743448,-0.04149427928531168,-0.019308274984359743
532,1446.618773393366,17.459667230280125,4.372431901491135,-0.03432509385016374,-0.014179997146129608
533,1447.1906207417962,17.449230164172135,4.377043070206583,-0.028468085685851748,-0.010437066107988358
534,1447.5904386884663,17.434410917309172,4.382035257406892,-0.024465280079152763,-0.006740396469831467
535,1447.8299401152058,17.429066318011664,4.3865656115657385,-0.02206049091078512,-0.0031414758414030075
536,1447.93367415345,17.429979225532275,4.390205899173408,-0.020989894789670414,0.00012488740030676128
537,1447.4390947596783,17.434660313081327,4.3928083965371885,-0.02587572533250068,0.0027916166931390763
538,1446.935485216871,17.460414493460178,4.392837812754928,-0.031677358084468775,0.01311371922492981
539,1446.719605654063,17.47321417369318,4.391815944184835,-0.03283534735856392,0.012799680233001709
540,1446.5845774362713,17.480717049915313,4.390364876912485,-0.03468390603837406,0.0075028762221336365
541,1446.3878309177462,17.486596556384086,4.38869452848053,-0.03628402779787393,0.005879506468772888
542,1446.1109665765985,17.492439636003063,4.386847346299864,-0.03898398564793296,0.006816020607948304
543,1445.7682675989695,17.50044172794728,4.384678725958037,-0.042435931143932064,0.008002091944217683
544,1445.4110930086113,17.509295133661315,4.3821769569627875,-0.04597420129086913,0.008853405714035034
545,1445.0669734143553,17.51729562287437,4.379471706408192,-0.04933938581413258,0.00876220613718033
546,1444.7117887893994,17.525481775451773,4.376584428564798,-0.05293971746198395,0.008186152577400208
547,1444.4051411513865,17.533515602398985,4.373560336395089,-0.05596382104915393,0.00803382694721222
548,1444.180775503542,17.540355905194158,4.3705215912715065,-0.05831159737978396,0.006840302795171738
549,1444.04771025819,17.539648353615757,4.368087641385156,-0.059697817865271646,0.005091098323464394
550,1444.1132505699788,17.537814363875004,4.366241676119962,-0.05905146649500239,0.0032513763755559924
551,1444.2754449508457,17.537393474523487,4.364762379680309,-0.05761277706425062,-0.00042088935151696205
552,1444.4875493035063,17.53531319418973,4.3637193571086685,-0.0552904460631612,-0.0020802803337574005
553,1444.7285450008906,17.532506183852018,4.363093467484721,-0.05278722299148967,-0.002807010337710381
554,1444.9721004005514,17.50849726557958,4.364542246794308,-0.05030920362845791,-0.0031090866774320606
555,1445.2180231185282,17.505599865915656,4.3659670213287045,-0.047840937516068605,-0.002897399663925171
556,1445.4716494692693,17.502906968111574,4.36735540005546,-0.04530395549329114,-0.00269289780408144
557,1445.727823960464,17.50032612536329,4.368704777080788,-0.04273296590093878,-0.00258084274828434
558,1445.9742224532115,17.48125140948917,4.371370052022791,-0.040278889798623825,-0.0023696994408965114
559,1446.205841492325,17.47932845375265,4.3737127214180225,-0.03798625944718879,-0.0019229557365179062
560,1446.422010323494,17.477920558608574,4.375748763513285,-0.0358314028243035,-0.0014078951440751554
561,1446.5842116476465,17.477024439561617,4.377491548879918,-0.034209061133246906,-0.0008961190469563007
562,1446.6861563410685,17.465777853807936,4.379839703868349,-0.03325672644695259,0.000286779529415071
563,1446.743460343589,17.467314007251094,4.381639656499487,-0.032690333955483764,0.001536153443157673
564,1446.7590362552487,17.469750085777175,4.382916541319868,-0.03249962995580517,0.002436078526079655
565,1446.7406222997627,17.47298611172153,4.383699138832409,-0.03267377174420062,0.0032360259443521503
566,1446.5733638677973,17.47683983140303,4.38402594282032,-0.03432813069574195,0.0038537196815013885
567,1446.4044699205836,17.483289162746203,4.383766882733043,-0.036214861960331746,0.006449331343173981
568,1446.2437365398073,17.489599449864162,4.3830387767981955,-0.03757653902444872,0.006310287117958069
569,1446.0976802504904,17.495596765285864,4.38195162931536,-0.03905449466472191,0.005997315421700478
570,1445.872099085232,17.50117351852967,4.380604436104351,-0.041321065365468715,0.005576753243803978
571,1445.6805381251418,17.50798873894526,4.378942797858961,-0.043318465465761166,0.006815220415592194
572,1445.5268991888195,17.513983215695756,4.377090385857691,-0.04481308247831521,0.00599447675049305
573,1445.412881769999,17.519116982749242,4.375151876573038,-0.04595725326970978,0.005133767053484917
574,1445.2740674125541,17.52339328036322,4.373212839918609,-0.047345072818409335,0.0042762976139783864
575,1445.1887431801795,17.52798713960363,4.371247419684851,-0.048144324360848714,0.004593859240412712
576,1445.156956473126,17.53149045140161,4.369349484453038,-0.048539490012983605,0.003503311797976494
577,1445.1768395190384,17.533951611375947,4.367592051569849,-0.04833581999198032,0.0024611599743366245
578,1445.2446238996558,17.535455265945334,4.3660280779542235,-0.04764951154393657,0.001503654569387436
579,1445.3679584065617,17.53611977605759,4.364691315823037,-0.04640433038009633,0.0006645101122558117
580,1445.5077650971514,17.500418811099955,4.366512653731801,-0.045015061452716054,-0.00026261413004249337
581,1445.6438916560792,17.500012529496455,4.368039352149626,-0.04357545018655401,-0.00040628160350024705
582,1445.778610061033,17.499815241172332,4.36930736725409,-0.042234798717606735,-0.0001972883241251111
583,1445.9092843459857,17.48296243414296,4.371724351030191,-0.04092356021335945,-3.3251591958105564e-05
584,1446.0232119061693,17.476464767564444,4.3742372670393905,-0.03979019943653839,0.0001899333903566003
585,1446.1192552100485,17.47466154657438,4.376445217386242,-0.03885139207347265,0.0006293751299381256
586,1446.1999337688205,17.47475822772633,4.378247835886922,-0.0380445837824368,0.0010685898363590241
587,1446.2755294641452,17.476200900038588,4.3796080878761225,-0.03728211360613841,0.0014426723122596742
588,1446.3466277710104,17.477816993741204,4.38059142732989,-0.036551064428931565,0.0016160937026143075
589,1446.413087600978,17.47958990596037,4.381252883295428,-0.03588480584187437,0.0017729122191667557
590,1446.4700703687606,17.476264504727958,4.382067028975882,-0.03531468597090452,0.0019268088042736055
591,1446.5158213263826,17.478430321452258,4.382557637891145,-0.03486568752817675,0.0021658167243003845
592,1446.3407638248607,17.480852501665293,4.382761996634651,-0.0366179981002665,0.002422180213034153
593,1446.1812355066386,17.48721323368424,4.382409771783737,-0.03858150011420548,0.006360732018947601
594,1446.0448412632716,17.49312719275528,4.381637658670703,-0.0395962646620751,0.005913959071040154
595,1445.8364381822933,17.49847398010367,4.380567586455904,-0.04169233534933255,0.005346787348389626
596,1445.6290753029853,17.504940702592076,4.379161666678017,-0.0438212404841488,0.006466722488403321
597,1445.4500662801458,17.505035818904236,4.378001039555119,-0.045522203067646386,0.006238063797354698
598,1445.309092606343,17.510572391166882,4.376596876629041,-0.046979223090040705,0.005536572262644768
599,1445.2135788879232,17.51525754162629,4.375062592534113,-0.04794935330109183,0.00468515045940876
600,1445.1616036983557,17.518993702321843,4.373499160524232,-0.048478861992828116,0.003736160695552826
601,1445.1499132282256,17.521856783866482,4.371983175252301,-0.04858817563283537,0.0028630815446376804
602,1445.1433226099805,17.523946235492424,4.370569317342445,-0.04864413689206458,0.002089451625943184
603,1445.158633889434,17.509300055768666,4.37060683966339,-0.04842439370426291,0.0019821256399154665
604,1445.1877342538596,17.510894956853566,4.370507272649906,-0.04816137991690539,0.0015949010848999023
605,1445.246650279131,17.50269641814771,4.371095612281892,-0.047556673096453325,0.0013631422072649003
606,1445.327571300806,17.503563667405572,4.371507179170768,-0.04677387628687939,0.0008672492578625679
607,1445.4216582472113,17.49711035098263,4.372372029037729,-0.04581674694581579,0.0005339550785720349
608,1445.533454674496,17.497496361442256,4.3730496611538765,-0.04468024771693535,0.00038601045962423087
609,1445.6210355666237,17.491565160003855,4.374090017270664,-0.04381171602685526,0.00016529352869838477
610,1445.7164358060973,17.489106214298243,4.375144054329492,-0.04289061501652213,0.0007150243036448956
611,1445.8163049826899,17.48977323981964,4.375953855392122,-0.04184175005132602,0.0006670255213975907
612,1445.91458036426,17.486139764032412,4.376914819904811,-0.040855890358657235,0.0006839655339717865
613,1446.0077294743157,17.48695638007586,4.377636076942146,-0.03993597030779029,0.0008166160434484482
614,1446.0952777134096,17.487963609351862,4.378145196936325,-0.03906628418915943,0.0010072292760014534
615,1446.081741187927,17.489164118795742,4.378464569699799,-0.0392019161375174,0.0012005094438791277
616,1446.0767832560743,17.492250718875873,4.378474218407298,-0.03942077650288183,0.0030866000801324845
617,1446.0259469352932,17.49516962948357,4.378243596972587,-0.03975729959431192,0.00291891060769558
618,1445.991255512276,17.498894858314742,4.377750061696041,-0.0401680766995878,0.0037252288311719894
619,1445.9314061935875,17.502280082880606,4.37706872221775,-0.04071993849065621,0.0033852245658636095
620,1445.8922734707096,17.506072816207162,4.376200081678106,-0.0411180161689731,0.0037927333265542987
621,1445.836906962728,17.5094346761248,4.375213065243128,-0.04167401771361028,0.003361859917640686
622,1445.7892658855003,17.51304089236175,4.3741090117755625,-0.04213177677692784,0.003606216236948967
623,1445.7520215361794,17.496321899758968,4.374569964007659,-0.04249946475080606,0.0034094151109457017
624,1445.6924732621483,17.499511503370794,4.374687290430819,-0.04309724852842919,0.003189603611826897
625,1445.6367915159421,17.49401999048569,4.375232264530781,-0.043667771743280355,0.0035464726388454437
626,1445.5869514603296,17.49744384109654,4.375399346220831,-0.044142747599503304,0.0034238506108522416
627,1445.545083305274,17.49605947325918,4.375649483746342,-0.04456521773304075,0.0032633427530527116
628,1445.5220001407079,17.496531855245426,4.375815993461344,-0.044798933498450426,0.0030739936977624894
629,1445.516267211704,17.4970215714979,4.375912511815494,-0.04487483557717496,0.002698916755616665
630,1445.533706574159,17.499388991247397,4.375798191323967,-0.044696083959022415,0.0023674197494983674
631,1445.5694167393485,17.49707920431471,4.375893204309055,-0.04434782452579384,0.0019475005567073822
632,1445.6244253950829,17.498720323213696,4.375837002720401,-0.04378638421494315,0.00164111889898777
633,1445.6964062175664,17.500051864900946,4.375682103831024,-0.04306689554550985,0.0013315416872501373
634,1445.7865303370147,17.50113434401652,4.37546662654841,-0.04215960288702036,0.001082479115575552
635,1445.7732820806934,17.501963708934692,4.375222159475553,-0.042292490612805975,0.0008293649181723595
636,1445.7763217078175,17.493105181274,4.375745615356242,-0.04242973137122817,0.002758849412202835
637,1445.7361599725411,17.489844200547324,4.376441336523391,-0.04266797554053255,0.0024630967527627945
638,1445.712435663075,17.49308158473252,4.37674726884484,-0.04295307211249337,0.0032373841851949694
639,1445.6805723658608,17.49598607399641,4.376760778485782,-0.043227565833522025,0.002904489263892174
640,1445.653073950829,17.494693483055503,4.376877486923045,-0.04348117885021566,0.0030236728489398956
641,1445.6316574235807,17.497609158993633,4.376734918803938,-0.043694225455274134,0.0029156759381294252
642,1445.6270170718099,17.496106230111444,4.376740832294521,-0.043743583537971066,0.002778133377432823
643,1445.6110539678416,17.498565841482602,4.376544681915549,-0.043921312522211334,0.0024596113711595536
644,1445.6074613955677,17.496589889132476,4.376545313430844,-0.04394485085377028,0.002654259465634823
645,1445.611322801242,17.49568479354388,4.376619795684886,-0.04391022755151198,0.0024197038263082506
646,1445.6220782459588,17.497969087351922,4.376494198643207,-0.04379275854223806,0.0022842938080430033
647,1445.636633417759,17.495576985102794,4.376586691664829,-0.04364572762321813,0.0021636757999658586
648,1445.5977576124753,17.49768547668745,4.376490230010261,-0.04402794229677738,0.002108491584658623
649,1445.5469667314344,17.50075670659234,4.376160150545688,-0.0446266065176792,0.0030712299048900604
650,1445.5274131747242,17.50399805225124,4.375624602617493,-0.04474287982815895,0.003241345658898354
651,1445.5368293817914,17.506630865965686,4.374970299779628,-0.044692559376530876,0.0026328137144446375
652,1445.549018948726,17.50872558179935,4.374262591274652,-0.04456362030081891,0.0020947158336639404
653,1445.5894423826821,17.510777159888946,4.37351461533909,-0.044109889947585544,0.002051578089594841
654,1445.6295427826599,17.512334772308073,4.372773986985038,-0.04375396874044781,0.001557612419128418
655,1445.6927888237417,17.513935496766766,4.372035860531951,-0.043076422966539664,0.001600724458694458
656,1445.7504463663909,17.515160707120497,4.371330472650313,-0.04253308774658763,0.0012252103537321092
657,1445.8090204493133,17.516545929868418,4.37063885418441,-0.041925796746286326,0.0013852227479219438
658,1445.865203106518,17.491481882732533,4.372119960974313,-0.04135181067769281,0.001423640176653862
659,1445.8818826338063,17.49302615972998,4.373208270225803,-0.04119323734401632,0.001544276997447014
660,1445.886703987867,17.484610847247566,4.374788383148087,-0.041209072905776335,0.002305404841899872
661,1445.8883903408312,17.487153108281817,4.375876322172641,-0.04113978221092339,0.0025422610342502594
662,1445.895453061368,17.489757036281553,4.376555639176638,-0.0410516360828683,0.002603927999734879
663,1445.9096836057147,17.49226710559222,4.376907556255847,-0.040912549811760075,0.002510069310665131
664,1445.926189098884,17.487784309484333,4.377562462358735,-0.04075022678445521,0.0023888915777206424
665,1445.9458070735868,17.490151381477983,4.377906048239781,-0.04054411122253896,0.002367071993649006
666,1445.969841833129,17.492478845253856,4.377997588322476,-0.040305542490486915,0.0023274637758731844
667,1445.995801563407,17.48758526409299,4.378472554642751,-0.040048018851925916,0.002267118915915489
668,1446.0216671378887,17.489846335745163,4.378677252249961,-0.039783933347487165,0.002261071652173996
669,1446.0475414440093,17.48636617770536,4.379129502802885,-0.03952724102133743,0.002287626266479492
670,1445.914730442244,17.484975350602188,4.379614006647155,-0.04085558640283125,0.0023165345191955566
671,1445.800554825695,17.490623163835206,4.379549760502054,-0.04227807198880555,0.005152736976742745
672,1445.6515070197024,17.495313604951896,4.379113775815015,-0.04353115938898099,0.004690441116690636
673,1445.5409077622026,17.49979755894188,4.378389839651582,-0.044640657089621526,0.005187788233160973
674,1445.4697909966917,17.50415681132022,4.377439973893209,-0.04538494361856465,0.004359252378344536
675,1445.4366987233482,17.507703291037117,4.376371265648878,-0.04571429003266303,0.003546479716897011
676,1445.397869932312,17.510499627673063,4.3752664082586366,-0.04609631498497493,0.0027963366359472276
677,1445.3877476394478,17.504603809395938,4.374842231468246,-0.04612897312611039,0.002860831841826439
678,1445.3960064044081,17.501583215835854,4.374741249405855,-0.04609455664656253,0.002314624935388565
679,1445.3776151104528,17.503562293815776,4.374496713862176,-0.04625740359101883,0.001979077979922295
680,1445.3758598274646,17.50118018150016,4.374490860934791,-0.04628945858487668,0.0024596465751528743
681,1445.3527136101468,17.499995611592162,4.374582864587217,-0.04650413933108894,0.002146892249584198
682,1445.3224829277099,17.500532232766446,4.374614454899844,-0.04681314934968896,0.0025266785174608234
683,1445.3301783436032,17.50316161362588,4.374425485952365,-0.04670848679816572,0.002629380859434605
684,1445.3663491571715,17.501451869845265,4.374410251677184,-0.04640720700619568,0.0019223950803279877
685,1445.4244963663118,17.49949653304858,4.374557549694561,-0.04580489530558679,0.001423805393278599
686,1445.5020694041043,17.500566194464692,4.3745909213378855,-0.045014720356673484,0.0010696614161133766
687,1445.5939367922542,17.50134674373759,4.374554499598831,-0.04408954329177959,0.0007805492728948593
688,1445.6952447845385,17.501949007042924,4.374475416815494,-0.04306538075137042,0.000602263305336237
689,1445.745223010151,17.491767997762192,4.375242561011579,-0.04255551784107183,0.0005247838795185089
690,1445.762930674309,17.493317358663308,4.375745005479529,-0.04247315095906969,0.001549360901117325
691,1445.7806422488788,17.489928299577304,4.376433963851756,-0.04225605189611542,0.0021741047501564028
692,1445.7719600617272,17.489170023890498,4.377060876006109,-0.04228254302652431,0.002195541188120842
693,1445.7501182118751,17.49185467557824,4.377355554236756,-0.04254772893121072,0.00268465168774128
694,1445.7315314122927,17.494763565155033,4.37735947592967,-0.0427071096659779,0.0029088895767927173
695,1445.7291387761863,17.4935673978911,4.377460442506669,-0.04271674566444517,0.0028275553137063984
696,1445.7174501427373,17.496089680193478,4.377337114190057,-0.042856025873759335,0.002522282302379608
697,1445.6954380918573,17.4942102872459,4.377389568962112,-0.04306171619119141,0.0026832534000277523
698,1445.683347458182,17.49706670536378,4.377199155386604,-0.04318384188996561,0.0028564181178808213
699,1445.678250750817,17.495278997756582,4.377189107720348,-0.04323753744073656,0.0026559686288237573
700,1445.6794285908843,17.497799730151932,4.376974874382669,-0.04321923771450429,0.0025207323953509333
701,1445.620924156243,17.495017089698397,4.377026600423635,-0.043802638649101486,0.0024019302800297737
702,1445.5789532695076,17.498481955010377,4.376785866983933,-0.0443167608081194,0.0034648653119802478
703,1445.5237113520413,17.497978598540843,4.376629599854067,-0.044798289850443776,0.00311083160340786
704,1445.47203882061,17.499020535284867,4.376416313736856,-0.045298990456010414,0.00330461822450161
705,1445.4466545968826,17.502205887967936,4.375981112099482,-0.04554538058531762,0.003185352683067322
706,1445.4493488334874,17.5048699930033,4.375406536093346,-0.04555863642989607,0.002664105035364628
707,1445.4548610227114,17.507006297046534,4.374760805001901,-0.045504169872099286,0.0021363040432333946
708,1445.4790235593157,17.500708477180247,4.374745963346389,-0.04521481238008846,0.002085824310779572
709,1445.487389828134,17.49745173621818,4.374999934060289,-0.045158367128487954,0.001763170212507248
710,1445.5099776980842,17.499522949195352,4.375038930521193,-0.04493102729562452,0.002071212977170944
711,1445.5170323031152,17.496703972597643,4.3753012743866995,-0.04485429061377545,0.0018250765278935432
712,1445.534054259285,17.496065539687905,4.375568569093798,-0.04468960742950685,0.0021265767514705657
713,1445.5287426260657,17.495570800705437,4.375828180823266,-0.044729508722775785,0.0019572269171476363
714,1445.5411917443728,17.496196208171817,4.375989954143277,-0.044629621070469055,0.002372612059116364
715,1445.5488956539184,17.498247483581576,4.375954978039201,-0.04454317712575175,0.002051275409758091
716,1445.5613001193851,17.49668247367701,4.376054190243259,-0.04439654387533665,0.0021467261016368867
717,1445.589352983841,17.495850067287975,4.376203568500699,-0.04411394650256852,0.0020719626918435097
718,1445.6300359315494,17.49765662316262,4.3761784269257245,-0.043726181366225775,0.00180655587464571
719,1445.6814742257168,17.499264867864838,4.3760263850771794,-0.043205088860074736,0.0016082447022199632
720,1445.6944049894607,17.500720525048962,4.375782754456286,-0.04307120885720224,0.001455657184123993
721,1445.6922428346754,17.50291166219889,4.375403917619261,-0.04315111964982635,0.0021911371499300004
722,1445.7101399169549,17.505381811671246,4.3748914107980195,-0.042926502062693994,0.002470149472355843
723,1445.7082546856382,17.494643117963296,4.375348721254415,-0.042953646127007236,0.002108219638466835
724,1445.693477945245,17.491521824974143,4.375978787891733,-0.0431029964067875,0.0024859782308340075
725,1445.6701579119785,17.49423869856032,4.376273419624872,-0.043321510415748894,0.002716873586177826
726,1445.6507049635693,17.49709172256621,4.376281868524284,-0.04350656540627824,0.0028530240058898928
727,1445.6432710430186,17.49498332957977,4.376461094496654,-0.04357665383203766,0.0027593813836574556
728,1445.6240395134405,17.494308831309798,4.37666317979262,-0.043782721334978306,0.002528216689825058
729,1445.5991252551066,17.494896024704595,4.376780904291088,-0.04402907524050533,0.0027314946055412292
730,1445.586242406187,17.495873317297974,4.376797574029102,-0.044145757271671755,0.0028133079409599308
731,1445.5859482162698,17.49844747836558,4.376600882771829,-0.04416443252463751,0.002574161067605019
732,1445.5991293668958,17.500782814052382,4.376248752308539,-0.044032588869122265,0.002335335686802864
733,1445.631013358706,17.502875671338717,4.375788977031203,-0.04371411425298675,0.0020928572863340377
734,1445.6828914356618,17.504646092456262,4.375267282490061,-0.0432033292602614,0.0017704211175441744
735,1445.6752528940574,17.506089530501942,4.374721535209231,-0.04328016936661243,0.001443438045680523
736,1445.6598533309757,17.5086418755245,4.3740654448037075,-0.04351235738793093,0.002552345022559166
737,1445.673732226606,17.511321317952554,4.373308486635957,-0.043275387474488974,0.0026794424280524257
738,1445.7161116148857,17.5134610632327,4.372512920954108,-0.042892853565933815,0.002139745280146599
739,1445.7551592285847,17.51510367727695,4.371726322675296,-0.04249812083774259,0.001642614044249058
740,1445.7803343924525,17.493605943757245,4.3728381068699,-0.04220650427153487,0.001741096004843712
741,1445.7922474432664,17.495649441692184,4.373582775258233,-0.04210776576034504,0.0020434979349374773
742,1445.799960986845,17.497954596939632,4.3740050260498435,-0.042026555862801164,0.002305155247449875
743,1445.808937274471,17.489354084282127,4.375054105593336,-0.04191924238026104,0.0023913064971566203
744,1445.8176548335139,17.491738725303616,4.375719477954724,-0.04182411821242795,0.0023846410214900973
745,1445.830303382932,17.494137055276838,4.37606909176565,-0.041698335065852916,0.0023983299732208254
746,1445.8431573917903,17.48926250242914,4.376754123549324,-0.0415746173096818,0.0023364176973700523
747,1445.8553916174683,17.491612672780704,4.3771237936908065,-0.041447459090736626,0.0023501703515648844
748,1445.8782587643313,17.49398608391459,4.377232968048961,-0.04121973643491856,0.002373411133885384
749,1445.9152183779302,17.496181218673538,4.3771431046101466,-0.04086564385819202,0.00219513475894928
750,1445.9645281138105,17.49814658255602,4.376908807053842,-0.04037769594954171,0.0019653638824820518
751,1446.024093718744,17.499926903632534,4.3765711952193,-0.039777567093156,0.001780321076512337
752,1445.9571408027393,17.501571575527144,4.376159950927748,-0.04044215689079692,0.0016446718946099281
753,1445.9055015690615,17.491050284466663,4.376682530514137,-0.04117542270199465,0.003949055820703507
754,1445.8623154836378,17.488421949531368,4.377325833305889,-0.041409774308422125,0.0036197643727064136
755,1445.7654395570592,17.491844081293277,4.377573684987542,-0.04236536769048826,0.003422131761908531
756,1445.6913289854738,17.49617197008007,4.377423248294841,-0.043177285847750685,0.004327888786792755
757,1445.6434267155523,17.499998619939618,4.376987176380304,-0.04361585673720128,0.003826649859547615
758,1445.5799752046332,17.503284017156297,4.3763611147498365,-0.04425437321795471,0.003285397216677666
759,1445.5422750778534,17.49971708433455,4.3761392339630465,-0.044599706202707236,0.0035099670290946964
760,1445.5277372865576,17.502709074334557,4.375712786295078,-0.04477442483733284,0.002991990000009537
761,1445.5358475131336,17.505249101312216,4.37515552820273,-0.044686721170899085,0.002540026977658272
762,1445.5647827850237,17.5073687344951,4.3745253601432985,-0.04439421152924069,0.002119633182883263
763,1445.6123491164217,17.509122657978292,4.373865291707519,-0.04391307980575221,0.0017539234831929207
764,1445.6762635999874,17.51057061088955,4.373205708878271,-0.04326796105732001,0.001447952911257744
765,1445.6826638634036,17.51177189938476,4.37256668166246,-0.04319802780756845,0.0012012884952127935
766,1445.6841019979797,17.514058880430962,4.371855787254399,-0.043267549275301465,0.0022869810461997988
767,1445.7180470252238,17.516437243965772,4.371078493971724,-0.04282866799662315,0.0023783635348081592
768,1445.7675879881726,17.494280532098426,4.37225175997373,-0.04238219128455057,0.0017976518720388412
769,1445.819631129759,17.495851183406128,4.37308548447051,-0.04182638875884322,0.0015706513077020645
770,1445.8756900303567,17.497427665538204,4.373640308438036,-0.04124368277887015,0.0015764821320772171
771,1445.8880905235924,17.486138568856756,4.375017809072215,-0.04112103124447913,0.0015571173280477524
772,1445.899045129004,17.488539492749613,4.375951156091718,-0.04109392936644099,0.0024009238928556446
773,1445.912507665614,17.490979291350584,4.376517120306039,-0.0408788108146723,0.002439798600971699
774,1445.9310910368988,17.493385243640283,4.376784596540667,-0.04069247426213906,0.002405952289700508
775,1445.956459530703,17.495712618567982,4.376813733973972,-0.04044326242917123,0.002327374927699566
776,1445.9811766640694,17.487862668254532,4.377479124608897,-0.04019860086083327,0.002223699912428856
777,1446.0029952209745,17.490129856460847,4.377839470309315,-0.03997439661964336,0.002267188206315041
778,1446.0276318914237,17.485897794156433,4.3784807979151745,-0.03973124189770033,0.0023427963256835937
779,1446.0567485729584,17.48821645097351,4.378817205916888,-0.039434928221276096,0.0023186568170785907
780,1445.9488700252446,17.490479250787853,4.378908144477465,-0.040516885447827916,0.0022627998143434527
781,1445.8589238517695,17.490883663293246,4.378949665507196,-0.04165625870901977,0.0047177720814943315
782,1445.7870593587945,17.49247435368976,4.378853721532374,-0.04217168607275653,0.004294975474476814
783,1445.6592979559264,17.496359624344915,4.37845754315508,-0.04344799092266839,0.003885270655155182
784,1445.566930922777,17.50115737840912,4.377740604423573,-0.04442193911313552,0.004797754064202309
785,1445.511081880336,17.505199718851657,4.376822374602773,-0.0449647225588069,0.004042340442538261
786,1445.4906119543816,17.508499088887184,4.3757998016304125,-0.04516817749688471,0.0032993700355291367
787,1445.502850948592,17.511110140573294,4.374747916649289,-0.04504032234902297,0.0026110516861081127
788,1445.4744606361646,17.50111932532231,4.374701820387077,-0.04531605345297975,0.0020044535398483277
789,1445.4606601785804,17.498642045140674,4.374866464788507,-0.0454675095119228,0.0027455665171146394
790,1445.4226284920878,17.501102048412374,4.374800441730317,-0.045802271403663324,0.002460003271698952
791,1445.4050930357992,17.503977296755128,4.3745113375280305,-0.04599059414911381,0.002875248342752457
792,1445.4040852895585,17.500763063509172,4.374536939223016,-0.04599960759410578,0.002470643445849419
793,1445.4069908675206,17.50292434823156,4.37438131242539,-0.04596102719714054,0.002161284722387791
794,1445.4230800781718,17.505013206791286,4.374082996929836,-0.04577644183454822,0.002088858559727669
795,1445.4607038919617,17.49968239921886,4.374274011818301,-0.04541635459960617,0.0018549233675003052
796,1445.5218975066782,17.501173556556882,4.374308786649178,-0.04481740153616556,0.0014911573380231857
797,1445.59644285841,17.495560469731014,4.3747960034659075,-0.044073927395968444,0.0011075975373387337
798,1445.677593741266,17.49649572593279,4.375119092118816,-0.04324129672089611,0.000935256201773882
799,1445.757742702987,17.491041382540082,4.375829753756253,-0.04242690672140725,0.0008919186890125275
800,1445.7586555235866,17.488091517160942,4.376653559297735,-0.04242384061511984,0.0009958771988749504
801,1445.7339277337483,17.489474726519646,4.3772160439729575,-0.04281023247615394,0.0024909753352403644
802,1445.7195688744432,17.4916127113263,4.37750256528824,-0.04285002444183192,0.002948107197880745
803,1445.7216450241042,17.494351442308247,4.377513703670926,-0.042804487380551565,0.0027387309819459915
804,1445.7063388955175,17.496782002934335,4.3773242117303655,-0.042967428080410174,0.002430560626089573
805,1445.710263365326,17.499521634691476,4.376944945631912,-0.042928273459845054,0.0027396317571401598
806,1445.7337448408507,17.50190144065869,4.37643946968754,-0.0426985341704858,0.0023798059672117235
807,1445.7325830368475,17.503934303634882,4.37585885385074,-0.0427088639306271,0.002032862976193428
808,1445.7414497515979,17.495061936942275,4.3761077986706844,-0.04263140990692136,0.002491937205195427
809,1445.7145326307652,17.497380613875922,4.37612245114402,-0.04287199971950258,0.002318676933646202
810,1445.6978140761896,17.500342736360963,4.3758924015226786,-0.043086203793243384,0.0029621224850416186
811,1445.6558752331962,17.503094517779882,4.375478885255625,-0.04346228177465037,0.0027517814189195636
812,1445.6088451910414,17.50627476718777,4.374879911935028,-0.04395439488848296,0.003180249407887459
813,1445.5763327994355,17.498329652794435,4.375038028560361,-0.04424119488059659,0.003225478157401085
814,1445.55953013762,17.501256255381538,4.374928522229717,-0.04443458618083014,0.0029266025871038438
815,1445.5584795821567,17.496945179811185,4.375191028134198,-0.04444655894104699,0.0026130549609661106
816,1445.566762556132,17.495323827302816,4.375538779902857,-0.044361716594582955,0.002319633401930332
817,1445.5872824231985,17.497478238492075,4.37564787787077,-0.04414369798928192,0.0021544111892580985
818,1445.6201193225083,17.49942193850762,4.375578499039189,-0.043819877892287876,0.0019437000155448914
819,1445.6645544676114,17.501165261491003,4.37537914404309,-0.043374493027101835,0.0017433229833841324
820,1445.6493857448818,17.494055874387236,4.375796652060409,-0.04352370098057236,0.0015677386894822122
821,1445.6425629406074,17.493252939320747,4.376204624488244,-0.04368543503915362,0.0026783831417560577
822,1445.6500644801115,17.495769430845623,4.376333514191655,-0.04351554436057313,0.002516491524875164
823,1445.67321800398,17.49802305936778,4.376255037225622,-0.04329410626047093,0.0022536285221576692
824,1445.7159688112251,17.50000389959628,4.376028811850002,-0.04286759071711458,0.001980840228497982
825,1445.7124606837137,17.501656878515725,4.375708225604696,-0.04290817929376772,0.0016529789194464684
826,1445.7333964255915,17.50417395062709,4.375239649750605,-0.04275244506327681,0.0025170721113681794
827,1445.7253110889767,17.494066462447137,4.375681401484316,-0.04279100833791062,0.0020758798345923424
828,1445.704068851202,17.496686986801414,4.375829488655728,-0.043013775939948574,0.0026205243542790414
829,1445.6977082567016,17.49953200553098,4.375718425205705,-0.04304536687051268,0.002845018729567528
830,1445.7071931665932,17.502089360882728,4.375418366097342,-0.042956834671849714,0.0025573553517460827
831,1445.732437708815,17.504356158864883,4.374987074897382,-0.042704678648808565,0.002266797982156277
832,1445.7212036002616,17.506349332225707,4.3744705339863685,-0.042815326459517564,0.001993173360824585
833,1445.7159497776522,17.509013995495824,4.3738292141569035,-0.042907651214407,0.0026646632701158527
834,1445.7239670408255,17.495213211389185,4.374431131973936,-0.042772408715152324,0.0025438720360398295
835,1445.7377899821524,17.497526126788856,4.374735693137442,-0.04264519584211257,0.002312915399670601
836,1445.7595375968876,17.4997430012244,4.374804270312644,-0.042414228127536265,0.0022168744355440142
837,1445.7898927040287,17.50183132930279,4.374689845425745,-0.04211392759542833,0.002088328078389168
838,1445.835772863011,17.503786410825253,4.374436247756471,-0.041655596025482286,0.0019550815224647525
839,1445.82271661008,17.505493274765016,4.374088812746509,-0.04179765565746947,0.0017068639397621157
840,1445.8202801663754,17.49208928436645,4.374899290133711,-0.04190643148464233,0.0027991954237222673
841,1445.8252924029184,17.494697354516468,4.375350750098558,-0.04176618849818624,0.0026080701500177383
842,1445.8405040602254,17.49717004053899,4.375518879367971,-0.041608497810495915,0.0024726860225200657
843,1445.867266881195,17.49946511962124,4.375469191506288,-0.0413450918820763,0.002295079082250595
844,1445.9059460468125,17.501568152910554,4.3752565875793055,-0.04095974411116913,0.0021030332893133166
845,1445.9616843388608,17.503483748404765,4.374925709895393,-0.04040190039090248,0.00191559549421072
846,1445.9367810361553,17.505131882770442,4.3745197046542215,-0.040658935751300765,0.0016481343656778336
847,1445.9363433742078,17.508267664505624,4.373930524273062,-0.04078533099487231,0.0031357817351818085
848,1445.9599074523214,17.510940708933852,4.373228955169837,-0.04044719920748093,0.002673044428229332
849,1446.0058526626572,17.513182957997998,4.37247043191167,-0.03998455290983656,0.0022422490641474725
850,1446.071910450675,17.51504682653256,4.371696127503328,-0.039318733546208476,0.001863868534564972
851,1446.1547838906663,17.51659493126579,4.370934686769688,-0.03848373747347068,0.0015481047332286835
852,1446.162894977529,17.5179061397598,4.370203153409974,-0.038394739848631614,0.0013112084940075876
853,1446.1986702482877,17.520628087005097,4.369380858526122,-0.03815437139225196,0.0027219472452998162
854,1446.259759604569,17.522862274727302,4.368523998900705,-0.037451179906620384,0.002234187722206116
855,1446.3430106660876,17.524677724360007,4.367673015463878,-0.036611767148074244,0.0018154496327042581
856,1446.406428618468,17.479726478253127,4.370648624877535,-0.035969455296922206,0.0014780348166823388
857,1446.433817141631,17.481676870566428,4.37292923853689,-0.03570906433335267,0.0019503923133015633
858,1446.4240625807042,17.468268662487517,4.37589506050177,-0.035830241265748554,0.0026590630412101747
859,1446.3932997907011,17.471630452369702,4.378052309043799,-0.03613727477708607,0.0033617898821830753
860,1446.3498480910268,17.471903306258543,4.379798955228467,-0.03653811399469077,0.0037277389317750933
861,1446.301332715953,17.475829453406558,4.380910360354959,-0.03700651366209286,0.003926147148013115
862,1446.255276427864,17.479802548153028,4.381497031256001,-0.03745193048120655,0.003973094746470451
863,1446.2171767847976,17.483683148411735,4.381660978741714,-0.03783748160079995,0.0038806002587080004
864,1446.1883802217333,17.484320481389332,4.3817433328290685,-0.0381350424244124,0.0036921538412570953
865,1446.1777295269949,17.48509717783306,4.381747391547318,-0.03824297764809671,0.0034894246608018877
866,1446.1838409846257,17.48823574124251,4.381494236294463,-0.038196676278878385,0.0031385634094476702
867,1446.2018056304396,17.485770732533556,4.381488089498817,-0.038013029641269895,0.0028277039527893066
868,1445.9505111937451,17.484219904906983,4.381609782760031,-0.04051519225440643,0.0026246620342135433
869,1445.7375518799477,17.49159450075769,4.381106919261307,-0.043099474582172656,0.0073745958507061005
870,1445.4768043990236,17.498054429806704,4.380166665790468,-0.04532342268993261,0.006459929049015045
871,1445.2809649249334,17.50771545937161,4.378606158608336,-0.04725206063149471,0.00707702785730362
872,1445.1309449740893,17.512548419552317,4.37693159321302,-0.04883003168439245,0.005682213604450226
873,1445.0438768165636,17.514845319600465,4.375370746916927,-0.04966168797529918,0.004677652195096016
874,1445.0136976547115,17.518256580965282,4.373812084675397,-0.04998966253591334,0.0034112613648176193
875,1445.0282616427348,17.513824820349285,4.372896145114883,-0.04982767291535311,0.0023083679378032686
876,1445.0554854322154,17.51000629972134,4.3724571241809755,-0.049527768164944065,0.0014821430668234825
877,1444.3961554352072,16.746572171675993,4.434484963959037,-0.05605942743283777,0.0012723252177238465
878,1443.4284037154505,17.310935633213603,4.439228010500194,-0.06695576463978568,0.013670343160629274
879,1442.6740545051646,17.555971681753025,4.423092962777302,-0.0736435228413825,0.017511022090911866
880,1442.287681860604,17.643873295209367,4.402678903792878,-0.07755043225608234,0.013238513469696046
881,1442.2829346761723,17.650121292865833,4.385428789057164,-0.07786970481959997,0.006247997656464577
882,1442.567614204475,17.649179002384653,4.371360698952,-0.07504288676901524,-0.0009422904811799527
883,1443.0839864573934,17.643090846504084,4.360322389164327,-0.06967472196600512,-0.006088155880570412
884,1443.735478644379,17.63329351779353,4.3520716128406605,-0.06301613083920757,-0.009797328710556032
885,1444.3934278478011,17.548179222935588,4.352261516431045,-0.05624287889422476,-0.011568902432918549
886,1445.0013073197792,17.537147388154416,4.353318758913478,-0.050040633567382434,-0.011031834781169892
887,1445.5054826188689,17.527565752262024,4.354968709034199,-0.045090193700189046,-0.009581635892391206
888,1445.9121375561792,17.52033501669183,4.356912563843986,-0.04111371447042757,-0.007230735570192337
889,1441.7112817648792,17.51529846332386,4.358918111929243,-0.08310660057142967,-0.005036553367972374
890,1441.2437431392802,17.555510665396003,4.357276520205818,-0.09208744415120919,0.04021220207214356
891,1442.3039965934026,17.562177416601923,4.355385608084061,-0.0803145791525958,0.006666751205921174
892,1443.8088503378508,17.548368128282764,4.3549635551856625,-0.06450194741499672,-0.019237756729125977
893,1444.4492070131632,16.700627587851052,4.423894828773055,-0.05599579150166846,-0.02411637306213379
894,1443.985987453736,16.69061443221188,4.481236748193551,-0.06155044720493606,-0.0100131556391716
895,1442.6755694485478,16.700663747008804,4.527435892113152,-0.07525055255813186,0.010049314796924592
896,1440.7502232391037,16.72300230425215,4.563493683229298,-0.09372669185360565,0.02233855724334717
897,1437.989053454488,16.75135553639746,4.590744045813624,-0.12071093294531693,0.02835323214530945
898,1435.8447060335911,17.64429922254545,4.540117985100758,-0.1421149119245638,0.033972954750061034
899,1434.6153989253905,17.671872942166154,4.4963512909488035,-0.15448593425903026,0.02757371962070465
900,1434.3268897241026,17.94523092329564,4.438123787526299,-0.15807530596289096,0.014131687581539154
901,1434.8860384947325,17.9416704670346,4.390668195205498,-0.15290882943693304,-0.0035604562610387805
902,1436.3107048587478,17.923976087645315,4.353200594186133,-0.1383063437253463,-0.01769437938928604
903,1438.1690801297627,17.8962716997421,4.324741163929705,-0.11931019955376541,-0.0277043879032135
904,1440.1654517871623,17.865451535657666,4.303923054928413,-0.09865705974649927,-0.030820164084434512
905,1437.1800069464266,17.83433181352975,4.289395309239648,-0.12822988634008198,-0.03111972212791443
906,1434.6238985566135,17.868969151452802,4.274651994519788,-0.16033672043896105,0.034637337923049925
907,1432.504685566997,17.796355543667065,4.2684964604777536,-0.17536731763506394,0.030495604872703554
908,1430.7970088066475,17.80301506734184,4.262904706288583,-0.1925963876229366,0.02483084797859192
909,1429.5073496511966,17.830175774937544,4.256099894828742,-0.20561443138977895,0.017951568961143496
910,1433.8193737169183,17.853458133982613,4.248617315050509,-0.16261623168977393,0.009851880371570587
911,1437.9895583232683,17.812078390168146,4.245863152296876,-0.12522757918592106,-0.041379743814468385
912,1443.4453047252825,17.77129293148418,4.246937726522551,-0.06560638126022468,-0.040785458683967594
913,1448.1404812041415,17.463670011125775,4.2729578224392935,-0.018745367821561557,-0.04228725731372834
914,1451.8996579534528,17.42284301396486,4.297630683299012,-0.01914260554980956,-0.040826997160911566
915,1454.610578235553,17.2048312648777,4.335678349339384,-0.04641701098845715,-0.037714710831642156
916,1456.3061275725918,17.174183906579398,4.369381937612626,-0.06376801097925182,-0.0306473582983017
917,1457.148472195747,17.15666399743595,4.398450606971887,-0.07279746687295528,-0.017519909143447875
918,1457.6645401221697,17.133850395435886,4.424151243401927,-0.07822195910755227,-0.0017543302848935128
919,1457.325295539516,17.138818537572817,4.44481976869913,-0.07392520263734241,0.004968142136931419
920,1456.7625480531428,17.158017756918863,4.460198999237877,-0.06904858825233987,0.01919921934604645
921,1456.1979123713131,17.179965909699394,4.471016365234425,-0.06225401705657987,0.02194815278053284
922,1455.6766531597864,17.201546516398384,4.478123038172152,-0.05680328620601813,0.021580606698989868
923,1454.8714032580044,17.222148551920846,4.482266911638193,-0.0488118896976971,0.02060203552246094
924,1453.8588438096488,17.245962607244447,4.483718803279301,-0.03890964007660159,0.023814055323600772
925,1451.218549769802,17.36017012329508,4.4755763162133535,-0.01236996781511152,0.025658756494522095
926,1448.7856462466602,17.463523357608363,4.460453450511195,-0.013263759744281742,0.036860978603363036
927,1445.5423970703077,17.498688151934193,4.445179033643117,-0.04474564772467602,0.03516479432582855
928,1442.6621430877947,17.53675538549666,4.429543157484568,-0.07366881304571735,0.03806723356246949
929,1440.2681274618226,17.666386577802534,4.406128277999323,-0.09754406312553329,0.03581385612487793
930,1438.3469703782139,17.738595954761276,4.381027126536353,-0.11692898304409027,0.031826987862586975
931,1437.0058708017186,17.764927081451187,4.3582924026636185,-0.1304908781000813,0.02633112668991089
932,1436.2346890330382,17.78146092312552,4.33829878354635,-0.13852554166310255,0.01760680675506592
933,1435.9519888710413,17.78863740878321,4.321317553462243,-0.14152314339932445,0.007176485657691956
934,1436.0617273742403,17.786376702582015,4.307577689704036,-0.14032644544348613,-0.002260706201195717
935,1436.4717257227296,17.77700926790155,4.297076508184395,-0.13599341562063044,-0.009367434680461884
936,1437.125197230689,17.762863120233188,4.289621562525747,-0.12922589899189915,-0.014146147668361664
937,1438.4973079184836,17.74540279785312,4.284935364630556,-0.11535833828633485,-0.01746032238006592
938,1440.4140806356609,17.71942476907886,4.283215606867931,-0.0967109642828109,-0.025978028774261475
939,1442.372607322745,17.68908626118816,4.284284668367407,-0.07670997468419499,-0.030338507890701295
940,1444.3470821858746,17.65927754322208,4.287597267229166,-0.05658215713371646,-0.029808717966079715
941,1446.8532527391721,17.630272820388445,4.292683864245772,-0.03154787212152314,-0.029004722833633423
942,1449.4703002900203,17.597925275360712,4.299498315179056,-0.0056312793192068965,-0.03234754502773285
943,1451.6950523491666,17.33206403053123,4.326812345871813,-0.01696987920598758,-0.032153987884521486
944,1453.3962433208771,17.304513139489476,4.351461309855806,-0.03442274289304805,-0.027550891041755676
945,1454.6074936448774,17.28454561925251,4.373305206076446,-0.04683327352925289,-0.019967520236968996
946,1455.3637911914618,17.273459001842326,4.392123199352131,-0.054526002197296745,-0.011086617410182954
947,1455.6602964993212,17.21006482967568,4.412734525587651,-0.0575117962021568,-0.001998305320739746
948,1455.5454779262548,17.217056163190133,4.429064481325976,-0.05635374314606679,0.006991333514451981
949,1455.1066632308675,17.23119038992954,4.441299996022258,-0.051780921631170714,0.014134226739406586
950,1454.38823966059,17.250080279050596,4.449789436334237,-0.044357962844064784,0.018889889121055603
951,1453.4488286671633,17.272378542063958,4.454928563336607,-0.034829124060863706,0.022298263013362886
952,1452.407880704377,17.34644258080681,4.453090134232486,-0.024297073739508047,0.024480929970741274
953,1451.3605173859557,17.395856014588087,4.4475445565584995,-0.013658076856097523,0.025009959936141968
954,1450.3294378906016,17.430845599027737,4.440137834025423,-0.0033561053271341738,0.024392695724964143
955,1447.9585068191675,17.45767947250116,4.431871457408052,-0.02050572532853721,0.02348476052284241
956,1445.7866855841846,17.49221339040506,4.422270916810701,-0.04323805989625953,0.034533917903900146
957,1443.8576776792063,17.52462733202684,4.411749606211542,-0.06163522083614907,0.0324139416217804
958,1442.2123715302876,17.55414272361505,4.400710133719643,-0.07816613970048138,0.02951539158821106
959,1440.569367948443,17.641263212508957,4.384538279923875,-0.09469552036851382,0.025623393058776856
960,1439.3869327888808,17.69168186295315,4.367157147697046,-0.10624308542815697,0.024499259889125824
961,1438.6563099549726,17.70884639728352,4.351501933525569,-0.11417037300614993,0.017164534330368044
962,1438.3337470696379,17.717691873344624,4.337941805601243,-0.11749443513054757,0.008845476061105728
963,1438.349213644223,17.695835479284895,4.328608605225858,-0.11729829747868961,0.0009411368519067764
964,1438.934218180009,17.690465026284826,4.321394254337207,-0.11128897718510643,-0.0053704530000686646
965,1439.8538194890145,17.675677823211323,4.31668689684368,-0.1024034801171979,-0.014787203073501587
966,1440.9530104128673,17.656487285281788,4.3143951144585895,-0.09091022935692991,-0.019190537929534915
967,1442.131198155267,17.635578098084103,4.314224551680611,-0.07885988337414573,-0.020909187197685242
968,1443.3325274945241,17.5338308273024,4.322399477170949,-0.06669747927691333,-0.021136729419231417
969,1444.4859849528357,17.513303330368462,4.330780423122468,-0.05520107372017265,-0.020527496933937073
970,1445.5442946699081,17.455812022633104,4.342350988470846,-0.04471463218647386,-0.0189517080783844
971,1446.8449874206428,17.4391932746239,4.353196936143829,-0.03178342180048958,-0.016618748009204865
972,1448.1376814767823,17.399934521836606,4.365298838513453,-0.018882714733376816,-0.01921404302120209
973,1449.2141977268398,17.370909960003967,4.377594285649507,-0.007974765580952408,-0.018046614527702332
974,1450.0518900967968,17.354957298382494,4.388980203808778,-0.0009561670495395447,-0.013673953711986542
975,1450.510093682892,17.34698209241897,4.39896839053072,-0.005594897358485014,-0.008734348416328431
976,1450.7466409191404,17.34573922865957,4.40726027046913,-0.008215557657097179,-0.0012428637593984604
977,1450.7545766448252,17.348925983169377,4.413799190440085,-0.007988728275172434,0.003186754509806633
978,1450.5721817501053,17.37248216123719,4.417236093944567,-0.0061475761981455435,0.007444341480731965
979,1450.2489872027336,17.392265683627663,4.418437645368492,-0.002813211951552148,0.01067774072289467
980,1449.3523208787897,17.410423691365217,4.417939045143798,-0.006689996802947462,0.012809796631336213
981,1448.4511374900833,17.444551320153344,4.414741283134982,-0.016305363853678045,0.020977184176445007
982,1447.3552431340315,17.46489918358909,4.410456290887785,-0.026510500733754726,0.02034786343574524
983,1446.3404229202633,17.48711643047916,4.405127003829227,-0.03678270914279892,0.022217246890068057
984,1445.278963320058,17.507454643922916,4.399094949638585,-0.04739827014405137,0.020338213443756106
985,1444.2451025034125,17.52763569779979,4.392499469479441,-0.05756469092256339,0.020181053876876832
986,1443.3204325213349,17.54659387447225,4.385541913551269,-0.06691796250709331,0.01895817667245865
987,1442.5453254037438,17.563103067654243,4.378487586423336,-0.07479164431160824,0.016509193181991576
988,1441.9449047025082,17.57647173829662,4.371610550413536,-0.08086500522887946,0.013368670642375947
989,1441.5241911614892,17.5862353739916,4.365173496576506,-0.08511859187984783,0.009763635694980621
990,1441.3933946018562,17.610488298001915,4.357913163480018,-0.08643452024693715,0.006078973039984704
991,1441.497023979277,17.610987401033967,4.351918903641119,-0.08558774720802376,0.000499103032052517
992,1441.7828634703917,17.60717697034332,4.347314998969261,-0.08260231866835284,-0.003810430690646172
993,1442.2914406173547,17.58054866979401,4.345715861859228,-0.07739467561183347,-0.006901248544454575
994,1442.8906042522501,17.5701547865061,4.345253957571288,-0.07144322095184406,-0.010393883287906648
995,1443.5661518900947,17.558740000822947,4.345808012341204,-0.06444057133857768,-0.01141478568315506
996,1444.2847828669326,17.546632961579963,4.347251724499473,-0.057221396686657044,-0.012107039242982865
997,1444.9983686840394,17.497515498678617,4.352449447537551,-0.0500241910310001,-0.012185817956924439
998,1445.662372932422,17.46950025160256,4.35900098641983,-0.04345347351742021,-0.011413789540529252
999,1446.2559587642231,17.45289050660944,4.365730596664138,-0.03759134465487932,-0.009904466569423676
1000,1446.770941242146,17.444828760101554,4.371907682989094,-0.03247485958469497,-0.008061746507883072
1001,1447.2009412621792,17.437014678390806,4.37761146053296,-0.028185329573516354,-0.006114324554800987
1002,1447.649226861432,17.432829850740724,4.382630542234495,-0.023708964862080392,-0.004101989790797234
1003,1447.9817880289456,17.4269770970811,4.387224476258819,-0.02019370238313968,-0.003986163064837456
1004,1448.1928743687513,17.4249806437913,4.391154652321606,-0.01832253550639507,-0.0014733711257576944
1005,1448.1708918075642,17.426378743106394,4.394263144017062,-0.01854202176294621,0.0010360272601246834
1006,1448.051106391321,17.435113563202602,4.396098297709074,-0.019923782722698888,0.0053844936192035675
1007,1447.8556766805382,17.4447301397774,4.3968172570988315,-0.021611648130087816,0.007068642973899842
1008,1447.6038856211574,17.45462589058304,4.396598123042596,-0.024079589989512443,0.008253104984760284
1009,1447.0948010354002,17.463648130923747,4.39568113563584,-0.029128903181592707,0.009022240340709687
1010,1446.489732995435,17.476688604980946,4.3938635384223454,-0.03550449341729973,0.013040474057197571
1011,1445.8786775114756,17.49079165998125,4.391220607052655,-0.041319482979554324,0.014103055000305176
1012,1445.3243201576101,17.50444059315348,4.387938012510674,-0.04680221060670647,0.013648933172225952
1013,1444.8310557144848,17.51661233547354,4.384251610203855,-0.05183716194036833,0.01217174232006073
1014,1444.419435941993,17.527250906259063,4.380359376307671,-0.055958957733523676,0.010638570785522461
1015,1444.0736515602762,17.536032695502286,4.3764500966958435,-0.059449162551468364,0.008781789243221283
1016,1443.809586702167,17.54327358695889,4.372652761764311,-0.0620582227569912,0.007240891456604004
1017,1443.6393095248995,17.551615457091092,4.368857249493251,-0.06378436480307756,0.0054662909358739855
1018,1443.59401801929,17.55515309371388,4.365455833766168,-0.06425268523840942,0.0035376366227865223
1019,1443.6601400312938,17.556288618541867,4.362573877781016,-0.06363881086654147,0.0011355248279869556
1020,1443.8097435187653,17.542563188488963,4.361332316017115,-0.06210649823945687,-0.000903809443116188
1021,1444.0157543241544,17.54024529926795,4.360503653277857,-0.05998386473624578,-0.0023178892210125924
1022,1444.2903510318765,17.53707453593928,4.360083264610885,-0.057181777092000625,-0.0031707633286714556
1023,1444.6269941760872,17.532896235066833,4.360079996651264,-0.053830811993505,-0.004178300872445107
1024,1445.0107233958536,17.527899095270218,4.3604856831885535,-0.049974649933881204,-0.004997139796614647
1025,1445.4222016659155,17.52241041533965,4.361266881073058,-0.04582713735424022,-0.005488679930567742
1026,1445.844272544575,17.516816113743367,4.3623646296648,-0.04156783672082156,-0.005594301596283913
1027,1446.2605049112606,17.511443963873567,4.363703795597388,-0.03741716606004274,-0.005372149869799614
1028,1446.6591471574081,17.506593418348018,4.365198298242458,-0.03346068886034346,-0.004850545525550843
1029,1447.0466100692702,17.5024677521022,4.3667609398570235,-0.02960638723527154,-0.0041256662458181385
1030,1447.3948291700096,17.49893884755987,4.3683306880601664,-0.02611138447025269,-0.0035289045423269275
1031,1447.6938169690525,17.496495210047247,4.369817575644276,-0.02317035701244549,-0.002443637512624264
1032,1447.8619659648812,17.49527889941204,4.371136220368354,-0.021503073038929867,-0.0012163106352090836
1033,1447.9833065403122,17.4966983896153,4.372101508302688,-0.02043051468072463,0.0014194902032613754
1034,1448.0629426702487,17.499120425845863,4.37269511560808,-0.019470827900242967,0.0024220362305641175
1035,1448.1047564343212,17.502403841208103,4.372913552895099,-0.019038573569955586,0.0032834153622388843
1036,1448.0585289910316,17.440991699967718,4.378111271652619,-0.01948943829548398,0.004030697420239449
1037,1447.8950723738947,17.425896734111877,4.383606961643525,-0.021213595537863058,0.0056738901883363725
1038,1447.6375101982146,17.431707181075723,4.387638597710183,-0.023826517993122708,0.0076900899410247804
1039,1447.3236222957794,17.445366838674936,4.389828272065834,-0.026909780556734403,0.009150125086307526
1040,1446.9897042546852,17.460486141023676,4.390388255649529,-0.030173539410845933,0.009855944663286209
1041,1446.6612530072582,17.47037618475918,4.390039227814094,-0.03339087983463969,0.009890043735504152
1042,1446.3580437681044,17.48436423802475,4.388609921276174,-0.03646093867126638,0.009476280212402344
1043,1446.0955935583443,17.49308814072708,4.386724972586245,-0.03911930216756446,0.008723902702331544
1044,1445.883331232315,17.500812904180087,4.384548046991124,-0.041266601601782894,0.007724763453006745
1045,1445.7330615953679,17.50425243508822,4.3824818895373125,-0.04278269560528315,0.0065916478633880615
1046,1445.6451181918608,17.509545694485368,4.380355075267252,-0.04367865692801615,0.005293259397149086
1047,1445.618882817796,17.513583939343754,4.378281082195975,-0.043936673275916285,0.004038244858384133
1048,1445.2633965601287,17.516433537945215,4.376347538679816,-0.04748489902440497,0.002849598601460457
1049,1444.8783557824731,17.516681483647794,4.374741770873752,-0.051788722425758354,0.008572401106357574
1050,1444.5926305927499,17.52541511084792,4.372711329257984,-0.05408981668187835,0.008733627200126649
1051,1444.4483921529375,17.53205663438794,4.370503621829364,-0.055725288836636085,0.0066415235400199895
1052,1444.4420143424677,17.535924505702226,4.368377219294093,-0.055857221797896275,0.003867871314287186
1053,1444.5268738815662,17.537191614768474,4.366530021062276,-0.054991337409142034,0.00126710906624794
1054,1444.713795348204,17.536819956618366,4.365045690416213,-0.05302592323959516,-0.0003716581501066685
1055,1444.9557382937726,17.53471161032003,4.364000833345942,-0.0506162858770972,-0.002108346298336983
1056,1445.2131624554793,17.505550592505806,4.3655270889240985,-0.04794766435628162,-0.0029012354090809825
1057,1445.4434564533547,17.5026364266141,4.367016764134856,-0.045566728514716034,-0.0029141658917069438
1058,1445.6611739148368,17.500464541764433,4.368415784237593,-0.043462488955835855,-0.0021718848496675492
1059,1445.861664678238,17.49874988544869,4.36970310243596,-0.04142907607101279,-0.0017146563157439234
1060,1446.041459218441,17.497562767026448,4.370855714676086,-0.03963816160493935,-0.001187118422240019
1061,1446.1893896673694,17.496947750562303,4.371851115858439,-0.03816331352211591,-0.0006150164641439915
1062,1446.3437528264758,17.475745378269142,4.3744000026917655,-0.03663750563603571,0.0001353225437924266
1063,1446.486694302892,17.4759332427264,4.376474737611646,-0.03513831116242727,0.00018786445725709202
1064,1446.6099799864799,17.47648380347274,4.378131028421758,-0.03393646976410992,0.0005505607463419437
1065,1446.7064559035618,17.477531212705443,4.379403592603553,-0.032985125813017935,0.0010474092327058316
1066,1446.7644408483768,17.4667282074442,4.3813299168225734,-0.03241591783355716,0.0016506724059581757
1067,1446.7786292657393,17.46917192728574,4.38270980189672,-0.03229301208616562,0.00244371984153986
1068,1446.5968645650357,17.46717683764424,4.384004346383023,-0.03411511010730237,0.003281277418136597
1069,1446.400767752746,17.47392150851216,4.384514698358465,-0.03633866181751728,0.006744670867919922
1070,1446.2075312111015,17.48073578419413,4.384376324369597,-0.03793164837039057,0.006814275681972504
1071,1446.0288775526294,17.48730524497356,4.38372600136383,-0.0397357059639603,0.006569460779428483
1072,1445.873728013863,17.49342654699709,4.382692503697738,-0.04130753573695983,0.006121302023530006
1073,1445.7484684736417,17.498955481297035,4.381393211100551,-0.042574552035941904,0.005528934299945831
1074,1445.5316863779276,17.503800159490364,4.3799318840689,-0.04475156183138551,0.004844678193330765
1075,1445.3618927823118,17.510119391775387,4.378217188240614,-0.04652852758605149,0.006319232285022736
1076,1445.239861703874,17.515396111628668,4.3763799241150085,-0.04770563420443295,0.0052767198532819755
1077,1445.1652124100792,17.519656569308296,4.374525202930433,-0.048449502116573055,0.004260457679629326
1078,1445.0628495247888,17.522950326821462,4.372735165695105,-0.04946817476875822,0.003293757513165474
1079,1445.013212858194,17.526654678380744,4.370964615552712,-0.04990893082267121,0.0037043515592813494
1080,1444.9841036428002,17.52931531759228,4.369295336999582,-0.05026333480677295,0.002660639211535454
1081,1445.0237492554913,17.531555686316146,4.367743445653902,-0.04980453449385323,0.002240368723869324
1082,1445.1237016825226,17.53253689145918,4.366390710666155,-0.04888889953285797,0.0009812051430344582
1083,1445.2733910478548,17.53247794628392,4.365286284975925,-0.04737010455328118,-5.8945175260305406e-05
1084,1445.4614714119245,17.531628875231995,4.3644500419962995,-0.04546429846842102,-0.0008490710519254208
1085,1445.6766680785654,17.530243086053684,4.363877569444658,-0.043286991026984654,-0.0013857891783118248
1086,1445.8758878186013,17.489228291917385,4.366759870929131,-0.04127076577428397,-0.001682228781282902
1087,1446.0392689298283,17.472872414571583,4.370459960443097,-0.03966048249657888,-0.0011505108326673509
1088,1446.1652053722653,17.472578961394145,4.37351801483821,-0.03843365204287011,-0.00029345317743718625
1089,1446.2610191255444,17.47312422058673,4.375981060860984,-0.03747367998155823,0.0005452591925859451
1090,1446.3328743006502,17.474338090039208,4.377901561188003,-0.036738118019486586,0.0012138694524765016
1091,1446.3903974195027,17.472157485365525,4.379654570470092,-0.036148676673865336,0.0017403781414031983
1092,1446.4346782628402,17.474230431347742,4.380922636935738,-0.035686474155679666,0.002072945982217789
1093,1446.4694277493495,17.47385141170943,4.381993424922411,-0.035335198493462484,0.0023677058517932894
1094,1446.4934016941777,17.476435585984827,4.382660292349697,-0.035087629900583575,0.0025841742753982544
1095,1446.5074931853571,17.4792458373251,4.382977469900545,-0.03494767585291584,0.0028102513402700428
1096,1446.5087795436011,17.47701280111845,4.383420039211047,-0.03493203871734295,0.003008592873811722
1097,1446.495127013318,17.476852292214346,4.383796062833302,-0.03507310917236055,0.0032523859292268756
1098,1446.2370999084087,17.480371910353018,4.383816779009259,-0.03765572413685732,0.0035196181386709215
1099,1445.9120956047843,17.489046866678148,4.383124848842654,-0.0413052124311821,0.007781302928924561
1100,1445.6316448456473,17.49772206866041,4.381848528600048,-0.04377294144886037,0.008675201982259751
1101,1445.4043496533393,17.505312723897845,4.380181637655108,-0.04606495814108939,0.0075906552374362946
1102,1445.2338534565706,17.511388211361428,4.378318298244732,-0.04778169508085739,0.006388358771800995
1103,1445.0970536685309,17.5165517345437,4.376368396813769,-0.049151946873644194,0.005163523182272912
1104,1445.016778617156,17.520945868305226,4.3744103890293875,-0.049909152770515,0.004394133761525154
1105,1444.9726042144353,17.524196793920655,4.372539157004901,-0.050388278670257025,0.0032509256154298785
1106,1444.9679999312318,17.5158104356998,4.371690079938631,-0.050392758848213356,0.00252334401011467
1107,1444.9889161934302,17.51106722031926,4.3713814523051875,-0.050185330423369125,0.0017784204334020616
1108,1445.0003031337576,17.512388575572718,4.371020396494451,-0.050042675180418425,0.0013213552534580232
1109,1445.0162286399832,17.51389882167076,4.3706009134185155,-0.04985660268462652,0.0015102460980415346
1110,1445.0589235536818,17.515337495256414,4.370139368890828,-0.049417921714421026,0.001438673585653305
1111,1445.148637633439,17.506413438626836,4.370490176285894,-0.048559967422449966,0.0009752360172569752
1112,1445.276900978044,17.506599169656905,4.370762660410071,-0.047309940718278085,0.0001857310300692916
1113,1444.9527234056552,16.96244375822865,4.415454477613813,-0.050532529832742056,-0.0004119078628718853
1114,1444.0399558562133,16.97059105006777,4.451435971031788,-0.06045636140806664,0.008147291839122772
1115,1442.720475112591,16.987960217574464,4.479521387265881,-0.07371743644084745,0.017369167506694795
1116,1441.590627620067,17.497265034900618,4.460931038905944,-0.08458415767107681,0.02227350622415543
1117,1441.019672213778,17.69167079917041,4.429800114194668,-0.0901862932862332,0.01844335198402405
1118,1440.914856517329,17.700097030316268,4.403584164322182,-0.09185314691052554,0.008426231145858765
1119,1441.176675302515,17.702261160629245,4.381910232697567,-0.08911657645759988,-0.0004070636816322804
1120,1441.7331739533083,17.69524187477157,4.3647112248056725,-0.08332948268452128,-0.00701928585767746
1121,1442.4894803862464,17.683485890495035,4.351568737369397,-0.07557886597942115,-0.011755984276533127
1122,1443.365885711731,17.669025979506227,4.341973561597657,-0.0666115355539182,-0.01445991098880768
1123,1444.2373729274254,17.653359074460717,4.3353858169451485,-0.05774697013141576,-0.015666905045509338
1124,1445.1156827405277,17.638502434956283,4.331197950910394,-0.048924199148830214,-0.01485663950443268
1125,1442.7183390975983,17.624288226234167,4.328925485898667,-0.07288085210224836,-0.014214208722114563
1126,1440.6403718228712,17.657052839862555,4.324384540363339,-0.09829416400633818,0.03276461362838745
1127,1438.9372595155485,17.686220465170592,4.318277386684197,-0.1109871036765503,0.029167625308036807
1128,1440.5340713969294,17.710267155932634,4.311304425098227,-0.0951713794853049,0.024046690762043
1129,1443.1554045015714,17.588124003924865,4.315568134979806,-0.0735714479445005,-0.02720823884010315
1130,1445.5042375198502,17.55376945725872,4.321871830636258,-0.045672255584102005,-0.034354546666145326
1131,1447.4606583106554,17.42663005194982,4.337430693276392,-0.025664956283533227,-0.03163915276527405
1132,1448.9143803757347,17.35682440734968,4.355893477918025,-0.011313172835193655,-0.02706938683986664
1133,1449.8706128054873,17.32565966016077,4.373579744464442,-0.0020196994602520134,-0.019811111688613894
1134,1450.3909867902119,17.320826172981032,4.388477475604833,-0.004789083947259769,-0.011018951237201691
1135,1450.5499414577437,17.318286124582954,4.400901187895044,-0.00634730486134913,-0.002540048398077488
1136,1450.4494352539389,17.34827927844645,4.408637591439292,-0.0051927982208712815,0.004444408416748047
1137,1450.1827552659422,17.374951083358066,4.412801822448198,-0.002293337030321254,0.009102252125740052
1138,1450.0818675595126,17.386728140111703,4.4152540707975945,-0.0010861560579155593,0.011777056753635407
1139,1450.1398672414111,17.402950030317488,4.415939261576482,-0.0017011480304472571,0.00875230059027672
1140,1450.328165404514,17.40724399919802,4.416150214878253,-0.0035668888317104573,0.005899952724575996
1141,1449.7716489813945,17.40245989308824,4.416714153736996,-0.0025075574892548503,0.003659479692578316
1142,1449.0742844972024,17.426321170277276,4.415226640029278,-0.010514060486843845,0.016228534281253815
1143,1447.7312983106688,17.450577405011693,4.412024659286453,-0.022847657222434918,0.01783493757247925
1144,1446.1642523477994,17.47613542369608,4.407310433790448,-0.03912978463319632,0.02555801868438721
1145,1444.6441177915092,17.503256305968797,4.401228450384397,-0.05371510844374143,0.02712088227272034
1146,1443.340584111689,17.528940567290817,4.3941423061561995,-0.06673782097818048,0.025684261322021486
1147,1442.296282188617,17.596338635424978,4.382823897761154,-0.07739599181689073,0.022096124291419984
1148,1441.7007364067833,17.613836556414967,4.372112872773916,-0.08345245626230961,0.017497920989990236
1149,1441.4789570373414,17.623261046151523,4.3625596629831085,-0.08601777275192944,0.009424489736557008
1150,1441.4813806414352,17.618940343623255,4.355079118765256,-0.08589880444134679,0.0022983811795711517
1151,1441.6864415146013,17.617009852555785,4.349102832236651,-0.08355847207869146,-0.00193049106746912
1152,1441.9630703452954,17.589708961900936,4.346433306067509,-0.08072779406609243,-0.005515466257929803
1153,1442.2086892434957,17.569367791183065,4.345906575079877,-0.07801665837913561,-0.006550974398851395
1154,1442.5717014892211,17.556487250448498,4.346527253458848,-0.0743647835047932,-0.005732990428805352
1155,1443.0317452172633,17.548969095320736,4.3476505933666445,-0.06986106429726305,-0.007518155127763749
1156,1443.5708109722257,17.529443713132867,4.35016734632343,-0.0644221339516639,-0.008820591866970063
1157,1444.1788421436236,17.519741232548483,4.353023970461351,-0.0582997674355056,-0.009702480584383012
1158,1444.8355201977688,17.509401343618162,4.356211377977831,-0.05170853885690577,-0.01033988893032074
1159,1445.765787085444,17.482545018261753,4.361019751049471,-0.042365322355924495,-0.01057182103395462
1160,1446.6348993631111,17.468189096516454,4.366135782893242,-0.03402941644002339,-0.014355921745300294
1161,1447.3970921311695,17.45563743717083,4.371356650606858,-0.026209504928272054,-0.012551659345626832
1162,1447.9615047991235,17.42295905539763,4.378308239490529,-0.020641637176315727,-0.009984807670116426
1163,1448.3508902416495,17.409867044915963,4.385078421471701,-0.016905812135967153,-0.005837662145495415
1164,1448.4421678284803,17.40738713097893,4.390832629263197,-0.015945147325596737,-0.0021694060415029526
1165,1448.3280000018208,17.416398397093207,4.394814678985364,-0.017291439993055064,0.0035449940711259845
1166,1448.1011695016978,17.43034112292389,4.396940560202658,-0.019358032706322775,0.007242271304130555
1167,1447.8310978720517,17.444727058870633,4.397508164115272,-0.021871008192567844,0.009062140434980393
1168,1447.4693885480592,17.454299678070385,4.397191324882611,-0.025357162395885095,0.009572619199752809
1169,1447.0963519818804,17.465148291153746,4.396044968050657,-0.029164079569557088,0.01084861308336258
1170,1446.7212124359896,17.475839986814098,4.3942312300790904,-0.03280356738240471,0.010691695660352708
1171,1446.2558402456161,17.486208268416956,4.39189666896982,-0.037473938949588045,0.010368281602859498
1172,1445.790714102104,17.497714061451987,4.389042075453396,-0.04220661012217761,0.011505793035030366
1173,1445.3482865663377,17.514398462112258,4.385337859547971,-0.04656183692613467,0.011058767139911652
1174,1444.8141164001433,17.52462723457367,4.381464507219976,-0.05194183546641625,0.010228772461414338
1175,1444.3155991282354,17.535954852189132,4.377362665399484,-0.05695389323305108,0.01132761761546135
1176,1443.9159279447192,17.547613064258535,4.373046446016369,-0.06095130601883511,0.010221762955188752
1177,1443.674547400184,17.555667138903576,4.368848967142222,-0.06347129482917353,0.00805407464504242
1178,1443.6023183010348,17.56056272505148,4.3650069671654155,-0.06429266583936624,0.004895586147904397
1179,1443.6695525005675,17.55061224598049,4.362669680334115,-0.06362943799027107,0.0016459561884403229
1180,1443.8208293597484,17.549700719039727,4.360827595114047,-0.06204745471543674,-0.0009115269407629968
1181,1444.0479113214005,17.54735666673242,4.359508641188145,-0.059664139322649135,-0.00234405230730772
1182,1444.318916185133,17.524733842164256,4.360275836192616,-0.05693038720332197,-0.003539542853832245
1183,1444.612916582285,17.520658633857945,4.361237962119074,-0.053924400722398784,-0.0040752083063125616
1184,1444.9316587888347,17.5164495680481,4.36237087023675,-0.050696797862005955,-0.004209065809845924
1185,1445.301078663702,17.512099070474484,4.363655377554959,-0.047003356539357805,-0.004350497573614121
1186,1445.675588435838,17.507176238298396,4.365110967401321,-0.043301349101866435,-0.0049228321760892875
1187,1446.058963036038,17.502532599121313,4.36668402926889,-0.03943828893952059,-0.00464363917708397
1188,1446.4508019964396,17.49810732677577,4.368335573256373,-0.03551381671875788,-0.004425272345542908
1189,1446.8279587578188,17.493916565552336,4.370032308333289,-0.03174386353402269,-0.0041907612234354024
1190,1447.172840881506,17.490377967432124,4.371712805334743,-0.028336807495261383,-0.003538598120212555
1191,1447.4012270091757,17.487790852785093,4.3733022318848915,-0.026082878255560903,-0.0025871146470308306
1192,1447.5804923143496,17.48762709158471,4.374618944221308,-0.024437412201168626,-0.00016376120038330555
1193,1447.7114224134773,17.488570725033043,4.375621534611772,-0.022996515330098645,0.0009436334483325482
1194,1447.6834982821247,17.49055637982672,4.376281391022213,-0.023269219313287976,0.0019856547936797143
1195,1447.5904063302012,17.450230536342666,4.380117901208292,-0.02439045224439951,0.004930810257792473
1196,1447.4296805342826,17.456311891333268,4.382766871231045,-0.025818249130454662,0.00608135499060154
1197,1447.2247870766023,17.46348203803699,4.3843530822610735,-0.027861008405288885,0.007170146703720093
1198,1446.99232230165,17.47125930722158,4.385018216867933,-0.030137489231588006,0.007777269184589386
1199,1446.7500917456885,17.479310684756445,4.384905668673408,-0.03252649337814318,0.008051377534866334
1200,1446.5115655994784,17.48730144287746,4.384160374400248,-0.034890405946600825,0.007990758121013642
1201,1446.286776466918,17.494988755242037,4.382921025929824,-0.03716257990646454,0.007687312364578248
1202,1446.0851591459705,17.502200784639523,4.381315393141714,-0.03919593683700441,0.007212029397487641
1203,1445.9150837879454,17.50878421898286,4.379460776000926,-0.04091202162596119,0.006583434343338013
1204,1445.7790506472975,17.500149996160403,4.378645578634531,-0.04228506487777849,0.00582772083580494
1205,1445.6710005253822,17.49820603466919,4.378135977327149,-0.04336603984209887,0.005067269876599312
1206,1445.5954823250302,17.502646432810934,4.377355234918952,-0.044107863923184144,0.004440398141741753
1207,1445.2970867121553,17.500457519061094,4.376893904175868,-0.04709778304960764,0.0037538964301347733
1208,1445.0755515336853,17.50948389161333,4.375777977801571,-0.04962720783813666,0.007581128180027008
1209,1444.9374572176494,17.515431845448457,4.37437685138724,-0.0507887452579962,0.0059479538351297385
1210,1444.8817256152893,17.51968838188752,4.372880083569688,-0.05135188558671416,0.004256536439061165
1211,1444.9027195082895,17.522342134899937,4.371435869263122,-0.05113308325976959,0.002653753012418747
1212,1444.9835125624556,17.514144590644538,4.370921516848289,-0.0503075454501618,0.0012270422652363778
1213,1445.110383054283,17.51433004800547,4.3704845922925895,-0.04900032794760136,0.00018545736093074084
1214,1445.2746674516131,17.51377297070194,4.370171838514161,-0.04732757895031455,-0.0005570773035287858
1215,1445.4670477036689,17.512674815844186,4.370005121630825,-0.04538363071873391,-0.0010981548577547074
1216,1445.5922790821432,17.51123982051704,4.369985681604624,-0.044110893225506514,-0.0014349953271448612
1217,1445.6950623707414,17.511194139005056,4.369973473876298,-0.04318830767410191,-4.5681511983275415e-05
1218,1445.815626185326,17.5116736272661,4.369924279758378,-0.04189625512404291,0.00047948826104402545
1219,1445.913393740573,17.511937879173455,4.3698623459158155,-0.04088758622963951,0.0002642519073560834
1220,1446.0353866426406,17.48600960845368,4.371930418448134,-0.03969877394415334,0.0007906556129455566
1221,1446.142765383304,17.475381801888215,4.3744947422771645,-0.03860364660552705,0.0004776512272655964
1222,1446.2291241550622,17.476254934776442,4.376526135397344,-0.037748306615474125,0.0008731328882277012
1223,1446.2949946378085,17.477614427875594,4.378080779979829,-0.03709868964300767,0.001359493099153042
1224,1446.2810582726331,17.47449931583051,4.379610155493791,-0.03723483126324254,0.001813632994890213
1225,1446.249031482867,17.476785147093956,4.38067744528439,-0.03765870781012837,0.003303859382867813
1226,1446.2039854875684,17.4803971405111,4.381257450810633,-0.037990958527743715,0.003611993417143822
1227,1446.1511586573818,17.484207174085803,4.381421699398427,-0.03850821744193809,0.003810033574700356
1228,1446.095398051754,17.488108372219628,4.381237577328922,-0.03905513593837213,0.003901198133826256
1229,1446.0502855209909,17.492006328605836,4.380768056236048,-0.03949746896485294,0.0038979563862085345
1230,1446.021945472078,17.495656979360408,4.3800847177602265,-0.039805275842384163,0.0036506507545709613
1231,1446.0104385291493,17.49896162887735,4.379254324251528,-0.0399302148322704,0.0033046495169401172
1232,1445.8608205375376,17.50193523680491,4.378330398334556,-0.04142489878356173,0.0029736079275608064
1233,1445.6708541847963,17.49698369775385,4.377977418853891,-0.04353385545293577,0.005397580936551094
1234,1445.5130939957976,17.502943814661805,4.377200914926028,-0.04492531363916442,0.005960116907954217
1235,1445.393092012822,17.508147749420708,4.376138916156682,-0.046144698086684456,0.005203934758901596
1236,1445.2792219374555,17.506279258369556,4.375420770254519,-0.04729039642564658,0.0043777767568826675
1237,1445.2001613737991,17.507056574588564,4.374768368333328,-0.04802111876572099,0.004150451719760895
1238,1445.159562972792,17.507643865873295,4.374185405314163,-0.04847745648167574,0.003419589623808861
1239,1445.0641343436432,17.40108807519959,4.382415114852304,-0.04943495717714995,0.0026565834879875186
1240,1444.9458595515978,17.47889473768419,4.382805116215337,-0.0506435275806075,0.003677814453840256
1241,1444.8588278033187,17.482834096946775,4.382802992894086,-0.05143787644768735,0.00393935926258564
1242,1444.8039512590703,17.486100482516942,4.382534322741866,-0.05202778477853826,0.0032663855701684954
1243,1444.7796549695092,17.488706791722237,4.3821010256287884,-0.0522694579413951,0.0026063092052936556
1244,1444.783154600165,17.490711794369876,4.3815818731797,-0.05222858465411491,0.002005002647638321
1245,1444.7658145465844,17.4921949415887,4.381034965380725,-0.05239404007703797,0.001483147218823433
1246,1444.7948874402252,17.494050476462604,4.380434866675671,-0.05208836436325555,0.0018555348739027978
1247,1444.8618286915032,17.49505895464218,4.3798603729006915,-0.051466418754400826,0.0010084781795740127
1248,1444.9204204868174,17.495418943762804,4.37935986969427,-0.050860644037720705,0.00035998912062495947
1249,1444.9861904016423,17.49599302636462,4.378902543034785,-0.050159505331696434,0.0005740826018154621
1250,1445.0566821543089,17.49649591131138,4.378486439416157,-0.04944029822241646,0.0005028849467635155
1251,1444.49549844424,17.496978706512625,4.378105780425037,-0.055047024532152586,0.0004827952012419701
1252,1444.4608223057778,17.50849150905388,4.3768528138286475,-0.056494777676223296,0.011512802541255952
1253,1444.4846180007676,17.52507933584341,4.374469824014367,-0.05611938759603163,0.0018571265041828157
1254,1444.5610185984124,17.525843274419394,4.372453343306228,-0.05449913280869623,0.0007639385759830475
1255,1444.6728264604787,17.52267219713861,4.37105896956094,-0.05336374244620174,-0.00015613193390890957
1256,1444.806291645159,17.52195928898612,4.369973841944025,-0.05199276117026784,-0.0007129081524908543
1257,1444.9516552643393,17.520969342170005,4.369164935751967,-0.050511151222970056,-0.0009899468161165715
1258,1445.1059802813636,17.51989872307489,4.368589123666933,-0.04894826441426403,-0.0010706190951168537
1259,1445.2600332223928,17.51881224011043,4.36820574514506,-0.04740125416300543,-0.0010864829644560813
1260,1445.3919213993904,17.499299530347066,4.3694859533989865,-0.0460965945641874,-0.0009283973835408688
1261,1445.4965212580357,17.498935281519966,4.370565490581357,-0.04509120227528683,-0.0003642488270998001
1262,1445.5719230466993,17.490354012453707,4.372151972378996,-0.044342876313248784,0.00025681897532194855
1263,1445.621091817428,17.491245317959937,4.37338004996709,-0.04385253047881178,0.0008913055062294006
1264,1445.7144564325824,17.489052906869663,4.3745662374236245,-0.0429099700870961,0.0014366496354341507
1265,1445.8811890975678,17.48975486406566,4.3754815471959265,-0.04126157826826557,0.0007019571959972382
1266,1446.0238065503943,17.489242946500642,4.376273935112628,-0.039883321972158686,-0.0005119175650179387
1267,1446.1166727863008,17.481275167670024,4.37757482009036,-0.038893125815095575,8.661921601742506e-05
1268,1446.1789733607454,17.482399667594503,4.378549651638273,-0.03831405446339204,0.0011244999244809152
1269,1446.2130512902374,17.479347481432043,4.379598438160757,-0.037933387579535065,0.0017635047435760498
1270,1446.2243720197362,17.481680026131354,4.3802678275563665,-0.03781318379821187,0.0023325446993112567
1271,1446.220780978502,17.48445128932842,4.380590259232302,-0.03783606206475497,0.0027712631970644
1272,1446.0996724513989,17.48749770544716,4.380605700081346,-0.03903079077817893,0.003046416118741036
1273,1445.9912456451234,17.49261575550088,4.380200114527172,-0.040294706942263475,0.005118050053715706
1274,1445.8471040546,17.49211464150967,4.3799084854081105,-0.0415636078575244,0.004771566018462181
1275,1445.72808073143,17.49539530547503,4.379401253671231,-0.04277131251446008,0.005292764306068421
1276,1445.617985572671,17.500101199840934,4.378600757959409,-0.04387883126730685,0.004705894365906716
1277,1445.5372229452205,17.504527402391464,4.377582642203285,-0.044655739729332705,0.0044262025505304335
1278,1445.4786215885977,17.508321087902218,4.376437767303324,-0.045277035818000966,0.0037936855107545855
1279,1445.3974224970868,17.511636881997614,4.37522800319188,-0.0460735641706674,0.003315794095396996
1280,1445.350783547069,17.515289994051486,4.373937464303454,-0.04652589632515628,0.003653112053871155
1281,1445.3013669385552,17.506103446385595,4.373629947090201,-0.04705622518157952,0.0029541663825511932
1282,1445.2771298567743,17.509065739488932,4.373135704382929,-0.04722951410433552,0.002962293103337288
1283,1445.274485397896,17.503994586522975,4.373144839983344,-0.047305110992881504,0.002462643384933472
1284,1445.2917292943234,17.506052195857563,4.372984183340862,-0.04712321046180023,0.002057609334588051
1285,1445.3415595242975,17.50775128008733,4.372713595730771,-0.04662025726750699,0.0016990842297673226
1286,1445.3888616077527,17.50888499386544,4.372399066800548,-0.04616792096763902,0.0011337137781083585
1287,1445.457020679125,17.51011187203164,4.372040892594024,-0.04543910964755924,0.0012268781661987306
1288,1445.553003851134,17.511012266314875,4.371673609523848,-0.044502609876956284,0.0009003942832350731
1289,1445.672451146527,17.511482770665836,4.371333987790743,-0.04331847752795738,0.0004705043509602547
1290,1445.792549683748,17.492020128961958,4.372645985049639,-0.04210691550012598,0.00014638097491115332
1291,1445.902715445257,17.492289577323316,4.373699803481842,-0.04098515228607539,0.0002694483613595367
1292,1446.0098418058587,17.492858352038382,4.374517454326534,-0.03993151457678323,0.0005687747150659562
1293,1446.041605101629,17.493592788084715,4.3751279099054745,-0.03960051511683559,0.000734436046332121
1294,1446.0810271800212,17.495778026982517,4.375449905757478,-0.03933480848493446,0.0021852388978004455
1295,1446.083890059024,17.497857937394947,4.3755439720772165,-0.03917163225829654,0.0020799104124307635
1296,1446.099637359313,17.500626216075688,4.375394882725612,-0.039072463233701456,0.002768278680741787
1297,1446.1134863049315,17.485341458152295,4.376521699874796,-0.038887970093114746,0.002539947256445885
1298,1446.1185513518117,17.487943377289238,4.377233061105256,-0.038820683669932805,0.0026019191369414333
1299,1446.12237150274,17.49071532146937,4.377589854035834,-0.03879328747691943,0.002771944180130959
1300,1446.128318455904,17.493513553160494,4.377653752745108,-0.03871944419205875,0.0027982316911220554
1301,1446.1282854527442,17.484770201313854,4.37842065639962,-0.03872070737162403,0.0027626127004623416
1302,1446.004057077526,17.48765246437824,4.378813978858699,-0.03997139426113108,0.002882263064384461
1303,1445.890992749438,17.492729933354617,4.378721572510393,-0.04130959309681884,0.0050774689763784416
1304,1445.7928253757877,17.492856274325305,4.378635474720658,-0.04210395502753727,0.004755381122231484
1305,1445.71045850558,17.494588226808155,4.378423339376178,-0.04293285318037761,0.004380998760461808
1306,1445.6548207900923,17.49859153142377,4.377922238340515,-0.04348956151356106,0.004003304615616799
1307,1445.626655348764,17.502036297304475,4.3772298292235,-0.04378930038585167,0.0034447658807039263
1308,1445.6299321144888,17.50493449231788,4.3764252132510535,-0.043755335941841625,0.0028981950134038927
1309,1445.5559091988148,17.507241881249392,4.375576868330163,-0.044499988620041224,0.0023073889315128326
1310,1445.5111430901306,17.5010645960236,4.375386033243685,-0.04502576978949946,0.003679395839571953
1311,1445.4921608399484,17.504155396741073,4.374976968238141,-0.04513725111272606,0.00309080071747303
1312,1445.4935977204434,17.49954465275064,4.375018324932493,-0.04511456814900839,0.0025853471830487255
1313,1445.444269355028,17.50175097604647,4.374871936682127,-0.04559520883844243,0.0022063232958316804
1314,1445.4211514826209,17.504859238689686,4.374497891093623,-0.04587867910852992,0.0031082626432180406
1315,1445.4323517327937,17.500870375045345,4.374517143648065,-0.04572822876107466,0.0025908017531037332
1316,1445.4446533196538,17.50283018321614,4.3743727752189905,-0.0456165661616933,0.0019598081707954407
1317,1445.464879127191,17.49879089523667,4.374584483720831,-0.045352217331812876,0.0019497221335768701
1318,1445.5054854100877,17.500614843560395,4.374609031635326,-0.04495772328010844,0.0018239483237266541
1319,1445.5637855682685,17.502094708425936,4.374508226368399,-0.04439655266313366,0.0014798648655414582
1320,1445.629904851273,17.495305769103943,4.374980358170913,-0.043728568722006006,0.0012036925181746483
1321,1445.6939439968721,17.491718687019137,4.375660642596945,-0.0430681440517742,0.001127852313220501
1322,1445.706739471369,17.492953470810143,4.37611756929489,-0.04294329843408832,0.0012347837910056114
1323,1445.7288163913843,17.491461191568003,4.376614198246872,-0.04280953100467059,0.002211732976138592
1324,1445.716052370813,17.493522646892295,4.376852971858397,-0.04285450405705433,0.002061455324292183
1325,1445.713391457315,17.492761130686805,4.377110997324159,-0.04293018536080126,0.0027024546638131143
1326,1445.7277320280405,17.49527243604879,4.3771173543319035,-0.04274179464977806,0.0025113053619861604
1327,1445.7188834665426,17.497477060984775,4.376942405128485,-0.042841833377174225,0.0022046249359846115
1328,1445.7222864909263,17.494223880251763,4.377064796711184,-0.042819621672688296,0.0026294907554984094
1329,1445.7016495808737,17.49662910089445,4.376968603178076,-0.04300593120254462,0.00240522064268589
1330,1445.6974344482671,17.499463284244655,4.376658115017549,-0.043068551788080646,0.0028341833502054216
1331,1445.703205565298,17.495028478550267,4.376765927047263,-0.042999440186376886,0.0025192249566316606
1332,1445.6650628991063,17.493157311731167,4.377007244664084,-0.043367242157821694,0.0023405134677886965
1333,1445.6081309831384,17.49628571999926,4.37694947158621,-0.04399747964864673,0.003128408268094063
1334,1445.565027145443,17.49699491591832,4.376844142171847,-0.04437906420084119,0.0034217648208141327
1335,1445.521046500747,17.50011426465294,4.376502858873477,-0.04481977660115035,0.0031193487346172334
1336,1445.5007592402048,17.503203594625802,4.375970546523431,-0.044995409474126974,0.0030893299728631976
1337,1445.48294808848,17.500108234674155,4.3757870032116415,-0.04521730179505539,0.0026215031743049622
1338,1445.4834256463853,17.499062083324866,4.375721989184238,-0.045172009735199484,0.002558841183781624
1339,1445.4972032932603,17.498241683435772,4.375735720760704,-0.045062218205964656,0.002216329798102379
1340,1445.4919050791964,17.50022229511771,4.375585125066758,-0.045104521019652566,0.0019806116819381715
1341,1445.5054838605984,17.502554476601215,4.37527105072689,-0.044980318374173295,0.0023321814835071566
1342,1445.5409011080899,17.504543136027785,4.374850996519859,-0.04462534112479488,0.001988659426569939
1343,1445.5471304623834,17.497514028228956,4.375080970759414,-0.044566475798883405,0.0016108551993966103
1344,1445.5366901110326,17.495519929095718,4.375432507417017,-0.04468910663628094,0.0021709326654672624
1345,1445.5407425090825,17.495677442716904,4.375707895463129,-0.04462306722983158,0.0024758558720350266
1346,1445.5464641239407,17.49788569161529,4.375753255560964,-0.04456211945795758,0.0022082488983869554
1347,1445.5713350060803,17.500066970902033,4.375612196697876,-0.044289346900361584,0.0021812792867422106
1348,1445.6159099679053,17.50191125633056,4.375345813424925,-0.043874599706769005,0.0018442854285240175
1349,1445.6432996540923,17.503427391740033,4.375003480555443,-0.043599818460982084,0.0015161354094743729
1350,1445.6685869898208,17.50529221134121,4.37457037454466,-0.04334899852096214,0.0018648196011781693
1351,1445.6845062759091,17.49500194515197,4.3750561481688015,-0.04316117695314688,0.001927216723561287
1352,1445.7054444828618,17.497128876923604,4.37528066967622,-0.04296552667618926,0.0021269317716360093
1353,1445.736787601571,17.499181508152766,4.375297036288257,-0.042639554038537426,0.002052631229162216
1354,1445.7784688161719,17.501068422450704,4.375156258273699,-0.04223188353140358,0.001886914297938347
1355,1445.7782332768743,17.502800814314764,4.374899249238631,-0.04223311947464481,0.0017323918640613557
1356,1445.761537211724,17.49271446061664,4.375512758654085,-0.042463206585864555,0.0025181788951158524
1357,1445.7406640876757,17.49553295639687,4.375785508899598,-0.04262339081175469,0.0028184957802295687
1358,1445.7331663920377,17.498407987182667,4.375774216585103,-0.042673989580180205,0.0028750307857990267
1359,1445.7416178728886,17.501022754287053,4.375551278119446,-0.04260984763925535,0.0026147671043872836
1360,1445.765441210064,17.503344193150927,4.375178760593652,-0.042374920723411834,0.0023214388638734818
1361,1445.7929216864093,17.49296107467092,4.375721804664687,-0.04209754327447854,0.0020538374781608583
1362,1445.8227777865516,17.49498147804118,4.376001993439519,-0.04177556554527428,0.0020204033702611924
1363,1445.7801453820334,17.48934369586688,4.376692467794164,-0.04220010096682472,0.002004855498671532
1364,1445.7466296239056,17.492671887728388,4.37698667692605,-0.04266603739722768,0.003328191861510277
1365,1445.7265853559602,17.49579471029621,4.376972731353955,-0.04275468336976701,0.003122822567820549
1366,1445.7179475182172,17.493668445669744,4.377135054330111,-0.04284797197443595,0.002848351001739502
1367,1445.7201766146798,17.49629596388403,4.377053438382088,-0.04282031713194783,0.002627518214285374
1368,1445.6655964852907,17.49871978955779,4.3767884382706495,-0.04336440440114529,0.0024238256737589836
1369,1445.634607996295,17.49649758557907,4.3767527366884105,-0.04375480728720504,0.0034326981753110886
1370,1445.6233897639174,17.495822422406814,4.376778635725412,-0.04381323842171923,0.0029613375663757324
1371,1445.6304519482374,17.49840220940783,4.3765890527420295,-0.04373363557416269,0.002579787001013756
1372,1445.6552879832454,17.5006435707353,4.376250430647976,-0.04348096273490001,0.002241361327469349
1373,1445.616868285597,17.495367132853477,4.376403951034554,-0.04386248364909762,0.0019296962767839433
1374,1445.5941842656496,17.49845001881918,4.376277904310431,-0.044173476312396355,0.003082885965704918
1375,1445.5442186666435,17.501213046516984,4.375948751373185,-0.044589799160355596,0.0027630276978015903
1376,1445.525925851124,17.50443538574478,4.375415516402948,-0.04478667264176011,0.0032223392277956012
1377,1445.5377299718143,17.507042252626032,4.374765230565818,-0.04468424751651128,0.002606866881251335
1378,1445.5385759679596,17.498897862576804,4.3748975557341945,-0.04466993251629674,0.0020499449223279954
1379,1445.5548879147868,17.501160098754724,4.374821192431804,-0.04447234997769101,0.0022622361779212953
1380,1445.5811663619058,17.496267172578424,4.37515842445097,-0.04421594454459637,0.001986154541373253
1381,1445.5885262967709,17.49809603605017,4.375285499983775,-0.04413046613925417,0.0018288634717464449
1382,1445.59119640404,17.500287020835728,4.3752106546439995,-0.04412424809098183,0.002190984785556793
1383,1445.6063353209536,17.495857592878977,4.37551125431801,-0.04394556547071488,0.00228017158806324
1384,1445.6307572375244,17.497922082452217,4.375589035962773,-0.043713995826237806,0.0020644895732402804
1385,1445.6221625414182,17.499835221676268,4.3754964751740895,-0.04379350962073658,0.0019131392240524293
1386,1445.636071802881,17.50235873481456,4.375214353833708,-0.04370031936261512,0.00252351313829422
1387,1445.6635343433177,17.495497630783348,4.375543703756025,-0.04340578053071568,0.002112273499369621
1388,1445.7044362821714,17.497387625896362,4.37565932029169,-0.04297786501692144,0.001889995113015175
1389,1445.7568695022837,17.499064636849788,4.375617080515821,-0.042452603393121534,0.0016770109534263611
1390,1445.7505811218584,17.491440294836583,4.376205505128928,-0.042510783534085016,0.001511063426733017
1391,1445.7518677249868,17.494055181895316,4.376474324741236,-0.04259170511333195,0.002614887058734894
1392,1445.7179975519114,17.491539616523692,4.3769003288254975,-0.042834216533071866,0.0024729665368795396
1393,1445.6943634225388,17.494641195996113,4.376996191100106,-0.04311922706816631,0.0031015794724226
1394,1445.6868355477798,17.49752570056767,4.376839076451697,-0.043153352012288905,0.002884504571557045
1395,1445.6537055277902,17.494774562360163,4.376935065454319,-0.043494136689525925,0.0025725848972797394
1396,1445.6345658594173,17.495008920797915,4.376994624664936,-0.04369928137083662,0.003021984547376633
1397,1445.6298937815786,17.497749534541576,4.376819500262509,-0.04372919926458508,0.0027406137436628343
1398,1445.6452122187302,17.50021175249836,4.3764746858010914,-0.04357571739138621,0.0024622179567813877
1399,1445.6252488274633,17.50231119162759,4.376020371777088,-0.043783789608121425,0.0020994391292333604
1400,1445.620658963761,17.49721776084572,4.3760640694409,-0.043857437224774004,0.0027397077530622485
1401,1445.6240586840372,17.49514305070738,4.376269446837731,-0.043788391522307395,0.002449924126267433
1402,1445.5808567331462,17.497448131821553,4.376249485074482,-0.044205916969747246,0.0023050811141729355
1403,1445.5599151799613,17.500583222515385,4.375976916817119,-0.04448384915835277,0.003135090693831444
1404,1445.5321338831736,17.503277419141927,4.375533241097759,-0.04472275057499246,0.002694196626543999
1405,1445.5340169298506,17.50606953521023,4.374941255282782,-0.04466962264566974,0.0027921160683035853
1406,1445.5633326109735,17.508303301602105,4.374273283524957,-0.04442250885790827,0.0022337663918733596
1407,1445.5849009177596,17.510047393299143,4.3735830195100585,-0.04419995829188793,0.0017440916970372202
1408,1445.6175831619807,17.511955769553285,4.372861050510354,-0.04384059683590295,0.0019083762541413308
1409,1445.661394950777,17.496617135753453,4.373522509084718,-0.04340400488272508,0.0017288323491811753
1410,1445.7011588498974,17.49048281182169,4.3745662020674,-0.043003844447409845,0.0015745028853416444
1411,1445.7329997661654,17.488549481850928,4.37558002203841,-0.04268223019396828,0.0016967814415693285
1412,1445.7185697483017,17.490430755314296,4.376257616747211,-0.0428327517191633,0.0018812734633684158
1413,1445.685517143152,17.493167430122263,4.376589603343122,-0.04323036870293891,0.0027366748079657556
1414,1445.666782643279,17.496219660301573,4.3766124041015155,-0.043363729104344204,0.003052230179309845
1415,1445.670282247109,17.498982910399207,4.37640528792542,-0.043326075537077034,0.0027632500976324083
1416,1445.694427609043,17.501329946291513,4.376043652887901,-0.04309734533010214,0.0023470358923077584
1417,1445.739910037526,17.503310591873593,4.375585253800169,-0.04263753865576291,0.0019806455820798874
1418,1445.8026307113819,17.504932772700556,4.3750768019310495,-0.04200953936169299,0.0016221808269619943
1419,1445.8786598730492,17.506290678453514,4.374548903340239,-0.04123982877690878,0.0013579057529568674
1420,1445.9534103444948,17.490048019992823,4.375443376545182,-0.04048359887377956,0.001180882565677166
1421,1445.9118413089277,17.483318929940523,4.37672674581231,-0.0408926974400265,0.0012919878587126733
1422,1445.8217442878663,17.486761568680468,4.377497776173526,-0.041997622209460135,0.0034426387399435045
1423,1445.7198786432918,17.490258265009356,4.377844271045727,-0.04288295649451356,0.004260068014264107
1424,1445.636584585615,17.49432843059456,4.377795782909308,-0.04364591242662982,0.004377650842070579
1425,1445.5809367597915,17.498274643646237,4.377433538106862,-0.04423377618112454,0.00394621305167675
1426,1445.5540846808226,17.498818202462637,4.37709207774238,-0.04451669953915371,0.003370749577879906
1427,1445.5533298707312,17.501621453609907,4.3765829985597495,-0.044523451135748925,0.0028032511472702026
1428,1445.575913003714,17.503930964653037,4.375976820387549,-0.044290243973273385,0.0023095110431313516
1429,1445.6186493935013,17.50582128852292,4.375325277019697,-0.04385542478231173,0.0018903238698840142
1430,1445.6779965861165,17.50737220361515,4.374664270676721,-0.04325397501660064,0.0015509150922298433
1431,1445.7395020695244,17.495053066185505,4.3751289653862315,-0.04263059820064427,0.0012947261333465577
1432,1445.6878131880023,17.48955806783619,4.375959066313136,-0.04312483119725357,0.0013243569061160089
1433,1445.5905441697605,17.491758318541393,4.3764599445855685,-0.0443025534228309,0.00340430811047554
1434,1445.5185231019427,17.49591820604895,4.376530718761845,-0.04489032692028104,0.004159887507557869
1435,1445.4748215054324,17.49855487087541,4.376373285336775,-0.04530631697441095,0.003614567220211029
1436,1445.4639807672738,17.501593797670534,4.375995848830519,-0.045417756369770364,0.003038926795125008
1437,1445.4818214182415,17.50015620540188,4.375803830935584,-0.045244808080933584,0.0024087041616439823
1438,1445.5026791701666,17.49845231772963,4.375785617962313,-0.04502529098595005,0.0018878772854804993
1439,1445.5376087143693,17.497294402826252,4.375865308130135,-0.04462740784915922,0.0018529273569583894
1440,1445.5833172877578,17.498918347764434,4.375797945287401,-0.04418972536429919,0.001623944938182831
1441,1445.6383714846377,17.500383768375638,4.375622953584012,-0.04363213758632128,0.001465420611202717
1442,1445.7013939016654,17.50172673366559,4.375369713263738,-0.04299830651547154,0.0013429652899503708
1443,1445.6822646083576,17.493139004600028,4.3758638454203505,-0.04318622752066176,0.001254229247570038
1444,1445.627359466903,17.495925093334893,4.37604135461736,-0.043879591279699065,0.0027860887348651886
1445,1445.5873963625495,17.49543202233226,4.376227205921243,-0.044187507762248966,0.0034008026123046875
1446,1445.575524910415,17.498514125987,4.376127734479762,-0.04427662079160655,0.003082103654742241
1447,1445.5804041433014,17.496837104102276,4.376183214126167,-0.0442500537868068,0.0025411514565348626
1448,1445.601212434816,17.4958142650763,4.376312293841421,-0.04401873064813344,0.0022326014935970307
1449,1445.6089196463156,17.494809943522352,4.376500212365318,-0.04393857591129517,0.0019548777490854263
1450,1445.603031114746,17.494736519928097,4.376660305731037,-0.04399519118409444,0.0022099010646343233
1451,1445.5905143071286,17.497196411068558,4.376590559986928,-0.04411985593629651,0.002459891140460968
1452,1445.5919034728731,17.499766575830996,4.376323334612372,-0.04409199263346636,0.002570164762437344
1453,1445.6076815041174,17.502074665489616,4.375915592718333,-0.04394939246920785,0.0023080896586179732
1454,1445.637675362403,17.504125547322452,4.375413646301842,-0.04364896715854911,0.0020508818328380586
1455,1445.62287972199,17.505936395662843,4.374854067713943,-0.04379520612934357,0.0018108483403921128
1456,1445.636278620801,17.508571512910542,4.374179871490384,-0.04371964068272064,0.0026351172477006913
1457,1445.657143454554,17.51068700580579,4.373454152507666,-0.04348052788970563,0.0021154928952455522
1458,1445.692957199805,17.496179991428257,4.374044576156769,-0.04308270573920936,0.001992715522646904
1459,1445.7084855034066,17.49793795964539,4.374385062386329,-0.0429386196964856,0.0017579682171344757
1460,1445.7133908909398,17.50009250792533,4.374488191409132,-0.04290574909688303,0.002154548279941082
1461,1445.70405143605,17.492472963494446,4.375195426378721,-0.04297982086302682,0.002357900515198708
1462,1445.6869804003059,17.495095702347545,4.37556102883471,-0.04315667983073126,0.0026227388530969623
1463,1445.6829812894537,17.497845843893675,4.3756360812814705,-0.04318292737476668,0.0027501415461301804
1464,1445.689953663512,17.493603119106243,4.376044339757444,-0.0431255520029481,0.002499255165457726
1465,1445.705960574867,17.495906977766406,4.376190840378033,-0.04295993390185913,0.002303858660161495
1466,1445.732360396114,17.498055892848623,4.376135361546398,-0.042691890396654344,0.002148915082216263
1467,1445.763428857179,17.492622686871538,4.376533870496904,-0.04238277284799551,0.0019783008843660354
1468,1445.8031503772634,17.494548579068134,4.3767032639260135,-0.041973737096143396,0.0019258921965956688
1469,1445.8457633476514,17.490181993092154,4.37719900394384,-0.041554767511975114,0.0018018823117017747
1470,1445.7928041514583,17.491975924516773,4.377458910682438,-0.04207275357412527,0.0017939314246177675
1471,1445.7541442413863,17.49551021284864,4.377383212165608,-0.04263259327686228,0.0035342883318662645
1472,1445.7313666811144,17.493779924524972,4.377462538543617,-0.042717176916146404,0.003225851058959961
1473,1445.6666959461547,17.49668680393512,4.377290035988188,-0.04336493770333391,0.002906879410147667
1474,1445.6288775170772,17.50031194762702,4.376852337150234,-0.043783051257403255,0.0036251436918973926
1475,1445.6196896916872,17.503393461940835,4.376241602753387,-0.04385746602093604,0.0030815143138170245
1476,1445.59716778634,17.5059252761435,4.37553390069133,-0.04408329214771584,0.002531814202666283
1477,1445.602928872452,17.50868158490772,4.3747283394482315,-0.043993160731636186,0.002756308764219284
1478,1445.6239617536098,17.498209494722005,4.3749235584388675,-0.04381329427075343,0.00222719069570303
1479,1445.6096801557553,17.50017772596043,4.374922794154385,-0.04392909438817469,0.001968231238424778
1480,1445.6041586761025,17.495435795634812,4.375309677987318,-0.04402321051001763,0.0026162039488554
1481,1445.56962464663,17.497886047214095,4.375426688171265,-0.044320348770656895,0.002450251579284668
1482,1445.5495656179723,17.500845167487686,4.375280817213343,-0.04455523068970706,0.002959120273590088
1483,1445.5566041585932,17.503510598912662,4.374943383971798,-0.04446332729892902,0.0026654314249753954
1484,1445.5594673312191,17.505671575739807,4.374490093687418,-0.044455772147591686,0.002160976827144623
1485,1445.5877912171845,17.507911330163306,4.373935362922737,-0.044129965587790136,0.0022397544234991074
1486,1445.644672620454,17.50969779759628,4.373334493577076,-0.043598602494512306,0.001786467432975769
1487,1445.7246148409781,17.511000901721246,4.372735291044542,-0.04280218792102005,0.0013031041249632837
1488,1445.8062378021446,17.493010742789235,4.373714100755788,-0.04197331122818923,0.0009462116286158562
1489,1445.8835085355274,17.49402052798691,4.374434205072657,-0.041171272001631676,0.0010097851976752282
1490,1445.8822375520742,17.495190384997155,4.374929089897611,-0.04119363166051471,0.0011698570102453233
1491,1445.8877426171416,17.497836200906065,4.375118679377997,-0.04127016971845024,0.002645815908908844
1492,1445.8639616875673,17.500359077578512,4.375067973270242,-0.041372677047972956,0.002522876672446728
1493,1445.8493915698336,17.490539308522205,4.375828865789163,-0.04155849338058942,0.003046967461705208
1494,1445.8402865790508,17.487802070297874,4.376676484762371,-0.04161503311178876,0.0028679784387350086
1495,1445.8377371484498,17.49056237704364,4.377145960053138,-0.04163339568479841,0.0027603067457675936
1496,1445.8435779231881,17.493196563341296,4.377315664087322,-0.04157683281292975,0.0026341862976551056
1497,1445.861775251067,17.495677787170386,4.37725205578404,-0.04139754373618643,0.0024812238290905955
1498,1445.891765229209,17.49794325745908,4.377014762743356,-0.04110392306194854,0.002265470288693905
1499,1445.9237274467519,17.490096190745906,4.3774614447417965,-0.04078211058346369,0.0020716197788715365
1500,1445.841360370208,17.49216864573486,4.377658362958821,-0.041586479818929545,0.0020724549889564515
1501,1445.772892265553,17.496300845394803,4.377482152540569,-0.04247705181156789,0.004132199659943581
1502,1445.7231999555966,17.500102762307,4.377026967347539,-0.042801028718808996,0.003801916912198067
1503,1445.7030958241778,17.503500734816267,4.376376033175796,-0.04300943619851524,0.003397972509264946
1504,1445.703353469608,17.496430970638535,4.376420008283572,-0.04302428739728839,0.00281975157558918
1505,1445.6467363635986,17.498873415871998,4.376256471247469,-0.04357036699822629,0.002442445233464241
1506,1445.5841828089806,17.50232412359073,4.37584037904309,-0.04425899815872071,0.003450707718729973
1507,1445.5465851976076,17.498653021335755,4.375799185911776,-0.044538739816746324,0.0034966256469488146
1508,1445.5276569576286,17.49756559504191,4.375854272020832,-0.044773676952995625,0.002994160354137421
1509,1445.5240738438526,17.497258796919237,4.3759245141728424,-0.04479607806532613,0.0026259953156113625
1510,1445.533012652611,17.497005627594266,4.376002801734727,-0.04469900552342096,0.002334674820303917
1511,1445.495223023591,17.49911426614163,4.375894679593382,-0.04507037339138378,0.002108638547360897
1512,1445.477122033635,17.502061027764654,4.375565210077646,-0.04531259197121699,0.0029467616230249407
1513,1445.4920769554699,17.504617719455933,4.375086112229731,-0.04511823743847571,0.0025566916912794116
1514,1445.530734826038,17.4992023612571,4.3751357950664485,-0.044753553642235606,0.0019476726651191712
1515,1445.5866684438631,17.500746252687,4.375050368184906,-0.04417369368489062,0.001543891429901123
1516,1445.5921436864214,17.495004492291937,4.375449534801525,-0.04410562658749313,0.001273256912827492
1517,1445.6076583693832,17.497236871199437,4.375594421422833,-0.04401932850563525,0.0022323789075016976
1518,1445.6418618958198,17.499294945450256,4.375545042624529,-0.043598811507470144,0.002058074250817299
1519,1445.6534101305833,17.501034192593526,4.375362420733371,-0.04349778140492162,0.0017392471432685853
1520,1445.6549827341246,17.494839308265778,4.375718916729885,-0.04349375807095839,0.0021751012653112413
1521,1445.6478905540912,17.493034406719097,4.376158740001421,-0.04354047714451099,0.0023689281195402147
1522,1445.6356192699914,17.495561270756014,4.376312899754984,-0.04365960089182409,0.0025268640369176865
1523,1445.636875290275,17.498171954197176,4.376225965702093,-0.04363962903767515,0.0026106834411621094
1524,1445.6587293592786,17.500528001380452,4.375962143602906,-0.04343817003300273,0.002356047183275223
1525,1445.6993075266769,17.502516526324044,4.375583307223182,-0.043043676957199746,0.001988524943590164
1526,1445.7110669289457,17.50419106573362,4.375135818031257,-0.04292072926394439,0.0016745394095778465
1527,1445.7294617678983,17.494580162995035,4.375554279865677,-0.04276051440088622,0.002225860208272934
1528,1445.7078260577862,17.496706794508274,4.375723630242638,-0.04293166229164171,0.0021266315132379534
1529,1445.7012685407067,17.499562641166623,4.375629117762827,-0.043060236107444326,0.002855846658349037
1530,1445.7110169309963,17.50212698274153,4.37534205953588,-0.042918981198381514,0.002564341574907303
1531,1445.7362864685758,17.50439241372841,4.374921540769535,-0.042667026373044335,0.002265430986881256
1532,1445.7303456505822,17.50638875321346,4.374413574518415,-0.042723452644361254,0.001996339485049248
1533,1445.7237688611017,17.50896296941536,4.3737866772444765,-0.042820099060668325,0.002574216201901436
1534,1445.7440466817948,17.51153936658847,4.373062078302861,-0.04255975127917282,0.0025763971731066707
1535,1445.7903034428782,17.51362798970985,4.372297224889257,-0.04214574297639047,0.002088623121380806
1536,1445.8402578988912,17.492795749245747,4.373372455780828,-0.04164199906414524,0.0016428425908088685
1537,1445.8832482108517,17.494434728151724,4.37412020775572,-0.04116790425996669,0.0016389789059758188
1538,1445.9229492817544,17.496248332461878,4.374585156630905,-0.040787969722873636,0.001813604310154915
1539,1445.896908351023,17.49816330750899,4.3748099229477075,-0.04104105356346509,0.0019149750471115113
1540,1445.8851250215926,17.50128604514019,4.374739041208263,-0.041269526042483455,0.003122737631201744
1541,1445.882856650178,17.489871099840798,4.375613747511786,-0.04119955031301288,0.002841569483280182
1542,1445.885468641255,17.49254136743764,4.376112792412661,-0.04116244377609291,0.0026702675968408585
1543,1445.890045783539,17.487800484261314,4.376909434204547,-0.041108486772880044,0.0025808215141296387
1544,1445.8936085039816,17.486820755841634,4.37764274388035,-0.04106664617539309,0.0025535093620419505
1545,1445.9035688790284,17.489399327280424,4.3780333369565305,-0.04096681741739076,0.0025785714387893677
1546,1445.9212705151122,17.488267341575348,4.378446129150817,-0.04079838289605505,0.0024676909670233727
1547,1445.9457092712498,17.490608990884148,4.378593259168618,-0.04055551145332401,0.0023416493088006976
1548,1445.8441619806954,17.492847235261223,4.378530996452719,-0.041568720686218516,0.002238244377076626
1549,1445.7660366504876,17.49734156368556,4.378112664506846,-0.042565241899849296,0.004494328424334526
1550,1445.715043075766,17.50131804546597,4.3774446742201345,-0.04290135390673185,0.003976481780409813
1551,1445.6925373640602,17.5047325806159,4.376617886372578,-0.04313082102244607,0.003414535149931908
1552,1445.6965342428534,17.497425969392555,4.376537016606754,-0.043090695846826746,0.002854152396321297
1553,1445.6356189924643,17.499791074805454,4.376277426984436,-0.04369271477369921,0.002365105412900448
1554,1445.5975062113735,17.497093030041317,4.376285047712261,-0.04414038774323217,0.003519603982567787
1555,1445.5371016018478,17.5001495677738,4.376041516445579,-0.044675290606530776,0.003056537732481957
1556,1445.482654674429,17.503561244135955,4.375563018614584,-0.045208967118676356,0.003411676362156868
1557,1445.4580245741447,17.50680404712842,4.374905648532625,-0.04543664159552236,0.003242802992463112
1558,1445.4338842267389,17.501306581133534,4.37481585798652,-0.04571987899929809,0.0026555903255939487
1559,1445.4292784828133,17.503932283455065,4.3745276573449985,-0.04571020397227358,0.0026257023215293888
1560,1445.444434809867,17.506184174874356,4.374107308252166,-0.04559303299155317,0.0022518914192914963
1561,1445.4926071273555,17.508077196599473,4.373607924260668,-0.04510981569586193,0.0018930217251181603
1562,1445.5684579316835,17.509394562998345,4.373090774205523,-0.04437298621578976,0.001317366398870945
1563,1445.6660764817832,17.510264230155876,4.37259564196019,-0.04338400510630209,0.0008696671575307846
1564,1445.7048724138335,17.493438785625273,4.373564608846059,-0.04298272770534367,0.000555148720741272
1565,1445.7360235226981,17.48852770929875,4.374760494849874,-0.042755675653286286,0.0017142575234174728
1566,1445.7325319025729,17.490422896721384,4.375586246656825,-0.04269277396419284,0.001895187422633171
1567,1445.7375588932719,17.492966436275264,4.376055505086182,-0.042689246280406226,0.002543539553880692
1568,1445.7538046723837,17.4909008269572,4.376609098591726,-0.042477493473654704,0.0023881375789642336
1569,1445.7792749485136,17.49032266016728,4.3771102930563455,-0.04222644093805457,0.0021962333470582963
1570,1445.764267700378,17.49237248383141,4.3773537609275,-0.042371963964512815,0.0020498236641287803
1571,1445.7649479865497,17.49516688480652,4.377325046134161,-0.042424977865600795,0.002794400975108147
1572,1445.7772190685105,17.492623022771717,4.377509384409107,-0.042257370350230306,0.0024987906217575073
1573,1445.7988488650003,17.49491839540684,4.377472963942821,-0.04203185314866005,0.002295372635126114
1574,1445.82411625509,17.491588054499502,4.377715254619414,-0.0417744284036712,0.0021394630894064903
1575,1445.8505056926792,17.49368700375306,4.377742406841219,-0.041498994456792386,0.0020989492535591126
1576,1445.7714944357597,17.49024583687774,4.378045883820151,-0.04228544378039942,0.00210283063352108
1577,1445.6682974465562,17.49303503900196,4.378066801345283,-0.043507017649340014,0.004002751782536507
1578,1445.5888541011097,17.49738543114986,4.377728439669566,-0.04414622302543876,0.004350392147898674
1579,1445.5379203823225,17.499081569771295,4.3773123746473335,-0.044673337000592714,0.003824983909726143
1580,1445.485942455862,17.499803037289173,4.3769122430035425,-0.04519917060699072,0.003239032253623009
1581,1445.4417864141817,17.500746884090542,4.376507003895026,-0.04558547815138581,0.0032056093215942385
1582,1445.4221392621719,17.503760511694193,4.375928434178272,-0.04579780555007574,0.003013627603650093
1583,1445.4277101479854,17.501904150451786,4.375605708851263,-0.04577116628697922,0.0025309499353170397
1584,1445.4241168419132,17.503967268186873,4.375172476101804,-0.04580561480089045,0.002063117735087872
1585,1445.4381574804286,17.500818186353015,4.375074568214711,-0.045635048651745364,0.0022293522953987124
1586,1445.4342099842945,17.50273181247251,4.3748379022208095,-0.045689472774645315,0.0019136261194944383
1587,1445.448384100362,17.5049777886896,4.374460294929349,-0.045549394006138756,0.0022459762170910836
1588,1445.4479768363874,17.50689487001585,4.373993993064372,-0.04555312112521051,0.0019170813262462617
1589,1445.4652931045273,17.50008814198512,4.37416787134976,-0.0453741959040076,0.002188350819051266
1590,1445.5017765439645,17.49700425096875,4.374562467117637,-0.04501335075537781,0.0018771888688206674
1591,1445.5406146625378,17.498560179929193,4.374758885132649,-0.0446259793654599,0.001555928960442543
1592,1445.57869946564,17.500109965513403,4.374793299427017,-0.04421361968122255,0.0015497855842113496
1593,1445.6198221989991,17.501710926155504,4.374690688644726,-0.043806895515797355,0.0016009606420993806
1594,1445.6779753734609,17.50329437383538,4.3744771484588485,-0.04322199756161353,0.0015834476798772812
1595,1445.7241471067682,17.504613673473653,4.374194232339989,-0.042784943736478454,0.001319299638271332
1596,1445.7838942925441,17.50620283947414,4.373832374476964,-0.04218804371078022,0.0015891660004854202
1597,1445.8126934360125,17.491522808155022,4.374735303188682,-0.04189285739942534,0.001391248404979706
1598,1445.833326732886,17.48699005916407,4.375846120979832,-0.04172897660958597,0.0020136877894401553
1599,1445.8485103762189,17.48612247347943,4.3768278906707225,-0.04153286621864708,0.002193387597799301
1600,1445.8613147302306,17.488436386139313,4.377443848874687,-0.04139890520390282,0.0023139126598834994
1601,1445.8256000474353,17.490807804987945,4.377755142253629,-0.04174975014452229,0.0023714188486337663
1602,1445.7729436966074,17.494053228722134,4.377745186796803,-0.042357963522481445,0.00324542373418808
1603,1445.7372762699079,17.497561591641226,4.377450319904457,-0.04265353121941189,0.0035083629190921783
1604,1445.7209065357438,17.500713523999966,4.376950953140378,-0.04282657769859725,0.0031519323587417603
1605,1445.7250837169922,17.50348412297777,4.376315059045367,-0.04278729616817145,0.002770598977804184
1606,1445.7495438293852,17.505869789385414,4.375598669228625,-0.0425430549631642,0.002385666407644749
1607,1445.7917866739408,17.50789530608914,4.374845704353867,-0.042118148230983934,0.002025516703724861
1608,1445.8521158510298,17.50962524931989,4.37408690219575,-0.041508398836999735,0.0017299432307481767
1609,1445.8322364672367,17.511071917751053,4.373346462681899,-0.04170596280759128,0.0014466684311628343
1610,1445.8004506622303,17.514003105797986,4.3724997655933455,-0.04214394533927361,0.0029311880469322206
1611,1445.7812633646513,17.517121963539342,4.371550600926108,-0.04220613332292942,0.003118857741355896
1612,1445.7727592201984,17.49473023862168,4.3726021376592445,-0.0422983689363241,0.002859246358275414
1613,1445.7659816872763,17.497397516300527,4.3732464278485015,-0.04235937999518,0.002667277678847313
1614,1445.7628221199122,17.48917053929155,4.3744470543648655,-0.04237569901699089,0.0026280755177140237
1615,1445.7617768677796,17.487404621518376,4.375575878908708,-0.042388508920644205,0.0025652995333075527
1616,1445.7651650389519,17.489933170504095,4.376294882011546,-0.04235202466524016,0.002528548985719681
1617,1445.7739275068266,17.48961468410813,4.376910491264152,-0.04226869191207242,0.0024488791823387146
1618,1445.789043025677,17.4919730949881,4.377222561514176,-0.04211861657346617,0.002358410879969597
1619,1445.8091913518144,17.490681860808127,4.377583978776384,-0.041918590664283786,0.0022533690556883813
1620,1445.8320067805623,17.490058257636772,4.377931301782557,-0.04168721256645995,0.0021805653348565103
1621,1445.8580973460562,17.492212658208953,4.378040049032862,-0.04142164301570574,0.002154400572180748
1622,1445.8994271138447,17.4943303467903,4.3779561642672435,-0.04100940006063638,0.0021176885813474658
1623,1445.9583583633314,17.496201072466718,4.37773450305716,-0.040441112657179014,0.001870725676417351
1624,1445.8838155761807,17.497797592562783,4.37742227324264,-0.04118926479622815,0.001596520096063614
1625,1445.8396390078071,17.501821507719505,4.376837410448127,-0.041846349427994485,0.004023915156722069
1626,1445.7619687414945,17.50522997399901,4.376079283092265,-0.04244185747277698,0.0034084662795066836
1627,1445.684621355582,17.49661119694173,4.376161945121579,-0.04320832339029721,0.003953835740685463
1628,1445.6311848678968,17.5004882395482,4.375912896063816,-0.04369583063445361,0.0038770426064729693
1629,1445.5870569795218,17.503862112781995,4.375432962915784,-0.044179747142050016,0.0033738732337951663
1630,1445.5633163076318,17.498417601383046,4.375484343205921,-0.0443889798629516,0.0031524438410997393
1631,1445.535570382423,17.501167828424588,4.375301726489997,-0.044684517855725976,0.0027502270415425303
1632,1445.511583942119,17.503963447569625,4.374923522786408,-0.04488869978916,0.002795619145035744
1633,1445.5102713202673,17.506661984904426,4.374392871278465,-0.04490699497835066,0.002698537334799767
1634,1445.5231276519237,17.49914873244797,4.374571720032693,-0.04481173341012209,0.002268438041210175
1635,1445.5450109910132,17.501168913232135,4.374553286837478,-0.04457471581557229,0.0020201807841658593
1636,1445.5762422274756,17.503039805801556,4.374385282276629,-0.044252506546718,0.001870892569422722
1637,1445.6249713461527,17.495779040926223,4.3748408682423445,-0.04376492182569791,0.0017245396971702577
1638,1445.6841433531813,17.49722864898396,4.375095986763753,-0.04318605963213031,0.0014496080577373505
1639,1445.67847821564,17.49157082664143,4.37576754119314,-0.043229008886910385,0.0013116976246237756
1640,1445.688629912539,17.494101216293085,4.376111432382904,-0.04323557007731324,0.002530389651656151
1641,1445.7147424498721,17.496343879236985,4.376210152742734,-0.04288134817205446,0.0022426629438996315
1642,1445.7064339193216,17.49831133989911,4.376130322552487,-0.04296318103496105,0.0019674606621265414
1643,1445.718512678954,17.50091574585359,4.375852029741884,-0.04287856773969451,0.0026044059544801713
1644,1445.7520162552585,17.503146905101048,4.375441499303487,-0.04251716211811754,0.002231159247457981
1645,1445.8060803265814,17.505006182029057,4.374952924233445,-0.04197638496613081,0.0018592769280076028
1646,1445.8069939393974,17.491929744645304,4.375620899139011,-0.041963599822991,0.0015238847583532334
1647,1445.8121784092007,17.494463658421584,4.375961567127777,-0.041979218809785834,0.002533913776278496
1648,1445.8250776630402,17.496921778186508,4.376040037331376,-0.04175680277073297,0.0024581197649240494
1649,1445.7945511512419,17.499246448739715,4.375914410820719,-0.042067833408752905,0.0023246705532073975
1650,1445.7797616638138,17.5023538717025,4.375557458477461,-0.042280658602819585,0.003107422962784767
1651,1445.7304595729547,17.493380906178604,4.375998028298603,-0.042726666906637546,0.0027947966009378433
1652,1445.6969664601531,17.496780438466917,4.376081485773337,-0.04309080896720616,0.003399532288312912
1653,1445.6761781939024,17.4939447811517,4.376381650818419,-0.04327134554023132,0.003068257495760918
1654,1445.6668768921904,17.49675674836068,4.376397992195068,-0.043356860106773636,0.0028119672089815142
1655,1445.6716936800233,17.494454260077905,4.37659955146639,-0.043305717137106965,0.002585427835583687
1656,1445.68831449415,17.49678133195324,4.37657466175522,-0.043142690654524356,0.002327071875333786
1657,1445.7122936246788,17.493721010941503,4.3768043416251405,-0.04289774574538569,0.0021202519536018373
1658,1445.6519357384213,17.49217181699683,4.377119279247634,-0.04349183681511022,0.0020083099603652953
1659,1445.6095547240247,17.494769386361515,4.377165254729597,-0.04405685118211295,0.0035322941839694977
1660,1445.5861767696306,17.49635267383748,4.37707356837227,-0.04417624427183,0.0031521745026111604
1661,1445.582316311463,17.499124121436417,4.376771902861478,-0.04421490957573724,0.0027714475989341738
1662,1445.6036300736719,17.5015228384673,4.376328513986864,-0.04400097232008648,0.0023987170308828356
1663,1445.5779082941224,17.50346702351564,4.37580605630753,-0.044266370257030306,0.0019441850483417511
1664,1445.584590517332,17.506266502806483,4.375148867562829,-0.04423962425093123,0.00279947929084301
1665,1445.5852611502041,17.508460762122212,4.374430657920892,-0.04420791049547006,0.0021942593157291412
1666,1445.6149392819282,17.510765417063176,4.373653389612729,-0.04386164674324164,0.0023046549409627914
1667,1445.6411230235935,17.512550890216172,4.372870120733972,-0.043640687942861404,0.0017854731529951097
1668,1445.69175245259,17.514424999946296,4.372074688006245,-0.04309133913181313,0.0018741097301244736
1669,1445.7325109950407,17.515886419968247,4.371303005925316,-0.04271615902041048,0.0014614200219511986
1670,1445.7730798133744,17.517571226277887,4.370532544247331,-0.042291540495025405,0.0016848063096404076
1671,1445.8381030671462,17.519296937578858,4.369759740543866,-0.04162305982767066,0.001725711300969124
1672,1445.9190859469336,17.520624167242588,4.369017580298906,-0.04084898869438803,0.0013272296637296677
1673,1445.9935485958135,17.48859772174721,4.3710262100239206,-0.04008676726835347,0.0011046973988413811
1674,1446.0367904001332,17.477154795523372,4.373608402329445,-0.03965433275937357,0.0013270650058984758
1675,1446.0516977221123,17.479126093234505,4.375564705571021,-0.03954744604940061,0.001971297711133957
1676,1446.055443124294,17.48164831053057,4.376962758631679,-0.03950066071555284,0.0025222172960639
1677,1446.0537482925245,17.48438569798657,4.377885462838514,-0.03948403409074899,0.0027373874559998516
1678,1446.0547714922832,17.487224064465252,4.378410128979481,-0.03946238297943637,0.0028383664786815646
1679,1446.0566389909793,17.48484644649204,4.379034654155845,-0.03943865545574909,0.0027879128232598306
1680,1446.06008040848,17.48454967853762,4.379571016677699,-0.039400285264589455,0.0027770193293690684
1681,1446.064347991258,17.48491402181785,4.379981059812758,-0.03935897676735977,0.0027524525299668316
1682,1446.0745276669734,17.487656012428808,4.38009321971078,-0.03925576952216716,0.0027419906109571457
1683,1446.094601600702,17.490295695392298,4.379969475935381,-0.03906421475772732,0.002639682963490486
1684,1446.1246323056191,17.492767561850954,4.379666005112552,-0.03877045859429245,0.002471866458654404
1685,1445.9611549272777,17.4863266699653,4.379943508722729,-0.040404403128086415,0.0023123424500226977
1686,1445.744375423314,17.491147997086152,4.379777062830757,-0.0429016308787277,0.005766193568706513
1687,1445.5664712301748,17.497681783740624,4.379106636153937,-0.04441204700682874,0.006533786654472351
1688,1445.4338418327843,17.503319300194487,4.378096188434334,-0.045751208692217916,0.00563751645386219
1689,1445.346189848076,17.505960296298046,4.377051799102678,-0.04663574607182909,0.004661070927977562
1690,1445.2991198887858,17.506818968161497,4.376125229186038,-0.04710177985039081,0.0037312835454940798
1691,1445.2580733459768,17.509740888431224,4.375126662529952,-0.047500202867809094,0.002921920269727707
1692,1445.2313036591165,17.507127370924856,4.374521414522581,-0.04770277240464793,0.0027638303115963938
1693,1445.21994938914,17.509596791544165,4.3738233101035275,-0.04782994707782791,0.0024694206193089487
1694,1445.237843449593,17.511762025260534,4.373073921580602,-0.04765198419436501,0.0021652337163686752
1695,1445.282076902276,17.513391853549685,4.372326233424014,-0.04723277151996171,0.0016298282891511918
1696,1445.3396103406137,17.503361929231517,4.3725327745508915,-0.04664935262333756,0.0011752679944038392
1697,1445.3516091273023,17.504351012991002,4.372621310350106,-0.04650252715046918,0.0009890837594866753
1698,1445.391402906875,17.50620847309493,4.372542118065769,-0.04617280856569323,0.001857460103929043
1699,1445.4687200751728,17.507581263804067,4.372364995935862,-0.04536126618775142,0.0013727907091379166
1700,1445.5758045481152,17.508323294413465,4.372159117047938,-0.04430503052882159,0.0007420306093990803
1701,1445.69226461021,17.508610368706474,4.371966836648617,-0.0431228495295386,0.0002870742930099368
1702,1445.7918207690311,17.49125950732859,4.373227079112973,-0.04208791837728995,0.0002258136169984937
1703,1445.8820128499833,17.491917103022654,4.374206739213626,-0.04122304970787354,0.000657595694065094
1704,1445.9276698711485,17.48388774537905,4.375666219602797,-0.04075012587460833,0.0009258415549993515
1705,1445.9641262476787,17.48570602287962,4.376714403884571,-0.04044798111777027,0.0018182775005698205
1706,1445.9965703700234,17.48773506594314,4.377408101596474,-0.04005537285606124,0.002029043063521385
1707,1446.0229613148088,17.48450756594221,4.3782406850203115,-0.03978120125789019,0.002137187123298645
1708,1445.9772734054516,17.48678889833073,4.3787369729450685,-0.040241680472006464,0.002281332388520241
1709,1445.9348887514152,17.487524734444342,4.379083796516165,-0.04078171475621275,0.0035873550921678545
1710,1445.9034676172848,17.489006884653254,4.379247070529391,-0.04097565927255573,0.003484000638127327
1711,1445.8833144520402,17.49225396055369,4.379115604177652,-0.04119054795336752,0.003247075900435448
1712,1445.8737931317983,17.49526750471084,4.378761534940705,-0.04128542185634615,0.003013544157147408
1713,1445.8743309824508,17.49806940469532,4.378242226899676,-0.04127785459275855,0.0028018999844789507
1714,1445.781684739177,17.500679975632714,4.377603058449028,-0.04220228551293757,0.002610570937395096
1715,1445.7140596719346,17.504939496401832,4.376730852282246,-0.0430242982638265,0.004259520769119263
1716,1445.6206444373954,17.508660089481758,4.375711596358992,-0.04384744839496534,0.0037205930799245838
1717,1445.5645989432426,17.512765174243736,4.374540338975176,-0.04439245973577954,0.004105084761977196
1718,1445.5454247549544,17.516110669333624,4.3733065140617,-0.04462171141766476,0.0033454950898885727
1719,1445.5143334511663,17.501110211528527,4.373520615044483,-0.04492821494117834,0.002630000561475754
1720,1445.4987825300877,17.503943039990652,4.37346467910844,-0.04503245748918743,0.002832828462123871
1721,1445.4918940818507,17.506466850965907,4.373212565807987,-0.04511196093018043,0.0025238109752535823
1722,1445.4912847562973,17.498281389945653,4.373674748776191,-0.04510432840948852,0.002352051250636578
1723,1445.5010100585796,17.495578365432998,4.374274629973292,-0.045001117623023675,0.0022398691624403
1724,1445.5183614353243,17.49480846811959,4.374829448563366,-0.044834516150351646,0.0020585641264915465
1725,1445.544310560697,17.496742821009246,4.375126324489084,-0.044569315516712324,0.0019343528896570207
1726,1445.5806030275944,17.4985408292053,4.375222829518392,-0.044207604193416045,0.0017980081960558892
1727,1445.6388888127235,17.500179492392924,4.375168052086732,-0.04362704637360821,0.0016386631876230242
1728,1445.7094785011516,17.49372876547627,4.375650287996399,-0.04294091831971627,0.0012816298753023148
1729,1445.7920328762377,17.494854396398885,4.37595373488333,-0.04209527113289141,0.001125630922615528
1730,1445.883468860632,17.495837018456086,4.376122261456099,-0.041179612280220684,0.0009826220571994783
1731,1445.8760794321104,17.496743259954975,4.376186395190481,-0.04124684373472746,0.0009062414988875389
1732,1445.8875128711547,17.499499974403307,4.3760137061479565,-0.04130991858339712,0.0027567144483327866
1733,1445.9174277069897,17.50191250294797,4.375674949300416,-0.04086014152047028,0.002412528544664383
1734,1445.89085826445,17.489667013618316,4.376397870073452,-0.041123407764398504,0.002092624455690384
1735,1445.8382009074762,17.487421593761752,4.37717416081802,-0.04172233440659966,0.003136059269309044
1736,1445.7757590019332,17.489119392429764,4.377671975121416,-0.04228637906051972,0.003575750067830086
1737,1445.7261730524087,17.492816531454498,4.3777780526490995,-0.042750408371603044,0.0036971390247344973
1738,1445.6929599059254,17.49622198546427,4.377586742520122,-0.04309956944224268,0.0034054540097713474
1739,1445.6777687810104,17.49928518252569,4.377179543750501,-0.04325653788473119,0.0030631970614194873
1740,1445.6338679785326,17.501992336643212,4.376624412124927,-0.04369692450906314,0.002707154117524624
1741,1445.6113123755622,17.50519112495827,4.37590779921085,-0.043936039664131385,0.0031987883150577548
1742,1445.6093500084753,17.5079635163595,4.375093616795999,-0.04394913960662962,0.002772391401231289
1743,1445.6267873342326,17.510343562607936,4.374231489836398,-0.04377136117295322,0.0023800462484359743
1744,1445.6732809624066,17.512372713704877,4.373358723501884,-0.043302279891083796,0.0020291510969400405
1745,1445.7289727500242,17.495891365405154,4.373989910890636,-0.04276064496247727,0.001525426469743252
1746,1445.692181345218,17.489092885221083,4.375063056350054,-0.043088742623542654,0.0014198657125234606
1747,1445.6323079427436,17.492220528687078,4.375687444602736,-0.043847698347910864,0.0031276434659957887
1748,1445.5816519381792,17.495720682928997,4.3759134103652855,-0.04422073169580017,0.0035001542419195175
1749,1445.556872078858,17.49899645176037,4.375831006461676,-0.044453717752473955,0.003275768831372261
1750,1445.55800270999,17.501760288218694,4.375537574545342,-0.044471166137404906,0.0027638364583253863
1751,1445.5833771409161,17.504036283011274,4.375110966079499,-0.044215012757413207,0.002275994792580605
1752,1445.6228376133859,17.49690587860003,4.375343843785995,-0.04381492380935015,0.0018429953604936601
1753,1445.6714134022473,17.493369003441266,4.375823836943296,-0.0433079214842337,0.001622440293431282
1754,1445.7263569786442,17.494871750902465,4.376094626809753,-0.04274839949678153,0.0015027474611997605
1755,1445.7877709655763,17.496309088599016,4.376199215263686,-0.042128831320701464,0.0014373376965522767
1756,1445.8491381565582,17.49021445424717,4.376783031315144,-0.04151474746828171,0.001376047357916832
1757,1445.7964183044858,17.487403481539364,4.377491473167021,-0.04204254993306904,0.0014433771371841432
1758,1445.7006918810523,17.49093985528874,4.377783403022762,-0.04320238085069604,0.0035363737493753437
1759,1445.6310120218009,17.49481192730753,4.3777063597790935,-0.043760609931737235,0.0042436752468347555
1760,1445.592493187183,17.49849767923741,4.377341984671576,-0.044130860459865744,0.0036857519298791885
1761,1445.5846994269737,17.501558634419126,4.376793055825961,-0.04421548540507956,0.0030609551817178727
1762,1445.6040607578427,17.504032086175066,4.376140803695061,-0.04401814276415053,0.0024734517559409142
1763,1445.6463607474248,17.506011331420524,4.375444213026265,-0.043585813176800915,0.0019792452454566955
1764,1445.654073790039,17.5075982156807,4.37474332849611,-0.04349849819813698,0.0015868842601776123
1765,1445.65219732799,17.50984029226391,4.373985380683004,-0.04354354595240238,0.0022420765832066535
1766,1445.672457905071,17.512257291529462,4.3731663462962755,-0.04329291321752407,0.0024169992655515673
1767,1445.7130528016673,17.51427486591427,4.372329861920432,-0.042909414471400856,0.0020175743848085403
1768,1445.7274361930743,17.515947023186968,4.371507296039915,-0.042760179780468664,0.0016721572726964952
1769,1445.7376361377655,17.518123163435742,4.370654957836761,-0.04267403691995241,0.0021761402487754824
1770,1445.7822003198173,17.520384500701116,4.369771244028849,-0.042186516503486475,0.0022613372653722762
1771,1445.860018148523,17.52204040564983,4.368911278153952,-0.04146036174643541,0.0016559049487113954
1772,1445.9662218839999,17.523144704442608,4.368115862839191,-0.04039294177559441,0.0011042987927794457
1773,1446.0932790605457,17.523817528937148,4.367408639063393,-0.039110356824367046,0.0006728244945406914
1774,1446.234339299974,17.524221915718304,4.366795669079482,-0.03768345077159893,0.0004043867811560631
1775,1446.3837458730804,17.524501228974337,4.366270208213392,-0.0361750486217079,0.0002793132560327649
1776,1446.537143497528,17.524770631188662,4.365817314754244,-0.03462955612889118,0.00026940221432596444
1777,1446.697075143244,17.525116324926863,4.365417692025456,-0.03303687771994646,0.00034569373819977046
1778,1446.8632519871583,17.525497003983844,4.365058892295314,-0.031370978660295354,0.00038067905697971585
1779,1446.981400323272,17.464772919450628,4.369727048704653,-0.03019066948970476,0.00042740628123283386
1780,1447.0321115951674,17.46627292398058,4.373432356590122,-0.029786143873197942,0.001500004529953003
1781,1447.0394934353894,17.469099241752847,4.376239742367857,-0.02973769697033731,0.002826317772269249
1782,1447.021682394626,17.4727499230548,4.3782434650296045,-0.029865612406708805,0.0036506813019514086
1783,1446.97458226379,17.459177964360713,4.380995618076718,-0.03029976426102394,0.0041065502911806105
1784,1446.9018635083987,17.46379958483696,4.382874704750033,-0.031032871934519334,0.00462162047624588
1785,1446.8163509412352,17.46882784496367,4.384004646404596,-0.03187715455269426,0.005028260126709938
1786,1446.7249375559545,17.469565962992725,4.3848708795560025,-0.03276594238712733,0.005181439593434334
1787,1446.6350228037907,17.47476885504287,4.385156010401818,-0.03365191720776465,0.005202892050147057
1788,1446.5523494274544,17.476920056606374,4.385214021503618,-0.03448837364353039,0.0050842128694057465
1789,1446.482330178884,17.48178726125761,4.384863842642995,-0.03519839903297679,0.004867204651236534
1790,1446.4262138866936,17.482127823408263,4.384548865238332,-0.03576869390800084,0.004558876901865005
1791,1446.02048430548,17.48283152269889,4.384233077460479,-0.03982670166036542,0.004243429750204086
1792,1445.6729446389982,17.493057073529254,4.383138499468782,-0.04386876571803441,0.010225550830364229
1793,1445.4003824420588,17.50661027335655,4.381133378025703,-0.04613367574630502,0.008850549161434174
1794,1445.208945878695,17.513790109370134,4.37890244224335,-0.04807398221541916,0.007216139137744904
1795,1444.9911734415289,17.51931724323728,4.376621397522196,-0.05025716611177131,0.005527133867144585
1796,1444.8582126941242,17.525109133858464,4.3742776275492865,-0.0514443487341623,0.005791890621185303
1797,1444.798549844151,17.522098545411602,4.372601761459379,-0.05218607572639712,0.004076148942112923
1798,1444.7704169258402,17.519012662847455,4.371479729588796,-0.052439175013525983,0.002642706222832203
1799,1444.793668025806,17.521034351442868,4.370394451062902,-0.052125421504681524,0.0020216885954141618
1800,1444.838216800226,17.51475451024094,4.37001771129469,-0.051712584234940094,0.0010741662234067916
1801,1444.9137697688827,17.51547510785827,4.369649897447467,-0.05089765917178056,0.000720597617328167
1802,1444.984068394225,17.508347960490536,4.369930720575637,-0.05021031602000903,0.0002105979947373271
1803,1445.0485145155212,17.50873277555107,4.370129548453988,-0.04953227655136743,0.0003848150605335832
1804,1445.16086160604,17.503711310001336,4.370702941478961,-0.048408850463749785,0.0005594803020358086
1805,1445.3351081811409,17.503485239781686,4.371191598217789,-0.04672747324075999,-0.00022607021965086462
1806,1445.528315183014,17.502268905584014,4.371691695574261,-0.044815874567661916,-0.0012163341976702215
1807,1445.7200763602093,17.490563216412877,4.373058364325633,-0.042815479976773076,-0.0013787699863314629
1808,1445.903351560453,17.48358543843793,4.374749256717871,-0.04098936058362824,-0.0011500081047415734
1809,1446.027080264319,17.4827861944476,4.3762011026983965,-0.039764273768250855,-0.0007992439903318883
1810,1446.100654894784,17.483235786695204,4.377354875723953,-0.03911833467595443,0.0004495922476053238
1811,1446.164041181445,17.484705670762978,4.378180850678891,-0.03846161736756585,0.001469884067773819
1812,1446.1739186303905,17.486431491773747,4.37871711604894,-0.03828640739039429,0.0017258210107684137
1813,1446.1757681539914,17.48214714246694,4.379506970677733,-0.03834386843938546,0.0027413208037614825
1814,1446.1260828844804,17.485045623955166,4.379917787566125,-0.03875488722364253,0.0028984814882278445
1815,1446.0771439266864,17.485094225219694,4.380250685719269,-0.039320051068898465,0.003813384845852852
1816,1445.999093180506,17.486482299041842,4.380410228812101,-0.040015221592202575,0.003751850873231888
1817,1445.9278522154332,17.4907001990051,4.380196367363226,-0.04076808275467102,0.0042178999632596975
1818,1445.8622256635845,17.494717454460357,4.379692710859345,-0.04139780781495574,0.004017255455255509
1819,1445.7400511362118,17.494306405289116,4.3793133034644365,-0.04261684293998996,0.0038437124341726306
1820,1445.596904911725,17.499083167715014,4.378611832375167,-0.04412425588192263,0.004776762425899506
1821,1445.4761807828888,17.504104137821137,4.377626312404893,-0.045262612939134216,0.0050209701061248785
1822,1445.3869694603961,17.508583585200846,4.376452125589399,-0.04618445766868035,0.00447944737970829
1823,1445.334691457064,17.512381165875137,4.375178954107991,-0.04672127209990094,0.0037975806742906572
1824,1445.311222544914,17.506793697456885,4.374591561412376,-0.04696264200801124,0.0030489061027765274
1825,1445.2706554246986,17.50398945893801,4.374339061773734,-0.04734961432040336,0.0024872204288840295
1826,1445.2544376360215,17.50382148335515,4.374145739034678,-0.047483800599388816,0.0027689900249242786
1827,1445.244676503056,17.506116866421088,4.373799635684505,-0.047600595665337544,0.00229538306593895
1828,1445.247309822162,17.504005580108405,4.373688365254835,-0.047540236864786034,0.002162032201886177
1829,1445.275352662239,17.502797209436146,4.373695871553843,-0.04726940209236318,0.0019327450543642046
1830,1445.3233667020731,17.501284168472374,4.373825672426588,-0.046811256590253834,0.0014835089445114137
1831,1445.3637351328748,17.502440901098634,4.373837580952022,-0.04639532630307713,0.0011567326262593269
1832,1445.4260012856935,17.49922467114702,4.374110176254523,-0.0457583262442904,0.001340123638510704
1833,1445.5093627329861,17.500217319264262,4.374252585198433,-0.04494112022226545,0.0009926481172442437
1834,1445.6054839002986,17.495036743518085,4.374792717182417,-0.043976608873258556,0.0006781693547964097
1835,1445.7081405006086,17.495575013693543,4.375191637970546,-0.042932584911848155,0.0005382701754570008
1836,1445.7631174606151,17.496093118127558,4.375476413522463,-0.04237084196799287,0.0005181044340133667
1837,1445.7936334116405,17.497564068000887,4.375589723451387,-0.04215895042752663,0.001470949873328209
1838,1445.812849941413,17.49045085424457,4.376263929421271,-0.04192048336629568,0.0019607776775956154
1839,1445.835965738171,17.492649366351706,4.376637115907181,-0.04166411606124484,0.0021985121071338653
1840,1445.8408454911464,17.4947971262214,4.376767613889076,-0.04159662031227981,0.00214775986969471
1841,1445.8382990220528,17.49729127364133,4.376670800507073,-0.04165164853449596,0.0024941474199295047
1842,1445.8306088651864,17.499920475128036,4.376376555188337,-0.04170741675481395,0.002629201486706734
1843,1445.8370194156928,17.502636158856493,4.375913348352683,-0.04163845406724704,0.0027156837284564974
1844,1445.8325803252446,17.505090608092885,4.3753329411558495,-0.04170032019676001,0.002454449236392975
1845,1445.8450941265692,17.5077413056222,4.37464039225235,-0.04156868356360064,0.0026506975293159487
1846,1445.8232507475996,17.49259343274712,4.375310386322832,-0.04179842571414156,0.0023413656279444696
1847,1445.7992551631269,17.495569252752063,4.375616597449824,-0.04207089380643084,0.0029758200049400333
1848,1445.771927780758,17.49068059526295,4.376267191663967,-0.042282265729202205,0.00299125537276268
1849,1445.745957147829,17.490307859671724,4.376831138872079,-0.04254443980254564,0.0030313681811094287
1850,1445.674371252414,17.49328969825567,4.3770498997336516,-0.04326124043557684,0.0029818385839462283
1851,1445.6221477151291,17.49705328491093,4.376921723338673,-0.04385669765583998,0.0037635866552591327
1852,1445.5919722493843,17.500400228021157,4.3765431065038225,-0.04412194186066017,0.003346943110227585
1853,1445.582758294826,17.497948456653674,4.376432999455396,-0.04421703295374755,0.0029007840901613237
1854,1445.593648499848,17.50044803200783,4.376138446377745,-0.04410363587511938,0.0024995753541588784
1855,1445.625748259104,17.50257843016209,4.375722816716904,-0.04377943512894945,0.002130398154258728
1856,1445.6701382581623,17.496006957330064,4.375919021154849,-0.043335542719332806,0.0017611451447010042
1857,1445.7205702296724,17.492572636151,4.376360561520716,-0.042812532086591096,0.0015788013115525246
1858,1445.6714854854692,17.494091250741167,4.376598523436419,-0.04329116381744598,0.0015186145901679993
1859,1445.6437347039423,17.4974293637958,4.376520861608471,-0.04374460280702351,0.0033381130546331407
1860,1445.589127742276,17.49567212997616,4.376600780057294,-0.04415168385430661,0.002908500283956528
1861,1445.5388066985781,17.49903105697275,4.376391821671168,-0.044656975685481944,0.0033589269965887073
1862,1445.5163875238748,17.502257198231824,4.375956835530853,-0.044849403335003896,0.0032261412590742114
1863,1445.5268614072402,17.504934795709858,4.37538133362989,-0.04478624030570245,0.0026775974780321125
1864,1445.566369054224,17.50700184194983,4.37474050305237,-0.044397364581566304,0.0020670462399721146
1865,1445.5894324133512,17.49771591967875,4.374973867546795,-0.04415664072487061,0.0015573976561427116
1866,1445.619004003037,17.494280114770504,4.375446000409326,-0.04384383561756295,0.001896154135465622
1867,1445.6531978821329,17.49608668051717,4.3756855168037845,-0.04347698001755134,0.001806565746665001
1868,1445.6433311351082,17.497839787602995,4.375738656336186,-0.04357203451500254,0.0017531070858240129
1869,1445.610539293696,17.494651029030305,4.3760428161033165,-0.043976326390757096,0.0025703003630042076
1870,1445.5854377540177,17.494888174801897,4.376272847559909,-0.04418565791251695,0.002970654889941216
1871,1445.5813520375416,17.49769013066573,4.376232497521121,-0.04420334952719486,0.0028019558638334276
1872,1445.5666509251164,17.496316366301468,4.376311674513163,-0.04437353300018458,0.002401533350348473
1873,1445.5720878056563,17.496388547884386,4.376370700967682,-0.04429770104648923,0.002587324380874634
1874,1445.597160725242,17.49860316647039,4.3762381240295385,-0.044065663327066885,0.0022146185860037805
1875,1445.6354827041491,17.495802491967716,4.37635828206062,-0.0436797652591622,0.001868695579469204
1876,1445.6792367224805,17.49381024719176,4.376619617889197,-0.04322853048030311,0.001659718528389931
1877,1445.6615397251253,17.49541324258742,4.376702916484898,-0.04339027506202001,0.0016029953956604006
1878,1445.6261084265202,17.498152565145467,4.376547363893929,-0.043852548451036456,0.0027393225580453874
1879,1445.609344729077,17.50118719221053,4.376171821045577,-0.043936083159931055,0.003034627065062523
1880,1445.6066533427836,17.497228674483548,4.376187365978577,-0.043970431826858204,0.002664974518120289
1881,1445.5870602247928,17.499629337233554,4.376003930663707,-0.044155828928883235,0.002400662750005722
1882,1445.575538868185,17.502325853970895,4.375633154357738,-0.044274196716883124,0.002696516737341881
1883,1445.589177731299,17.504856768515953,4.3751222914502215,-0.04412478290623767,0.0025309145450592044
1884,1445.5946368601774,17.497328569532883,4.375318588286954,-0.044099832150484415,0.0020689070224761963
1885,1445.5950099672948,17.494729878601973,4.375691916715949,-0.044066344279970054,0.002233346551656723
1886,1445.6026318630106,17.494238630975868,4.3760381907837305,-0.043983533756904766,0.002331870421767235
1887,1445.5897484700556,17.496443079333094,4.376141987999558,-0.044115257505898176,0.0022044483572244643
1888,1445.564091668594,17.495735441905353,4.376284929847132,-0.044396201491920244,0.0025756301358342173
1889,1445.550468706412,17.498526119639074,4.376174087977743,-0.044516817695669036,0.0027906777337193493
1890,1445.55804752688,17.501075379376207,4.375874872139126,-0.044443666530858086,0.00254925973713398
1891,1445.5891116270889,17.503231550578867,4.375453312840778,-0.044148192582558754,0.002156171202659607
1892,1445.6015247754538,17.50497462601671,4.374965190091353,-0.04402606182194404,0.0017430754378437996
1893,1445.635941347867,17.50707837530682,4.374393011044836,-0.04367665390655703,0.002103749290108681
1894,1445.693064934286,17.50879984443346,4.3737831457696625,-0.04310757867348684,0.0017214691266417505
1895,1445.7701306917018,17.510148275655602,4.373172862444547,-0.04233599687343258,0.001348431222140789
1896,1445.8054273357493,17.5111956279845,4.372586840485635,-0.04197583453183142,0.0010473523288965225
1897,1445.8322466213385,17.51306194701502,4.371953786888153,-0.041759430456777415,0.0018663190305233002
1898,1445.8452364134678,17.491699161937028,4.373180449734791,-0.04156596205841652,0.002049580961465836
1899,1445.854216231467,17.494038239677934,4.373995163836048,-0.04148678736327383,0.002339077740907669
1900,1445.8483374099255,17.49646213333824,4.374465148809158,-0.04152510749268458,0.0024238936603069305
1901,1445.8459652778486,17.488401099330996,4.3755092841861805,-0.04156762320103326,0.0026966534554958344
1902,1445.8420412135706,17.486421465737426,4.376527250852606,-0.041585627398058024,0.0026362581178545953
1903,1445.8386263534292,17.489086794903184,4.377144172819649,-0.04161664357049858,0.0026653291657567028
1904,1445.8390638715673,17.49173904233953,4.377433307172126,-0.04161066945726816,0.0026522474363446236
1905,1445.8498716128968,17.494318456066456,4.377459607651392,-0.041508567241974104,0.0025794137269258503
1906,1445.8715396343894,17.49671230377039,4.3772855488100255,-0.041303160258405566,0.002393847703933716
1907,1445.9036585795552,17.498921691303757,4.376962269410878,-0.040981860221504574,0.0022093875333666804
1908,1445.9455505256926,17.500964361665453,4.3765302532816195,-0.040561166460240654,0.002042670361697674
1909,1446.002668747263,17.502862552044597,4.376020879937843,-0.03998776052562562,0.0018981903791427614
1910,1445.9367991911156,17.50452868291518,4.375467037581203,-0.040655214039700245,0.0016661308705806733
1911,1445.9019935096264,17.508433777702656,4.374693762502725,-0.04120396129542542,0.003905094787478447
1912,1445.8827764824264,17.492613133252995,4.375352540002799,-0.041234229147203226,0.003285155072808266
1913,1445.810332650626,17.495598849491614,4.375648744821841,-0.0419266173771598,0.0029857162386178974
1914,1445.731534592249,17.499507889361517,4.375572186035286,-0.04277698644063775,0.003909039869904519
1915,1445.679965920237,17.50345507173373,4.375186844086854,-0.043204155047860696,0.00394718237221241
1916,1445.6571546211042,17.506838575960533,4.374594363723726,-0.04348482160349931,0.0033835042268037796
1917,1445.651939250339,17.49676912171913,4.374931405626568,-0.043537126706949036,0.0028183121234178544
1918,1445.6534186292554,17.493101119216874,4.375507529151383,-0.0434986291005066,0.0024901581928133965
1919,1445.6587012328291,17.492180467785108,4.376055186076735,-0.04342503380767084,0.0023696968331933022
1920,1445.669562750327,17.494485945642698,4.3763158611050015,-0.043310794394290045,0.0023054778575897217
1921,1445.6887556958375,17.49669659251045,4.376348960566147,-0.04312192614060905,0.002210646867752075
1922,1445.7173656357288,17.498768419229197,4.3762067924448305,-0.04284022565761234,0.002071826718747616
1923,1445.770266448615,17.50068998114835,4.3759331845453175,-0.042312361993808736,0.0019215619191527368
1924,1445.7298636246696,17.502205346726587,4.375584990392664,-0.04274198338739552,0.0015153655782341958
1925,1445.7097664476632,17.494902535980245,4.375896256881679,-0.043073362502009334,0.00322563536465168
1926,1445.7124655706846,17.497733034645815,4.375920187051721,-0.04291485796306233,0.002830498665571213
1927,1445.7341492610285,17.4931275989542,4.376316165995874,-0.042701202289899806,0.0024035496637225154
1928,1445.7699208715162,17.495199931381105,4.376471517724153,-0.04233391300851963,0.002072332426905632
1929,1445.7369649318707,17.490945323836275,4.3769465926699045,-0.04265337286357863,0.0018421106040477754
1930,1445.6791213888405,17.491979407049424,4.377251648845243,-0.043334949847580906,0.0031037479639053345
1931,1445.6194494442584,17.495492023877507,4.377214743861829,-0.043846392443833794,0.003512616828083992
1932,1445.582209240738,17.498977451674346,4.376899652615872,-0.044180626495744946,0.003485427796840668
1933,1445.5685135805236,17.50200281953037,4.376394044732994,-0.04436087018884564,0.003025367856025696
1934,1445.5778382755352,17.50456970864505,4.375769680090581,-0.04426746511878264,0.002566889114677906
1935,1445.6086182414751,17.506710252999966,4.375082775799119,-0.04395645206122481,0.002140544354915619
1936,1445.6571316264462,17.508474924131935,4.3743753053552155,-0.043466271057832274,0.0017646711319684984
1937,1445.66953814261,17.509951335839634,4.373674527226462,-0.043333444516326834,0.0014764117076992989
1938,1445.709646123172,17.512116383105223,4.37292296149834,-0.04297240232406921,0.0021650472655892375
1939,1445.7311994943623,17.513797189756936,4.372169322081701,-0.042736429117765054,0.001680806651711464
1940,1445.775809408737,17.51584536144108,4.37138396117003,-0.0422786424158744,0.0020481716841459275
1941,1445.8040048603007,17.51750103206903,4.370604663818743,-0.04199920150261278,0.001655670627951622
1942,1445.8488218638768,17.519490411221685,4.369803067926333,-0.04154515221370275,0.0019893791526556016
1943,1445.8986743396363,17.49116613121407,4.371460419456779,-0.041040385806718406,0.0017180871218442917
1944,1445.9420297039992,17.4928613376029,4.37268091544565,-0.040581991033309346,0.0016952063888311386
1945,1445.9728044374,17.482218490813043,4.374551455596191,-0.04028869089661839,0.0018625590950250626
1946,1445.9905658434768,17.484359693799284,4.3759103194116,-0.040122205954353375,0.002141202986240387
1947,1446.001620569334,17.48676513311651,4.37682801523923,-0.04001021793975951,0.00240543931722641
1948,1446.0108854666807,17.48930828896549,4.377372699121909,-0.03990491698636788,0.00254315584897995
1949,1446.022288689676,17.491894008491304,4.377608034906056,-0.03978136947092253,0.0025857195258140566
1950,1446.0372825411127,17.486154390581035,4.378270051824684,-0.03963016145212805,0.0025558508932590485
1951,1446.0533367621783,17.488663045771503,4.378607898395793,-0.0394713519484958,0.0025086551904678345
1952,1446.077264492471,17.491166996292854,4.378680309747498,-0.03922782554220248,0.0025039505213499073
1953,1446.1098084799744,17.493545438990083,4.378545320718679,-0.038914465982668386,0.0023784426972270015
1954,1446.1465656599294,17.48558513233294,4.379085145975068,-0.038547482182939345,0.0022470548748970034
1955,1446.0060682621477,17.48779598669936,4.379347131666484,-0.039942937429370884,0.0022108543664217
1956,1445.8888092435968,17.49317844221224,4.379122105668933,-0.04142906767867771,0.0053824555128812795
1957,1445.7262023686749,17.49801040002932,4.378542716758129,-0.04279302608283161,0.004831957817077637
1958,1445.5999503224818,17.49888030793295,4.377996528977385,-0.044068223670394674,0.005509226769208908
1959,1445.5110947381975,17.503588824903225,4.377163874990364,-0.0449691235979185,0.004708516970276833
1960,1445.4565711935807,17.502619086756344,4.37656034572237,-0.04551327926869362,0.003918604925274849
1961,1445.433721496867,17.505840594499343,4.375802190109857,-0.045732494749556735,0.0032215077430009843
1962,1445.3870297472818,17.502372999040585,4.375463874408486,-0.046191760499136765,0.0026009280234575273
1963,1445.3641272879174,17.502153357217235,4.375204404663166,-0.04639895287997433,0.0030031856149435043
1964,1445.364008446503,17.504686995322032,4.37478459056608,-0.046406870285984496,0.0025336381047964098
1965,1445.3858784022682,17.506789862835927,4.374268496673233,-0.04618429303640824,0.002102867513895035
1966,1445.3675119993777,17.50849839682333,4.373705678283648,-0.046364313358872096,0.001708533987402916
1967,1445.367034902908,17.502400506692986,4.37374248678564,-0.04640319706760238,0.0024439949542284013
1968,1445.3997552722597,17.50451192877726,4.373600124344548,-0.046035704564399114,0.002111422084271908
1969,1445.4558420792732,17.499142466284624,4.373922179617749,-0.045500923994418366,0.0015179742127656938
1970,1445.5046556399757,17.49584719832016,4.374455554239831,-0.04499141350985156,0.0011382751166820527
1971,1445.5703831448054,17.49717443133665,4.37478445994783,-0.0443150643419267,0.0013272330164909364
1972,1445.6206004571,17.498248704475888,4.374966373027451,-0.04381929141672572,0.0010742731392383575
1973,1445.6839822835532,17.49966470128817,4.374999826493241,-0.043194349531772785,0.0014159968122839928
1974,1445.7216838410932,17.500895202299187,4.3749267017925675,-0.042801711169195185,0.0012305010110139848
1975,1445.757247603042,17.502645481144615,4.374723706750768,-0.04247950175302094,0.0017502788454294206
1976,1445.8091535668182,17.504469717060754,4.374408174257424,-0.04191586003888915,0.0018242359161376954
1977,1445.8748177158914,17.50603622435553,4.374021422636754,-0.04127759570322269,0.0015665072947740556
1978,1445.9367698011235,17.489656063620107,4.375042873043103,-0.04065185462193085,0.0013709809631109239
1979,1445.9433889881732,17.49117158919956,4.375756613625956,-0.04058056457990233,0.0015155255794525148
1980,1445.9536672790941,17.493734670508758,4.376132425899309,-0.04056808278203334,0.0025630813091993333
1981,1445.927784679269,17.496238579679385,4.376235972506034,-0.04072807042116665,0.002503909170627594
1982,1445.8857796010936,17.49939378619577,4.37606303724703,-0.0412073337236393,0.0031552065163850786
1983,1445.860752421806,17.50280688710894,4.375642311728022,-0.04141826522161864,0.003413100913167
1984,1445.8530143315854,17.50587392829742,4.375046678196513,-0.04150446265661458,0.00306704118847847
1985,1445.8653224442082,17.50860559873666,4.374335026592381,-0.04138031263284119,0.002731670439243317
1986,1445.880535073555,17.492171357304905,4.375094478486796,-0.04123141575628097,0.002364005520939827
1987,1445.8888654420857,17.48638217457325,4.376190321053047,-0.041114051443751125,0.002336946874856949
1988,1445.8933545340276,17.488863120123156,4.376886169087034,-0.04108085452722889,0.0024809455499053
1989,1445.8987140765628,17.491420830867597,4.377247748352868,-0.0410205357538257,0.0025577107444405556
1990,1445.7986396713522,17.488386138575418,4.377792238404969,-0.04201477641764541,0.0025459794327616692
1991,1445.711332138897,17.491750708787954,4.377963767569923,-0.04307437905772531,0.004422983899712562
1992,1445.6479165581397,17.49584775325588,4.377769611011265,-0.04355342836178124,0.004097044467926025
1993,1445.6088005419954,17.497010136229836,4.377515412696535,-0.04396321661384491,0.0035848241299390794
1994,1445.5981651702982,17.50009983761414,4.377054479681331,-0.04406786057158115,0.003089701384305954
1995,1445.6175628897656,17.502641606723806,4.376468801237222,-0.043879164329807735,0.0025417691096663478
1996,1445.6636303546388,17.504635311683558,4.375825619343742,-0.043418502868603354,0.0019937049597501754
1997,1445.732460709798,17.506170342510483,4.375172767471912,-0.04272126031530206,0.0015350308269262314
1998,1445.696920155383,17.49383257364292,4.3756456714088685,-0.04306705152780524,0.0011725000105798245
1999,1445.6258970703686,17.496939931413124,4.375779519360192,-0.0439345150722761,0.003107357770204544
2000,1445.5770452924335,17.500639528756928,4.375586943585341,-0.044288771033025115,0.0036995973438024524
2001,1445.548046058133,17.497662288670686,4.375672331509811,-0.04456615330562272,0.00323345847427845
2002,1445.5047427651857,17.5004969674845,4.375510699655211,-0.044992450314189227,0.002834678813815117
2003,1445.4901557641836,17.50355468538895,4.375128284827288,-0.045120746267227785,0.0030577179044485093
2004,1445.5088289466516,17.50605629195764,4.374610273379598,-0.04496732166705897,0.0025016065686941148
2005,1445.5418601728868,17.507948591162705,4.374030865301454,-0.04464232900749494,0.0018922992050647736
2006,1445.5904034527778,17.497937257293266,4.374373876881187,-0.04411995080968836,0.0016524458304047586
2007,1445.6458798368583,17.49935339268635,4.374539419792245,-0.043564832675149316,0.0014161353930830956
2008,1445.7069446753535,17.500693790133695,4.374565627699916,-0.04293812704103857,0.001340397447347641
2009,1445.7639662948902,17.491897634110543,4.375305940054417,-0.042364855250809796,0.0012952154502272606
2010,1445.733115868124,17.49333319111833,4.375795682466432,-0.042682875474515644,0.001435557007789612
2011,1445.7188500605853,17.496389231897087,4.375947531591844,-0.04297354777124383,0.003056040778756142
2012,1445.7226198793592,17.492833267887235,4.376362641253568,-0.04280647576486899,0.0027292951941490177
2013,1445.7043378449546,17.49523103776306,4.376507085421928,-0.04298977408228666,0.0023977698758244517
2014,1445.7047179887659,17.498023434531987,4.376397334976027,-0.04299228280165153,0.0027923967689275743
2015,1445.726835591262,17.50046386401087,4.376107907713374,-0.0427668408163845,0.0024404294788837435
2016,1445.7604075442493,17.493700903258723,4.376423246510663,-0.042434796974569054,0.0020517053082585337
2017,1445.79503225933,17.490611498626027,4.376934290471025,-0.04206736363217487,0.001874843053519726
2018,1445.7613168821451,17.492504249336275,4.37719867093048,-0.04238862194422154,0.0018927507102489472
2019,1445.7348899165966,17.492198055811986,4.377440485042038,-0.04277600247891996,0.0031417671591043475
2020,1445.7158363732742,17.492915886027443,4.377580111528308,-0.042857837256742644,0.0029797572642564774
2021,1445.6447167354459,17.493443314822645,4.3776515037659065,-0.04356856134272221,0.002822470292448998
2022,1445.590511848742,17.49717027442369,4.377405478262139,-0.04418533044344031,0.003726959601044655
2023,1445.565643377935,17.500524123104544,4.3769296608348505,-0.04438087731266933,0.0033538486808538438
2024,1445.5311510436716,17.50330013604674,4.376312634766838,-0.04474627313715018,0.002776012942194939
2025,1445.5253799831319,17.50621910625908,4.375568135145315,-0.04476049589569584,0.0029189702123403553
2026,1445.5423923552676,17.50002651322777,4.375463704158185,-0.044630927193270505,0.002370462752878666
2027,1445.5755236675254,17.501989425496706,4.37521766155812,-0.04428551837313989,0.001962912268936634
2028,1445.5705786026238,17.503680290432225,4.374877729143537,-0.04432141870710438,0.0016908649355173112
2029,1445.5546962009957,17.506080014781606,4.374402879089748,-0.044523923931428726,0.00239972434937954
2030,1445.5605279701435,17.50866659484948,4.373802126722493,-0.04441340587041395,0.0025865800678730013
2031,1445.5745897385887,17.51084797360147,4.373131247509732,-0.044294622745701416,0.0021813787519931794
2032,1445.6031248099655,17.51288556546117,4.372414614548493,-0.04398313058957456,0.0020375918596982957
2033,1445.644174071328,17.514676288665783,4.371680637619996,-0.04358294615222803,0.001790723204612732
2034,1445.6986034423494,17.4956750761368,4.372631555626498,-0.04303372131249944,0.0015931658446788788
2035,1445.7479041155216,17.488088946018216,4.37403124694512,-0.0425392672496173,0.001410081796348095
2036,1445.7901736877502,17.489652990523574,4.375051180109412,-0.042113659393398846,0.0015640445053577423
2037,1445.8325657318458,17.49139296335339,4.375745334724479,-0.041691935513988476,0.0017399728298187257
2038,1445.8258048024875,17.493173460263606,4.37616903930133,-0.041746004383164746,0.0017804969102144241
2039,1445.827356589829,17.495870706040257,4.376296058129481,-0.04181810898835465,0.00269724577665329
2040,1445.8390645116215,17.498412064809198,4.3761925337299665,-0.04162494358455661,0.002541358768939972
2041,1445.8674409975663,17.50077244748532,4.375914753250072,-0.04134368763361863,0.002360382676124573
2042,1445.9144130670493,17.50284561996519,4.375517553601504,-0.04088459034913285,0.002073172479867935
2043,1445.9648884630762,17.489592467315536,4.376274897524207,-0.0403816416645418,0.0017679095268249513
2044,1446.013369687057,17.491355057500343,4.376751880670922,-0.039866835063630784,0.0017625901848077774
2045,1446.0627327035052,17.49320347315822,4.376991954323666,-0.03938125551225539,0.0018484156578779222
2046,1445.9930676616498,17.49508383820955,4.377035151286921,-0.04007251832284737,0.001880365051329136
2047,1445.8873523183422,17.499125353500286,4.376740300167231,-0.04134259184051871,0.004041515290737152
2048,1445.7994660551356,17.492930687234868,4.3770047503762965,-0.042061790597929305,0.004606026783585549
2049,1445.7293650751635,17.497122381270994,4.376879054311098,-0.0427477825231108,0.004191694036126137
2050,1445.6810564470222,17.500909733043184,4.376466481150811,-0.043229869756171414,0.0037873517721891403
2051,1445.6618367163846,17.504238127560487,4.375856174759422,-0.04342752856164225,0.0033283945173025135
2052,1445.66227098483,17.496990998148167,4.3759479589340575,-0.04343408669127484,0.002760429121553898
2053,1445.6773257201837,17.499387759774173,4.375827358597181,-0.043263109547717706,0.002396761626005173
2054,1445.7068748477473,17.50152296485677,4.3755539773615935,-0.042957407176868405,0.0021352050825953484
2055,1445.6607327582258,17.50341302255466,4.37517534923334,-0.043417187156212546,0.001890057697892189
2056,1445.6373888000448,17.506675853452826,4.3745982356271735,-0.04376338931957889,0.003262830898165703
2057,1445.6378359237574,17.509484656772756,4.3738954670628125,-0.04366704352024954,0.0028088033199310304
2058,1445.6616013949697,17.511843744537973,4.373126412187863,-0.04342895760577449,0.0023590877652168276
2059,1445.7200512029135,17.513784791774295,4.372337164810252,-0.042841292023754245,0.0019410472363233567
2060,1445.7491470223351,17.515128280653798,4.371580192049378,-0.04256828561233079,0.0013434888795018198
2061,1445.7938209383497,17.493769481983012,4.372704915412839,-0.04211962971582125,0.0019218798726797104
2062,1445.8420008932565,17.4954592788778,4.373489098368633,-0.04160319936522455,0.0016897968947887422
2063,1445.8863814469719,17.4860790732508,4.3748986787962245,-0.041137895606166236,0.0016726961359381676
2064,1445.860924628263,17.483292538115887,4.376282250398074,-0.0414032711211803,0.0017978701740503312
2065,1445.8343459230707,17.486381830835846,4.377164322110515,-0.04178568302388384,0.003089292719960213
2066,1445.8125017588402,17.489466062376408,4.377635577513222,-0.04187548852953796,0.0030842315405607227
2067,1445.7994164784518,17.492439107412604,4.377779049703084,-0.04201695386591837,0.002973045036196709
2068,1445.807084644137,17.495233366640417,4.377668350034674,-0.04194703213946922,0.00279425922781229
2069,1445.8343544071079,17.497643617542593,4.377380610602852,-0.04169485676148497,0.0024102509021759035
2070,1445.879110713632,17.499710405619947,4.376975766347076,-0.04124323914616298,0.0020667880773544314
2071,1445.9298285503085,17.490752676911345,4.3773758196474075,-0.04073037706673631,0.0017801623791456223
2072,1445.9795957535187,17.492477882317893,4.377562879567856,-0.040209538162073385,0.0017252054065465929
2073,1445.890493252081,17.48644597372838,4.378209196272559,-0.041101744466004675,0.001791975274682045
2074,1445.8135178528782,17.49075731403061,4.378386853240917,-0.0421167579739722,0.004311340302228928
2075,1445.6885262079934,17.494764101047597,4.378205097319942,-0.0431451932485902,0.0040067870169878
2076,1445.5647741933924,17.4995394839985,4.377665813169995,-0.044429117659467464,0.0047753829509019855
2077,1445.4820808417144,17.50416559233197,4.376845554594027,-0.04519411904459958,0.004626108333468437
2078,1445.4401439307433,17.507939206723652,4.375864562793645,-0.04568381008674578,0.0037736143916845323
2079,1445.4363426646382,17.510903403822862,4.374817915330385,-0.04571751508286525,0.002964197099208832
2080,1445.4665744444214,17.513143500041746,4.373776603747504,-0.04540666564381809,0.0022400962188839912
2081,1445.5249417965322,17.514769742180192,4.372789831741987,-0.0448119674427221,0.0016262421384453775
2082,1445.6057114145399,17.515921061121457,4.371886592913584,-0.04399037817431918,0.0011513189412653447
2083,1445.6399525905301,17.516727989547483,4.371079994883319,-0.04363491314622252,0.000806928426027298
2084,1445.6945503810318,17.518442196965747,4.370278499468281,-0.043145224088905254,0.0017142074182629587
2085,1445.7212928838862,17.519824604139263,4.369508302913729,-0.04282025118561251,0.0013824071735143663
2086,1445.7840555943526,17.52175478284114,4.36871900753548,-0.042214221209310385,0.001930178701877594
2087,1445.8517373492728,17.491872566093555,4.3705137600779285,-0.041544467909475316,0.0013117646798491479
2088,1445.9064553483154,17.48091999659327,4.3728805011422995,-0.04093560914439422,0.0013101384043693544
2089,1445.947156614762,17.478433118056813,4.375024456529083,-0.04055957431766956,0.0016215430572628976
2090,1445.9769484781061,17.480365819525282,4.3766245595822415,-0.04026163106005925,0.0019327014684677125
2091,1446.0001226840463,17.482536050346056,4.377759292823159,-0.04002252609476727,0.002170230820775032
2092,1446.019885763855,17.484855155688088,4.37850025679216,-0.03981602981357583,0.002319105342030525
2093,1446.0387189588314,17.48725837398724,4.378911456247334,-0.03962122170739804,0.002403218299150467
2094,1446.0587341350254,17.489697280194918,4.379049332385285,-0.039416227440599416,0.0024389062076807023
2095,1446.081773000497,17.492132670473616,4.378963370724829,-0.03918262158792914,0.002435390278697014
2096,1446.1161854325576,17.494532390725176,4.378696777024299,-0.03884171267713782,0.002399720251560211
2097,1446.1524154792696,17.485910620007118,4.379182741292944,-0.038494013261824875,0.002218039706349373
2098,1446.1916249157848,17.488137235704265,4.379399272958461,-0.03808460844123147,0.002226615697145462
2099,1446.0488493216815,17.49034596926292,4.379396331217773,-0.039513294997034334,0.0022087335586547852
2100,1445.8584552421794,17.49581108188947,4.378947309986566,-0.041741085484995895,0.005465112626552582
2101,1445.681949730077,17.501965352732142,4.378076185563714,-0.043249418520842936,0.006154270842671394
2102,1445.5445680419723,17.501054053517954,4.377436334908758,-0.044597806868334824,0.005719397962093354
2103,1445.4456640364822,17.5059122690437,4.37651464399893,-0.04562947787881285,0.004858215525746346
2104,1445.3861157450385,17.509950756791014,4.375428832234161,-0.04622081532745824,0.004038487747311592
2105,1445.3580112395273,17.505206433853967,4.3749261726574655,-0.04649990788341938,0.0032382849603891373
2106,1445.356384415913,17.50782899966733,4.3742996757263075,-0.04649772775557267,0.0026225658133625985
2107,1445.3742296156156,17.50271060736551,4.374204223261662,-0.0463079204962969,0.0021203992888331412
2108,1445.4075903200926,17.5044856873311,4.373980892705865,-0.04595862873139822,0.0017750799655914308
2109,1445.3858272458026,17.49937053692909,4.374215771740964,-0.046167764750709925,0.0015147078782320024
2110,1445.375630781975,17.499179001362748,4.374424024836227,-0.04634552816871292,0.0025330677628517153
2111,1445.3783298687251,17.501485370868572,4.374406315858326,-0.046239371138451585,0.0023063695058226585
2112,1445.4151884342032,17.503550594324,4.374223024435669,-0.04587223026300762,0.0020652234554290774
2113,1445.4891625056464,17.50500825794948,4.373953605197617,-0.045169130926531124,0.0014576636254787446
2114,1445.5557603848763,17.505839278386663,4.3736647704322875,-0.04450506047006683,0.000831020437180996
2115,1445.6503248583324,17.50687424300773,4.373343348615884,-0.04351714583506464,0.0010349646210670472
2116,1445.7656173618107,17.50747527873678,4.373030666086655,-0.04238721927109509,0.0006010357290506364
2117,1445.8473178455476,17.507799573941845,4.37274776500853,-0.041554495596922154,0.0003242952050641179
2118,1445.9422910630549,17.50883693820866,4.372431012716583,-0.04064839627562606,0.0010373642668128015
2119,1446.003779720207,17.509717497742493,4.372099316512082,-0.03997788327122862,0.0008805595338344575
2120,1446.0764648798354,17.511288186116833,4.371698968970439,-0.039304364085696764,0.0015706883743405343
2121,1446.119338896199,17.51271851020934,4.371253797901453,-0.03882064746619335,0.0014303240925073624
2122,1446.1654278138576,17.5147501959938,4.370722728262578,-0.038405858030619126,0.002031685784459114
2123,1446.2305078543588,17.51676463349791,4.370122631325865,-0.03769664628444616,0.0020144375041127207
2124,1446.2819870402568,17.48210312858421,4.372463090019307,-0.03720965082804014,0.0017192251980304718
2125,1446.305112538615,17.484157329650703,4.374214396836776,-0.03698237220069586,0.002054201066493988
2126,1446.2965416231727,17.4733784814181,4.3765313159046695,-0.03709046055229919,0.0026129689067602158
2127,1446.2603980025935,17.472604048308764,4.378494476214037,-0.037455886096965964,0.0032116301357746125
2128,1446.2054654069548,17.476301433575188,4.379802117343746,-0.03799392144351714,0.0036973852664232256
2129,1446.1415946011477,17.48029656564895,4.38054790087704,-0.03861382866925624,0.003995132073760033
2130,1446.0821001104525,17.4843948256791,4.3808245335646765,-0.03918931169111375,0.004098260030150414
2131,1446.0312042479468,17.486928146878093,4.3808443493601565,-0.03970219580357025,0.00395587719976902
2132,1445.9954512235852,17.48882527858824,4.380705564709097,-0.040066742445199,0.003743330389261246
2133,1445.9762534021838,17.492248391219086,4.380312024531036,-0.04026948775400342,0.0034231126308441164
2134,1445.9753918135025,17.49085107231165,4.380103510486141,-0.040279310597620674,0.0030908253043890003
2135,1445.9918931886953,17.493597543329248,4.37970808735777,-0.04011550354172641,0.002746471017599106
2136,1445.8039565566921,17.48972162402787,4.379700580517814,-0.04199166499451394,0.0024341654032468798
2137,1445.650258224968,17.49596272427861,4.379184402196559,-0.0438601496392107,0.006061484292149544
2138,1445.4574168676725,17.500223772849683,4.378412923083903,-0.045504720939109115,0.005272588133811951
2139,1445.293233559297,17.50602742532993,4.377306035730838,-0.047120770841672766,0.005803652480244637
2140,1445.1859739730724,17.51113296660388,4.375981163268418,-0.0482100713899058,0.005105541273951531
2141,1445.134533024145,17.51506623836959,4.37457334088054,-0.048771896709374686,0.003933271765708924
2142,1445.1348439429314,17.517897656064278,4.37318754306847,-0.048761745977788,0.0028314176946878434
2143,1445.163794868386,17.50999447169946,4.372697037088865,-0.04845974995994311,0.0018544312566518785
2144,1445.2096890068624,17.511342730999456,4.3721846424355935,-0.04795372712704193,0.0013482592999935151
2145,1445.2731099853252,17.503913554255057,4.372371591143463,-0.04729643855434233,0.0010728752240538597
2146,1445.320539786726,17.50472479582219,4.37245859442305,-0.046820765498432594,0.0008112415671348572
2147,1445.379738874535,17.505884044695783,4.372435203294362,-0.04623741198529615,0.001159248873591423
2148,1445.4047169744433,17.49831624446714,4.373034463203522,-0.0459691720982778,0.0009958304464817048
2149,1445.4571610706032,17.499987322895766,4.373389295799846,-0.04549591409218238,0.0016710784286260605
2150,1445.5260483833897,17.501193591917843,4.373581682224348,-0.044785997106757805,0.001206269022077322
2151,1445.621233833744,17.502158610022605,4.373660577812918,-0.04381178675429055,0.000965018104761839
2152,1445.7375538468664,17.5027227827003,4.373679168004324,-0.042664546074042846,0.0005641726776957512
2153,1445.8559947150331,17.490017902083753,4.374732654805261,-0.04146830392625134,0.00028166191186755895
2154,1445.965615335548,17.490388347721716,4.3755662411644956,-0.040352725017130525,0.00037044563796371225
2155,1446.0069619154133,17.4910359954937,4.3761968562031415,-0.03995810105926921,0.0006476477719843388
2156,1446.045066292346,17.493010991673042,4.376552563847055,-0.03968207191727516,0.00197499617934227
2157,1446.0233505835388,17.484427349464866,4.3775456993563155,-0.0397763428263329,0.0020734827965497972
2158,1445.9932877661324,17.483717162949745,4.378418106915926,-0.04017804188873697,0.0031826782971620562
2159,1445.9614235144159,17.485373005027302,4.378998165700228,-0.04039868706832294,0.003311900421977043
2160,1445.8806165839126,17.48724022371147,4.379321224792486,-0.04119409221173328,0.003314480930566788
2161,1445.8156670029891,17.491389379030206,4.37924706427549,-0.04192679740892572,0.0041491553187370305
2162,1445.767899338244,17.49517539603088,4.378876859342259,-0.042357320449366395,0.0037860170006752017
2163,1445.7383613922414,17.498589411130286,4.378294297983085,-0.04265358626771331,0.0034140150994062426
2164,1445.7258370866948,17.501629024868944,4.377568200433839,-0.04277906926912692,0.0030396137386560444
2165,1445.6519262569611,17.504333344599345,4.37675180343509,-0.04351426683121418,0.0027043197304010393
2166,1445.5944538959097,17.4992314791268,4.3764992823425315,-0.04416273725705196,0.0037770818918943408
2167,1445.5524675987679,17.502646807018508,4.3760131144513235,-0.04451149941234007,0.0034153278917074207
2168,1445.5355873310455,17.505727065909493,4.375362738023961,-0.04467763358961747,0.003080258890986443
2169,1445.4809220337063,17.50831605586766,4.374617857094143,-0.04523990655621901,0.0025889899581670764
2170,1445.4404548063644,17.511555820513355,4.373742301164846,-0.045660529405108716,0.0032397646456956866
2171,1445.4286007620522,17.514485100094067,4.372784964575486,-0.04574504088597678,0.0029292795807123184
2172,1445.4447959938768,17.516861340213406,4.371805762229659,-0.04560734400736919,0.002376240119338036
2173,1445.4999762765349,17.518722547400582,4.3708507184547445,-0.04505174052786742,0.0018612071871757507
2174,1445.570269599556,17.499000938467585,4.371679232441319,-0.044365523485475934,0.0011790123768150808
2175,1445.6433043503025,17.499980080358586,4.372278598434978,-0.043586943545556096,0.0009791418910026551
2176,1445.7199684797517,17.50098123443117,4.372688264238967,-0.042802516420640584,0.0010011540725827217
2177,1445.800719155417,17.501990800581776,4.37294168845241,-0.041993649653632024,0.0010095661506056787
2178,1445.8411502747256,17.503003836840296,4.373066710984387,-0.04158884426353552,0.001013036258518696
2179,1445.89792991787,17.504815562859083,4.3730211752103525,-0.041100569797326895,0.0018117260187864304
2180,1445.969890484061,17.50637497571101,4.372856400657385,-0.0403263264760767,0.0015594128519296647
2181,1446.0365882210283,17.486416572021568,4.374352286273453,-0.03965566505506786,0.0013439401984214783
2182,1446.0960119601407,17.487942452417933,4.375454217532638,-0.03905807441838761,0.0015258803963661195
2183,1446.1446621260782,17.47984339873815,4.377019655831881,-0.0385731601052089,0.0017236940562725068
2184,1446.1818691602316,17.48182722795332,4.378141196713797,-0.03820732191357365,0.001983829215168953
2185,1446.2081462204794,17.479120961666386,4.379282016317936,-0.03794390381838866,0.0022374894469976425
2186,1446.1005554446442,17.481594497800153,4.38001535102048,-0.03901805022223471,0.0024735361337661745
2187,1446.001720825142,17.48646456980733,4.3802187031921385,-0.04022244533592129,0.00487007200717926
2188,1445.918508398436,17.49107190118758,4.3800089408525045,-0.04084119007833351,0.00460733138024807
2189,1445.8552906576679,17.495302633285803,4.379491200306938,-0.041484753351523976,0.004230732098221779
2190,1445.8105950953366,17.49449519191149,4.3791326371686825,-0.04193802606135478,0.00379096195101738
2191,1445.7886960082476,17.497895061338575,4.378560778065731,-0.04215214916991727,0.003399869427084923
2192,1445.7838665754518,17.494927286881516,4.378334380129942,-0.042206577225604176,0.0029474396258592607
2193,1445.6666064996211,17.497551010515103,4.377934323127258,-0.043366306603015804,0.0026237236335873606
2194,1445.5785125972693,17.502158509533416,4.377229751565281,-0.04441325156577932,0.004607499018311501
2195,1445.463807618302,17.50613058504046,4.376327404874024,-0.04542546616810569,0.003972075507044793
2196,1445.3878513789498,17.510481126945027,4.375231954302752,-0.04615933285025449,0.004350541904568672
2197,1445.3215085285847,17.514027448709616,4.374043879419706,-0.046865336728151304,0.003546321764588356
2198,1445.2957863536155,17.51732287664295,4.372800355644897,-0.04706722584696991,0.0032954279333353045
2199,1445.321437453868,17.519825831394204,4.371576124687281,-0.04686487277952892,0.0025029547512531282
2200,1445.3912663360734,17.521383978019962,4.370444923559779,-0.04618181745181573,0.0015581466257572176
2201,1445.4971175194667,17.52217621706755,4.369452596860258,-0.045105415563150474,0.0007922390475869179
2202,1445.6033754673936,17.5223924552915,4.3686212179789905,-0.04402384540842832,0.00021623822394758465
2203,1445.7096855726904,17.494908638491484,4.370185464805248,-0.04291273662553067,0.00031216174829751253
2204,1445.7569990372976,17.48395541580533,4.372363244560692,-0.042442645911833096,0.0004385245963931084
2205,1445.785263690788,17.485564295297017,4.374017546328095,-0.042264398581648946,0.0016088794916868212
2206,1445.81336923284,17.48454501281734,4.375457369541604,-0.0419052630322517,0.0019984330981969835
2207,1445.8432233409787,17.486578685671642,4.376471832831029,-0.04157129056582335,0.0020336728543043137
2208,1445.8831121500311,17.4886104522949,4.3771376567599045,-0.04116906912279319,0.002031766623258591
2209,1445.9292970068843,17.486861994981272,4.377826516313252,-0.04072189059844505,0.001883159950375557
2210,1445.98236605683,17.488675554215416,4.378243177086383,-0.04018329950332372,0.0018135592341423036
2211,1446.0409159953865,17.49041232664834,4.378442909877132,-0.03959851872625677,0.0017367724329233171
2212,1446.101986195308,17.492103654264913,4.378468475472719,-0.038984682528555366,0.0016913276165723802
2213,1446.1556465659526,17.48457906013064,4.379104349093754,-0.03844476839876507,0.00170366819947958
2214,1446.1981093564698,17.48648187974177,4.379470267044381,-0.038038821576467395,0.001902819611132145
2215,1446.0646019309752,17.481834157994502,4.380150131585081,-0.03937922603265178,0.002155273035168648
2216,1445.8724135147572,17.48696003550601,4.380288733798215,-0.041591944744645844,0.005316071957349778
2217,1445.7100477682507,17.493169879484295,4.37989491916308,-0.042988899519586996,0.00620984397828579
2218,1445.5664314373328,17.49866524146807,4.379122910180954,-0.0444071338261233,0.0054953619837760925
2219,1445.4623267098116,17.502745897393233,4.378156391613407,-0.045426139564467574,0.005001295357942581
2220,1445.3970999716616,17.5069040410924,4.377024042884923,-0.04611331544926088,0.004158143699169159
2221,1445.3466171345601,17.51026551059962,4.375820817639435,-0.04661349607359398,0.0033614695072174076
2222,1445.3314429130355,17.513295563753253,4.374586556994421,-0.046718712505003174,0.0030300531536340716
2223,1445.3478586389774,17.515642950940435,4.373382634784573,-0.04658968020687098,0.0023473871871829036
2224,1445.3918532576088,17.51740835949362,4.372251149385531,-0.046139665287312254,0.0017654085531830788
2225,1445.39149942937,17.502627838533506,4.372531195531177,-0.0461329158452645,0.0012863071635365487
2226,1445.400158774267,17.50475805079578,4.372586752424534,-0.04608280276720279,0.0021302122622728348
2227,1445.3812901401304,17.506726240497215,4.372471468614686,-0.046203300854779174,0.0019681897014379502
2228,1445.3982455250784,17.509191355239732,4.372175486713852,-0.04606723725332358,0.0024651147425174716
2229,1445.4563540136462,17.51099778575836,4.371785160053185,-0.04550232828592698,0.0018064305186271667
2230,1445.5484908618241,17.512085533272607,4.3713762014645745,-0.04458695968219672,0.0010877475142478943
2231,1445.6487075637176,17.49535985869638,4.372407677548283,-0.04356799795563575,0.0005370115861296654
2232,1445.7500487572909,17.495857775409736,4.373212798183109,-0.042503421914368573,0.0004979167133569717
2233,1445.8510491030845,17.496437185828604,4.373825647684235,-0.04149765833970605,0.0005794104188680649
2234,1445.952663382471,17.497124802705862,4.3742719922239495,-0.04048418682112924,0.0006876168772578239
2235,1446.0532889364606,17.49790276048056,4.374574420037167,-0.03947614472513806,0.0007779577746987343
2236,1446.1383917209266,17.482784014724093,4.376057914747224,-0.038627993726597656,0.0008970671333372593
2237,1446.107660480902,17.484071477658944,4.377169168938435,-0.03896243477113103,0.0012874629348516465
2238,1446.078950421361,17.48750580117841,4.377799744457217,-0.03942518184485152,0.0034343235194683078
2239,1446.0580774585071,17.4908732605799,4.378041627600329,-0.039425911826726855,0.003367459401488304
2240,1446.0528217692906,17.494071724422174,4.3779785933124895,-0.03948868186301524,0.003198463842272759
2241,1446.0538202136486,17.487074443179754,4.378498723019591,-0.03949181319800118,0.002898310497403145
2242,1446.0517626552098,17.48489871393035,4.379103029973677,-0.03949342919681158,0.0027877530083060265
2243,1445.9418247159952,17.484819327349282,4.379605049147432,-0.04058757302871982,0.0028459548950195315
2244,1445.8412783107922,17.489573804716088,4.379628168979496,-0.04177806913925679,0.004754477366805077
2245,1445.756525975475,17.49405147587738,4.379281211954487,-0.042462420865801966,0.004477671161293983
2246,1445.6903024251376,17.496254317515316,4.378816690975327,-0.04313515904286078,0.004095838218927383
2247,1445.6444404929077,17.499935981311623,4.378134918206983,-0.04359701251318484,0.0036816637963056568
2248,1445.5219233521198,17.498700001027785,4.377676868845735,-0.04482382025482821,0.0032511260360479355
2249,1445.4271527045685,17.50172589808995,4.377053992061592,-0.045859507209343064,0.004561468586325646
2250,1445.3718817632785,17.50365817022049,4.376385327820087,-0.04634262566627058,0.003947035595774651
2251,1445.3538770896266,17.506808634442326,4.375579567205844,-0.04654088624112774,0.0031504642218351366
2252,1445.370216189192,17.509238115293023,4.374720306327046,-0.04636993644519407,0.002429480850696564
2253,1445.3576029224696,17.511034681056675,4.373868897052226,-0.04648726228400847,0.0017965657636523247
2254,1445.3475366017424,17.513359580156443,4.372980750692441,-0.04657746731618772,0.002324899099767208
2255,1445.3527077658828,17.515622898903725,4.372067512269389,-0.046479080376420824,0.002263318747282028
2256,1445.3886189157718,17.503183951066656,4.372335167579732,-0.04614230849350178,0.0019783422350883486
2257,1445.4392277788838,17.497438027836314,4.373024201780597,-0.045661108117083134,0.0014444831758737564
2258,1445.4893753353876,17.49866168185689,4.373489212818744,-0.04512832956165312,0.0012236540205776691
2259,1445.5511898098002,17.49994434754916,4.373765702429653,-0.044494003069166864,0.0012826656922698021
2260,1445.5910857302977,17.49388140661807,4.374487887443487,-0.044104961499663205,0.0011244776658713817
2261,1445.6361663185735,17.495463810471605,4.37495076511192,-0.04368412943303156,0.0015824038535356523
2262,1445.68321756415,17.496993694437457,4.375205302682345,-0.04317307634726831,0.0015298839658498765
2263,1445.7423366090245,17.498532998544885,4.375288231558435,-0.04257757592391272,0.0015393041074275972
2264,1445.8105338758978,17.49990328120233,4.375244253738062,-0.04191156338602013,0.0013702826574444771
2265,1445.8850112087569,17.501169600507033,4.375104708311776,-0.04116028424770547,0.0012663193047046661
2266,1445.9697005418116,17.502390692645474,4.374890493412668,-0.0403075172985109,0.001221092138439417
2267,1446.064326043215,17.503502537200017,4.374623977258402,-0.03936766432623926,0.0011118445545434952
2268,1446.0650632019422,17.484845912716665,4.375930053364684,-0.039358792108216675,0.0010176032781600952
2269,1446.009296001521,17.480900677490112,4.377323440394549,-0.0400851527077225,0.002798730507493019
2270,1445.9473436394003,17.483203076758546,4.378277865690822,-0.04062745810184197,0.0038076754659414295
2271,1445.8878141251694,17.487066027336876,4.378744814112505,-0.041127386259545345,0.0038629505783319474
2272,1445.79395971037,17.490823561885517,4.37882064609497,-0.04207094449926899,0.003757534548640251
2273,1445.7203340076694,17.49512703325705,4.378531148640109,-0.04285125360559505,0.004303471371531487
2274,1445.667493368661,17.49624247723938,4.378202606644887,-0.04337044131779976,0.0038497213274240496
2275,1445.6361229270462,17.499649636314523,4.377654769169185,-0.04368302695476586,0.0034071590751409532
2276,1445.6261417285384,17.502619915322672,4.376962811238563,-0.04378227072131494,0.002970279008150101
2277,1445.6367832445824,17.505175351218593,4.376186575514039,-0.043673651865399274,0.0025554358959198
2278,1445.6668532782917,17.507350415231002,4.375372315988834,-0.04336950440543432,0.0021750640124082567
2279,1445.7037805922566,17.496612619635652,4.375582115834218,-0.04299607238894851,0.0018362808972597123
2280,1445.6251456343737,17.49836403879244,4.3756110257339405,-0.04375702983031033,0.0017514191567897797
2281,1445.5328844792036,17.502203841534445,4.375320943171636,-0.04487999356648515,0.003839802742004395
2282,1445.4700513663506,17.506203816485595,4.374756197517539,-0.04531550355740819,0.0039999749511480335
2283,1445.4467720682587,17.509587454077792,4.374016595217144,-0.04559391305330791,0.0033836375921964647
2284,1445.4608082729594,17.512202496108603,4.373196420096063,-0.0454687768265444,0.00261504203081131
2285,1445.512678031639,17.51412671956141,4.372366628956213,-0.044942301541409505,0.001924223452806473
2286,1445.5796836780078,17.51538747160603,4.37158317156445,-0.04426951036074116,0.00126075204461813
2287,1445.673219881888,17.516427213818773,4.370855768769579,-0.043289902164308385,0.001039742212742567
2288,1445.7871767312195,17.517058017411276,4.370207749208205,-0.04216912654982934,0.0006308035925030709
2289,1445.915891477196,17.51741567347572,4.369647145514293,-0.040868399980845425,0.00035765606444329026
2290,1446.0543936888241,17.517621913625867,4.369170596540214,-0.0394712047031885,0.00020624015014618637
2291,1446.0955885585136,17.483702069373038,4.371551756053811,-0.03904888869103161,0.00015849738847464325
2292,1446.1105171655922,17.48576093301287,4.373336056518313,-0.039084864969213415,0.002058863639831543
2293,1446.1230242351814,17.4883313004311,4.374589132473787,-0.038820908026025336,0.00257036741822958
2294,1446.1324479105704,17.479452434935403,4.376342235645584,-0.038681462341166935,0.0026297818869352343
2295,1446.1377748530035,17.48215953224225,4.3775585562545425,-0.038629983011956026,0.0027070973068475724
2296,1446.1386860197897,17.480144325051672,4.378720621885502,-0.03862149136278504,0.002790612913668156
2297,1446.1343684195633,17.480644227551167,4.3796326636706295,-0.03866511194119312,0.0028785742819309235
2298,1446.1270753191275,17.483618566008154,4.380137474995729,-0.03873882322623103,0.0029743384569883347
2299,1446.1195130148128,17.48396993039846,4.380522706784336,-0.03880966370443957,0.003022276982665062
2300,1446.1113320591483,17.484684429118463,4.380780208015595,-0.038886849766042814,0.0030205734074115753
2301,1446.1028523502812,17.485419889946453,4.380931257166363,-0.038971844667628375,0.0030242551118135454
2302,1446.0966729242361,17.488441251252762,4.380808211824042,-0.03903356013818893,0.0030213613063097
2303,1445.894243649858,17.49141112308668,4.380464616717071,-0.04106271244865866,0.002969871833920479
2304,1445.7324211637656,17.497828413953055,4.379658447719755,-0.04302053026558951,0.00641729086637497
2305,1445.61372367159,17.49987942264904,4.378829780711319,-0.04395412286217379,0.0055036950856447225
2306,1445.4688525033923,17.504462361946,4.377775755965055,-0.04540355054494512,0.004582939296960831
2307,1445.3723974841876,17.50938400426437,4.3765092590628605,-0.04630989546026513,0.004921642318367958
2308,1445.2891773205936,17.507143091059692,4.375653859030147,-0.047208576242685464,0.003918147832155228
2309,1445.2285612947114,17.506856439253323,4.374975856188939,-0.0477474291484873,0.003587726876139641
2310,1445.203445053013,17.509959379201764,4.374166321606562,-0.04801402816264044,0.0031029399484395984
2311,1445.1964423706027,17.512367373509342,4.373305721954197,-0.04810507085805966,0.00240799430757761
2312,1445.2022133795294,17.50679149145004,4.373055691321144,-0.04801296520071901,0.0020570043474435807
2313,1445.2169918759935,17.508617002719312,4.372701485421116,-0.04785323054788251,0.0018255112692713738
2314,1445.2496081972533,17.503876530643346,4.372798427961141,-0.04751959473822126,0.0016687441617250444
2315,1445.293281296093,17.50116953251693,4.373099136730852,-0.047097176017127824,0.001368854381144047
2316,1445.3677647563509,17.502376248201312,4.373247105116287,-0.04633856630616719,0.0012067156843841077
2317,1445.4462097764924,17.50307664925042,4.373311202418611,-0.04558853369860344,0.0007004010491073132
2318,1445.5445125978952,17.50378029297847,4.37330626044106,-0.044555198288942395,0.0007036437280476094
2319,1445.6636911654066,17.50420740337852,4.373267304557577,-0.043390741678733774,0.00042711040005087857
2320,1445.7596526875298,17.504359662582125,4.373222918111002,-0.04243095824434704,0.00015225920360535384
2321,1445.846583083999,17.505044573594773,4.373130550296857,-0.04158743434091548,0.0006849110126495362
2322,1445.9463127157455,17.505985458617054,4.372977919565237,-0.04056247024350796,0.0009408850222826005
2323,1446.054338562976,17.506783656266474,4.372787533653398,-0.03947088310752633,0.0007981976494193078
2324,1446.1230532735788,17.50753221172183,4.372570245253878,-0.03877443148361863,0.0007485554553568364
2325,1446.2009417192223,17.509088222452394,4.372264911569371,-0.03807132833529749,0.0015560107305645943
2326,1446.2255605607647,17.481881212501335,4.374237894801275,-0.03775408191664155,0.0014591354876756669
2327,1446.2052379682173,17.484388650639463,4.375650833206788,-0.03805245058287255,0.002507438138127327
2328,1446.1760504675788,17.48772070711713,4.376537147043955,-0.03832195715816624,0.0033320564776659015
2329,1446.143579160427,17.491189941077042,4.376980418591227,-0.03857792614395521,0.003469233959913254
2330,1446.105168237245,17.48336918517593,4.377983013432229,-0.03895113972121635,0.003497454896569252
2331,1446.0573677750285,17.482525668641667,4.378874073373031,-0.03943438362890902,0.0035780686885118484
2332,1446.0048197439232,17.48623483476613,4.379301629468797,-0.03996491230436277,0.0037091661244630816
2333,1445.9579009545496,17.48997950849507,4.379346210730196,-0.04042454121495211,0.0037446737289428714
2334,1445.9199704258756,17.489837911699883,4.379394338654646,-0.04081569121120765,0.0035907190293073656
2335,1445.8922772017554,17.49322308113145,4.379157167506747,-0.04109778294221996,0.003385169431567192
2336,1445.877594000247,17.4963863178836,4.3787041874580845,-0.04124625326547175,0.003163236752152443
2337,1445.8768306103702,17.492519307086813,4.378648755940495,-0.04125785396510764,0.002901636064052582
2338,1445.7178184263616,17.49516134387498,4.378387394849742,-0.04284777566397224,0.0026420367881655697
2339,1445.5961803632981,17.500597192856123,4.377728861176586,-0.04431757758631647,0.005435848981142044
2340,1445.5185836541261,17.505214375394036,4.3768115474076,-0.04489603010306155,0.0046171825379133224
2341,1445.484938511054,17.50892806774621,4.375755867178012,-0.045240963908033796,0.003713692352175713
2342,1445.4256542903365,17.51178030832355,4.374657124289769,-0.045829602274118315,0.002852240577340126
2343,1445.3853656080435,17.515049714359094,4.373488979260185,-0.04618806046538566,0.003269406035542488
2344,1445.3900663545758,17.51791812679415,4.372296693671734,-0.04613943581429112,0.0028684124350547794
2345,1445.4356120200061,17.519941581922225,4.371153662736138,-0.04572837553063664,0.0020234551280736922
2346,1445.4939784897294,17.52123785963898,4.3701104455539355,-0.04513293284383735,0.001296277716755867
2347,1445.5833485718015,17.522347438471964,4.369164332682298,-0.04418518417036239,0.0011095788329839706
2348,1445.6978195290721,17.522959124619714,4.368338533135561,-0.04307159397780197,0.000611686147749424
2349,1445.7913630304765,17.523209588296353,4.367640909615582,-0.042122491942345734,0.00025046367663890124
2350,1445.875337379583,17.490526828954877,4.369739693422584,-0.04129516448994309,0.0007358465343713761
2351,1445.943734955872,17.478785765638015,4.37242017583858,-0.04059164608930587,0.0010258030146360398
2352,1445.99552044175,17.480187186320684,4.374503647321509,-0.040082357349303946,0.001401420682668686
2353,1446.0358033321559,17.481957102288863,4.376067456404591,-0.03967881620699246,0.0017699159681797028
2354,1446.0649134539347,17.479957222653162,4.377513210016549,-0.039376786421705674,0.002029125578701496
2355,1446.0899850560752,17.480292546354935,4.378671325325445,-0.0391245358042147,0.0022729892283678056
2356,1446.1149022075115,17.48266904128413,4.379426772713125,-0.038861328494967894,0.0023764949291944504
2357,1446.1405711356638,17.485073594354795,4.379849739494088,-0.03859709445750923,0.002404553070664406
2358,1446.1639848114748,17.483316334147187,4.380340175558644,-0.038361244214872844,0.002415476366877556
2359,1446.1842260443716,17.482725180647968,4.380790642195537,-0.038164537130744525,0.0024834521114826206
2360,1446.199535804272,17.482524141125797,4.38117645378754,-0.03801276065006505,0.002564639039337635
2361,1446.2115664738035,17.48519765773457,4.381274339515714,-0.03789522301890884,0.002673516608774662
2362,1446.0296584584362,17.487943199478504,4.381130240141502,-0.03971061792915407,0.0027455417439341545
2363,1445.801616208778,17.49411840719771,4.3805074406798346,-0.0423268045097484,0.006175207719206811
2364,1445.615612241297,17.499312784987758,4.379572260568264,-0.043905969496379385,0.006796126812696457
2365,1445.4751697223116,17.505148247349332,4.378328538892589,-0.04534436922199575,0.005835462361574173
2366,1445.3575406295986,17.509994740876625,4.376912631667485,-0.04652349058744221,0.004846493527293206
2367,1445.2765827808612,17.514293992239306,4.3754002529215414,-0.04728889640784928,0.004299251362681389
2368,1445.241893816659,17.51782174641199,4.373871814278876,-0.047658211552409284,0.0035277541726827623
2369,1445.2489955344556,17.52044189618833,4.372404375952168,-0.04760080509507816,0.0026201497763395313
2370,1445.2556877739958,17.507504294755954,4.372258337313321,-0.04752146921283838,0.0018366802483797075
2371,1445.2619443626827,17.509363198782403,4.371986675992425,-0.047382778750979924,0.0018589040264487267
2372,1445.2719579286954,17.511234644557433,4.371610979160555,-0.047281674887904045,0.0018714457750320435
2373,1445.3039164289648,17.513043258841233,4.371155107799149,-0.04696711885947479,0.0018086142838001252
2374,1445.346580960945,17.501731639402795,4.3717056788233055,-0.04657252368360105,0.0014252813532948496
2375,1445.4101039755412,17.4969555847876,4.3725474462462675,-0.04591400173746706,0.0012748664245009424
2376,1445.4873159290498,17.49790621125775,4.373160010337956,-0.04515926470493696,0.0009506264701485634
2377,1445.5839873543964,17.49867692222523,4.373599330392878,-0.044178118006302614,0.0007707109674811364
2378,1445.6948147807316,17.499178068672144,4.373918619150272,-0.04307880864474101,0.0005011464469134808
2379,1445.8169091794257,17.49952347304842,4.374152209485706,-0.041846482412806835,0.0003454043762758374
2380,1445.9355998650174,17.4874719966764,4.375328600209883,-0.04065302401224244,0.0002551777521148324
2381,1446.037400593036,17.481869318128687,4.3767510914946275,-0.03964529302683559,0.0004481673240661621
2382,1446.0333577361937,17.48274416781695,4.377846041631593,-0.03970909087448263,0.0008748496882617474
2383,1446.0271054021405,17.48560729071231,4.378509926340897,-0.039927773299305046,0.0028631228953599932
2384,1446.022258830635,17.48494723384832,4.37910825164945,-0.03978092114062747,0.0028982173651456835
2385,1446.0203008667766,17.48551289082854,4.3795526529140405,-0.03979991549885426,0.0028689756989479067
2386,1445.9455318100156,17.48619711429817,4.379861147209066,-0.040550218202768065,0.0028136126697063447
2387,1445.8480321779998,17.49029970535082,4.379778848790165,-0.04164857605829639,0.004102591052651406
2388,1445.7697529600837,17.494727187166042,4.379349550272726,-0.042334959475419966,0.004427481815218926
2389,1445.7126099950806,17.498714987495966,4.3786716424454655,-0.04291786819772369,0.00398780032992363
2390,1445.6763665130482,17.50224694901151,4.377827126132061,-0.043281918750956265,0.0035319615155458453
2391,1445.6545119841965,17.498393834105432,4.377449499305194,-0.04349804472419464,0.0031003158539533618
2392,1445.567237554941,17.49671087812883,4.3772773764695705,-0.0443566220357684,0.002810340002179146
2393,1445.4603072954153,17.500660086313907,4.376813506451475,-0.045510813864136704,0.0039492081850767136
2394,1445.3764059771395,17.502527355311692,4.376280539814138,-0.04626170012673128,0.004206807166337967
2395,1445.3277988953027,17.506218643768012,4.375541855078871,-0.04677356291797423,0.003691288456320763
2396,1445.2893004769394,17.50492943256936,4.375041487935106,-0.04717831464677147,0.0029780942946672443
2397,1445.2671635663382,17.507679298071476,4.374406467868386,-0.04735118721587242,0.0027498655021190644
2398,1445.2581017596965,17.505019333374044,4.37410312372875,-0.04745222816025716,0.0024174079298973083
2399,1445.2804064410714,17.507183038231275,4.373677563573315,-0.04722130589655307,0.0021637048572301864
2400,1445.3345205194814,17.508776697863183,4.373198370380739,-0.04671179932771793,0.00159365963190794
2401,1445.4153312380208,17.509823335308873,4.372719900750765,-0.04590138983841371,0.0010466374456882478
2402,1445.507856670882,17.49896618520968,4.373214801960292,-0.044963842843442306,0.0006225419230759144
2403,1445.557293873406,17.4932393193095,4.374088620433467,-0.04443909142040638,0.0005022403784096241
2404,1445.5807409369072,17.49460794253638,4.37469330769137,-0.04427922891577509,0.0013686232268810272
2405,1445.6182780827253,17.496489503033366,4.375035390119036,-0.04386851289975766,0.0018815604969859125
2406,1445.6599370634242,17.498143072038797,4.3751807680505985,-0.04342342851491367,0.001653569005429745
2407,1445.7190094312384,17.49975986665478,4.3751678534984615,-0.04281358312656038,0.001616794615983963
2408,1445.7664821987291,17.501106719657688,4.375047198738312,-0.04236217217401645,0.0013468530029058458
2409,1445.819840421371,17.491555792064386,4.375728763637914,-0.041828032010869265,0.0016112152487039568
2410,1445.8440239305046,17.49311718453558,4.376160049862842,-0.041564742972705064,0.0015613924711942674
2411,1445.8687120162017,17.4884676561902,4.376893664023667,-0.04137016021826185,0.002134196273982525
2412,1445.891743175895,17.490621732662124,4.377319196506258,-0.04108455626084378,0.002154076471924782
2413,1445.9145613424855,17.49282954793672,4.377487710477743,-0.04085976045541201,0.0022078152745962144
2414,1445.8703616355676,17.495063068086903,4.377443368667687,-0.04129895413188251,0.0022335201501846313
2415,1445.7996538135922,17.49850821692745,4.377125470820192,-0.04212462473311462,0.0034451488405466083
2416,1445.7444772177666,17.494284833087185,4.377209929512673,-0.042597505471378555,0.0038679253309965135
2417,1445.7070819656158,17.49781067395077,4.376991053925135,-0.042963388790583396,0.0035258408635854724
2418,1445.6838288547765,17.495185014193517,4.377026144858716,-0.04319898961268791,0.003153059259057045
2419,1445.674114045933,17.498051651155215,4.376820657851743,-0.04328750177040547,0.002866636961698532
2420,1445.6784179871318,17.500652274449926,4.376439635570382,-0.043242421495381225,0.002600623294711113
2421,1445.6331929383118,17.502991312702758,4.375936051093643,-0.043694229121069836,0.0023390382528305055
2422,1445.6112794274845,17.506211865281326,4.375259928265997,-0.04397535715772847,0.0032205525785684586
2423,1445.5758832215797,17.508969888610405,4.374480121880875,-0.04428742070915178,0.002758023329079151
2424,1445.5702516213253,17.511941937503977,4.373597804809493,-0.04431888634319648,0.0029720488935709
2425,1445.5804034084886,17.499090393157022,4.373924533014993,-0.044252791754097416,0.002403790503740311
2426,1445.5999091335611,17.501216752537804,4.374018684054905,-0.044028651776684455,0.0021263593807816505
2427,1445.6310842089401,17.494416115718067,4.374651635948541,-0.04370491288970243,0.0019688095897436144
2428,1445.626684313356,17.49620243991363,4.375024678088061,-0.043751405405857896,0.0017863241955637932
2429,1445.6401940102762,17.498652796546104,4.375130329498463,-0.04366446314092855,0.002450356632471085
2430,1445.6371529925134,17.50077882474858,4.375043224630286,-0.04366090291786577,0.002126028202474117
2431,1445.6546830735408,17.503211196424548,4.3747730252250205,-0.04348380361194131,0.0024323716759681703
2432,1445.6917348263435,17.505272256309276,4.3743830318989225,-0.04311978291568948,0.0020610598847270014
2433,1445.7358476093386,17.494215528642044,4.374966793156489,-0.04267477610858805,0.001728537864983082
2434,1445.7826887866077,17.489501999215303,4.375830667012446,-0.04218115337792369,0.0016481254249811174
2435,1445.827656525628,17.487761478033818,4.376681278965282,-0.04172348227842349,0.001648600772023201
2436,1445.8752755290868,17.489493332711017,4.377237253602386,-0.0412555700996495,0.0017318546772003174
2437,1445.8357618301745,17.49122300213293,4.377551804219654,-0.04164260022378358,0.0017296694219112398
2438,1445.8105634463186,17.494548865688003,4.377537946156092,-0.042053984950130144,0.0033258635550737384
2439,1445.7500071024156,17.497579391208447,4.377278927998441,-0.042529462779307324,0.0030305255204439163
2440,1445.712241969804,17.501209425461447,4.376769886710012,-0.04293753117521646,0.003630034253001213
2441,1445.702432460921,17.504371808377062,4.376094042921636,-0.04302244052452806,0.0031623829156160357
2442,1445.709223259452,17.496275193412096,4.376201506390105,-0.0429615399592808,0.00262465737760067
2443,1445.7302069421944,17.498600308764964,4.376099618007613,-0.04272788478052916,0.002325115352869034
2444,1445.7583636043935,17.49299911775929,4.376473798862953,-0.042441121751101034,0.0020775374025106433
2445,1445.7146184952242,17.494974327025236,4.37661921306312,-0.04286404786141475,0.001975209265947342
2446,1445.6436025505272,17.49366809741521,4.3768451977909875,-0.04369448799142446,0.0032803442329168322
2447,1445.5667469075602,17.49541214385218,4.3768879817930095,-0.04437667092056927,0.0037217441946268085
2448,1445.5095122932253,17.499166039909788,4.37661629628884,-0.044908092254045184,0.0037538960576057436
2449,1445.4743664908874,17.502493116419384,4.376121625483057,-0.04529901704592703,0.0033270765095949175
2450,1445.471684150286,17.50536803395636,4.375481057161193,-0.045328374394403,0.0028749175369739534
2451,1445.4984375267693,17.50762743667848,4.3747711527468125,-0.045077176213792425,0.002259402722120285
2452,1445.5480567981065,17.499645344211896,4.37484132772339,-0.04457243096032698,0.0017294133082032205
2453,1445.607317414622,17.495231559131305,4.375259565720969,-0.04396438363452262,0.0013538355007767678
2454,1445.6081968085232,17.49646679088847,4.375501577739789,-0.04392989228912938,0.0012352317571640015
2455,1445.617542557727,17.49440506898909,4.3758685115088385,-0.04393443874706236,0.0023338750004768373
2456,1445.5868645627047,17.49366850232834,4.376229589426975,-0.04414610804990389,0.002186338230967522
2457,1445.567793167893,17.49657713299746,4.3762879800215675,-0.044394297564886075,0.0029086306691169742
2458,1445.5417727822878,17.49651946955766,4.376340572565433,-0.044606109285286945,0.002670259587466717
2459,1445.5299595822435,17.499294459162613,4.376156926300887,-0.04471087717931368,0.0027749896049499515
2460,1445.5431280492971,17.498074990008387,4.376105991383241,-0.04459678049834565,0.0024943796917796138
2461,1445.5773002442415,17.500113765579076,4.375897616011136,-0.044272557969693475,0.002038775570690632
2462,1445.6299182075586,17.50178974015674,4.375589787563523,-0.043737098023716496,0.001675974577665329
2463,1445.6901620931073,17.495090437816952,4.375884835223687,-0.04312803429822679,0.0013794222846627237
2464,1445.6944712266527,17.496391317384813,4.376020466426736,-0.04306314200515317,0.001300879567861557
2465,1445.6722000544607,17.498747857796523,4.375939107530791,-0.043383565539777465,0.002356540411710739
2466,1445.6627839759524,17.501579519125197,4.375640989872338,-0.04341967233217247,0.002831661328673363
2467,1445.6484692261668,17.50415805070338,4.375185815791836,-0.04354062071338149,0.0025785315781831743
2468,1445.6399023991646,17.506811522642646,4.374595731318949,-0.04360847004446213,0.0026534719392657283
2469,1445.660062690744,17.509345408292983,4.373904792915836,-0.04341133172145191,0.0025338856503367424
2470,1445.677244034555,17.496219949231623,4.374410835939777,-0.043279862115566635,0.002010861039161682
2471,1445.7037229777402,17.49831352866548,4.374654703908074,-0.04297104206206768,0.002093579433858395
2472,1445.7115589125992,17.491720625920546,4.375393447654393,-0.04289932753240919,0.0019444128498435022
2473,1445.7219404360605,17.49402928089197,4.375810554242111,-0.042817019851552236,0.002308654971420765
2474,1445.7371468564218,17.496300015947178,4.375967017175328,-0.04263232342740366,0.0022707350552082064
2475,1445.7108058486847,17.498494157916262,4.375916011498852,-0.042899600821765485,0.0021941419690847397
2476,1445.6977247580705,17.501440552598194,4.375633407470734,-0.04309797769057923,0.002946394681930542
2477,1445.706141311851,17.50412263625707,4.375182492291074,-0.04296501798379495,0.0026820836588740352
2478,1445.7390824509641,17.506406568898218,4.374626098868318,-0.04264899059213122,0.002283932641148567
2479,1445.7940421896767,17.50825941392626,4.374018441765966,-0.042102686864543555,0.0018528450280427934
2480,1445.8554986819456,17.4923830406948,4.374817580162514,-0.041481237158348,0.0014906052500009538
2481,1445.909464381966,17.485927334440404,4.376000433962791,-0.040910251249044904,0.0014416545629501343
2482,1445.8648781912566,17.48757075910782,4.376836073415197,-0.04137139509788085,0.0016434246674180031
2483,1445.8248519472922,17.488006931387766,4.377485653767454,-0.041932156231109734,0.0034501817077398304
2484,1445.741246299788,17.489723616304275,4.377878022164927,-0.04259990206018529,0.0033265311270952226
2485,1445.6760984768318,17.493371227268174,4.377901681482885,-0.04331221800561025,0.0040585588663816455
2486,1445.6317955986037,17.49567426210679,4.377732878116599,-0.04372319804094786,0.003647018596529961
2487,1445.6095914909256,17.498885347232594,4.377332049479763,-0.04394767843781665,0.003211085125803948
2488,1445.6149975781254,17.501657054670527,4.376776866065731,-0.043893961987532745,0.0027717074379324915
2489,1445.6458090961546,17.503912575267627,4.376137294523029,-0.04359352772253715,0.002255520597100258
2490,1445.698258268249,17.505718109481407,4.375465297602063,-0.043062415955841975,0.001805534213781357
2491,1445.7680360087613,17.507165914684904,4.3747959454856415,-0.042355412813415115,0.0014478052034974098
2492,1445.7481588365533,17.508354410160702,4.374149952899893,-0.04254434260723656,0.0011884954757988453
2493,1445.703530335757,17.51120590269975,4.373387215009289,-0.04313099634875471,0.002851492539048195
2494,1445.671586805152,17.496576874858867,4.37395725409415,-0.04332572451663964,0.003267418220639229
2495,1445.639271946787,17.499585676348936,4.3741788068859675,-0.043633142205187596,0.0030088014900684357
2496,1445.6192716692888,17.502568035355935,4.3741167617972065,-0.04380992755541911,0.0029823590070009232
2497,1445.6258677522617,17.505297520912418,4.373842831264747,-0.04376660982243493,0.002729485556483269
2498,1445.6513901723079,17.507531732103953,4.373435628489557,-0.043535625713416265,0.002234211191534996
2499,1445.701207542926,17.5094331191547,4.3729463408641145,-0.04302120698481758,0.0019013870507478714
2500,1445.757085651423,17.49370081341529,4.373830769036276,-0.042470131923601,0.0014915026724338532
2501,1445.8096749194506,17.495146145212296,4.374437887622998,-0.04190786789303729,0.0014453317970037462
2502,1445.85322062251,17.48769458103075,4.375544666689025,-0.04147927858412004,0.001560179889202118
2503,1445.8868119070614,17.48947577382519,4.376306666448006,-0.04115398221990972,0.001781192794442177
2504,1445.9150106241214,17.491478363602305,4.376767854613784,-0.040872033457053474,0.002002589777112007
2505,1445.9526574552488,17.493610252431477,4.376971810954603,-0.04048635535271842,0.0021318888291716577
2506,1445.898870293789,17.4956011319448,4.376976360480246,-0.041025397993694236,0.001990879513323307
2507,1445.8706962505157,17.499252357139135,4.3766817129683915,-0.041459072062943955,0.003651225194334984
2508,1445.3871418634199,16.959345539848123,4.4205612871176925,-0.04617962745413934,0.0031407643109560013
2509,1444.324193018051,16.970749955813204,4.455610569047453,-0.05758443498490351,0.011404415965080262
2510,1442.8668670460033,16.990601805786405,4.482728687050046,-0.07217607294077878,0.019851849973201753
2511,1441.6117231827054,17.500455281994967,4.463300317736409,-0.08431255849095806,0.024149753153324127
2512,1440.6811415708999,17.520754838846354,4.445710175113331,-0.09357360392119518,0.020299556851387027
2513,1440.1138247094425,17.535243786237864,4.430102221381573,-0.09944281385156273,0.01448894739151001
2514,1439.7892177702342,17.542832063995032,4.416683585263216,-0.10279788926109178,0.007588277757167816
2515,1439.7032952913169,17.54556955110255,4.405456596199737,-0.10345212615179662,0.0027374871075153354
2516,1439.9042259930611,17.670688703562632,4.386025728028645,-0.10141782007089205,-0.0018633129075169563
2517,1440.377352784823,17.66358390441121,4.370673020315005,-0.09675062077616076,-0.007104799151420593
2518,1441.0350529443522,17.653337045201614,4.358921173324428,-0.09009097095201468,-0.011519803106784821
2519,1441.7993973296882,17.61978891678924,4.352026211846014,-0.08226067041158558,-0.014066240191459656
2520,1439.3520801851462,17.58181536112483,4.349475542402611,-0.10658707808523332,-0.015145039558410645
2521,1437.2517127718772,17.613647513729884,4.344782669948135,-0.13218059149757436,0.031832152605056764
2522,1435.6007736090983,17.714041400247353,4.332730326129257,-0.1444115289408319,0.027639502286911012
2523,1437.3253917400268,17.735075512820025,4.321128496518338,-0.12740662157115593,0.021034112572669985
2524,1439.138107560542,17.675493080110797,4.316484072638383,-0.11372428901526518,-0.03001953363418579
2525,1440.9193318631121,17.6455331153586,4.3151239733763695,-0.09081263825707765,-0.02995996475219727
2526,1442.5841833753407,17.61671098539377,4.316364036442244,-0.07427194972533016,-0.028822129964828493
2527,1444.0780705735967,17.589949081034906,4.3195678709804675,-0.059425316824629135,-0.02676190435886383
2528,1446.1209048686512,17.566065821738487,4.324146755251514,-0.039078815819732424,-0.02388325929641724
2529,1447.8496711846026,17.537359575124032,4.330247314827105,-0.02198558688577805,-0.028706246614456178
2530,1449.2547701202611,17.513054495246656,4.337235984806669,-0.007892415471096684,-0.024305079877376557
2531,1450.2174127927594,17.494099210889587,4.344515720027571,-0.0027091074796248902,-0.018955284357070924
2532,1450.637565123472,17.345886081912234,4.362597079808741,-0.007173487270210899,-0.010976924002170563
2533,1450.9138147317021,17.31038598077658,4.380324863094105,-0.010186733056939375,-0.0004910666029900312
2534,1451.5013615945363,17.312947758606704,4.394652296903827,-0.015318900388674592,0.0025617778301239014
2535,1451.9461460766756,17.31026863338712,4.406619730740743,-0.01998555107172706,-0.0026791252195835116
2536,1451.8219640631287,17.310751446004094,4.416393571039954,-0.018535834414942654,0.0004828126169741154
2537,1451.3965833292668,17.321602006669224,4.423521412267753,-0.015002608097483973,0.010850560665130616
2538,1450.7732407317096,17.36676954599381,4.425675150760943,-0.008203571305209607,0.01556220054626465
2539,1450.0469755668043,17.402465118907376,4.424524174106863,-0.0007262360936397272,0.01812700480222702
2540,1449.2862822349716,17.430897506244566,4.421256878557322,-0.007231805090259513,0.019073279201984407
2541,1448.493323962578,17.455373482388026,4.416577519436254,-0.0150773735772691,0.018967147171497348
2542,1447.7147338249665,17.476773115617256,4.410991666929486,-0.022869164041298972,0.018802124261856082
2543,1446.991021528724,17.494952916170032,4.404925614572764,-0.030175732971397338,0.01794264167547226
2544,1445.556871657134,17.509690760892347,4.398747074969544,-0.044578248962154704,0.016472986340522768
2545,1444.1512308644033,17.53492774299951,4.391618306317106,-0.059364090932631376,0.02523698210716248
2546,1443.0090162061338,17.55889475427242,4.383814131860885,-0.07003683502208786,0.02396701127290726
2547,1442.0815401335917,17.57845130942436,4.375816547119767,-0.07962564427617963,0.019556555151939395
2548,1441.3675579593346,17.593917013030964,4.367994670333318,-0.08673350556118749,0.01546570360660553
2549,1440.9033964861312,17.605123499852137,4.360664937265404,-0.09139195681723095,0.011206486821174623
2550,1440.8596700864423,17.611374007981734,4.354143764625364,-0.09189889700473486,0.00625050812959671
2551,1441.1248370825551,17.60969494253071,4.348933616289188,-0.08954458653251095,-0.0016790654510259629
2552,1441.6050387453129,17.602539968934373,4.345245999095817,-0.08449720336140217,-0.007154973596334458
2553,1442.2329864986973,17.591995428946333,4.3430838528050755,-0.07800909165219765,-0.010544539988040925
2554,1442.9536402277254,17.579478209164456,4.342333800047243,-0.07066086570212973,-0.01251721978187561
2555,1443.7184189492266,17.56604582264693,4.342816451412032,-0.06290732718129903,-0.01343238651752472
2556,1444.484967064274,17.552557780292346,4.344314468352375,-0.055155894940965025,-0.013488042354583741
2557,1445.30139546687,17.539728026535823,4.346591289720441,-0.04705187419110644,-0.012829753756523133
2558,1446.144170241438,17.52679484083922,4.34951518317738,-0.03856864077962882,-0.012933185696601868
2559,1446.9753740717583,17.514180675592733,4.352943605396014,-0.030278161327428277,-0.012614165246486665
2560,1447.7649626901853,17.502527714219404,4.356707191618722,-0.022446493485463178,-0.011652961373329163
2561,1448.487468264489,17.49233998253615,4.360625873754498,-0.015271840324116966,-0.010187731683254243
2562,1449.0504357967452,17.40314887177691,4.371127890677079,-0.009684556644483564,-0.008298585563898087
2563,1449.3723904349936,17.371830333911493,4.382298895467958,-0.006630651346313243,-0.004753028601408005
2564,1449.4572722410799,17.369849219414846,4.391621016073144,-0.00591589359145928,0.00013313142117112874
2565,1449.3453531541513,17.381936153127587,4.398277410746392,-0.007002374442176915,0.004692191258072853
2566,1449.0866863572699,17.39975193163144,4.40227974895912,-0.009484923972088381,0.008210066705942154
2567,1448.729151235847,17.418868056466188,4.4039994965720615,-0.012946085688190579,0.010586047172546388
2568,1448.314157397716,17.437216475450935,4.40391025681524,-0.016997065458012914,0.011972441524267198
2569,1447.8757375334067,17.453763850082233,4.402484828759777,-0.021302494327860584,0.01257113814353943
2570,1447.4330322151523,17.46808775503686,4.400145428241404,-0.025670573259253617,0.012562184035778046
2571,1446.9998415916843,17.480308200312166,4.397228465028442,-0.030035757959203695,0.012220445275306703
2572,1446.588870039023,17.49195473183444,4.393884800637812,-0.034168690985072775,0.011646531522274017
2573,1446.2122734484951,17.50281973843029,4.390255107498482,-0.03795541800769115,0.01086500659584999
2574,1445.4023361314883,17.5127109936302,4.386470445749295,-0.046074013824711525,0.00989125519990921
2575,1444.5492667042372,17.531103826715913,4.381863960795198,-0.05516405931794907,0.01645851880311966
2576,1443.8407788062937,17.54751043434378,4.376745895157488,-0.061597403054588544,0.016406607627868653
2577,1443.355479847582,17.564870263355537,4.371130436107726,-0.06674510542361077,0.013407568633556367
2578,1443.1078588313285,17.573918108361525,4.365786369793032,-0.06935738404947188,0.009047845005989074
2579,1443.0768122040472,17.578352482708855,4.361041858343318,-0.06969322502539399,0.00443437434732914
2580,1443.226526218861,17.578678873250013,4.35712468631953,-0.06814553619200751,0.0003263905411586166
2581,1443.515630474352,17.575748086789375,4.354152109129586,-0.06516941295665901,-0.0029307864606380463
2582,1443.902978137087,17.570503007316713,4.352143223728339,-0.061201647930331546,-0.0052450794726610185
2583,1444.3522166752668,17.563826612824325,4.351041532657233,-0.056620964749304226,-0.006676394492387772
2584,1444.8038288001533,17.511331375161298,4.35442805680075,-0.05203111497629152,-0.0073704242706298835
2585,1445.2249608050065,17.504391750911363,4.357772112692139,-0.04779347195200444,-0.006939624249935151
2586,1445.597220794207,17.47837417370934,4.3626403949320265,-0.04412559787833516,-0.005961566045880318
2587,1445.9708031154237,17.47370711288709,4.367013778579128,-0.040421419368126404,-0.004667060822248459
2588,1446.3411128140096,17.469396043040938,4.370952253797579,-0.03662447095751304,-0.004311069846153259
2589,1446.7134525434344,17.456952663643026,4.375198676441107,-0.03290926121804205,-0.0038732033222913746
2590,1447.0411531599589,17.453427181897425,4.37896884537705,-0.029623240558080396,-0.0035254817456007006
2591,1447.308704110847,17.45107342856165,4.382252732627123,-0.027030131732512928,-0.002353753335773945
2592,1447.5053813490697,17.4501260195316,4.385022942438118,-0.02508682093987545,-0.0009474090300500394
2593,1447.6212117799091,17.443873419523715,4.387805476955778,-0.02394173657847659,0.0005911347456276418
2594,1447.6567045201077,17.4461126039778,4.389904169106672,-0.023597759769768342,0.0022391844540834427
2595,1447.6199146763302,17.447559712835005,4.391506838934594,-0.023955387740516018,0.0037845294922590257
2596,1447.2564471446435,17.45265800618415,4.392404395660998,-0.02756690493925362,0.005098293349146844
2597,1446.8844222647517,17.468374355766485,4.391856052088781,-0.03171308089289141,0.010671328753232956
2598,1446.4083581524508,17.478838956985186,4.390551243147971,-0.03593709122894552,0.010464601218700409
2599,1445.980577435014,17.496047121729386,4.388075048593611,-0.040330994914795616,0.011832293868064881
2600,1445.610366830401,17.506625636364948,4.385180092843017,-0.044021709619239575,0.010578514635562898
2601,1445.249289879637,17.51582019522382,4.3820548497775835,-0.04764549678129924,0.00919455885887146
2602,1444.952210980107,17.52449412539197,4.378783316890586,-0.05052995306800085,0.008673930168151855
2603,1444.7212267440132,17.531707837130558,4.3755111553999715,-0.052933754402824884,0.007213711738586426
2604,1444.5518951153722,17.530621680307622,4.372916743713238,-0.054626276494595914,0.005761435255408287
2605,1444.401915907554,17.535066827449437,4.370426068705687,-0.056112469735819556,0.004445147141814232
2606,1444.317995301268,17.53899387686276,4.368062796721438,-0.05687185676016952,0.003927049413323403
2607,1444.2865886434815,17.54159241175973,4.365912561422574,-0.05726696501681999,0.0025985348969697953
2608,1444.309359604298,17.529280643582656,4.365155486172936,-0.05700891254664611,0.0015734490007162094
2609,1444.434930196692,17.52986298627065,4.36448709542377,-0.05574980866435226,0.0005823426879942418
2610,1444.610797207654,17.51724358999172,4.364970272073368,-0.05407323665134072,-0.0012297445908188822
2611,1444.8645483709438,17.51525269129315,4.365529173167685,-0.05143063170133701,-0.0019908986985683443
2612,1445.147755495598,17.512056477526215,4.36624866665406,-0.04864297655085693,-0.003196213766932488
2613,1445.4353971923406,17.494608771471004,4.368264477851718,-0.045672717844431644,-0.0034631114453077317
2614,1445.7168307920397,17.491362841842392,4.370182700403048,-0.042853410261272984,-0.0032459296286106113
2615,1445.9856581276472,17.488518242207984,4.371988103577263,-0.04018355172294832,-0.002844599634408951
2616,1446.1957873369765,17.486182598812203,4.373659402958422,-0.03809302225409737,-0.002335643395781517
2617,1446.3883135276676,17.485164508359205,4.3751130668027916,-0.03624862001760221,-0.0010180904529988766
2618,1446.5653345340038,17.484673768324477,4.376345174430813,-0.034399389701789004,-0.0004907400347292423
2619,1446.7239726647044,17.484654798610766,4.377357052890795,-0.032807450385057564,-1.896971371024847e-05
2620,1446.7647467735244,17.465674289190087,4.379737880457838,-0.03240322188705023,0.000487926509231329
2621,1446.7728444660436,17.468438061759684,4.381464303568426,-0.03249913994560075,0.0027637725695967676
2622,1446.6779684196924,17.465825229235595,4.383093491192976,-0.03328263184451544,0.003386932983994484
2623,1446.5603074658059,17.471044179149573,4.384002932458137,-0.034580127034939775,0.005218949913978577
2624,1446.4253420619873,17.476344555635134,4.38431552752917,-0.035777168223055475,0.005524838343262672
2625,1446.1990649321983,17.481850665541636,4.384121896185857,-0.03802790046303471,0.005710336193442345
2626,1445.9834998116567,17.4901606291315,4.3832840282597765,-0.04031052248858032,0.007165542244911194
2627,1445.788159443343,17.496913780250253,4.382045109050966,-0.042159644679186384,0.006753151118755341
2628,1445.6184775311642,17.50172954807813,4.380635650752847,-0.04387215282381248,0.006183869764208794
2629,1445.483051596518,17.507267095621778,4.379027366563123,-0.04523411625687686,0.0055375475436449054
2630,1445.3841932707392,17.512028472598743,4.377319473800991,-0.0462356843492762,0.004761376976966858
2631,1445.3222258594724,17.51600352349515,4.375594160576789,-0.04685637401333224,0.003975050896406174
2632,1445.180980770461,17.51922037388022,4.373916522719475,-0.04826601234652344,0.0032168503850698474
2633,1445.09689685921,17.523772189494323,4.372168885304493,-0.04916452793080452,0.004551815614104271
2634,1445.0330247455277,17.52716634469862,4.3704584522609125,-0.04978551858570427,0.0033941552042961124
2635,1445.0331268122195,17.530112058024955,4.368815173472149,-0.04971357606560105,0.0029457133263349534
2636,1445.0900183971803,17.531850357081844,4.367325631066434,-0.049220557455141714,0.0017382990568876268
2637,1445.1967938683938,17.532571596752955,4.366045266587824,-0.04813376725463968,0.0007212396711111069
2638,1445.3619390955314,17.53245605394068,4.365004809873984,-0.046464287293024424,-0.00011554281227290631
2639,1445.5397673902894,17.498735919839753,4.366907244727362,-0.04469602200495956,-0.001052501890808344
2640,1445.690454711229,17.484061475059562,4.36966643693457,-0.04309900633036704,-0.0010880363173782826
2641,1445.8200352521374,17.483650614096398,4.371962550102389,-0.04186736501404766,-0.00041086096316576007
2642,1445.9288459669515,17.47886824399949,4.37423617818432,-0.04076480710860778,0.00012180681806057693
2643,1446.0188893717159,17.4794984698926,4.3760490511515195,-0.03986194819034609,0.0006302258931100369
2644,1446.0944205841486,17.48057600303338,4.377447550976358,-0.039100524883281196,0.0010775331407785417
2645,1446.1684538495595,17.478985738136746,4.378724277280079,-0.038350586745089,0.0014287855476140976
2646,1446.2367554795662,17.47826888344575,4.379829774214478,-0.037643058277001276,0.0015349162742495537
2647,1446.3017104663427,17.479982869395506,4.380596214768872,-0.037000802304123684,0.001713985949754715
2648,1446.361520382685,17.481825279512893,4.381074134268681,-0.036397638589912726,0.0018424101173877716
2649,1446.4149637740861,17.48382396630336,4.381302695574008,-0.03586598992644667,0.0019986867904663087
2650,1446.46143865875,17.48599477379907,4.381312717455827,-0.03540282548302457,0.002170807495713234
2651,1446.3057089697515,17.48834135352958,4.38112917290334,-0.03696048752596425,0.002346579730510712
2652,1446.0774851617712,17.485882113203782,4.381179635489726,-0.039586643586558244,0.005961531773209572
2653,1445.8707814575816,17.491101711525957,4.380794469235674,-0.041403402736698354,0.007073704898357392
2654,1445.6651624219517,17.497575793697873,4.379949570912262,-0.04340833805312741,0.006474082171916962
2655,1445.4991233467558,17.503823497801463,4.3787461919077195,-0.04503140433927456,0.006247704103589058
2656,1445.373715137208,17.506114023420732,4.377572239370387,-0.046352914673443595,0.00534704364836216
2657,1445.270868569693,17.51057831780962,4.3762447761523156,-0.047379589229017256,0.004464294388890267
2658,1445.195539360048,17.5145140825396,4.374834625619763,-0.04809745936541048,0.003935764729976654
2659,1445.1603979375523,17.517854666951816,4.3734053096249035,-0.048455538656253336,0.0033405844122171404
2660,1445.1622423051572,17.520401178914828,4.372025169551501,-0.04845698419334895,0.0025465119630098346
2661,1445.1974076726276,17.522249486725553,4.3707424109770185,-0.04809574368895255,0.0018483078107237817
2662,1445.2483188775607,17.506931080141058,4.3709423691320275,-0.04757644265400586,0.001251993514597416
2663,1445.2999525497835,17.4999924911868,4.371673356308477,-0.04702401970589563,0.0010165414772927762
2664,1445.3226252129575,17.501053119891527,4.372186091215416,-0.0467781565931682,0.0010606287047266961
2665,1445.3681384860065,17.502681984820608,4.372473422997101,-0.04637543876237032,0.0016288649290800096
2666,1445.4396426056182,17.497645286140447,4.373120634074225,-0.045642055000507754,0.001244054362177849
2667,1445.533106466932,17.498476066855197,4.3735834557574575,-0.04471026269542335,0.0008307807147502899
2668,1445.6255122237378,17.498987030932163,4.373921213553339,-0.04377685942640028,0.0005109640769660473
2669,1445.7250214481955,17.491514454602633,4.374808833883611,-0.04276103560603587,0.0006234649568796158
2670,1445.8227032917803,17.487490610369864,4.375865511105135,-0.04177573295191905,0.000595806259661913
2671,1445.9166843499386,17.488223371432547,4.376672105192743,-0.0408468519809162,0.000732761062681675
2672,1446.0063683680146,17.489121009746018,4.377260157341604,-0.03995280404493315,0.000897638313472271
2673,1446.0913292302514,17.490189794042532,4.37765501905096,-0.03910382229578999,0.0010687842965126039
2674,1446.0731484970177,17.4914324180795,4.37787725841633,-0.03928589900386896,0.0012426240369677545
2675,1446.0074608650998,17.485766723054503,4.378522495293376,-0.04011734775359855,0.003162188082933426
2676,1445.947830269544,17.48975784708843,4.378725434876502,-0.040604590899658885,0.003991124033927917
2677,1445.9033953180674,17.49357485887692,4.37857991913131,-0.04098345804387008,0.0038170117884874346
2678,1445.8334339637377,17.49148888270616,4.378631062192927,-0.04169875412800138,0.003486074134707451
2679,1445.7771360343909,17.495384501845237,4.378354649507407,-0.042269594156528006,0.0038956191390752794
2680,1445.7322934026258,17.494637693926993,4.378189020248359,-0.04270849416182727,0.003581337258219719
2681,1445.6523196416372,17.497960281834306,4.377781682372155,-0.043502678518718765,0.0033225879073143006
2682,1445.5647940703682,17.501857685014905,4.377129169525749,-0.0444095408236467,0.003897403180599213
2683,1445.5022100981603,17.505805528253617,4.376271491242228,-0.04498294302420845,0.0039478432387113575
2684,1445.4658674607679,17.509220429972114,4.375289129281306,-0.04539461954434273,0.0034149017184972766
2685,1445.455814907078,17.51210297317833,4.374248031042538,-0.04549508678044731,0.002882543206214905
2686,1445.471172838763,17.51447764159769,4.373200272583518,-0.04533905909105442,0.0023746684193611148
2687,1445.468389353129,17.516385883182586,4.372185169144804,-0.045362749152156996,0.0019082415848970414
2688,1445.491849853705,17.501347626349055,4.3725817106734945,-0.045114943393959946,0.0022426608949899676
2689,1445.524900882194,17.495104405539703,4.373417070731561,-0.044796933767700005,0.0017832349985837936
2690,1445.5285016412527,17.492759743374638,4.374293671771304,-0.04472912505021668,0.0016418203711509706
2691,1445.5425660566136,17.49330238427781,4.374968140009287,-0.044630441448941835,0.0022028405219316483
2692,1445.5427963684901,17.49532391305827,4.3753560046324935,-0.04459016748924569,0.0020215287804603577
2693,1445.55896057527,17.497605348823598,4.37548761469278,-0.044436384945786354,0.002281435765326023
2694,1445.5931825926934,17.49556221946886,4.375762499473084,-0.04409662420820723,0.001996934413909912
2695,1445.6424887266708,17.494032812680274,4.3761128881156965,-0.043605466640788106,0.0016933953389525415
2696,1445.7012833542094,17.492520113224437,4.37652382460217,-0.043010453266188055,0.0014605272561311724
2697,1445.7670602207581,17.493862600373376,4.376751084471267,-0.04234120180313766,0.0013424871489405633
2698,1445.8347177148955,17.490237226426213,4.377233703122888,-0.04165944438691213,0.0012762717902660371
2699,1445.8988167493576,17.488081670258286,4.377805602467261,-0.041015381646370766,0.0013117631897330284
2700,1445.8584317631548,17.486595869068264,4.378395979602896,-0.04142904297309542,0.0014453692361712457
2701,1445.7788205503666,17.489965577427505,4.378604716286999,-0.04240422840864085,0.003369708359241486
2702,1445.6927094766672,17.493988353390453,4.378447139116271,-0.043138211993698404,0.004022775962948799
2703,1445.621905563494,17.49652993148867,4.378110228074088,-0.04378427842537121,0.004056116566061974
2704,1445.5773942226656,17.500227619248665,4.377531785975751,-0.04426190065395076,0.0036976877599954605
2705,1445.5614468747322,17.50338528371159,4.376799419115205,-0.044439533582385594,0.003157664462924004
2706,1445.5476501821552,17.50598756997589,4.375986219456038,-0.0445790359983107,0.0026022862643003465
2707,1445.539984261396,17.508532066929376,4.375111459444483,-0.04460593631712072,0.0025444969534873965
2708,1445.538788183735,17.510949998821353,4.374196562840795,-0.04462477466880046,0.002417931891977787
2709,1445.5609002384476,17.513241359691357,4.373259097615474,-0.04440365471772111,0.0022913608700037003
2710,1445.5747424557076,17.515112786281144,4.372337443149793,-0.04429456887094602,0.0018714265897870064
2711,1445.5741898030935,17.4984901769754,4.3729400861204,-0.044274673494549006,0.0020371418446302413
2712,1445.5580168652036,17.500809379733774,4.373244728106884,-0.044448037439337895,0.00231920275837183
2713,1445.5609979589692,17.503405131466362,4.373282409704213,-0.0444176753077295,0.0025957517325878145
2714,1445.5888936652104,17.50564257434723,4.3731304647817995,-0.044146894233067537,0.0022374428808689117
2715,1445.633091714691,17.507437594301674,4.372859180914743,-0.04371332514573169,0.001795019954442978
2716,1445.700520685382,17.50896808958766,4.372511656068985,-0.04302124561302662,0.001530495285987854
2717,1445.7722499520048,17.49273564053158,4.373553201432327,-0.04231469620904363,0.001158537995070219
2718,1445.838808493973,17.493897620415492,4.374312311634154,-0.0416122592491547,0.0011619798839092256
2719,1445.9045665411552,17.495224389819604,4.374826358403948,-0.0409708135404685,0.0013267694041132927
2720,1445.972484794979,17.49663214461337,4.375132835033432,-0.04028325058917517,0.0014077547937631609
2721,1446.033942127014,17.485211966042016,4.376317402862461,-0.03966326194470412,0.0014345869421958923
2722,1446.0850901179656,17.48683957070539,4.377155740629173,-0.03916840059246169,0.00162760466337204
2723,1446.01658588417,17.481730635381727,4.378260679792527,-0.03985873097999729,0.0018735028803348543
2724,1445.9551985576456,17.485785264811902,4.3788353855894435,-0.04066612707852755,0.004054629430174828
2725,1445.909507205762,17.489645188964396,4.378991211341173,-0.040924398470147026,0.003859924152493477
2726,1445.8793473822816,17.490207925298762,4.379073001644347,-0.041240601482049895,0.003519171103835106
2727,1445.8619513405895,17.49095988675433,4.379078619402801,-0.04141256976273098,0.00319833941757679
2728,1445.8575552336806,17.493901276508744,4.378842855594002,-0.04145014262951008,0.0029413897544145586
2729,1445.7592083865568,17.49206546199903,4.378799552032521,-0.042432986015662665,0.0026906909421086315
2730,1445.6807753976675,17.49641756591782,4.378408389179863,-0.04335838732099319,0.004352103918790817
2731,1445.6261546434794,17.500316869369,4.377768984562652,-0.043783733611967364,0.0038993034511804582
2732,1445.5929835311456,17.499005539584864,4.3773518346464995,-0.044120509416477494,0.00339585617184639
2733,1445.5035871139899,17.501966432724107,4.376767807527916,-0.045007625163361806,0.002960893139243126
2734,1445.4401341865337,17.501741190034284,4.376307312123289,-0.04569470081242343,0.003921319916844368
2735,1445.3615467121801,17.505113550800218,4.375654116569703,-0.046439428793289605,0.0033723607659339907
2736,1445.3265004475784,17.508687535825505,4.374826430159496,-0.04675515795015144,0.0035739850252866747
2737,1445.3317951837103,17.511406619253886,4.373925523805359,-0.04676753832258782,0.0027190834283828736
2738,1445.3547136152338,17.51336923890127,4.373026395317383,-0.04652851022576215,0.00196261964738369
2739,1445.394521206302,17.515019701200856,4.37215423417812,-0.046086003671759954,0.0016504622995853425
2740,1445.4497480060963,17.501525012774135,4.372541847982156,-0.04553066214168212,0.00136904027312994
2741,1445.4844632366778,17.50266838595059,4.3727662548454855,-0.04517793434288933,0.0011433731764554978
2742,1445.5328600306611,17.4957165421632,4.373518373147721,-0.044713442518759625,0.0015638014301657677
2743,1445.5902502826345,17.497077395738373,4.374023901201392,-0.04411779195915415,0.0013608535751700403
2744,1445.6284167041185,17.498326527671228,4.374336355143848,-0.043727005123046184,0.0012491319328546526
2745,1445.677566663063,17.49997540150703,4.374457821406801,-0.04326430755966385,0.0016488738358020783
2746,1445.7127557982521,17.492202629139303,4.375192614700313,-0.04288829018471916,0.0014903921633958818
2747,1445.7519460596325,17.48962539076643,4.376005757120824,-0.04251098618265814,0.0017948599532246591
2748,1445.7962785018879,17.488787679996424,4.3767409916297675,-0.04204047095934811,0.0017623001709580423
2749,1445.841593426333,17.48823420910807,4.377389113568098,-0.04158908737211277,0.0017120838165283203
2750,1445.8865023223404,17.48997489533098,4.377778324679393,-0.04113783701723377,0.0017406862229108811
2751,1445.9297916737287,17.487913661007287,4.378265921859587,-0.0407073027669503,0.001792881265282631
2752,1445.881127103636,17.486772045216824,4.378759044389742,-0.04119633600643056,0.0018689516931772233
2753,1445.838748493141,17.489608416480994,4.378931616604762,-0.041780414796410245,0.0035479489713907244
2754,1445.7592333155494,17.4929953919333,4.378796342187115,-0.042423764196414596,0.0033869754523038866
2755,1445.700182464003,17.496995585186458,4.3783585213719975,-0.043059497140054644,0.004000193253159523
2756,1445.6601175247185,17.49691129406874,4.37800639657374,-0.04344327841842869,0.003555656597018242
2757,1445.6385820379044,17.496964069924548,4.377713341396233,-0.043653778935288295,0.0031596634536981585
2758,1445.5794700361953,17.499754193893864,4.377245027219905,-0.04424225358648528,0.002790123969316483
2759,1445.5200264732318,17.503186922989084,4.376580486973654,-0.04486399578027204,0.003432729095220566
2760,1445.4688587911828,17.501096323912396,4.376206407728275,-0.04531706450839465,0.0033762048929929737
2761,1445.4270577606073,17.50426721613611,4.375640537434543,-0.04574995366085432,0.0031708922237157823
2762,1445.4100076169527,17.507217653875603,4.374935414021611,-0.04592196927889517,0.002950437739491463
2763,1445.394572800524,17.509683078748537,4.37415573830239,-0.04610277328141592,0.0024654248729348185
2764,1445.3871053784937,17.51209929123278,4.373318951328417,-0.046133867453932,0.0024162124842405323
2765,1445.4111948817635,17.51435476843025,4.372448468413182,-0.04590412471104173,0.002255477197468281
2766,1445.4552856279497,17.501540271113967,4.372781873143376,-0.04550443766083845,0.0016825377941131594
2767,1445.5154576858713,17.502899365979587,4.372944199789717,-0.04487776743413633,0.0013590948656201363
2768,1445.568331518367,17.504015215593732,4.372986120409248,-0.04434100934147864,0.0011158496141433717
2769,1445.6172827197624,17.50532048411236,4.372913828773921,-0.04384611469282391,0.00130526851862669
2770,1445.6806698053206,17.506747290226976,4.372737951037267,-0.04320545570639297,0.00142680611461401
2771,1445.7495801004968,17.49260388382126,4.373749530464685,-0.04252519461939528,0.001216849870979786
2772,1445.7861894111982,17.49379694305707,4.374481528794417,-0.0421404849515352,0.0011930592358112336
2773,1445.8292054089954,17.495635323900473,4.3749315349422755,-0.04177247807080448,0.0018383808434009553
2774,1445.880795522575,17.49739597507168,4.375156659569808,-0.04119981774146936,0.001760651171207428
2775,1445.940506399268,17.499046120535326,4.3752064118770955,-0.04060598657807532,0.0016501454636454584
2776,1445.9984808827076,17.487028366248992,4.37622929964935,-0.04002462031107825,0.001555854082107544
2777,1446.0511199523014,17.48868482961872,4.376932701436025,-0.039498861405747904,0.0016564633697271347
2778,1446.007937194188,17.482868360926314,4.377984812722642,-0.039935974615023045,0.0018099289387464525
2779,1445.964288271937,17.486439791892572,4.378555686639105,-0.04053326748338123,0.0035714309662580493
2780,1445.9257650380218,17.48997591232221,4.378734831489095,-0.04074588067344393,0.0035361204296350483
2781,1445.8986378215138,17.49337616321902,4.3786038617628,-0.041027208738144055,0.0034002508968114854
2782,1445.8869355958673,17.496533604537053,4.378238440482728,-0.04115492499920492,0.003157441318035126
2783,1445.7938146842,17.49183136124041,4.37832306235527,-0.04209222507727418,0.0028537221252918246
2784,1445.71840600913,17.49611912082758,4.378042056577292,-0.042959343654888474,0.004287759587168693
2785,1445.6679499826726,17.499998385942245,4.377494618294179,-0.04336134962052483,0.0038792651146650316
2786,1445.6432141539647,17.503357181063556,4.376771238164713,-0.04361990545968865,0.0033587951213121417
2787,1445.6366795072802,17.498143946801317,4.37660409196246,-0.04368425425653868,0.0028483018279075625
2788,1445.5599168636222,17.49578255851926,4.376660004727023,-0.04443534796653239,0.0025031358003616334
2789,1445.5021203088552,17.499527150664345,4.376399845123869,-0.04510294254592054,0.003744592145085335
2790,1445.4215351237963,17.50285665010275,4.375914427555175,-0.04582615803270528,0.003329499438405037
2791,1445.3794416950047,17.506529447708147,4.375216244128533,-0.04623991286665159,0.0036727976053953174
2792,1445.3746656930791,17.509435619313138,4.3744062413751275,-0.046330005669249205,0.002906171604990959
2793,1445.4041183964678,17.511632617462293,4.373562500428585,-0.04602973338090578,0.0021969981491565707
2794,1445.4537863799044,17.50176780273517,4.373676785511922,-0.045523919320992264,0.0015791669487953187
2795,1445.4705071252026,17.503022561532756,4.373667960391319,-0.04532736956309464,0.0012547587975859642
2796,1445.5128799102083,17.504912997347613,4.373506237377634,-0.04493476859964403,0.001890435814857483
2797,1445.5699791104166,17.496647557313302,4.374049076266017,-0.044344407807470815,0.001448446698486805
2798,1445.6306624603342,17.492636889275655,4.374821955946527,-0.04371474341966632,0.0012347664684057237
2799,1445.6420587638402,17.49062177487798,4.375620392433124,-0.043579665495074096,0.0012322351336479188
2800,1445.627518545107,17.491500176776608,4.376203327348977,-0.04381898657216652,0.0021739553660154345
2801,1445.630189121823,17.494147711161933,4.3764649774700075,-0.04374546668370158,0.002647534385323525
2802,1445.6504922807396,17.496473710153662,4.376489449931649,-0.0435272307319633,0.002325998991727829
2803,1445.6885452428182,17.494232350818606,4.376692681235055,-0.04314580653859139,0.0020134093239903453
2804,1445.7389140169234,17.495951775133403,4.376718819548843,-0.04264025833168489,0.0017194243147969246
2805,1445.7987275844318,17.4974885918645,4.376614664302885,-0.04203098491405172,0.0015368167310953142
2806,1445.7974043284519,17.498905971318276,4.376413428752236,-0.04203790044321294,0.001417379453778267
2807,1445.8011603929142,17.492409337319938,4.376779320531048,-0.04210305346544601,0.002563953399658203
2808,1445.812521542449,17.494886716276913,4.37687690038131,-0.0418834420197777,0.002477378956973553
2809,1445.7743787152497,17.49723121859929,4.3767653231287404,-0.0422695005109631,0.0023445023223757746
2810,1445.7201665332482,17.500464781009168,4.3764095830614975,-0.04288724067626845,0.0032335624098777773
2811,1445.6669124927657,17.50394256264767,4.37583367189086,-0.04335529699520521,0.0034777816385030747
2812,1445.634838865639,17.507346011333674,4.375083294904318,-0.043659044638859536,0.003403448686003685
2813,1445.6246046587135,17.498133184999705,4.375220857943365,-0.043797219232415044,0.0029707904905080795
2814,1445.6241287479584,17.49459731897293,4.375622610607091,-0.04380008114274915,0.0025571042671799662
2815,1445.6065204144443,17.496973977814896,4.375757827230781,-0.04395284039807848,0.0023766588419675827
2816,1445.6009397016937,17.499653633888347,4.375649723367885,-0.044020902706211014,0.0026796560734510424
2817,1445.608585504517,17.50209997726558,4.375361163019522,-0.04393747622445289,0.0024463433772325517
2818,1445.6299999277815,17.50430317131756,4.374944498515937,-0.04372431565471061,0.0022031940519809724
2819,1445.6100702410567,17.49592665328621,4.375287362676519,-0.043923293599855244,0.001963233947753906
2820,1445.6038830405937,17.49865286952793,4.375345724896923,-0.04403746782345934,0.002726216241717339
2821,1445.6084997927862,17.495286824827676,4.37566865509056,-0.04394157155035145,0.002460521459579468
2822,1445.6261558648605,17.49406297867023,4.376033470557328,-0.04375797951180857,0.0022651398554444312
2823,1445.6592461870423,17.49610232812189,4.376165963602888,-0.04343011716995534,0.00203934945166111
2824,1445.709128520069,17.49788341735326,4.376129057288259,-0.042934540821338484,0.0017810892313718796
2825,1445.7017202914326,17.499397017702687,4.375975102689709,-0.04300954597386863,0.0015136003494262695
2826,1445.6719398207856,17.494231813234254,4.376270960428058,-0.043387415960537516,0.002581742033362389
2827,1445.6540982763186,17.493638132089178,4.37656207939668,-0.043498437215671405,0.002975941821932793
2828,1445.6517734638087,17.4963735525919,4.376577258387467,-0.0435063174938341,0.0027354205027222637
2829,1445.6626617276916,17.494835583053696,4.376715388030575,-0.043402911143502934,0.0024401362985372547
2830,1445.6854700766125,17.49703965962695,4.3766485372003565,-0.04316890520640299,0.002204076573252678
2831,1445.6592066824796,17.49904079970734,4.376430186352208,-0.043428226824489685,0.002001140080392361
2832,1445.6570486648627,17.501935501516034,4.3760145836249205,-0.04351886952420273,0.002894701808691025
2833,1445.6432061556936,17.504372780516913,4.375474614948592,-0.04361368072384494,0.0024372790008783344
2834,1445.633405055892,17.507012759268452,4.374816101570428,-0.0436862194161472,0.002639978751540184
2835,1445.6381204932143,17.497328585797714,4.375067511256361,-0.04362768938470936,0.0025510355830192567
2836,1445.6512224912071,17.499618486540186,4.375086536510152,-0.04351388857198345,0.0022899007424712183
2837,1445.6736438818707,17.501762415321338,4.374926935358265,-0.043278158377424915,0.0021439287811517715
2838,1445.6674074082505,17.50375169500874,4.374633498477663,-0.043341390826869886,0.001989279687404633
2839,1445.6645764524753,17.506271191911566,4.37418698694867,-0.043407257196788576,0.0025194969028234484
2840,1445.6867715446588,17.508721196504105,4.373620633119594,-0.04313923378444087,0.0024500045925378803
2841,1445.7077786436537,17.51072004087435,4.372992877417815,-0.04296732958569237,0.001998844370245934
2842,1445.750834350053,17.512759239824284,4.372311474404167,-0.04249569195743788,0.0020391989499330522
2843,1445.8132412018595,17.514423617386985,4.371616710998553,-0.04190507012012858,0.0016643775627017022
2844,1445.8784108071686,17.491575153954315,4.372914181437666,-0.04124637517788869,0.0013595450669527055
2845,1445.92608173488,17.482901810717685,4.374686892807037,-0.040742254041292655,0.0013902589678764345
2846,1445.960787444628,17.484678773072464,4.375995302766288,-0.0404307958924096,0.0017769623547792435
2847,1445.9175837338269,17.486736235816878,4.376900063077401,-0.040852212700694966,0.0020574627444148066
2848,1445.8784829395813,17.486587580287342,4.377654114662387,-0.04135714288895087,0.003477185592055321
2849,1445.8473839696405,17.48995123803008,4.377997558851339,-0.04153751308852634,0.0033636577427387238
2850,1445.8284955961112,17.49313293806601,4.378019174559344,-0.04173323980956866,0.0031817000359296802
2851,1445.8283625362897,17.496065063023455,4.377797286188385,-0.04174133214495214,0.002932124957442284
2852,1445.8427563501346,17.49216738024424,4.377933856360916,-0.04160788235644759,0.0025776663795113565
2853,1445.867666619789,17.494489368215902,4.377856091045348,-0.04134890164289572,0.002321987971663475
2854,1445.9053792823452,17.496636836209102,4.377616832402177,-0.040963659174394706,0.0021474679931998255
2855,1445.9547177830405,17.498579167552993,4.377261912997355,-0.04047333583452655,0.0019423313438892366
2856,1445.870807671244,17.500349809207723,4.376826182249376,-0.04130909225647656,0.0017706416547298431
2857,1445.7527627081836,17.504532588996693,4.376127066271678,-0.042713586731588295,0.004182779788970948
2858,1445.6698666721493,17.50923058462958,4.375169870966847,-0.04335285486289877,0.004697995632886887
2859,1445.6237925716496,17.513186180942462,4.374061719486196,-0.0438363142155049,0.003955596312880516
2860,1445.5858805713044,17.499693542532658,4.374255653682912,-0.04421516130418922,0.003215926140546799
2861,1445.5649581779126,17.495467803408108,4.374760007125477,-0.04436856489222919,0.003034459426999092
2862,1445.5596697218414,17.49816682242294,4.374953013114489,-0.044436846822802634,0.0026990190148353578
2863,1445.5672804680912,17.495582597724365,4.375322460867846,-0.04435719374075689,0.002399034798145294
2864,1445.547508627843,17.497749443373845,4.375448333399123,-0.044548132636437,0.00216684564948082
2865,1445.543651735266,17.500409838206338,4.375334141409059,-0.04461283756564171,0.002660394832491875
2866,1445.5518317368287,17.497153961656416,4.375506574208866,-0.04451214507554141,0.0023557703942060472
2867,1445.57007295453,17.49929421841892,4.375473067322075,-0.044320821817871094,0.002140256762504578
2868,1445.5993202719199,17.50126204397323,4.37528478097061,-0.04402404040162082,0.0019678255543112756
2869,1445.6488381193258,17.495638433469445,4.375589947612776,-0.04352957837539179,0.0017882298678159715
2870,1445.718578775795,17.497098946755738,4.375720831113598,-0.04284698390020139,0.0014605132862925531
2871,1445.8046194887033,17.49824765575862,4.375734283084555,-0.04198498554130765,0.0011487090028822423
2872,1445.8035351506635,17.499174449684087,4.375669576101152,-0.04198684000110689,0.0009267939254641533
2873,1445.7720534219502,17.49153032205789,4.376241194484374,-0.04244313661465185,0.0025635022670030595
2874,1445.7536392736406,17.49463907569437,4.376455874211443,-0.04251813240054162,0.003108753636479378
2875,1445.720776050806,17.497483123613286,4.376399495991706,-0.042818710063695566,0.0028440479189157488
2876,1445.7070808543501,17.50056353971152,4.376101534247973,-0.042952828274430886,0.0030804160982370377
2877,1445.7099436925278,17.494816649450797,4.3763268414902186,-0.04293814086027396,0.002704638242721558
2878,1445.691953618118,17.497217506660956,4.376315395377646,-0.043110841922075455,0.002400857210159302
2879,1445.6907379527884,17.499990386075215,4.376079409859603,-0.04312982269252643,0.0027728794142603875
2880,1445.7067893486278,17.502444838478105,4.3756853238844435,-0.042963949214858986,0.0024544524028897287
2881,1445.6955831091705,17.50458829843147,4.375187009837424,-0.04307526815324764,0.00214345995336771
2882,1445.703501782317,17.507229935309724,4.374562517753176,-0.04301479986931782,0.0026416368782520294
2883,1445.7285356829968,17.509517047486142,4.373863531437037,-0.04275009564021502,0.0022871121764183044
2884,1445.7686788981923,17.511504164456262,4.3731279754590044,-0.04234321053870645,0.0019871169701218606
2885,1445.7720501110275,17.51324395325674,4.372382644016243,-0.042304231706689274,0.0017397888004779816
2886,1445.8064442290256,17.515675240686967,4.37157278742438,-0.042004707572718875,0.002431287430226803
2887,1445.8680096842413,17.51755411618097,4.3707551633136825,-0.0413751443512092,0.001878875494003296
2888,1445.931991507666,17.49070118926567,4.372279132730429,-0.04072540106816405,0.0014257140457630158
2889,1445.9257464515754,17.480861282288252,4.374332904850355,-0.04074645307402988,0.001464889943599701
2890,1445.9066801346526,17.483651236011802,4.375789002970407,-0.041065705031469404,0.002789953723549843
2891,1445.8870342014761,17.486664636372744,4.3767367483513535,-0.04115200264897794,0.003013400360941887
2892,1445.872375320564,17.489669900327144,4.377268309393376,-0.04127706043501348,0.0030052639544010163
2893,1445.866394551539,17.49256654263955,4.377467475838064,-0.04134691664880847,0.0028966423124074936
2894,1445.875981416765,17.495293114273963,4.377407976888744,-0.04125719290015013,0.002726571634411812
2895,1445.9011842769796,17.497735079317508,4.377159630366943,-0.0410166178892905,0.0024419650435447693
2896,1445.9413638183798,17.499906536876377,4.376778534707356,-0.040613412564669035,0.002171457558870316
2897,1445.9954534112437,17.501834063916622,4.376308518756765,-0.04006985893942556,0.001927527040243149
2898,1446.0674384753618,17.503551372452794,4.375782767223705,-0.039346637096789434,0.0017173085361719131
2899,1446.1530393419152,17.505001183725117,4.3752331723894216,-0.038496356307232416,0.0014498112723231316
2900,1446.062561791675,17.484393040774684,4.376466602067218,-0.03939171995682727,0.0012764325365424156
2901,1445.902798015481,17.483203574155933,4.377575217615096,-0.04129473144331768,0.00450354851782322
2902,1445.762128030853,17.48857291729831,4.378045499642761,-0.04249201344354333,0.005636486038565636
2903,1445.6492052875908,17.493613650448573,4.378019202192407,-0.04355734201475798,0.005142537131905556
2904,1445.5683085114,17.49812595190848,4.377628893007812,-0.04437993845320079,0.004512301459908485
2905,1445.5188091251107,17.499710347984387,4.377179362629122,-0.044880027842668826,0.0038311105221509934
2906,1445.4991053211002,17.502902834970904,4.376549857682058,-0.04507280914256171,0.0031924869865179064
2907,1445.5029450976808,17.50064761101897,4.376217960526817,-0.04502874100063309,0.0026105672121047975
2908,1445.5227217469187,17.498915349247252,4.376087365291505,-0.04481655906903598,0.0021728018298745157
2909,1445.555652874249,17.500809013026153,4.375825526994537,-0.044471385062606714,0.0018936637789011002
2910,1445.5963988018268,17.496897056481856,4.375930504679823,-0.044057662791526585,0.0016771556809544565
2911,1445.641895102447,17.49847049765946,4.375888004768723,-0.043591420425864266,0.0015734411776065827
2912,1445.558026121909,17.494041332925313,4.376215106183696,-0.04442425997948021,0.0015282291918992997
2913,1445.472182517636,17.49689731373694,4.376249938592048,-0.04551290275764359,0.0038755085319280625
2914,1445.428511188434,17.500723128386404,4.375965855593742,-0.045719857503906954,0.0038258146494627
2915,1445.4230956465904,17.501111679387503,4.375701155147322,-0.04585262288063405,0.0029900211840868
2916,1445.450675109774,17.50337741100531,4.37529894519345,-0.04556567785888774,0.0022657316178083422
2917,1445.4924525487595,17.50504780938219,4.374832628075916,-0.04513500783649761,0.0016703983768820764
2918,1445.5508654177588,17.49857753951155,4.374978998493368,-0.04451412560005792,0.0014426006004214288
2919,1445.5895541548728,17.49976968195342,4.375001600355328,-0.04412950426712769,0.0011921424418687822
2920,1445.6155234422727,17.50137082625233,4.374889288370029,-0.04388566576297762,0.0016011442989110948
2921,1445.6467238361226,17.49497289337798,4.375320031616575,-0.0435591392086576,0.0018649199977517129
2922,1445.6433686531404,17.492229497830174,4.375897431362909,-0.04357253058694823,0.0018027488142251969
2923,1445.6415105510448,17.492574438451516,4.376342710607327,-0.043649824734832234,0.002452051267027855
2924,1445.609071333202,17.494997438414682,4.37650983203076,-0.04391219179836526,0.00242299996316433
2925,1445.596493528207,17.497960985823262,4.376404690503747,-0.044089119462471446,0.0029635474085807803
2926,1445.6114086599232,17.500537276080536,4.376107940011771,-0.04392463911589857,0.0025762902572751046
2927,1445.6333546156034,17.502609550579177,4.375695258336322,-0.0437168554198297,0.002072274498641491
2928,1445.6673183069558,17.496020777147635,4.375895293927279,-0.043338088224647894,0.0019595615565776827
2929,1445.706723710676,17.497792835530266,4.375914510500835,-0.04295151321063486,0.0017720583826303484
2930,1445.7053813347732,17.499500664692743,4.375790704291994,-0.04295260957428355,0.001707829162478447
2931,1445.715093396431,17.501971621808035,4.3754872565852825,-0.04292537883097111,0.002470957115292549
2932,1445.7312873999658,17.49407600773099,4.375883659048156,-0.04270715845089853,0.0022706326097249986
2933,1445.7041146503843,17.49624697075757,4.3760312979691784,-0.04296882045447091,0.002170963026583195
2934,1445.6633990417104,17.499204043984143,4.375910709860342,-0.043444620602895154,0.0029570732265710832
2935,1445.6327516999145,17.502372396304935,4.375552909859441,-0.04369361091027713,0.003168352320790291
2936,1445.619765720163,17.496776372200536,4.375716820948513,-0.043824545230525015,0.0029463279992341996
2937,1445.6252961193356,17.49938244634001,4.375638259662876,-0.043781064192619394,0.0026060741394758227
2938,1445.6486457568167,17.50164442919819,4.375388990169482,-0.043547951559962716,0.002261982858181
2939,1445.6874661978868,17.50359264352052,4.375025381110478,-0.04315671487471718,0.0019482143223285677
2940,1445.6904525882778,17.505286365008637,4.374588810762086,-0.04312092340064282,0.0016937214881181718
2941,1445.7014903791455,17.494999192859837,4.375071490784404,-0.04305253424474813,0.0023681018501520157
2942,1445.716499343562,17.497234781663725,4.375284596085652,-0.042848257869006826,0.0022355888038873674
2943,1445.7435330202686,17.49940978439511,4.375281601209466,-0.04257072840456431,0.0021750027313828467
2944,1445.7230069875523,17.50138425083817,4.375117792013267,-0.04278998375330957,0.001974466443061829
2945,1445.713313576159,17.49386389949857,4.375598031583856,-0.042953976464002605,0.0028455886989831925
2946,1445.717219512894,17.496502612768996,4.375776192383279,-0.04284849241391612,0.0026387132704257968
2947,1445.7389609399117,17.498888639598476,4.375727298126301,-0.042635659244976976,0.002386026829481125
2948,1445.7280081575095,17.50095950947641,4.3755179733491545,-0.04275143412005945,0.002070869877934456
2949,1445.7387671739514,17.503631729125367,4.375127953242181,-0.04267246323758854,0.0026722196489572525
2950,1445.7695653308276,17.505904250457274,4.37462242631122,-0.04234431652342892,0.002272521331906319
2951,1445.8181506142478,17.507828020542252,4.374050683736487,-0.04185336898221522,0.00192377008497715
2952,1445.8675138713966,17.49187093305319,4.374885868014813,-0.041353749347676966,0.0016348894685506822
2953,1445.8406705128864,17.493552584787004,4.3754332945433525,-0.0415979710976626,0.00168165173381567
2954,1445.8240681463433,17.49663911110639,4.375629953365935,-0.04189980599512409,0.0030865263193845752
2955,1445.821374356763,17.4995156960833,4.375556139076139,-0.04180725056661686,0.002876584976911545
2956,1445.8338836152454,17.502126620178217,4.375282246641469,-0.04168772993574521,0.0026109240949153904
2957,1445.806602936509,17.504462131698723,4.374866796843585,-0.04196151189235025,0.0023355115205049514
2958,1445.806001163255,17.50751470423221,4.3742766717818835,-0.042011694468749285,0.003052572533488274
2959,1445.8303296019965,17.51006275995552,4.373584542117579,-0.041747155661053054,0.002548055723309517
2960,1445.8766126844182,17.512163299349243,4.372845339713595,-0.0412786247887766,0.002100539393723011
2961,1445.9468422842547,17.513893845890756,4.372097773478955,-0.040568576442674385,0.0017305465415120127
2962,1446.0144704623028,17.48896075991594,4.373522300952413,-0.03989366361324528,0.0013468641787767412
2963,1446.0679462893213,17.490443389319413,4.374569253005796,-0.03933411362925653,0.0014826294034719469
2964,1446.0082218577015,17.492247201517753,4.375280346156722,-0.03994989970247161,0.0018038121983408929
2965,1445.9566473485406,17.496115411460927,4.375547332423925,-0.04063996628907717,0.003868209943175316
2966,1445.9271332569756,17.49977849127405,4.375466914280703,-0.040749180443249315,0.0036630798131227493
2967,1445.9211639426408,17.50299689696782,4.3751379632899665,-0.04083282798552773,0.003218405693769455
2968,1445.9383156976774,17.505765083820155,4.3746420072479895,-0.04066186490736982,0.00276818685233593
2969,1445.976981235681,17.50811322072201,4.374043433545949,-0.040272192638237815,0.002348136901855469
2970,1446.0229977239285,17.488842276468848,4.375127424674644,-0.03980691119992343,0.0019792525097727777
2971,1446.0657998354452,17.4907440960258,4.37586088070598,-0.03934974494083007,0.001901819556951523
2972,1446.1082174261173,17.492749570481454,4.376298427279159,-0.03892819122869696,0.0020054744556546214
2973,1446.1524486251653,17.49480428638307,4.376489304085686,-0.03848043789294252,0.0020547159016132354
2974,1446.0437879696296,17.496868063680804,4.376477171186267,-0.03956302644331572,0.0020637772977352142
2975,1445.946861236872,17.48857681659902,4.377144782920267,-0.04080656920043794,0.004815592989325524
2976,1445.8589930173223,17.487937656668365,4.37774445669168,-0.04144075895452034,0.004508701711893082
2977,1445.7949943193216,17.490156353130086,4.378054877309387,-0.042075413852016935,0.004255131259560585
2978,1445.75701558221,17.493901929496868,4.378003333715212,-0.04248079966717796,0.0037455763667821884
2979,1445.7449432064864,17.497120455890045,4.37769804999114,-0.04260327293249702,0.0032185263931751255
2980,1445.7570850460304,17.499838461219415,4.377225601941884,-0.04247920164607649,0.0027180053293704987
2981,1445.7908613533787,17.50211094008301,4.376652487568761,-0.04213593911279077,0.0022724788635969163
2982,1445.7172678322029,17.504007459669456,4.376027550202196,-0.04286491760568652,0.0018965195864439012
2983,1445.6738094532222,17.50784160183285,4.375201775464021,-0.04345566772547272,0.003834142163395882
2984,1445.6608339041873,17.511064373194323,4.3742612753030565,-0.043452798038319994,0.003222771361470223
2985,1445.677099233419,17.513698251596736,4.373274824628021,-0.04328789696171498,0.002633878402411938
2986,1445.7202770072936,17.515794896013187,4.37229459729278,-0.04285095332566016,0.0020966444164514544
2987,1445.7075171639738,17.49511461472149,4.373180803465039,-0.042971522899749745,0.001629699021577835
2988,1445.6814197918668,17.497798209171844,4.373688189187809,-0.043291191624209656,0.002683594450354576
2989,1445.6658352823476,17.500705689843844,4.373866646159964,-0.04336403579868829,0.0029074806720018388
2990,1445.6735010011464,17.503399088513206,4.3737928763378715,-0.043286398188799924,0.0026933986693620684
2991,1445.6926606388245,17.493791817438424,4.374517491275987,-0.04311647955566286,0.002262539230287075
2992,1445.7126975799454,17.490224892998874,4.375403164590441,-0.04289192399521426,0.002073541283607483
2993,1445.7332463789762,17.4923063823756,4.375959317396428,-0.04266833101954944,0.0020814893767237665
2994,1445.75346246457,17.49034467306462,4.376575673582231,-0.04246646487132694,0.0020923845469951632
2995,1445.7853393878756,17.49000465673938,4.377108871788687,-0.04214952237162151,0.0021215470507740977
2996,1445.8273232238507,17.491940263934282,4.377387916498014,-0.041745361747080094,0.0019356071949005128
2997,1445.8786057954298,17.493727044291642,4.377470717468858,-0.04122882472945548,0.0017867803573608399
2998,1445.9379334156895,17.495389006376115,4.377402798723407,-0.040633147670394006,0.0016619620844721796
2999,1445.8716282911678,17.496957417107968,4.377218934827131,-0.04129307222358421,0.0015684107318520548
