step,temperature,error
0,1404.0531052587767,-45.94689474122333
1,1407.6632951588026,-42.33670484119739
2,1411.092616089783,-38.90738391021705
3,1414.1980967751788,-35.80190322482122
4,1417.0496982325465,-32.95030176745354
5,1419.6281640769564,-30.37183592304359
6,1422.0468013789214,-27.953198621078627
7,1424.3445959021697,-25.655404097830342
8,1426.372380750527,-23.6276192494729
9,1428.25978453703,-21.7402154629699
10,1430.077334679997,-19.922665320003034
11,1431.727748164871,-18.272251835129055
12,1433.19198810168,-16.808011898320046
13,1434.553817458209,-15.446182541790904
14,1435.6851199923333,-14.314880007666716
15,1436.8684416114415,-13.13155838855846
16,1437.9387462187103,-12.061253781289679
17,1438.824599585721,-11.17540041427901
18,1439.7335151365821,-10.266484863417872
19,1440.5842507590628,-9.415749240937203
20,1441.2602572193066,-8.739742780693405
21,1441.9193467344278,-8.08065326557221
22,1442.49480800168,-7.505191998320015
23,1443.1375853153122,-6.862414684687792
24,1443.7451673935582,-6.254832606441823
25,1444.1713013938618,-5.828698606138232
26,1444.614104734674,-5.3858952653260985
27,1445.0820174825474,-4.917982517452629
28,1445.4573234904844,-4.542676509515559
29,1445.7530929976292,-4.24690700237079
30,1446.0945188892763,-3.905481110723713
31,1446.4709795799222,-3.5290204200778135
32,1446.7701675123144,-3.2298324876855986
33,1447.0425635206645,-2.957436479335456
34,1447.2917486134108,-2.708251386589154
35,1447.463352644268,-2.5366473557319296
36,1447.6464283688208,-2.353571631179193
37,1447.7841184146146,-2.215881585385432
38,1448.0104342557636,-1.9895657442364154
39,1448.1984554366863,-1.801544563313655
40,1448.3481217239043,-1.6518782760956583
41,1448.5364035632301,-1.4635964367698762
42,1448.736794535713,-1.2632054642870116
43,1448.815459209194,-1.184540790806068
44,1448.938774475294,-1.0612255247060602
45,1449.0551670780198,-0.9448329219801508
46,1449.142781298521,-0.8572187014790416
47,1449.1985209011948,-0.8014790988052027
48,1449.2665491105317,-0.7334508894682585
49,1449.3989065909882,-0.6010934090118099
50,1449.4942487077215,-0.5057512922785463
51,1449.4515725331307,-0.5484274668692706
52,1449.4667650290585,-0.5332349709415212
53,1449.5153666398292,-0.48463336017084657
54,1449.5703873255652,-0.429612674434793
55,1449.6419182977393,-0.35808170226073344
56,1449.7176417770224,-0.28235822297756386
57,1449.7486387842184,-0.25136121578157145
58,1449.7358792728824,-0.2641207271176427
59,1449.6997725051267,-0.3002274948732975
60,1449.7551307940798,-0.2448692059201676
61,1449.793792772339,-0.20620722766102517
62,1449.832875465709,-0.167124534290906
63,1449.892156456661,-0.10784354333895863
64,1449.9059802152335,-0.09401978476648765
65,1449.9277901051846,-0.07220989481538709
66,1449.8375335437759,-0.1624664562241378
67,1449.7914582812966,-0.20854171870337268
68,1449.7536391659914,-0.24636083400855568
69,1449.7719634664854,-0.22803653351456887
70,1449.825901535034,-0.17409846496593673
71,1449.8364279564819,-0.1635720435181156
72,1449.8458879761029,-0.15411202389714163
73,1449.9103304400464,-0.0896695599535633
74,1449.9171200378464,-0.08287996215358362
75,1449.8994509397132,-0.10054906028676669
76,1449.924347936088,-0.07565206391200263
77,1450.0131629071657,0.013162907165678916
78,1450.0335652388144,0.033565238814389886
79,1450.0227585176012,0.022758517601232597
80,1449.9382810110271,-0.06171898897287065
81,1450.0051953083241,0.0051953083241187414
82,1450.0410678297949,0.04106782979488344
83,1450.019500631847,0.01950063184699502
84,1450.097328550907,0.09732855090692283
85,1450.0099172865325,0.009917286532527214
86,1450.0692210425264,0.06922104252635108
87,1450.124784592985,0.12478459298495181
88,1450.1405694806551,0.14056948065513097
89,1450.1391453639394,0.1391453639394058
90,1450.1045569331825,0.1045569331824936
91,1450.1286597691253,0.1286597691253064
92,1450.1134826094028,0.11348260940280852
93,1450.094288728404,0.09428872840408076
94,1450.1300942608802,0.13009426088024156
95,1450.1413400208523,0.14134002085233988
96,1450.2157882351953,0.21578823519530488
97,1450.210090088511,0.21009008851092403
98,1450.2724915271942,0.27249152719423364
99,1450.253644987814,0.25364498781391376
100,1450.1826054407459,0.18260544074587415
101,1450.153773929054,0.1537739290540685
102,1450.0796957875893,0.07969578758934404
103,1450.0271428211158,0.027142821115830884
104,1450.0258097435503,0.025809743550325948
105,1449.9749575702215,-0.025042429778523
106,1449.9704044972898,-0.029595502710208166
107,1449.9126855238364,-0.08731447616355581
108,1449.8054520337112,-0.19454796628883742
109,1449.7937357969176,-0.20626420308235538
110,1449.784200039565,-0.2157999604351062
111,1449.7754898930489,-0.22451010695112927
112,1449.774583159939,-0.225416840060916
113,1449.7965188379442,-0.203481162055823
114,1449.7705406303046,-0.22945936969540526
115,1449.8509723145926,-0.14902768540741818
116,1449.95375817795,-0.04624182204997851
117,1449.9240097527872,-0.07599024721275782
118,1449.9946374029505,-0.005362597049497708
119,1450.069125923032,0.06912592303206111
120,1450.0482760723244,0.048276072324370034
121,1450.0354235648126,0.03542356481261777
122,1449.93481131828,-0.06518868171997383
123,1449.9534621216512,-0.04653787834877221
124,1450.0055835611695,0.005583561169487439
125,1450.0199275956763,0.01992759567633584
126,1450.0270981920494,0.027098192049379577
127,1450.0739021776058,0.07390217760575979
128,1450.0467024652946,0.04670246529462929
129,1450.0074179146427,0.007417914642701362
130,1450.0410716059155,0.04107160591547654
131,1450.0931804184252,0.09318041842516323
132,1450.1659611497246,0.16596114972458054
133,1450.0799456817645,0.07994568176445682
134,1450.0341516415745,0.034151641574453606
135,1450.0551734166465,0.05517341664653941
136,1450.0361194995476,0.0361194995475671
137,1449.9218767453754,-0.07812325462464287
138,1450.0050605253223,0.005060525322278409
139,1450.0458255473652,0.045825547365211605
140,1449.9901593735835,-0.009840626416462328
141,1449.9952224423075,-0.004777557692477785
142,1449.915790231607,-0.08420976839306604
143,1449.9509875346678,-0.049012465332225474
144,1449.9854130741212,-0.014586925878802504
145,1450.0106865926882,0.010686592688216479
146,1450.0143060104226,0.014306010422615145
147,1450.0029556794843,0.002955679484330176
148,1449.9577568308596,-0.04224316914041992
149,1450.0090579478033,0.00905794780328506
150,1450.0128771995285,0.012877199528475103
151,1450.0586936816883,0.058693681688282595
152,1450.040257032922,0.04025703292199978
153,1449.9491270479045,-0.05087295209546028
154,1449.8911402075455,-0.10885979245449562
155,1449.8951909557852,-0.10480904421478954
156,1449.8579983997477,-0.14200160025234254
157,1449.8614201654498,-0.13857983455022804
158,1449.8702852074816,-0.12971479251837081
159,1449.9120829579686,-0.08791704203144945
160,1449.9309821263698,-0.0690178736301732
161,1449.8501373236636,-0.14986267633639727
162,1449.9394015850353,-0.06059841496471563
163,1449.9621357811534,-0.0378642188466074
164,1449.8758785427851,-0.12412145721486922
165,1449.8594791397431,-0.1405208602568564
166,1449.8413982228137,-0.1586017771862771
167,1449.7879011352006,-0.21209886479937268
168,1449.8293710533844,-0.17062894661557948
169,1449.8257515367873,-0.17424846321273435
170,1449.9041878169085,-0.09581218309153883
171,1450.0121451751018,0.012145175101750283
172,1449.9955119445312,-0.004488055468755192
173,1450.0771235794998,0.07712357949981197
174,1450.072569676626,0.0725696766260171
175,1450.0760541884883,0.07605418848834233
176,1450.060206502405,0.06020650240498071
177,1450.062365370217,0.062365370217094096
178,1450.07478736437,0.07478736436996769
179,1450.0632929784917,0.06329297849174509
180,1450.0954058060304,0.09540580603038507
181,1450.0565120752062,0.056512075206228474
182,1450.008630852904,0.008630852903934283
183,1450.057087451008,0.0570874510081012
184,1450.0627975796356,0.06279757963557131
185,1450.0106578234527,0.010657823452675075
186,1449.9801655406077,-0.019834459392313875
187,1449.972003349371,-0.027996650628892894
188,1449.9602024493404,-0.03979755065961399
189,1449.968570713861,-0.03142928613897311
190,1449.9273433912572,-0.07265660874281821
191,1449.9601839632692,-0.039816036730826454
192,1450.0300501730012,0.030050173001200164
193,1450.0148387351753,0.014838735175317197
194,1450.0349758914165,0.0349758914164795
195,1450.0379348908007,0.03793489080067047
196,1450.0779727943368,0.0779727943368016
197,1450.1647470070184,0.1647470070183772
198,1450.1106098418943,0.11060984189430201
199,1450.1492948659618,0.1492948659617923
200,1450.1570042184132,0.15700421841324896
201,1450.074011303302,0.07401130330208616
202,1450.081921308142,0.08192130814200027
203,1450.0112786760194,0.011278676019401246
204,1450.0035579163975,0.003557916397539884
205,1450.0126844377785,0.012684437778489155
206,1450.0542201534088,0.05422015340877806
207,1450.0423506999502,0.04235069995024787
208,1450.044544992592,0.04454499259190925
209,1450.0128425349328,0.012842534932815397
210,1449.981038022108,-0.018961977892104187
211,1449.9728457804745,-0.02715421952552788
212,1449.9645032488218,-0.03549675117824336
213,1449.9736256647548,-0.02637433524523658
214,1449.9139522024232,-0.086047797576839
215,1449.8832956982167,-0.11670430178332936
216,1449.9064813510488,-0.09351864895120343
217,1449.7938776113704,-0.2061223886296375
218,1449.9389555006208,-0.06104449937924983
219,1449.999369007777,-0.0006309922230229859
220,1449.9981054522118,-0.0018945477881970874
221,1450.0651104357048,0.06511043570480979
222,1450.0093971678996,0.009397167899578562
223,1450.0402245811583,0.040224581158327055
224,1450.0729890422024,0.07298904220238
225,1450.1050026579553,0.1050026579553105
226,1450.0909718710311,0.09097187103111537
227,1450.0590586430553,0.059058643055323046
228,1450.1306542340799,0.1306542340798842
229,1450.1082796867408,0.10827968674084332
230,1450.0893970686268,0.08939706862679486
231,1450.1301872315237,0.13018723152367784
232,1450.1153292162442,0.11532921624416304
233,1450.2041144341624,0.20411443416242037
234,1450.2478388857028,0.24783888570277668
235,1450.2956366110084,0.29563661100837635
236,1450.2536023622445,0.25360236224446453
237,1450.2137450526436,0.21374505264361687
238,1450.1845487503583,0.1845487503583172
239,1450.1514288455114,0.15142884551141833
240,1450.1632473924674,0.16324739246738318
241,1450.1861857160543,0.1861857160542968
242,1450.2512200227313,0.2512200227313315
243,1450.2573936626309,0.25739366263087504
244,1450.2062355179307,0.20623551793073602
245,1450.2018240005916,0.2018240005916141
246,1450.197688221685,0.19768822168498446
247,1450.1601415684052,0.1601415684051517
248,1450.1095824799977,0.1095824799976981
249,1450.1099733788278,0.10997337882781721
250,1450.1033305861988,0.1033305861988083
251,1450.0579338613054,0.05793386130540057
252,1449.975765629609,-0.024234370391013726
253,1449.8825472509316,-0.11745274906843406
254,1449.8476934153598,-0.15230658464020053
255,1449.9171912132008,-0.08280878679920534
256,1449.8565434902152,-0.14345650978475533
257,1449.7942248454258,-0.20577515457421214
258,1449.6957367262821,-0.3042632737178792
259,1449.7005710091369,-0.29942899086313446
260,1449.7676969124152,-0.23230308758479623
261,1449.7512662783045,-0.24873372169554386
262,1449.750525206887,-0.24947479311299503
263,1449.741221245441,-0.258778754558989
264,1449.7504294540497,-0.2495705459502915
265,1449.774508459931,-0.22549154006901517
266,1449.7978391826935,-0.20216081730654878
267,1449.8698373393274,-0.13016266067256765
268,1449.8056630780807,-0.19433692191933005
269,1449.7978643035638,-0.20213569643624396
270,1449.8427858769708,-0.15721412302923454
271,1449.9072612728949,-0.09273872710514297
272,1449.9836858569754,-0.016314143024601435
273,1449.898939313134,-0.10106068686604885
274,1449.8804880682317,-0.1195119317683293
275,1449.9452269072303,-0.0547730927696648
276,1449.9357242101055,-0.06427578989450922
277,1449.9478578861228,-0.05214211387715295
278,1450.0546711395011,0.054671139501124344
279,1450.0050192310093,0.005019231009327996
280,1449.905403493322,-0.09459650667804453
281,1449.9763057207279,-0.023694279272149288
282,1449.9320216408512,-0.06797835914881034
283,1449.9428634109954,-0.0571365890045854
284,1449.9323241886566,-0.06767581134340617
285,1449.8589366238418,-0.1410633761581721
286,1449.9015221679215,-0.09847783207851535
287,1449.7756887599842,-0.22431124001582248
288,1449.8012181840716,-0.19878181592844157
289,1449.830865490007,-0.1691345099930004
290,1449.7968235553965,-0.20317644460351403
291,1449.9049885747609,-0.09501142523913586
292,1449.9426798141153,-0.057320185884691455
293,1449.9442851290935,-0.05571487090651317
294,1450.0385857478982,0.03858574789819613
295,1450.0486016209902,0.048601620990211813
296,1450.1097539674583,0.10975396745834587
297,1450.202899952069,0.20289995206894673
298,1450.258110893008,0.2581108930080518
299,1450.2713576352605,0.2713576352605287
300,1450.2570893074349,0.25708930743485325
301,1450.266561088914,0.2665610889139316
302,1450.2856599316308,0.2856599316307893
303,1450.2380055533083,0.2380055533083123
304,1450.1773264007845,0.17732640078452278
305,1450.1819906174783,0.18199061747827727
306,1450.0741287021058,0.07412870210578149
307,1450.125239305699,0.1252393056990968
308,1450.1876892174926,0.1876892174925615
309,1450.1360190832984,0.13601908329837897
310,1450.0966541715482,0.09665417154815259
311,1449.992822793417,-0.007177206583037332
312,1449.9542372468359,-0.04576275316412648
313,1449.9489110049517,-0.05108899504830333
314,1449.9302074372777,-0.06979256272234124
315,1449.9444469288703,-0.055553071129679665
316,1449.9692794484222,-0.03072055157781506
317,1449.969680318889,-0.03031968111099559
318,1450.0374390346483,0.037439034648286906
319,1450.0039286547008,0.003928654700757761
320,1450.0237779162956,0.02377791629555759
321,1450.027641770483,0.027641770482887296
322,1450.0912294346974,0.09122943469742495
323,1450.091852364146,0.09185236414600695
324,1450.0771740316402,0.07717403164019743
325,1450.0242442750543,0.024244275054343234
326,1449.9890149454586,-0.010985054541379213
327,1449.9469075618142,-0.053092438185785795
328,1449.968860496191,-0.031139503809072266
329,1450.0276107472178,0.02761074721775003
330,1450.107054313857,0.10705431385690645
331,1450.05552919411,0.05552919411002222
332,1450.096257392242,0.09625739224202334
333,1450.097496761467,0.09749676146702768
334,1450.0424456618032,0.04244566180318543
335,1450.0592578919247,0.0592578919247444
336,1450.0733836011898,0.07338360118978926
337,1450.0486205592858,0.04862055928583686
338,1450.0876119963843,0.08761199638433936
339,1450.0338124183443,0.033812418344268735
340,1450.0771691410312,0.07716914103116324
341,1450.0651324269545,0.06513242695450572
342,1450.0757057679893,0.0757057679893478
343,1450.1254423157443,0.12544231574429432
344,1450.133867527795,0.13386752779501876
345,1450.0633482291644,0.06334822916437588
346,1449.9457354593783,-0.05426454062171615
347,1450.0391527962272,0.03915279622719936
348,1450.0751516449664,0.07515164496635407
349,1450.1008188499516,0.10081884995156543
350,1450.061702687041,0.06170268704090631
351,1449.99376898166,-0.006231018340031369
352,1449.9853241120495,-0.014675887950488686
353,1449.9250790500153,-0.07492094998474386
354,1449.9447519727973,-0.05524802720265143
355,1449.966324518349,-0.033675481651016526
356,1449.8281953454655,-0.17180465453452598
357,1449.8293370423594,-0.1706629576406158
358,1449.8092294004473,-0.1907705995527067
359,1449.7958052866124,-0.20419471338755102
360,1449.7724149407875,-0.22758505921251526
361,1449.735977541319,-0.2640224586809836
362,1449.66449299635,-0.3355070036500365
363,1449.7298621871932,-0.27013781280675175
364,1449.8056857254992,-0.19431427450081173
365,1449.8928938565566,-0.10710614344338865
366,1449.9539048371748,-0.04609516282516779
367,1449.971811122812,-0.028188877188085826
368,1449.9572632912377,-0.042736708762276976
369,1450.016768558787,0.016768558786907306
370,1450.004104499557,0.004104499556888186
371,1450.0677945844543,0.06779458445430464
372,1450.107376692966,0.10737669296599961
373,1449.982572235287,-0.01742776471292018
374,1450.0596868768864,0.05968687688641694
375,1450.0220853102462,0.02208531024621152
376,1449.9889324937965,-0.011067506203517041
377,1450.0046666537569,0.004666653756885353
378,1449.939463242301,-0.060536757699082955
379,1449.9504270291147,-0.04957297088526502
380,1449.8706039990645,-0.12939600093545778
381,1449.8134149805815,-0.1865850194185441
382,1449.8010117896883,-0.19898821031165426
383,1449.798412469116,-0.20158753088389858
384,1449.7665346691533,-0.23346533084668408
385,1449.7498725024723,-0.25012749752772834
386,1449.7507639311136,-0.2492360688863755
387,1449.747733046259,-0.25226695374090014
388,1449.754676660494,-0.2453233395060579
389,1449.796579290712,-0.20342070928791145
390,1449.7243953812979,-0.2756046187021184
391,1449.8105505644978,-0.1894494355021834
392,1449.9094055703636,-0.0905944296364396
393,1449.9270602566853,-0.07293974331469144
394,1449.9255214022123,-0.07447859778767452
395,1449.8582939995547,-0.14170600044531056
396,1449.880691024067,-0.11930897593310874
397,1449.828587024862,-0.1714129751380824
398,1449.8871303400383,-0.11286965996168874
399,1449.8276255576432,-0.17237444235684052
400,1449.810566131957,-0.1894338680428973
401,1449.8682679994208,-0.1317320005791771
402,1449.9056980089676,-0.09430199103235282
403,1449.8885096612626,-0.11149033873743974
404,1449.9109106784408,-0.08908932155918592
405,1449.9902922406307,-0.009707759369348423
406,1449.9955958925395,-0.004404107460459272
407,1449.976163212177,-0.023836787823029226
408,1449.9169683321516,-0.08303166784844507
409,1449.8567842805287,-0.14321571947129996
410,1449.8273676401716,-0.17263235982841252
411,1449.8690663067148,-0.13093369328521476
412,1449.9507167043396,-0.049283295660416115
413,1450.022193479938,0.02219347993809606
414,1449.952701806845,-0.04729819315502937
415,1449.9738201928667,-0.026179807133303257
416,1449.9541487231477,-0.045851276852317824
417,1449.950044763201,-0.049955236798950864
418,1449.9860864702703,-0.013913529729734364
419,1450.025269461443,0.025269461443031105
420,1450.0015961598024,0.0015961598023750412
421,1449.975422897045,-0.02457710295493598
422,1450.0319163919023,0.03191639190231399
423,1450.0431970637392,0.043197063739171426
424,1450.0952992678244,0.09529926782442999
425,1450.0530487248775,0.0530487248774989
426,1450.0905671644432,0.09056716444320045
427,1450.0624488684043,0.06244886840431718
428,1450.1122789584485,0.11227895844854174
429,1450.050720103759,0.05072010375897662
430,1449.9943508697945,-0.005649130205483743
431,1450.0131299538339,0.013129953833868058
432,1450.065825476684,0.06582547668404004
433,1450.052697516777,0.05269751677701606
434,1450.0953866224852,0.09538662248519358
435,1450.1432083115183,0.14320831151826496
436,1450.096901749244,0.09690174924389794
437,1450.0430045219357,0.04300452193569981
438,1449.9462256592833,-0.05377434071669995
439,1449.9633677642341,-0.03663223576586461
440,1450.0025178423352,0.0025178423352372192
441,1449.954371452826,-0.04562854717391929
442,1449.9284536405974,-0.07154635940264598
443,1449.9618169461169,-0.038183053883130924
444,1449.9235097620094,-0.07649023799058341
445,1449.9768651482555,-0.023134851744543994
446,1449.9448517905569,-0.055148209443132146
447,1449.9568472711062,-0.043152728893801395
448,1449.913879558007,-0.08612044199298907
449,1449.929266492299,-0.07073350770110665
450,1449.950236603299,-0.04976339670110974
451,1449.89518206812,-0.10481793188000665
452,1449.8382636457607,-0.16173635423933774
453,1449.8649528120397,-0.13504718796025372
454,1449.8729654970969,-0.12703450290314322
455,1449.893072597802,-0.1069274021979254
456,1449.9229466589227,-0.07705334107731687
457,1449.9681148814152,-0.031885118584796146
458,1449.9401097328505,-0.05989026714951251
459,1449.9149958316716,-0.08500416832839619
460,1449.8306712271442,-0.16932877285580616
461,1449.8931722515977,-0.10682774840233833
462,1449.9779631768183,-0.02203682318167921
463,1450.0498961798403,0.049896179840288823
464,1450.134685187772,0.1346851877719928
465,1450.1286480418119,0.12864804181185718
466,1450.1735861611753,0.173586161175308
467,1450.0991175885351,0.09911758853513675
468,1450.0556186907404,0.0556186907404026
469,1450.0215400646337,0.021540064633654765
470,1450.0462582815328,0.04625828153280054
471,1450.110314410709,0.11031441070895198
472,1450.1428092542033,0.1428092542032573
473,1450.0752476035461,0.07524760354613136
474,1450.1641006440013,0.16410064400133706
475,1450.070642595927,0.07064259592698363
476,1450.0024973977338,0.0024973977338049735
477,1450.0331985916691,0.03319859166913375
478,1449.9501533671184,-0.04984663288155389
479,1449.992074397136,-0.007925602863906533
480,1450.0078988085997,0.007898808599748008
481,1450.0083090944956,0.008309094495643876
482,1450.0379006043313,0.03790060433129838
483,1450.0073900181078,0.007390018107798824
484,1450.0025716236275,0.002571623627545705
485,1450.0340306128344,0.034030612834385465
486,1450.0281404771224,0.028140477122406082
487,1450.058013271561,0.05801327156109437
488,1450.117312699024,0.11731269902406893
489,1450.1189369213475,0.11893692134754019
490,1450.0840588937065,0.08405889370646946
491,1450.0081228900708,0.008122890070808353
492,1449.940322711906,-0.05967728809400796
493,1449.906995347186,-0.09300465281398829
494,1449.8669041651403,-0.1330958348596596
495,1449.9005462521677,-0.09945374783228544
496,1449.9060330277973,-0.09396697220267924
497,1449.9226192180977,-0.07738078190232045
498,1449.9328034325752,-0.06719656742484403
499,1449.9419161393264,-0.05808386067360516
500,1449.9539141359876,-0.04608586401241155
501,1449.9825733943646,-0.017426605635364467
502,1449.9600131746668,-0.03998682533324427
503,1449.8919233412234,-0.10807665877655381
504,1449.8909989864912,-0.10900101350875957
505,1449.9138739038149,-0.08612609618512579
506,1450.0252461014834,0.025246101483389793
507,1450.01338142787,0.013381427869944673
508,1449.9293088109346,-0.07069118906542826
509,1449.847009037303,-0.15299096269700385
510,1449.9939696300182,-0.00603036998177231
511,1449.974968623441,-0.025031376558899865
512,1450.0593571453437,0.05935714534371073
513,1450.0636397517264,0.06363975172644132
514,1450.1405590151273,0.14055901512733726
515,1450.1528516358335,0.1528516358334855
516,1450.196691488541,0.19669148854109153
517,1450.2440625004538,0.2440625004537651
518,1450.2882516389225,0.28825163892247474
519,1450.2424073861387,0.24240738613866597
520,1450.1917595780308,0.19175957803076926
521,1450.1388857912484,0.13888579124841272
522,1450.0700625794484,0.070062579448404
523,1450.0834835547637,0.08348355476368852
524,1450.1180758043333,0.11807580433332987
525,1450.1257683288836,0.12576832888362333
526,1450.1071830712256,0.10718307122556325
527,1450.0732196052938,0.07321960529384341
528,1450.0846464262952,0.08464642629519403
529,1450.197262628509,0.19726262850895182
530,1450.2286524474043,0.228652447404329
531,1450.2355325168255,0.2355325168255149
532,1450.1669690855676,0.16696908556764356
533,1450.1493948430905,0.14939484309047657
534,1450.1496209697725,0.1496209697725135
535,1450.1052207297953,0.10522072979529185
536,1450.0686262647373,0.06862626473730415
537,1450.0873229289975,0.08732292899753702
538,1450.1510168557797,0.15101685577974422
539,1450.1910306897998,0.19103068979984528
540,1450.180142807509,0.18014280750890066
541,1450.1439403115291,0.14394031152914977
542,1450.1190787409723,0.11907874097232707
543,1450.1251043250138,0.1251043250138082
544,1450.0783694346487,0.07836943464872093
545,1450.062470037839,0.06247003783892069
546,1450.0150810246296,0.015081024629580497
547,1450.023623803996,0.0236238039960881
548,1449.984458776099,-0.015541223900982004
549,1450.0144727465195,0.014472746519459179
550,1449.8649102884747,-0.13508971152532467
551,1449.9039671588803,-0.09603284111972243
552,1449.8894900540818,-0.11050994591823837
553,1449.8083359252369,-0.19166407476313907
554,1449.841264102981,-0.15873589701891433
555,1449.8160374126567,-0.1839625873433306
556,1449.8386582481317,-0.1613417518683491
557,1449.8493746876848,-0.1506253123152419
558,1449.7829449805374,-0.21705501946257755
559,1449.7941111094628,-0.2058888905371532
560,1449.7893777571742,-0.21062224282582065
561,1449.8005908144983,-0.19940918550173592
562,1449.8432499766277,-0.1567500233722967
563,1449.8733222132212,-0.1266777867788278
564,1449.9451543484026,-0.05484565159736121
565,1449.9487478291007,-0.05125217089926082
566,1449.8509811347087,-0.14901886529128205
567,1449.9451643658088,-0.05483563419124948
568,1449.9341649629305,-0.06583503706951888
569,1450.0131731585323,0.013173158532254092
570,1450.040063842145,0.04006384214494574
571,1450.0101494001678,0.010149400167847489
572,1449.9922949331947,-0.007705066805328897
573,1449.9861917383482,-0.013808261651774956
574,1449.9819398724808,-0.01806012751922026
575,1450.0534649439742,0.053464943974177004
576,1450.0760285789802,0.07602857898018556
577,1450.0769560173096,0.07695601730961243
578,1450.1010894610752,0.10108946107516203
579,1450.146323338494,0.14632333849408496
580,1450.1184259038816,0.11842590388164353
581,1450.1042047582953,0.10420475829528186
582,1450.0848686839104,0.08486868391037206
583,1450.0582401588683,0.05824015886832967
584,1450.0876186592227,0.08761865922269862
585,1450.0850941803426,0.08509418034259397
586,1450.1019694632896,0.10196946328960621
587,1450.0632130915399,0.06321309153986476
588,1450.0356084089176,0.035608408917596535
589,1449.8925848668175,-0.10741513318248508
590,1449.8566858854188,-0.1433141145812442
591,1449.8757666916438,-0.12423330835622437
592,1449.810624709356,-0.18937529064396585
593,1449.8345900800211,-0.16540991997885612
594,1449.8132280537495,-0.18677194625047377
595,1449.8707119354742,-0.129288064525781
596,1449.8986929611672,-0.10130703883282877
597,1449.9294515484066,-0.07054845159336764
598,1449.8620889583685,-0.13791104163146883
599,1449.888115493417,-0.11188450658301008
600,1449.9681525324895,-0.03184746751048806
601,1450.0154428984704,0.015442898470382715
602,1450.0083950076507,0.008395007650733533
603,1450.0051244068825,0.005124406882487165
604,1450.065201967765,0.06520196776500597
605,1450.0993367270994,0.09933672709939856
606,1450.1094925903387,0.10949259033873204
607,1450.0455049503264,0.04550495032640356
608,1449.971589705503,-0.02841029449700727
609,1449.988058748691,-0.011941251309053769
610,1449.9980932497097,-0.0019067502903453715
611,1449.9306715670516,-0.06932843294839586
612,1449.9174904028591,-0.08250959714087003
613,1449.9350626589421,-0.06493734105788462
614,1449.9858176632838,-0.014182336716203281
615,1450.028133498391,0.028133498391071043
616,1450.0824285613526,0.0824285613525717
617,1450.1969218606805,0.19692186068050432
618,1450.1752558563633,0.17525585636326468
619,1450.1207132549032,0.12071325490319396
620,1450.0627580318949,0.06275803189487306
621,1450.0313739682078,0.03137396820784488
622,1450.0684918733377,0.06849187333773443
623,1450.0571259851024,0.05712598510240241
624,1450.012404748083,0.012404748083099548
625,1450.03242209352,0.03242209351992642
626,1449.915351055503,-0.08464894449707572
627,1449.9170583979155,-0.08294160208447465
628,1449.9116094857313,-0.08839051426866718
629,1449.95050958612,-0.049490413879993866
630,1449.9502627481456,-0.04973725185436706
631,1449.8164288034766,-0.1835711965234168
632,1449.856387291235,-0.14361270876497656
633,1449.8920297348345,-0.10797026516547703
634,1449.8951179579217,-0.10488204207831586
635,1449.9422047494415,-0.057795250558456246
636,1450.0076292926612,0.007629292661249565
637,1450.0525603351741,0.052560335174121064
638,1449.9962382355886,-0.0037617644113652204
639,1449.9883231383642,-0.011676861635805835
640,1449.8974938467977,-0.10250615320228462
641,1449.919224899179,-0.0807751008210289
642,1449.898926836838,-0.10107316316202741
643,1449.9024356334025,-0.09756436659745304
644,1449.8776053321003,-0.1223946678996981
645,1449.949171203533,-0.050828796466930726
646,1449.9525610980988,-0.047438901901159625
647,1450.0182253889286,0.01822538892861303
648,1449.9788178615302,-0.02118213846983963
649,1449.9364184371566,-0.06358156284341021
650,1450.0022824608045,0.002282460804508446
651,1450.0685512374603,0.06855123746026948
652,1450.0523993480128,0.052399348012841074
653,1450.0905157082034,0.09051570820338384
654,1450.1046843535444,0.10468435354437133
655,1450.125369681671,0.125369681670918
656,1450.0156338530567,0.015633853056669977
657,1449.9721686265416,-0.02783137345841169
658,1449.8986518050776,-0.10134819492236602
659,1449.9549098788698,-0.045090121130215266
660,1449.9411231605552,-0.058876839444792495
661,1450.0131198196825,0.013119819682515299
662,1449.9696348194957,-0.03036518050430459
663,1449.9191017513183,-0.08089824868170581
664,1449.8255744939306,-0.17442550606938312
665,1449.9136491510994,-0.08635084890056532
666,1449.9148139003105,-0.08518609968950841
667,1449.9251841263078,-0.07481587369215958
668,1449.9284654700539,-0.07153452994612053
669,1449.9510990142287,-0.0489009857712972
670,1449.9136888965932,-0.08631110340684245
671,1449.879477729951,-0.12052227004892302
672,1449.8876344360538,-0.11236556394624131
673,1449.8924132498712,-0.10758675012880303
674,1449.9747307886462,-0.02526921135381599
675,1449.9530972766738,-0.04690272332618406
676,1449.9658107305343,-0.034189269465741745
677,1449.9556862801398,-0.0443137198601562
678,1450.0068640470538,0.00686404705379573
679,1450.1035010716794,0.10350107167937495
680,1450.0524413799276,0.05244137992758624
681,1450.0566397602709,0.05663976027085482
682,1450.1130029947692,0.11300299476920372
683,1450.1387494643366,0.13874946433656987
684,1450.0687157994257,0.0687157994257177
685,1450.117355277501,0.11735527750101937
686,1450.1925871774538,0.19258717745378817
687,1450.1490009850904,0.14900098509042436
688,1450.128937068917,0.1289370689169118
689,1450.0517670557579,0.051767055757864
690,1450.067069065306,0.06706906530598644
691,1450.0142545712897,0.014254571289711748
692,1450.0193091820136,0.019309182013557802
693,1449.9851442357144,-0.014855764285584883
694,1449.9395001040195,-0.06049989598045613
695,1449.9435792896204,-0.05642071037959795
696,1449.920515393675,-0.0794846063249679
697,1449.940403731226,-0.059596268773930205
698,1449.9109453945484,-0.0890546054515653
699,1449.9425407790502,-0.05745922094979505
700,1450.0363485309072,0.03634853090716206
701,1449.9767547927074,-0.023245207292575287
702,1449.938500830742,-0.06149916925801335
703,1449.9507408306736,-0.04925916932643304
704,1449.9938665785942,-0.006133421405820627
705,1449.994322044294,-0.005677955706005378
706,1449.9289642928572,-0.0710357071427552
707,1449.8939382114363,-0.10606178856369297
708,1449.9225954293781,-0.07740457062186579
709,1449.9314368870616,-0.0685631129383637
710,1449.9276448420917,-0.07235515790830505
711,1449.9562071390235,-0.04379286097650947
712,1449.9026688695676,-0.09733113043239427
713,1449.8686843507478,-0.13131564925220118
714,1449.9214487339927,-0.0785512660072527
715,1449.851676204608,-0.14832379539188878
716,1449.7719376045175,-0.2280623954825387
717,1449.74922673645,-0.2507732635499451
718,1449.7124149811234,-0.28758501887659804
719,1449.7288990419022,-0.2711009580978043
720,1449.7560890565062,-0.24391094349380182
721,1449.802295459798,-0.19770454020203942
722,1449.8467360878994,-0.1532639121005559
723,1449.8317917851514,-0.1682082148486188
724,1449.8777055991445,-0.12229440085548049
725,1449.9816359927117,-0.01836400728825538
726,1450.018677065694,0.018677065693964323
727,1450.089271865127,0.0892718651271025
728,1450.174454180345,0.17445418034503746
729,1450.1572759864348,0.15727598643479723
730,1450.1719866544247,0.17198665442469974
731,1450.1464664422954,0.14646644229537742
732,1450.027377431617,0.02737743161696926
733,1450.0599022335593,0.059902233559341767
734,1450.0603834133321,0.06038341333214703
735,1450.0345206529857,0.0345206529857478
736,1450.0886374865008,0.08863748650082925
737,1450.02774288362,0.02774288362002153
738,1450.134087245444,0.13408724544410688
739,1450.0544832577286,0.05448325772863427
740,1449.9864790364559,-0.013520963544124243
741,1449.927345368948,-0.07265463105204617
742,1449.9640566224127,-0.03594337758727306
743,1450.009219759319,0.00921975931896668
744,1450.00614546687,0.00614546687006623
745,1450.029084226797,0.02908422679706746
746,1449.9848941978044,-0.015105802195648721
747,1450.0043494181425,0.004349418142510331
748,1449.9216472447304,-0.07835275526963414
749,1449.9406099863834,-0.05939001361662122
750,1449.8479784758733,-0.15202152412666692
751,1449.8927983360416,-0.10720166395844899
752,1449.8933073497722,-0.10669265022784202
753,1449.8584562493447,-0.14154375065527347
754,1449.8357540582683,-0.1642459417316786
755,1449.897767527554,-0.10223247244607592
756,1449.8998329503286,-0.10016704967142687
757,1449.9372825922428,-0.06271740775719081
758,1449.8172018356258,-0.1827981643741623
759,1449.8754011536548,-0.12459884634517948
760,1449.9092833047475,-0.09071669525246762
761,1449.9660728209988,-0.03392717900123898
762,1449.9713482323718,-0.028651767628161906
763,1450.0090890287354,0.009089028735388638
764,1450.0150877237586,0.015087723758597349
765,1450.0409940100405,0.040994010040549256
766,1450.1046744068865,0.10467440688648821
767,1450.1207712025605,0.12077120256049056
768,1450.044660038167,0.04466003816696684
769,1450.0225147612116,0.022514761211596124
770,1449.9824579368803,-0.017542063119663
771,1450.0810411459252,0.08104114592515543
772,1450.0987030074596,0.09870300745956229
773,1450.1177007811639,0.11770078116387594
774,1450.0961798781664,0.09617987816636742
775,1450.2079430004578,0.2079430004578171
776,1450.2677642138929,0.2677642138928604
777,1450.2722831450933,0.2722831450932972
778,1450.2203050879157,0.22030508791567627
779,1450.2436654770506,0.24366547705062658
780,1450.1933781433734,0.19337814337336567
781,1450.1350286584532,0.13502865845316592
782,1450.1558144126523,0.15581441265226204
783,1450.097322413794,0.09732241379401785
784,1450.0306490228493,0.030649022849274843
785,1449.9925008766604,-0.007499123339584912
786,1450.0407067841638,0.04070678416383089
787,1449.9691337016573,-0.030866298342743903
788,1449.9911334434662,-0.008866556533803305
789,1449.9622091138144,-0.0377908861855758
790,1449.8999422477807,-0.1000577522192998
791,1449.918351434839,-0.08164856516100372
792,1449.9719108698268,-0.028089130173157173
793,1449.9078905988463,-0.09210940115372068
794,1450.003953102102,0.003953102102059347
795,1450.0212338185024,0.021233818502423674
796,1449.9969523745094,-0.0030476254905806854
797,1449.984428899758,-0.015571100241913882
798,1449.9343430458844,-0.06565695411563865
799,1449.9758873626922,-0.02411263730778046
800,1449.986911901098,-0.013088098902017009
801,1449.946209871622,-0.0537901283780684
802,1449.973785165383,-0.026214834616894223
803,1450.0195263292185,0.019526329218479077
804,1449.9934637764854,-0.006536223514558515
805,1449.9931157873589,-0.006884212641125487
806,1450.0245749652163,0.024574965216288547
807,1450.0458605222861,0.0458605222861479
808,1450.1114745444052,0.11147454440515503
809,1450.1173925174846,0.11739251748463175
810,1450.1058139164109,0.10581391641085247
811,1450.1523887965834,0.1523887965834092
812,1450.2126452844525,0.21264528445249198
813,1450.1623872702912,0.16238727029121947
814,1450.0767750235539,0.07677502355386423
815,1450.0694390809197,0.06943908091966478
816,1450.1001876170676,0.10018761706760415
817,1450.0475072127263,0.04750721272625924
818,1450.0199838017695,0.019983801769512866
819,1450.0732115957853,0.07321159578532388
820,1450.0704787525067,0.07047875250668767
821,1450.0865395737258,0.0865395737257586
822,1450.0393595745506,0.03935957455064454
823,1449.9894374543721,-0.010562545627863074
824,1450.0693936172893,0.06939361728927906
825,1450.1848432708143,0.1848432708143264
826,1450.1657086913945,0.16570869139445676
827,1450.1990526219988,0.1990526219988169
828,1450.2103431092619,0.21034310926188482
829,1450.1739953513145,0.1739953513144883
830,1450.165439628379,0.1654396283790902
831,1450.151616865156,0.15161686515602923
832,1450.1099077532601,0.10990775326013136
833,1450.1996181371512,0.19961813715121934
834,1450.1741898874777,0.17418988747772346
835,1450.171355302392,0.1713553023919303
836,1450.1942396531533,0.1942396531533177
837,1450.1407211468977,0.14072114689770387
838,1450.170843842871,0.1708438428709087
839,1450.1242537911342,0.12425379113415147
840,1450.1323546203357,0.1323546203357182
841,1450.1167710952598,0.11677109525976448
842,1450.0899031536005,0.08990315360051682
843,1450.0397101734545,0.0397101734545231
844,1450.142024989634,0.14202498963391008
845,1450.1005006930438,0.10050069304384124
846,1450.0080052485798,0.008005248579820545
847,1449.965469619638,-0.034530380361957214
848,1449.949171104817,-0.05082889518303091
849,1450.0115137889613,0.011513788961337923
850,1450.001341538742,0.0013415387420536717
851,1450.056405584759,0.056405584758977056
852,1450.1214440733033,0.12144407330333706
853,1450.1212136591673,0.1212136591673243
854,1450.058451980517,0.058451980517020274
855,1450.0720749747052,0.0720749747051741
856,1450.0504415690755,0.050441569075474035
857,1450.049340367345,0.049340367344939295
858,1449.9883837620682,-0.011616237931775686
859,1450.0235198250111,0.023519825011135254
860,1450.0376180098056,0.03761800980555563
861,1450.0042871029927,0.00428710299274826
862,1450.0100740013938,0.010074001393832077
863,1450.0029959443268,0.002995944326812605
864,1449.996514265729,-0.0034857342709528893
865,1449.9700869820165,-0.02991301798351742
866,1449.8458587976468,-0.15414120235323026
867,1449.8133134970915,-0.18668650290851474
868,1449.8769617108994,-0.12303828910057746
869,1449.839919868707,-0.1600801312929434
870,1449.8548414126763,-0.1451585873237491
871,1449.8546982097528,-0.1453017902472311
872,1449.8336540841583,-0.16634591584170266
873,1449.7941007818647,-0.20589921813530054
874,1449.8213467251976,-0.17865327480240012
875,1449.746964316196,-0.25303568380400066
876,1449.8280427055438,-0.171957294456206
877,1449.7939771622362,-0.20602283776383956
878,1449.7583342806101,-0.24166571938985726
879,1449.6971608512772,-0.3028391487227964
880,1449.7134511479017,-0.286548852098349
881,1449.683861767601,-0.3161382323989983
882,1449.6132108838058,-0.3867891161942225
883,1449.6150896011222,-0.38491039887776424
884,1449.5745355472116,-0.4254644527884466
885,1449.606519486762,-0.3934805132380461
886,1449.6366498997381,-0.36335010026186865
887,1449.5371357649672,-0.46286423503283913
888,1449.566801089899,-0.43319891010105493
889,1449.6363296399795,-0.36367036002047826
890,1449.6730775661529,-0.3269224338471304
891,1449.6615976770415,-0.3384023229584727
892,1449.6321290161738,-0.36787098382615113
893,1449.7216345575187,-0.27836544248134487
894,1449.7407100722949,-0.25928992770514014
895,1449.800982369784,-0.1990176302160762
896,1449.7932920391102,-0.2067079608898439
897,1449.7480698093118,-0.2519301906881992
898,1449.759481620601,-0.2405183793989636
899,1449.7618096146944,-0.23819038530564285
900,1449.80139519493,-0.19860480507009015
901,1449.8431547653915,-0.15684523460845412
902,1449.81266796524,-0.18733203475994742
903,1449.7755223520726,-0.2244776479274151
904,1449.7721679207245,-0.22783207927545845
905,1449.8066661360215,-0.19333386397852337
906,1449.7485198943086,-0.25148010569137114
907,1449.824601183612,-0.1753988163879967
908,1449.8094028661822,-0.19059713381784604
909,1449.9026372727965,-0.09736272720351735
910,1449.9378858288271,-0.06211417117287965
911,1449.895780038953,-0.10421996104696518
912,1449.8284202017167,-0.17157979828334646
913,1449.720964440723,-0.2790355592769629
914,1449.7964915152265,-0.20350848477346517
915,1449.8512390987137,-0.14876090128632313
916,1449.8908413527151,-0.10915864728485758
917,1449.9281862429877,-0.07181375701225079
918,1449.9009975413949,-0.09900245860512769
919,1449.8737642683525,-0.12623573164751178
920,1449.8894114789778,-0.11058852102223682
921,1449.8686901291296,-0.13130987087038193
922,1449.880549504708,-0.11945049529208518
923,1449.8826461689562,-0.1173538310438289
924,1449.931890890883,-0.06810910911690371
925,1449.9389785709836,-0.06102142901636398
926,1449.9930488832977,-0.006951116702339277
927,1449.927648109483,-0.07235189051698399
928,1449.987296447051,-0.012703552949005825
929,1449.9742285020386,-0.025771497961386558
930,1449.9414736288138,-0.05852637118618986
931,1449.9889725985036,-0.011027401496448874
932,1450.0154762304242,0.015476230424155801
933,1449.9238139860795,-0.0761860139205055
934,1449.873442652577,-0.12655734742293134
935,1449.9063316899,-0.09366831009992893
936,1449.861205649471,-0.1387943505289968
937,1449.8596196561236,-0.1403803438763589
938,1449.8072688163224,-0.1927311836775516
939,1449.770268145534,-0.22973185446608113
940,1449.8359750290124,-0.1640249709876116
941,1449.8163854983259,-0.1836145016741284
942,1449.8205091546606,-0.1794908453393873
943,1449.8018715641358,-0.1981284358641915
944,1449.8830805996618,-0.11691940033824721
945,1449.7906438274222,-0.20935617257782724
946,1449.8438409491546,-0.15615905084541737
947,1449.8462961378098,-0.15370386219024113
948,1449.8429607153705,-0.1570392846294908
949,1449.7659516915994,-0.2340483084005882
950,1449.759182306979,-0.240817693020972
951,1449.8356488011555,-0.16435119884454252
952,1449.8867024353574,-0.11329756464260754
953,1449.8807795544442,-0.11922044555581124
954,1450.016247683968,0.016247683968003912
955,1449.9598570764838,-0.04014292351621407
956,1449.9236420940215,-0.07635790597851155
957,1449.8949978737355,-0.10500212626448047
958,1449.9169547227089,-0.08304527729114852
959,1449.8926126642143,-0.10738733578568826
960,1449.840319015601,-0.15968098439907408
961,1449.9645451206738,-0.03545487932615288
962,1449.9412103380453,-0.058789661954733674
963,1449.9317230471254,-0.0682769528746121
964,1449.8734703327614,-0.12652966723862846
965,1449.9126585851332,-0.08734141486684166
966,1449.8908147206223,-0.10918527937769795
967,1449.8871637335972,-0.11283626640283728
968,1449.8109181226293,-0.18908187737065418
969,1449.9123152703005,-0.0876847296995038
970,1449.9485870597673,-0.05141294023269438
971,1449.9354776040639,-0.0645223959361374
972,1449.956877266678,-0.04312273332197947
973,1449.924508290631,-0.07549170936908922
974,1449.820373742968,-0.17962625703194135
975,1449.8827733342416,-0.11722666575838048
976,1449.8761526473804,-0.12384735261957758
977,1449.957350401748,-0.04264959825195547
978,1450.027885598208,0.027885598208058582
979,1450.0237598664858,0.02375986648576145
980,1450.0645892200116,0.06458922001161227
981,1450.0520061848865,0.05200618488652253
982,1450.026377408529,0.026377408529015156
983,1450.1166926698636,0.11669266986359617
984,1450.0707200986603,0.07072009866033113
985,1450.1291563437258,0.1291563437257537
986,1450.128263181281,0.12826318128099956
987,1450.1375530554262,0.1375530554262241
988,1450.1642882247859,0.1642882247858779
989,1450.1301175573087,0.1301175573087221
990,1450.2347680590676,0.2347680590676191
991,1450.1480617550312,0.14806175503122176
992,1450.1582299117529,0.15822991175286916
993,1450.1110418804117,0.11104188041167617
994,1450.1399737274135,0.13997372741346226
995,1450.0889276659955,0.0889276659954703
996,1450.1467234791767,0.1467234791766714
997,1450.0459285770341,0.045928577034146656
998,1450.0105020168412,0.010502016841201112
999,1449.9891639686982,-0.010836031301778348
1000,1413.1753839484168,-36.824616051583234
1001,1416.1384367228043,-33.86156327719573
1002,1418.852557431995,-31.14744256800509
1003,1421.4138504360628,-28.58614956393717
1004,1423.6793555666154,-26.320644433384587
1005,1425.834017765259,-24.165982234741023
1006,1427.7765323942972,-22.223467605702808
1007,1429.5724964128678,-20.42750358713215
1008,1431.2171860266355,-18.782813973364455
1009,1432.6901171098573,-17.309882890142717
1010,1434.0917742429617,-15.90822575703828
1011,1435.2897765806051,-14.710223419394879
1012,1436.5391194019992,-13.460880598000813
1013,1437.5923114445932,-12.407688555406821
1014,1438.596322557893,-11.403677442106982
1015,1439.5528242969772,-10.447175703022822
1016,1440.3495272115458,-9.65047278845418
1017,1441.109244466616,-8.890755533383981
1018,1441.7492736135123,-8.250726386487713
1019,1442.3184069117178,-7.68159308828217
1020,1442.8900637262764,-7.109936273723633
1021,1443.5390532970982,-6.460946702901765
1022,1444.0946736551912,-5.905326344808827
1023,1444.5018915931598,-5.498108406840174
1024,1444.9176227716318,-5.082377228368159
1025,1445.1942964866391,-4.805703513360868
1026,1445.6045071203328,-4.395492879667245
1027,1445.8917641539965,-4.108235846003481
1028,1446.2108443203365,-3.7891556796635086
1029,1446.4989817331038,-3.5010182668961534
1030,1446.743257745524,-3.2567422544759665
1031,1446.9597545922886,-3.0402454077113816
1032,1447.2108677614417,-2.7891322385582953
1033,1447.3702016026493,-2.629798397350669
1034,1447.5207647555867,-2.479235244413303
1035,1447.7798136918261,-2.2201863081738793
1036,1447.8619157452524,-2.1380842547475822
1037,1448.0844061845826,-1.9155938154174237
1038,1448.1683845080618,-1.831615491938237
1039,1448.307261924315,-1.6927380756849288
1040,1448.3514160412676,-1.648583958732388
1041,1448.4176047171138,-1.582395282886182
1042,1448.5542647809323,-1.4457352190677284
1043,1448.689113268553,-1.310886731446999
1044,1448.8827830749035,-1.1172169250964998
1045,1448.9657443442045,-1.034255655795505
1046,1449.0209789075175,-0.979021092482526
1047,1449.0379082455645,-0.9620917544355052
1048,1449.127356552301,-0.8726434476989198
1049,1449.1526174939115,-0.8473825060884792
1050,1449.145248167165,-0.8547518328350634
1051,1449.2679610926061,-0.7320389073938713
1052,1449.2808838493304,-0.7191161506696062
1053,1449.300904463032,-0.6990955369678886
1054,1449.297255663025,-0.7027443369750017
1055,1449.397262595519,-0.602737404481104
1056,1449.4094116420356,-0.5905883579644069
1057,1449.3822751873233,-0.6177248126766699
1058,1449.3318533433028,-0.6681466566972176
1059,1449.3530101080864,-0.646989891913563
1060,1449.3809970222658,-0.6190029777342261
1061,1449.4765542271496,-0.5234457728504367
1062,1449.4149987358426,-0.5850012641574267
1063,1449.469704241904,-0.5302957580959173
1064,1449.505900322336,-0.49409967766405316
1065,1449.4778018422662,-0.5221981577337829
1066,1449.4033214829287,-0.5966785170712683
1067,1449.4954412989728,-0.5045587010272357
1068,1449.5237517513783,-0.4762482486216868
1069,1449.5244567797463,-0.4755432202537122
1070,1449.5820901195518,-0.41790988044817823
1071,1449.660609757329,-0.3393902426710156
1072,1449.7003861753021,-0.2996138246978717
1073,1449.6199699615036,-0.380030038496443
1074,1449.6949548978562,-0.3050451021438221
1075,1449.74549469187,-0.2545053081300921
1076,1449.6875759323368,-0.3124240676631871
1077,1449.7500244721105,-0.24997552788954636
1078,1449.621423286158,-0.3785767138419942
1079,1449.5776057002292,-0.42239429977075815
1080,1449.711057280742,-0.28894271925810244
1081,1449.7630462890352,-0.23695371096482631
1082,1449.872698493932,-0.1273015060680791
1083,1449.9115911208537,-0.08840887914630002
1084,1449.907288916575,-0.09271108342500156
1085,1449.9581482221997,-0.04185177780027516
1086,1449.9764256363571,-0.023574363642865137
1087,1449.9593589975384,-0.040641002461597964
1088,1450.0274698345208,0.027469834520843506
1089,1450.0096776486212,0.009677648621163826
1090,1450.0156949902996,0.015694990299607525
1091,1450.0627434286073,0.06274342860729121
1092,1450.0777028495468,0.07770284954676754
1093,1450.0154645726313,0.015464572631344708
1094,1450.0709737145696,0.0709737145696181
1095,1450.161409681307,0.16140968130707734
1096,1450.1748649287645,0.1748649287644639
1097,1450.1400210319762,0.14002103197617544
1098,1450.069662166383,0.06966216638306832
1099,1450.0600284263135,0.06002842631346539
1100,1450.191362848888,0.19136284888804767
1101,1450.1216089757017,0.12160897570174711
1102,1450.1809595054078,0.18095950540782724
1103,1450.1963014020828,0.19630140208278135
1104,1450.1232740839664,0.12327408396640749
1105,1450.151002005707,0.15100200570691413
1106,1450.1556644770533,0.15566447705327846
1107,1450.1384069094966,0.13840690949655254
1108,1450.058590109695,0.058590109694932835
1109,1450.0831563784805,0.08315637848045299
1110,1450.020405338857,0.02040533885701734
1111,1450.0044420812299,0.004442081229854011
1112,1450.0351712974032,0.035171297403167046
1113,1450.082741432223,0.08274143222297425
1114,1449.9478738115138,-0.052126188486226965
1115,1449.9449569769686,-0.055043023031430494
1116,1449.9739441881902,-0.026055811809783336
1117,1449.9442422047,-0.05575779529999636
1118,1449.9801541517734,-0.019845848226623275
1119,1449.9476132304912,-0.052386769508757425
1120,1449.84095393021,-0.1590460697900653
1121,1449.873855590298,-0.12614440970196483
1122,1449.8065832934337,-0.19341670656626775
1123,1449.8504942154852,-0.1495057845147585
1124,1449.8518096309986,-0.14819036900144056
1125,1449.9218543064624,-0.07814569353763545
1126,1450.0091660252772,0.009166025277181689
1127,1449.9785433558711,-0.02145664412887527
1128,1449.9805201991148,-0.019479800885164877
1129,1450.078886161936,0.07888616193599773
1130,1450.0383413504007,0.03834135040074216
1131,1450.044590677355,0.04459067735501776
1132,1450.0413750792773,0.04137507927725892
1133,1450.059714053684,0.05971405368404703
1134,1450.051240217116,0.05124021711594651
1135,1450.0419319244709,0.04193192447087313
1136,1450.0637415653691,0.06374156536912778
1137,1450.033844434371,0.033844434371076204
1138,1450.0007393611966,0.000739361196565369
1139,1449.9065444936364,-0.09345550636362532
1140,1449.939060702958,-0.060939297042068574
1141,1449.9807935673157,-0.019206432684313768
1142,1449.9954020997895,-0.004597900210455919
1143,1450.1411490193723,0.14114901937227842
1144,1450.0835141455925,0.0835141455925168
1145,1450.0862889054015,0.08628890540148859
1146,1450.083412597734,0.08341259773396814
1147,1450.084391088328,0.08439108832794773
1148,1450.1334723953053,0.13347239530526167
1149,1450.1682092617607,0.16820926176069406
1150,1450.1485074793634,0.14850747936338848
1151,1450.1413975666496,0.14139756664962988
1152,1450.1921183363604,0.19211833636040865
1153,1450.165813562015,0.16581356201504605
1154,1450.2027121027238,0.20271210272380813
1155,1450.1626563426958,0.16265634269575457
1156,1450.2179704883522,0.21797048835219357
1157,1450.261013046316,0.2610130463160658
1158,1450.332789101364,0.3327891013639146
1159,1450.240943401211,0.2409434012110978
1160,1450.2452089195544,0.24520891955444313
1161,1450.3410437691557,0.34104376915570356
1162,1450.2767636864942,0.2767636864941778
1163,1450.3048089286106,0.3048089286105551
1164,1450.3481642413078,0.3481642413078134
1165,1450.3748789830834,0.374878983083363
1166,1450.3250969214714,0.3250969214714132
1167,1450.2403299536234,0.24032995362335896
1168,1450.204834417138,0.20483441713804496
1169,1450.2672104403596,0.26721044035957675
1170,1450.2812769988625,0.281276998862495
1171,1450.263420643899,0.2634206438990532
1172,1450.2570636508242,0.25706365082419325
1173,1450.2573524644342,0.2573524644342342
1174,1450.2953461533089,0.2953461533088557
1175,1450.2832456203325,0.2832456203325364
1176,1450.3159675324637,0.3159675324636737
1177,1450.2695252634276,0.26952526342756755
1178,1450.229558249676,0.2295582496760744
1179,1450.1765452857608,0.176545285760767
1180,1450.1114807215986,0.11148072159858202
1181,1449.9961869594913,-0.003813040508703125
1182,1450.0183497188611,0.018349718861145448
1183,1450.0728662092604,0.07286620926038267
1184,1450.0458763926292,0.04587639262922494
1185,1450.0742498047473,0.07424980474729637
1186,1450.1397259545868,0.1397259545867655
1187,1450.0668951969903,0.06689519699034463
1188,1449.9639103864808,-0.03608961351915241
1189,1449.882536199202,-0.1174638007980775
1190,1449.925127511751,-0.07487248824895687
1191,1449.903597008049,-0.09640299195098123
1192,1449.9041109847883,-0.09588901521169646
1193,1449.9594354976593,-0.04056450234065778
1194,1449.9335395084495,-0.06646049155051514
1195,1449.9359425956006,-0.0640574043993638
1196,1450.0973752838709,0.09737528387086059
1197,1450.0775442099127,0.07754420991273037
1198,1450.160230675302,0.1602306753020457
1199,1450.202967176794,0.20296717679389076
1200,1450.0782283891717,0.07822838917172703
1201,1450.0052875581168,0.005287558116833679
1202,1449.9417030125203,-0.05829698747970724
1203,1450.0184317882786,0.018431788278576278
1204,1450.056524262341,0.05652426234109953
1205,1450.04862928878,0.0486292887799209
1206,1450.0652775478802,0.06527754788021412
1207,1450.1323763808562,0.132376380856158
1208,1450.114286720271,0.11428672027091125
1209,1450.142235107502,0.14223510750207424
1210,1450.1586996965525,0.15869969655250316
1211,1450.167526456022,0.16752645602196026
1212,1450.2209059819854,0.22090598198542466
1213,1450.2183394483077,0.21833944830768814
1214,1450.2203749735527,0.22037497355267988
1215,1450.2060363726496,0.20603637264957797
1216,1450.187362489272,0.1873624892718908
1217,1450.1406023220006,0.14060232200063183
1218,1450.125501013628,0.12550101362808164
1219,1450.0597077005218,0.05970770052181251
1220,1450.027952426735,0.02795242673505527
1221,1450.0948276243664,0.09482762436641679
1222,1450.0304934264284,0.030493426428392922
1223,1450.027872215763,0.02787221576295451
1224,1450.079702049176,0.07970204917592127
1225,1450.1257086717735,0.1257086717735092
1226,1450.1621191807662,0.16211918076623988
1227,1450.3229048962914,0.3229048962914476
1228,1450.1857543045683,0.18575430456826325
1229,1450.1686004054231,0.1686004054231489
1230,1450.0885589736538,0.08855897365378951
1231,1450.0985247174265,0.0985247174264714
1232,1450.0264478433605,0.026447843360529077
1233,1450.0627797518637,0.06277975186367257
1234,1450.0848451574075,0.08484515740747156
1235,1450.0312981792697,0.03129817926969736
1236,1450.0967979821576,0.09679798215756819
1237,1450.1616652042105,0.16166520421052155
1238,1450.1639300718275,0.16393007182750807
1239,1450.1949979369606,0.19499793696058987
1240,1450.2309833957927,0.23098339579269123
1241,1450.2083195633752,0.2083195633751984
1242,1450.1392789314577,0.1392789314577385
1243,1450.0902187911122,0.09021879111219278
1244,1450.0318294495996,0.03182944959962697
1245,1450.0055939886,0.005593988599912336
1246,1450.0998286771362,0.0998286771362018
1247,1450.0514787902862,0.05147879028618263
1248,1450.0738270652246,0.07382706522457738
1249,1450.104427899636,0.10442789963599353
1250,1450.0569212328085,0.056921232808463174
1251,1450.0363513658594,0.03635136585944565
1252,1450.081450678261,0.08145067826103514
1253,1450.0178466123468,0.017846612346829716
1254,1449.9670037515796,-0.032996248420431584
1255,1450.0163034930156,0.016303493015584536
1256,1449.8433399457053,-0.15666005429466168
1257,1449.802543962741,-0.1974560372589167
1258,1449.7936174234555,-0.20638257654445624
1259,1449.7125163135647,-0.2874836864352801
1260,1449.746544705871,-0.2534552941290258
1261,1449.7866696675214,-0.21333033247856292
1262,1449.697363475357,-0.3026365246430487
1263,1449.6803205648487,-0.319679435151329
1264,1449.6380326017968,-0.36196739820320545
1265,1449.6058016643055,-0.3941983356944547
1266,1449.6267092746887,-0.37329072531133534
1267,1449.7375799168994,-0.262420083100551
1268,1449.7125617370823,-0.28743826291770347
1269,1449.7595093946206,-0.24049060537936384
1270,1449.8312807814311,-0.1687192185688673
1271,1449.8896448723463,-0.11035512765374733
1272,1449.855308091954,-0.14469190804607024
1273,1449.8709187113934,-0.12908128860658508
1274,1449.9042737886596,-0.09572621134043402
1275,1449.890365306555,-0.10963469344505938
1276,1449.8948300356617,-0.10516996433830172
1277,1449.9589438606051,-0.041056139394868296
1278,1449.9429459921691,-0.05705400783085679
1279,1449.9839267359046,-0.0160732640954393
1280,1449.8939082605266,-0.10609173947341333
1281,1449.9108496177,-0.08915038229997663
1282,1449.911243957844,-0.08875604215609201
1283,1449.8531836628038,-0.14681633719624188
1284,1449.8656620574923,-0.13433794250772735
1285,1449.9008453607576,-0.0991546392424425
1286,1449.9094527226353,-0.09054727736474888
1287,1449.8677604233058,-0.13223957669424635
1288,1449.8941192050902,-0.10588079490980817
1289,1449.891312755708,-0.10868724429201393
1290,1449.9113308363465,-0.08866916365354882
1291,1450.0177534869006,0.01775348690057399
1292,1450.0689544545307,0.0689544545307399
1293,1450.120955361009,0.12095536100900972
1294,1450.1532217418069,0.15322174180687398
1295,1450.224386749713,0.22438674971294859
1296,1450.1938643474184,0.19386434741841185
1297,1450.2417522973012,0.24175229730121828
1298,1450.2215863774206,0.22158637742063547
1299,1450.2661422849174,0.2661422849173505
1300,1450.2778217609236,0.2778217609236435
1301,1450.1851067944704,0.18510679447035727
1302,1450.1952933106002,0.19529331060016375
1303,1450.1398799139752,0.13987991397516453
1304,1450.1543596005636,0.15435960056356635
1305,1450.0996735392707,0.09967353927072509
1306,1450.0077121045138,0.007712104513757367
1307,1449.9840545158065,-0.015945484193480297
1308,1450.034926151599,0.034926151598938304
1309,1449.9369727052233,-0.06302729477670255
1310,1449.8816275053568,-0.11837249464315391
1311,1449.9812863229213,-0.018713677078721958
1312,1449.9917374472705,-0.008262552729547679
1313,1449.9612066166878,-0.03879338331216786
1314,1449.8494337791594,-0.1505662208405738
1315,1449.7750043562735,-0.22499564372651548
1316,1449.812418862403,-0.18758113759690787
1317,1449.8260279961241,-0.17397200387586054
1318,1449.8168175851893,-0.18318241481074438
1319,1449.815450538084,-0.18454946191604904
1320,1449.7943148694328,-0.20568513056718984
1321,1449.822982531415,-0.1770174685850634
1322,1449.7750700451834,-0.22492995481661637
1323,1449.7350747399576,-0.2649252600424461
1324,1449.7069015030602,-0.2930984969398196
1325,1449.723141305684,-0.27685869431593346
1326,1449.7262774456588,-0.2737225543412478
1327,1449.667685036235,-0.3323149637649294
1328,1449.7564023553641,-0.24359764463588363
1329,1449.8499413606928,-0.15005863930718988
1330,1449.9207905473475,-0.07920945265254886
1331,1449.8505585941452,-0.14944140585475907
1332,1449.881739731612,-0.11826026838798498
1333,1449.9461318844449,-0.053868115555133045
1334,1450.0620858984628,0.06208589846278301
1335,1450.0718314389128,0.07183143891279542
1336,1450.0834973053516,0.08349730535155686
1337,1450.071628484154,0.07162848415396184
1338,1450.0567073630452,0.05670736304523416
1339,1450.0754946953514,0.07549469535138087
1340,1450.1674126566504,0.16741265665041283
1341,1450.2198509323273,0.21985093232729014
1342,1450.1484389905154,0.14843899051538756
1343,1450.2123823321924,0.2123823321924192
1344,1450.2054419783879,0.20544197838785294
1345,1450.2196724791345,0.21967247913448773
1346,1450.1604835736441,0.16048357364411459
1347,1450.1965186050347,0.19651860503472562
1348,1450.2335669493666,0.2335669493666046
1349,1450.1371267957222,0.13712679572222441
1350,1450.1227466221394,0.12274662213940246
1351,1450.0937607355738,0.0937607355738237
1352,1450.1779789217035,0.1779789217034704
1353,1450.2749104669008,0.274910466900792
1354,1450.3194032432937,0.31940324329366376
1355,1450.274472395824,0.2744723958239774
1356,1450.1955605431863,0.19556054318627503
1357,1450.1478734005157,0.1478734005156639
1358,1450.156823630171,0.15682363017094758
1359,1450.1732923730967,0.17329237309672862
1360,1450.1328789322938,0.13287893229380643
1361,1450.1450118302487,0.14501183024867714
1362,1450.092752184442,0.09275218444190614
1363,1450.0294198803163,0.02941988031625442
1364,1450.07544252112,0.07544252112006689
1365,1450.0585729658378,0.05857296583781135
1366,1450.028327701863,0.028327701862963295
1367,1450.0851852856404,0.08518528564036387
1368,1450.0275999395974,0.02759993959739404
1369,1450.0059908160827,0.005990816082658057
1370,1450.028235043714,0.02823504371394847
1371,1450.0406862688064,0.04068626880643933
1372,1450.0675100671772,0.06751006717718155
1373,1450.0597406389106,0.05974063891062542
1374,1450.0247136168375,0.024713616837516383
1375,1450.0757237635335,0.07572376353346044
1376,1450.1267294571692,0.12672945716917638
1377,1450.1657903350767,0.16579033507673557
1378,1450.146215798638,0.14621579863796796
1379,1450.0759250750184,0.07592507501840373
1380,1450.033690053093,0.03369005309309614
1381,1450.0686892770998,0.06868927709979289
1382,1450.1074898445881,0.10748984458814448
1383,1450.0864493548224,0.08644935482243454
1384,1450.2063687997925,0.2063687997924717
1385,1450.2673031181362,0.26730311813616936
1386,1450.2741893114996,0.2741893114996401
1387,1450.2134384613482,0.21343846134823252
1388,1450.1881865061105,0.18818650611046905
1389,1450.1747680012554,0.17476800125541558
1390,1450.0998907113176,0.09989071131758465
1391,1450.014946544963,0.01494654496309522
1392,1450.0251147485953,0.025114748595342462
1393,1450.0416728830135,0.041672883013461615
1394,1449.9242791445597,-0.07572085544029505
1395,1449.863916639493,-0.1360833605069729
1396,1449.8953887884013,-0.10461121159869435
1397,1449.9349778387652,-0.06502216123476501
1398,1449.8324825869724,-0.16751741302755363
1399,1449.8646141034262,-0.13538589657377997
1400,1449.8961606691078,-0.10383933089224229
1401,1449.9208722135393,-0.07912778646073093
1402,1449.8206599765958,-0.17934002340416555
1403,1449.871378115525,-0.12862188447502376
1404,1449.8483255793094,-0.1516744206905969
1405,1449.879266684422,-0.12073331557803613
1406,1449.8494848772084,-0.15051512279160306
1407,1449.8400264393058,-0.15997356069419766
1408,1449.8883217834145,-0.11167821658546018
1409,1449.8643833456742,-0.13561665432575865
1410,1449.8770333775249,-0.12296662247513268
1411,1449.8868716152606,-0.11312838473941156
1412,1449.8786620995327,-0.12133790046732429
1413,1449.829168169996,-0.17083183000409008
1414,1449.8101256600578,-0.18987433994220737
1415,1449.8610372921405,-0.13896270785949127
1416,1449.955182899733,-0.04481710026698238
1417,1449.8984264458625,-0.10157355413753066
1418,1449.8894200822085,-0.11057991779148324
1419,1449.8637448246102,-0.13625517538980603
1420,1449.9236506512864,-0.0763493487136202
1421,1449.8610570355181,-0.1389429644818847
1422,1449.8480646546527,-0.15193534534728315
1423,1449.9412699363795,-0.05873006362048727
1424,1449.9184155436096,-0.08158445639037382
1425,1449.8784993558704,-0.12150064412958272
1426,1449.9023467896134,-0.09765321038662478
1427,1449.7931650670957,-0.20683493290425758
1428,1449.7652497082245,-0.23475029177552642
1429,1449.82053176315,-0.1794682368499707
1430,1449.8612818102602,-0.13871818973984773
1431,1449.8294922019704,-0.1705077980295755
1432,1449.7787734509093,-0.2212265490907157
1433,1449.809347766896,-0.19065223310394686
1434,1449.827727674527,-0.1722723254729317
1435,1449.8619423308153,-0.13805766918471818
1436,1449.8434755365322,-0.1565244634678038
1437,1449.9590950970676,-0.0409049029324251
1438,1449.9926256692252,-0.00737433077483729
1439,1450.1455885643472,0.14558856434723566
1440,1450.104402275205,0.10440227520507506
1441,1450.0721323955506,0.072132395550625
1442,1450.183771187001,0.18377118700095707
1443,1450.1993771406294,0.1993771406293945
1444,1450.184979816562,0.18497981656196316
1445,1450.1545605868398,0.154560586839807
1446,1450.1219274882624,0.12192748826237221
1447,1450.1428651109143,0.142865110914272
1448,1450.0462511185315,0.04625111853147246
1449,1450.0735914003292,0.07359140032917821
1450,1450.0006979616182,0.0006979616182434256
1451,1450.011862153201,0.011862153201036563
1452,1449.9629338427799,-0.037066157220124296
1453,1450.0082333083642,0.008233308364197
1454,1450.0048829531688,0.004882953168817039
1455,1449.9795164755913,-0.020483524408746234
1456,1449.9955240443246,-0.004475955675388832
1457,1449.9548491021217,-0.04515089787832949
1458,1449.932283442347,-0.06771655765305695
1459,1449.9730320109345,-0.026967989065497022
1460,1449.9867289967938,-0.01327100320622776
1461,1450.065907880997,0.0659078809969742
1462,1450.081921502809,0.08192150280910937
1463,1450.107648977887,0.1076489778870382
1464,1450.1147501972878,0.11475019728777625
1465,1450.062263057986,0.06226305798600151
1466,1450.007307956369,0.007307956369004387
1467,1450.003720701036,0.0037207010359452397
1468,1450.0650308570646,0.06503085706458478
1469,1450.0923682327468,0.09236823274682138
1470,1450.1129968900643,0.11299689006432345
1471,1450.165151752189,0.16515175218910372
1472,1450.1614698571145,0.16146985711452544
1473,1450.1904182810467,0.19041828104673186
1474,1450.1656577312135,0.16565773121351413
1475,1450.2244491057131,0.22444910571311993
1476,1450.1878508711466,0.18785087114656562
1477,1450.1718790900638,0.1718790900638396
1478,1450.080023989683,0.0800239896830135
1479,1450.0328360980259,0.032836098025882166
1480,1449.9889490815772,-0.011050918422824907
1481,1449.9703643056043,-0.02963569439566527
1482,1450.0308473725959,0.030847372595872002
1483,1449.9628139251386,-0.0371860748614381
1484,1449.9784472396625,-0.02155276033749942
1485,1449.9577024394466,-0.0422975605533793
1486,1450.0160594940169,0.016059494016872122
1487,1450.0769503837253,0.07695038372526142
1488,1449.9801431258259,-0.019856874174138284
1489,1450.05439745691,0.05439745691001008
1490,1450.021155974724,0.021155974724024418
1491,1450.0166111590295,0.016611159029480405
1492,1450.062167158235,0.06216715823507002
1493,1450.085558027406,0.08555802740602303
1494,1450.0870596608017,0.08705966080174221
1495,1449.9876312395909,-0.012368760409117385
1496,1449.9648265237963,-0.035173476203681275
1497,1450.0063507068307,0.006350706830744457
1498,1449.9983663043151,-0.001633695684859049
1499,1449.997890622308,-0.0021093776920224627
1500,1449.9368153449927,-0.06318465500726234
1501,1449.8841817998452,-0.11581820015476296
1502,1449.8042339897286,-0.19576601027142715
1503,1449.800326230708,-0.19967376929207603
1504,1449.8554166157962,-0.14458338420377004
1505,1449.8820189252006,-0.1179810747994452
1506,1449.9164890832328,-0.0835109167671817
1507,1449.890295145394,-0.10970485460597956
1508,1449.873086874074,-0.1269131259259666
1509,1449.8921055952296,-0.10789440477037715
1510,1449.8601705281337,-0.13982947186627825
1511,1449.9480581879109,-0.05194181208912596
1512,1449.8226839288393,-0.17731607116070336
1513,1449.8532260924787,-0.14677390752126485
1514,1449.8369256405788,-0.1630743594212163
1515,1449.8391376390205,-0.16086236097953588
1516,1449.8283152088147,-0.17168479118527102
1517,1449.926398627296,-0.07360137270393352
1518,1449.8756364789424,-0.12436352105760307
1519,1449.8930469702998,-0.10695302970020748
1520,1450.0078436045364,0.007843604536446946
1521,1450.1045957381446,0.10459573814455325
1522,1450.0727767901653,0.07277679016533511
1523,1450.0326671567261,0.032667156726120083
1524,1450.091466134068,0.09146613406801407
1525,1450.063827110328,0.06382711032802035
1526,1449.995239533241,-0.004760466759080373
1527,1449.8585637442309,-0.141436255769122
1528,1449.9132366499236,-0.08676335007635316
1529,1449.8568369277307,-0.14316307226931713
1530,1449.8817022670744,-0.11829773292561185
1531,1449.9057217151153,-0.09427828488469459
1532,1449.9486872696205,-0.051312730379549976
1533,1449.8480563091075,-0.1519436908924945
1534,1449.845337027352,-0.15466297264811146
1535,1449.9600107035394,-0.039989296460589685
1536,1449.945232994688,-0.054767005311987305
1537,1449.911770740263,-0.08822925973709062
1538,1449.8523763351475,-0.14762366485251732
1539,1449.7413695519394,-0.2586304480605577
1540,1449.7557158983425,-0.24428410165751302
1541,1449.7708657321077,-0.22913426789227742
1542,1449.910939896222,-0.08906010377791063
1543,1449.8317595453611,-0.1682404546388625
1544,1449.8732922858367,-0.12670771416333082
1545,1449.9366187777766,-0.06338122222337006
1546,1450.0140641608327,0.014064160832731432
1547,1449.971358732465,-0.028641267535022052
1548,1449.9384219987537,-0.061578001246289205
1549,1449.908393833265,-0.0916061667348913
1550,1449.808194572802,-0.19180542719800542
1551,1449.8251765335217,-0.17482346647830127
1552,1449.8930487807174,-0.10695121928256413
1553,1449.87861073711,-0.12138926289003393
1554,1449.8446543140883,-0.15534568591169773
1555,1449.883972359907,-0.11602764009307975
1556,1449.844225389668,-0.15577461033194595
1557,1449.7503845301385,-0.24961546986151006
1558,1449.7340693956762,-0.2659306043237848
1559,1449.8048387493382,-0.1951612506618403
1560,1449.8246366572846,-0.1753633427154
1561,1449.8571852531657,-0.1428147468343468
1562,1449.8678191678728,-0.13218083212723286
1563,1449.7978019401298,-0.20219805987017025
1564,1449.926530118499,-0.07346988150106881
1565,1449.9100895122965,-0.08991048770349153
1566,1449.8860907640308,-0.1139092359692313
1567,1449.856577771193,-0.14342222880691224
1568,1449.8167983297212,-0.18320167027877687
1569,1449.7547271653914,-0.24527283460861327
1570,1449.7663894329999,-0.2336105670001416
1571,1449.755444749715,-0.24455525028497505
1572,1449.770787950525,-0.22921204947510887
1573,1449.8806449300887,-0.11935506991130751
1574,1449.9192096349284,-0.08079036507160708
1575,1449.9635986391484,-0.036401360851641584
1576,1449.9320326253282,-0.06796737467175262
1577,1450.0061779218183,0.006177921818334653
1578,1450.0043354193301,0.004335419330118384
1579,1449.9886394287473,-0.01136057125268053
1580,1450.0238979484418,0.0238979484417996
1581,1450.0178023398928,0.017802339892796226
1582,1450.0545876177268,0.05458761772683829
1583,1450.0406667437835,0.04066674378350399
1584,1449.9589172121687,-0.04108278783132846
1585,1449.924136946627,-0.07586305337304111
1586,1449.921487831199,-0.07851216880089851
1587,1449.945855953538,-0.05414404646194271
1588,1449.8936205091481,-0.10637949085185028
1589,1450.002531001631,0.002531001631041363
1590,1450.0575902396895,0.05759023968948895
1591,1450.0732801485328,0.07328014853283094
1592,1450.017500771778,0.017500771778031776
1593,1450.045988402653,0.04598840265293802
1594,1450.1117393699394,0.11173936993941425
1595,1450.1429005792638,0.1429005792638236
1596,1450.156158455969,0.15615845596903455
1597,1450.1642096063742,0.16420960637424287
1598,1450.096910249723,0.09691024972289597
1599,1450.1131977595164,0.11319775951642441
1600,1450.2102213459157,0.2102213459156701
1601,1450.1998925796813,0.19989257968131824
1602,1450.236040319316,0.23604031931608915
1603,1450.219822269931,0.21982226993100085
1604,1450.1982669208567,0.19826692085666764
1605,1450.1605007426447,0.16050074264467185
1606,1450.2119295864925,0.21192958649248794
1607,1450.2243802187563,0.2243802187563233
1608,1450.2061703628708,0.20617036287080737
1609,1450.2037566316276,0.20375663162758428
1610,1450.220516675739,0.22051667573896339
1611,1450.1300256189663,0.1300256189663287
1612,1450.1461837061593,0.14618370615926324
1613,1450.1434955318098,0.14349553180977637
1614,1450.138104331445,0.13810433144499257
1615,1450.0644917751924,0.06449177519243676
1616,1450.00659498842,0.0065949884199199005
1617,1450.0802223441171,0.08022234411714635
1618,1449.9991805397897,-0.0008194602103230864
1619,1450.0003319888997,0.00033198889968844014
1620,1450.0328946807106,0.032894680710569446
1621,1450.0499985761426,0.04999857614257053
1622,1449.9573583073645,-0.04264169263547046
1623,1449.9684768081897,-0.031523191810265416
1624,1449.9719354669246,-0.028064533075394138
1625,1450.0280239142412,0.028023914241202874
1626,1450.0203539500098,0.02035395000984863
1627,1449.9937707559004,-0.00622924409958614
1628,1449.9685419260475,-0.031458073952535415
1629,1450.0012288590585,0.001228859058528542
1630,1450.0718558790134,0.07185587901335566
1631,1450.043945953874,0.043945953874072075
1632,1450.0200628117252,0.02006281172521085
1633,1449.955615353096,-0.04438464690406363
1634,1449.9569191150122,-0.04308088498783036
1635,1450.0177604273904,0.017760427390385303
1636,1449.995994082387,-0.00400591761308533
1637,1449.9987517052978,-0.0012482947022363078
1638,1450.0267671387053,0.026767138705281468
1639,1450.0654912536168,0.06549125361675578
1640,1450.119824396089,0.11982439608891582
1641,1450.1308171322798,0.13081713227984437
1642,1450.1392653023236,0.13926530232356527
1643,1450.15940816522,0.1594081652199293
1644,1450.103216655109,0.10321665510900857
1645,1450.1057852617373,0.10578526173731007
1646,1450.1004320927116,0.10043209271157139
1647,1450.1101277565467,0.11012775654671714
1648,1450.1231638501365,0.12316385013650688
1649,1450.1100209078543,0.11002090785427754
1650,1450.0743174040163,0.07431740401625575
1651,1450.1260365001065,0.1260365001064656
1652,1450.110157380398,0.11015738039805001
1653,1450.1338481971602,0.13384819716020502
1654,1450.1535589338748,0.15355893387481956
1655,1450.112918791529,0.1129187915289549
1656,1450.1636506388243,0.16365063882426512
1657,1450.1942190767522,0.19421907675223338
1658,1450.14250276407,0.14250276407005913
1659,1450.1258257015788,0.1258257015788331
1660,1450.109846692353,0.10984669235290312
1661,1450.0974178023012,0.09741780230115182
1662,1450.092420068071,0.09242006807107828
1663,1450.0669772688427,0.06697726884272015
1664,1450.035263358474,0.035263358473912376
1665,1449.9740837834436,-0.025916216556424843
1666,1449.999804149518,-0.00019585048198678123
1667,1449.9861872703502,-0.013812729649771427
1668,1450.039009828008,0.03900982800792008
1669,1450.1244121669138,0.12441216691377122
1670,1450.1872977287774,0.1872977287773665
1671,1450.2669424640242,0.26694246402416866
1672,1450.3064792786013,0.3064792786012731
1673,1450.3645751365498,0.36457513654977447
1674,1450.433251729937,0.4332517299369556
1675,1450.3986849925677,0.3986849925677234
1676,1450.3453987439095,0.3453987439095272
1677,1450.308612899036,0.30861289903600664
1678,1450.3372536966097,0.33725369660965043
1679,1450.2829038480359,0.28290384803585766
1680,1450.305855479886,0.30585547988607686
1681,1450.2134046138099,0.21340461380987108
1682,1450.180303771465,0.18030377146510546
1683,1450.1741733501276,0.17417335012760304
1684,1450.0953054677682,0.09530546776818483
1685,1450.097875645847,0.0978756458468979
1686,1450.1202334330555,0.1202334330555459
1687,1450.0588674295286,0.05886742952861823
1688,1450.0860766702901,0.0860766702901401
1689,1450.1085359146498,0.10853591464979218
1690,1450.141558237375,0.14155823737496576
1691,1450.0355716029042,0.03557160290415595
1692,1450.041787500026,0.04178750002597553
1693,1450.0294910380785,0.02949103807850406
1694,1449.975349610285,-0.02465038971490685
1695,1449.930958744046,-0.06904125595406185
1696,1449.9192478592154,-0.08075214078462523
1697,1449.8998981663403,-0.10010183365966441
1698,1449.9114620351668,-0.08853796483322185
1699,1449.9129010321599,-0.08709896784012017
1700,1449.8705267490957,-0.1294732509043115
1701,1449.848810752349,-0.15118924765101838
1702,1449.7845129231052,-0.21548707689476032
1703,1449.8427320161488,-0.15726798385117036
1704,1449.7580432516995,-0.2419567483004812
1705,1449.829092187273,-0.17090781272690947
1706,1449.7965460107625,-0.2034539892374596
1707,1449.7740720585102,-0.2259279414897719
1708,1449.7889067845945,-0.21109321540552628
1709,1449.8205774730536,-0.17942252694638228
1710,1449.8240090339614,-0.17599096603862563
1711,1449.8749691971507,-0.12503080284932366
1712,1449.9218571020206,-0.07814289797943275
1713,1449.9637658850181,-0.03623411498188034
1714,1449.975663790826,-0.02433620917395274
1715,1449.9372389853922,-0.06276101460775863
1716,1450.027473474924,0.027473474923908725
1717,1450.0748218142253,0.07482181422528811
1718,1449.9996842092326,-0.0003157907674449234
1719,1450.034881285075,0.03488128507501642
1720,1450.0175007065754,0.01750070657544711
1721,1450.0194436207566,0.01944362075664685
1722,1450.0076086732404,0.007608673240383723
1723,1450.0211325974885,0.021132597488531246
1724,1450.0175586013686,0.017558601368591553
1725,1449.955053419338,-0.04494658066209922
1726,1450.0693272184428,0.06932721844282241
1727,1450.0426107270137,0.04261072701365265
1728,1450.0797683977578,0.07976839775778899
1729,1449.9462414227648,-0.053758577235157645
1730,1449.9585302695098,-0.041469730490234724
1731,1450.0156939456908,0.015693945690827604
1732,1450.0809248812513,0.08092488125134878
1733,1450.139090104646,0.1390901046459021
1734,1450.1062198905615,0.10621989056153325
1735,1450.213744313091,0.21374431309095598
1736,1450.1899205767586,0.18992057675859542
1737,1450.1207274663352,0.12072746633521092
1738,1450.2260927098632,0.22609270986322372
1739,1450.1644377082027,0.1644377082027404
1740,1450.1083243857095,0.10832438570946579
1741,1450.0704215916785,0.07042159167849604
1742,1450.0137574578496,0.013757457849578714
1743,1450.0194635208832,0.019463520883164165
1744,1449.9438517380026,-0.056148261997350346
1745,1449.9790122223199,-0.0209877776801477
1746,1449.9743558193293,-0.02564418067072438
1747,1449.9983156402325,-0.0016843597675233468
1748,1449.977097946771,-0.022902053229017838
1749,1449.952069584981,-0.047930415018981876
1750,1449.9626645761462,-0.037335423853846805
1751,1449.926710085012,-0.07328991498798132
1752,1449.9061196033426,-0.09388039665736869
1753,1449.9261494491273,-0.0738505508727485
1754,1449.8989220790343,-0.10107792096573576
1755,1449.8590848867618,-0.1409151132381794
1756,1449.74767598592,-0.25232401407993166
1757,1449.7240699967706,-0.275930003229405
1758,1449.714500036568,-0.28549996343190287
1759,1449.7990177784943,-0.2009822215056829
1760,1449.7570024199438,-0.24299758005622607
1761,1449.7650675719003,-0.2349324280996825
1762,1449.8303928131704,-0.16960718682958031
1763,1449.8415786374783,-0.15842136252172168
1764,1449.8875296186836,-0.11247038131637055
1765,1449.8825188846297,-0.11748111537031036
1766,1449.9308965234497,-0.06910347655025362
1767,1449.9141648741254,-0.08583512587460973
1768,1450.0134570276587,0.013457027658660081
1769,1450.0544996790081,0.05449967900813135
1770,1450.0150687952305,0.01506879523049065
1771,1450.063712928594,0.06371292859398636
1772,1450.0952819732502,0.09528197325016663
1773,1450.0992178955569,0.0992178955568761
1774,1450.073892972282,0.0738929722820103
1775,1449.9638017972366,-0.03619820276344399
1776,1449.966591662017,-0.03340833798301901
1777,1449.9404184495897,-0.05958155041025748
1778,1449.995215387377,-0.004784612623097928
1779,1449.9356849862365,-0.06431501376346205
1780,1449.9812496161235,-0.018750383876522392
1781,1449.9312773238626,-0.06872267613744043
1782,1449.9232177796569,-0.07678222034314786
1783,1450.014650776705,0.01465077670491155
1784,1450.0718643296195,0.0718643296195296
1785,1450.0778616102511,0.0778616102511478
1786,1450.0548997333444,0.05489973334442766
1787,1449.9782249302411,-0.0217750697588599
1788,1449.9582960229416,-0.04170397705843243
1789,1449.9676847826195,-0.03231521738052834
1790,1449.9580278357437,-0.041972164256321776
1791,1449.9709759067134,-0.029024093286579955
1792,1449.9095047271983,-0.09049527280171787
1793,1449.8829795756105,-0.11702042438946592
1794,1449.855166112,-0.14483388799999375
1795,1449.8352951215868,-0.16470487841320391
1796,1449.8895091821078,-0.11049081789224147
1797,1449.8073303495519,-0.19266965044812423
1798,1449.822754013019,-0.17724598698100635
1799,1449.8587348314663,-0.1412651685336641
1800,1449.8540697915528,-0.1459302084472256
1801,1449.833175644639,-0.16682435536108642
1802,1449.829320117788,-0.17067988221197083
1803,1449.8644735180967,-0.1355264819032982
1804,1449.8473891667895,-0.15261083321047408
1805,1449.8176260570526,-0.18237394294737896
1806,1449.9052765658594,-0.09472343414063289
1807,1449.857841302011,-0.14215869798908898
1808,1449.915487205194,-0.08451279480595986
1809,1449.98217678431,-0.017823215689986682
1810,1450.0306458651137,0.030645865113683612
1811,1449.9767212145987,-0.02327878540131678
1812,1450.0009174247123,0.0009174247122700763
1813,1449.9804819353214,-0.019518064678550218
1814,1450.0420583154587,0.04205831545868932
1815,1450.0248963075794,0.02489630757941086
1816,1450.017611384586,0.017611384585961787
1817,1449.9938924022913,-0.006107597708705725
1818,1450.0579347882897,0.05793478828968546
1819,1449.9634344666708,-0.03656553332916701
1820,1449.9584796946751,-0.04152030532486606
1821,1449.90811532793,-0.09188467206990936
1822,1449.8710316011718,-0.12896839882819222
1823,1449.8669090012886,-0.13309099871139551
1824,1449.8941639199859,-0.10583608001411449
1825,1449.944394729285,-0.05560527071497745
1826,1449.9761427946223,-0.023857205377680657
1827,1450.046561876722,0.04656187672208034
1828,1450.0870216201597,0.08702162015970316
1829,1450.1560470942263,0.15604709422632368
1830,1450.1805259192456,0.18052591924561057
1831,1450.0763938910602,0.07639389106020644
1832,1450.0930844803602,0.0930844803601758
1833,1450.084382676908,0.08438267690803514
1834,1450.1520551718863,0.15205517188633166
1835,1450.1919004565866,0.19190045658660893
1836,1450.161614947677,0.1616149476769806
1837,1450.1377754837702,0.13777548377015592
1838,1450.1105087936755,0.11050879367553534
1839,1450.1472196590605,0.14721965906051082
1840,1450.1656281227506,0.16562812275060423
1841,1450.1447445272756,0.14474452727563403
1842,1450.1174911367057,0.11749113670566658
1843,1450.1368330494383,0.13683304943833718
1844,1450.1095367560274,0.10953675602740987
1845,1450.1763912374843,0.17639123748426755
1846,1450.0922153001916,0.09221530019158308
1847,1450.1253146838774,0.12531468387737732
1848,1450.0416879589816,0.041687958981583506
1849,1450.0842000229682,0.08420002296816165
1850,1450.1158013742208,0.1158013742208368
1851,1450.0785095524475,0.07850955244748548
1852,1450.0454474315632,0.045447431563161445
1853,1450.0062496729188,0.006249672918784199
1854,1449.9956195047334,-0.004380495266559592
1855,1449.921083753646,-0.07891624635408334
1856,1449.8951316394382,-0.10486836056179527
1857,1449.8624278878667,-0.13757211213328446
1858,1449.9174789499452,-0.08252105005476551
1859,1449.9738945586257,-0.026105441374284055
1860,1449.9233656853762,-0.07663431462378867
1861,1449.9257997076609,-0.07420029233912828
1862,1449.9794934651609,-0.020506534839114465
1863,1449.870320343965,-0.12967965603502307
1864,1449.8034585381565,-0.19654146184348065
1865,1449.8645420349776,-0.13545796502239682
1866,1449.9192217886712,-0.080778211328834
1867,1449.962116279432,-0.03788372056806111
1868,1450.0017888197012,0.001788819701232569
1869,1450.05841819154,0.058418191540113185
1870,1450.0522510534283,0.05225105342833558
1871,1449.9992305849364,-0.0007694150635870756
1872,1450.0393424251492,0.039342425149243354
1873,1450.0142759098308,0.014275909830757882
1874,1450.0218575538552,0.02185755385517041
1875,1449.9902210695443,-0.009778930455695445
1876,1449.9929518520787,-0.007048147921295822
1877,1449.9714405177667,-0.028559482233276867
1878,1450.0146919632557,0.014691963255700102
1879,1450.056629124031,0.05662912403090559
1880,1450.1085033333618,0.10850333336179574
1881,1450.1379743125694,0.13797431256944037
1882,1450.1670146161646,0.1670146161645789
1883,1450.2859664526677,0.2859664526677079
1884,1450.291604449403,0.2916044494029393
1885,1450.2740933841694,0.27409338416941864
1886,1450.3040178837314,0.30401788373137606
1887,1450.2877527241792,0.2877527241791995
1888,1450.2530288535588,0.253028853558817
1889,1450.2309608981595,0.23096089815953746
1890,1450.2166968229042,0.21669682290416858
1891,1450.169997963828,0.16999796382810928
1892,1450.1330605162225,0.1330605162224856
1893,1450.1537327251854,0.15373272518536396
1894,1450.1334726583664,0.13347265836637234
1895,1450.1427672352181,0.14276723521811618
1896,1450.0829715847,0.0829715847000898
1897,1450.028716113155,0.028716113155041967
1898,1449.977546496754,-0.02245350324596984
1899,1449.9848576764846,-0.015142323515419776
1900,1449.9304578860329,-0.06954211396714527
1901,1449.899791843974,-0.10020815602592847
1902,1449.857994035934,-0.14200596406590194
1903,1449.8139199350753,-0.1860800649246812
1904,1449.7774844234627,-0.22251557653726195
1905,1449.8151687504105,-0.18483124958947883
1906,1449.8671931403194,-0.13280685968061334
1907,1449.8789262069452,-0.12107379305484756
1908,1449.9495414783655,-0.05045852163448217
1909,1449.9347717778,-0.0652282221999485
1910,1449.9856793409192,-0.01432065908079494
1911,1450.0034988177847,0.0034988177847026236
1912,1449.9697064264747,-0.030293573525341344
1913,1449.931604002357,-0.0683959976429378
1914,1449.850660702411,-0.14933929758899467
1915,1449.8803154573511,-0.11968454264888351
1916,1449.8242267655642,-0.17577323443583737
1917,1449.7918770099277,-0.2081229900722974
1918,1449.875945684649,-0.12405431535103162
1919,1449.8955481963867,-0.10445180361330131
1920,1449.9157295204886,-0.08427047951136046
1921,1449.8765875012352,-0.12341249876476468
1922,1449.8766274265527,-0.12337257344734098
1923,1449.9493782682048,-0.050621731795217784
1924,1450.0910925538767,0.091092553876706
1925,1450.0657124057354,0.06571240573543946
1926,1450.0864320196213,0.08643201962127023
1927,1450.0738059523555,0.0738059523555421
1928,1450.103660035495,0.10366003549506786
1929,1450.0505344708931,0.05053447089312613
1930,1450.0201369824185,0.0201369824185349
1931,1449.9940523013386,-0.005947698661429968
1932,1449.9609265393947,-0.03907346060532291
1933,1449.9942407352275,-0.005759264772450479
1934,1449.9775036908534,-0.022496309146617932
1935,1449.9927222973374,-0.007277702662577212
1936,1450.0853888804938,0.08538888049383786
1937,1449.9650756707617,-0.03492432923826527
1938,1449.9557421253,-0.04425787469995157
1939,1450.0144347463909,0.01443474639086162
1940,1450.0017769346011,0.0017769346011391463
1941,1450.0191347371867,0.01913473718673231
1942,1450.0500928095496,0.050092809549596495
1943,1450.0087890273714,0.008789027371449265
1944,1449.977979114495,-0.02202088550507142
1945,1449.9649552612223,-0.03504473877774217
1946,1449.944790711587,-0.05520928841292516
1947,1449.9521959155854,-0.047804084414565295
1948,1450.0356902413753,0.035690241375277765
1949,1450.060804599602,0.06080459960207918
1950,1450.0603560426578,0.060356042657758735
1951,1450.046244418962,0.046244418962032796
1952,1450.08276255526,0.08276255525993292
1953,1450.144633434076,0.14463343407601315
1954,1450.2207729303586,0.22077293035863477
1955,1450.1852973041741,0.18529730417412793
1956,1450.2073310494177,0.20733104941768943
1957,1450.1975921044586,0.19759210445863573
1958,1450.2733623349388,0.2733623349388381
1959,1450.2558125880112,0.25581258801116746
1960,1450.2143432186042,0.21434321860419914
1961,1450.1576347350926,0.15763473509264259
1962,1450.0723182327026,0.07231823270262794
1963,1450.1357597092967,0.1357597092967353
1964,1450.137768207869,0.1377682078689304
1965,1450.0664418981455,0.06644189814551282
1966,1450.0598510589837,0.059851058983667826
1967,1450.0603201837232,0.060320183723206355
1968,1450.046365496383,0.04636549638303222
1969,1449.9796576670842,-0.020342332915788575
1970,1449.9584269195807,-0.041573080419311736
1971,1449.8964825805783,-0.10351741942167791
1972,1449.8868896491567,-0.11311035084327159
1973,1449.8523356306684,-0.14766436933155092
1974,1449.8381224162124,-0.1618775837876001
1975,1449.897330548792,-0.10266945120793025
1976,1449.9389625023546,-0.06103749764542954
1977,1449.9706003755186,-0.029399624481357023
1978,1450.001100738047,0.0011007380469436612
1979,1450.0332333388733,0.03323333887328772
1980,1450.124685066353,0.12468506635309495
1981,1450.1818166149815,0.1818166149814715
1982,1450.21522237526,0.21522237526005483
1983,1450.1994856480485,0.1994856480484941
1984,1450.1459032232058,0.14590322320577798
1985,1450.1542965221445,0.15429652214447742
1986,1450.1338998799256,0.13389987992559327
1987,1450.0797170994717,0.07971709947173622
1988,1450.0033494553975,0.003349455397483325
1989,1450.0382092599643,0.03820925996433289
1990,1450.0104704842759,0.010470484275856506
1991,1450.0383417094806,0.0383417094806191
1992,1450.0649968250923,0.06499682509229388
1993,1450.0766756981789,0.07667569817886033
1994,1450.0324595151558,0.03245951515577872
1995,1450.015934911433,0.015934911433078014
1996,1450.003797734108,0.0037977341080477345
1997,1449.9863142111888,-0.013685788811244493
1998,1449.968147249273,-0.03185275072701188
1999,1449.9289984747754,-0.07100152522457392
2000,1426.9539311803842,-23.04606881961581
2001,1428.7822501710539,-21.217749828946125
2002,1430.5149746526067,-19.485025347393275
2003,1431.9967824383032,-18.00321756169683
2004,1433.4770395203298,-16.522960479670246
2005,1434.8782733775065,-15.121726622493497
2006,1436.1781590176886,-13.821840982311414
2007,1437.2593435356323,-12.740656464367703
2008,1438.269091798447,-11.730908201552893
2009,1439.1887992271877,-10.811200772812299
2010,1440.1254130067312,-9.87458699326885
2011,1440.9122798569215,-9.087720143078514
2012,1441.6261142582043,-8.373885741795675
2013,1442.2844878848593,-7.715512115140655
2014,1442.9214515372605,-7.078548462739491
2015,1443.5367617664178,-6.46323823358216
2016,1444.0180910949932,-5.981908905006776
2017,1444.5500729731655,-5.44992702683453
2018,1444.968561551038,-5.031438448962035
2019,1445.339569280372,-4.660430719628039
2020,1445.750240851236,-4.249759148764042
2021,1446.0523742882995,-3.947625711700539
2022,1446.4592567019383,-3.5407432980616704
2023,1446.7875541147553,-3.2124458852447333
2024,1446.9928349150493,-3.007165084950657
2025,1447.198457915808,-2.8015420841920786
2026,1447.4056141487395,-2.59438585126054
2027,1447.5855687858837,-2.414431214116348
2028,1447.8291799441818,-2.17082005581824
2029,1448.0934361978032,-1.9065638021968425
2030,1448.2265441754607,-1.773455824539269
2031,1448.3618065387238,-1.6381934612761597
2032,1448.479055011949,-1.520944988051042
2033,1448.5228051016804,-1.477194898319567
2034,1448.6100717994689,-1.3899282005311306
2035,1448.7396628179174,-1.2603371820825942
2036,1448.868488078245,-1.1315119217549636
2037,1449.0169825738992,-0.9830174261007869
2038,1449.127815459909,-0.8721845400909842
2039,1449.2128219142264,-0.7871780857735757
2040,1449.3292151197936,-0.6707848802063836
2041,1449.370923530053,-0.6290764699469946
2042,1449.3698477060407,-0.6301522939593269
2043,1449.3798823969037,-0.6201176030963325
2044,1449.4652418125586,-0.5347581874414118
2045,1449.538170672262,-0.46182932773808716
2046,1449.5952724206363,-0.40472757936368
2047,1449.629293886719,-0.3707061132809031
2048,1449.6956808794678,-0.3043191205322273
2049,1449.7825221466162,-0.217477853383798
2050,1449.7732305040668,-0.22676949593324025
2051,1449.7792744578933,-0.22072554210672024
2052,1449.7976292379508,-0.20237076204921323
2053,1449.8044383082083,-0.19556169179168137
2054,1449.7372596141627,-0.2627403858373327
2055,1449.7004114794,-0.2995885206000821
2056,1449.8011786745967,-0.19882132540328712
2057,1449.7705203034625,-0.22947969653750988
2058,1449.742122351938,-0.25787764806204905
2059,1449.7969712793176,-0.20302872068236866
2060,1449.7073852145231,-0.2926147854768715
2061,1449.773900100099,-0.2260998999011008
2062,1449.7569007369461,-0.24309926305386398
2063,1449.830936824029,-0.16906317597090492
2064,1449.9196571905904,-0.08034280940955796
2065,1449.9221219215176,-0.07787807848239936
2066,1449.9011037166954,-0.09889628330461164
2067,1449.9930935238747,-0.0069064761253230245
2068,1449.9900252262191,-0.009974773780868418
2069,1449.999979983215,-2.001678490159975e-05
2070,1449.963003115561,-0.036996884439076894
2071,1450.026889248462,0.026889248462111937
2072,1450.0784153771726,0.07841537717263236
2073,1449.9890864191295,-0.010913580870465012
2074,1450.0433297258355,0.04332972583551964
2075,1450.1151151833008,0.11511518330075887
2076,1450.1582678390575,0.15826783905754382
2077,1450.1328021994254,0.13280219942544136
2078,1450.0499127407495,0.04991274074950525
2079,1450.0512148463722,0.05121484637220419
2080,1450.0369021496913,0.03690214969128647
2081,1449.9913114160454,-0.008688583954608475
2082,1449.9634403137336,-0.036559686266400604
2083,1449.9292662379335,-0.07073376206653847
2084,1450.000881014844,0.00088101484402614
2085,1450.017392335094,0.017392335093973088
2086,1450.0788840335242,0.07888403352421847
2087,1450.0822263824377,0.08222638243773872
2088,1450.095094467938,0.09509446793799725
2089,1450.0608569210433,0.0608569210432961
2090,1450.0372269733912,0.03722697339117076
2091,1450.11561048219,0.11561048219004988
2092,1450.1519434330132,0.15194343301322988
2093,1450.1282947217692,0.1282947217691799
2094,1450.0302940252693,0.03029402526931335
2095,1450.0098937501075,0.00989375010749427
2096,1450.0794282434858,0.07942824348583599
2097,1450.0171792748195,0.017179274819454804
2098,1449.9532783535403,-0.04672164645967314
2099,1449.964699763614,-0.035300236386092365
2100,1449.9651644167259,-0.03483558327411629
2101,1449.8979845722115,-0.10201542778850126
2102,1449.9215084958487,-0.0784915041513159
2103,1449.9926859671575,-0.007314032842486995
2104,1450.0344090041299,0.034409004129884124
2105,1450.0816125893502,0.08161258935024307
2106,1450.127007499326,0.12700749932605504
2107,1450.1101862656049,0.11018626560485245
2108,1450.153414593635,0.15341459363503418
2109,1450.097324320453,0.0973243204530263
2110,1450.1183111739083,0.11831117390829604
2111,1450.0578960813139,0.057896081313856484
2112,1450.0427701026774,0.04277010267742298
2113,1450.0002434617222,0.00024346172222067253
2114,1449.9812909746358,-0.01870902536415997
2115,1449.9599003635435,-0.04009963645648895
2116,1449.9990683046328,-0.0009316953671714145
2117,1449.9712930386072,-0.028706961392799712
2118,1449.9083902089642,-0.09160979103580758
2119,1449.8961093027322,-0.10389069726784328
2120,1449.8939207855913,-0.10607921440873724
2121,1449.9102700413648,-0.08972995863518918
2122,1449.9523131431283,-0.047686856871678174
2123,1450.0366215125975,0.036621512597548644
2124,1449.9763787983584,-0.023621201641617517
2125,1449.8900314386274,-0.10996856137262512
2126,1449.9042409640379,-0.0957590359621463
2127,1449.9211708474827,-0.07882915251730083
2128,1449.9412327458226,-0.05876725417738271
2129,1449.9942198311953,-0.0057801688046765776
2130,1450.0393394919074,0.039339491907412594
2131,1450.0504300832406,0.05043008324059883
2132,1450.0233526770464,0.02335267704643229
2133,1450.0511774209256,0.051177420925569095
2134,1449.997525710836,-0.0024742891639562004
2135,1449.9995472015582,-0.00045279844175638573
2136,1450.0166034470196,0.016603447019633677
2137,1450.0494687109717,0.04946871097172334
2138,1450.0930948735645,0.09309487356449608
2139,1450.0783068359374,0.07830683593738286
2140,1450.1251710769436,0.12517107694361584
2141,1450.0889052925406,0.0889052925406304
2142,1450.0119239908515,0.011923990851528288
2143,1450.0467980651033,0.04679806510330309
2144,1450.0688933948556,0.0688933948556496
2145,1450.056372636907,0.05637263690709915
2146,1450.021579746992,0.021579746992074433
2147,1450.0056646540622,0.0056646540622296015
2148,1449.9860501378612,-0.01394986213881566
2149,1449.9400412950877,-0.059958704912332905
2150,1449.987217007636,-0.01278299236400926
2151,1449.9346743536291,-0.0653256463708658
2152,1449.9391545469693,-0.0608454530306517
2153,1449.9471738255806,-0.052826174419351446
2154,1449.880328606136,-0.11967139386410963
2155,1449.8369178244398,-0.1630821755602483
2156,1449.8926633235687,-0.10733667643125955
2157,1449.8934907454834,-0.10650925451659532
2158,1449.997800767704,-0.0021992322961068567
2159,1449.9495683161529,-0.05043168384713681
2160,1450.0696179602614,0.0696179602614393
2161,1450.0709686123575,0.07096861235754659
2162,1450.115892594197,0.11589259419702103
2163,1450.076934869842,0.07693486984203446
2164,1450.0340985735531,0.03409857355313761
2165,1449.9410447442206,-0.05895525577943772
2166,1449.853568816389,-0.1464311836109573
2167,1449.8527476530735,-0.14725234692650702
2168,1449.8247537350403,-0.17524626495969642
2169,1449.8648081942415,-0.13519180575849532
2170,1450.062767236998,0.06276723699807008
2171,1449.9973500204335,-0.0026499795665131387
2172,1450.0203161827208,0.0203161827207623
2173,1449.9527439883334,-0.047256011666604536
2174,1449.9139156939061,-0.08608430609388051
2175,1449.9483501378993,-0.0516498621007031
2176,1449.9098724150645,-0.09012758493554429
2177,1449.9748551107102,-0.025144889289776984
2178,1449.9560001799243,-0.04399982007566905
2179,1449.9687130598204,-0.03128694017959788
2180,1449.9502314446027,-0.0497685553973497
2181,1449.854094854175,-0.1459051458250542
2182,1449.8778010997942,-0.1221989002058308
2183,1449.8926688175272,-0.10733118247276252
2184,1450.0597903086286,0.0597903086286351
2185,1450.0134915950857,0.013491595085724839
2186,1450.111805012979,0.11180501297894807
2187,1450.108509358853,0.10850935885309809
2188,1450.0964865296366,0.09648652963664972
2189,1450.046038955134,0.046038955134008575
2190,1450.0110507137922,0.01105071379220135
2191,1449.995280736414,-0.004719263585911904
2192,1449.9762886925992,-0.023711307400844817
2193,1450.023240367041,0.02324036704089849
2194,1449.9935548011997,-0.006445198800292928
2195,1449.921734869357,-0.07826513064310348
2196,1449.982706746885,-0.01729325311498542
2197,1450.0225135009587,0.022513500958666555
2198,1450.0433272381922,0.043327238192205186
2199,1450.0810796401847,0.08107964018472558
2200,1450.0504828366486,0.050482836648598095
2201,1449.9854558092327,-0.014544190767310283
2202,1450.0874794731974,0.08747947319739069
2203,1450.1005176206188,0.10051762061880254
2204,1450.1005701745771,0.10057017457711481
2205,1450.054186144,0.05418614399991384
2206,1450.0591278115342,0.05912781153415381
2207,1450.0104211040202,0.010421104020224448
2208,1449.9798228336902,-0.02017716630984978
2209,1449.9225403878943,-0.07745961210571295
2210,1449.9227720345211,-0.07722796547886901
2211,1450.0217578678385,0.021757867838459788
2212,1450.0908608623313,0.09086086233128299
2213,1450.1166824281183,0.11668242811833807
2214,1450.1660288265637,0.16602882656366091
2215,1450.085261455059,0.08526145505902605
2216,1450.0841116643594,0.08411166435939776
2217,1450.0531143835285,0.05311438352850928
2218,1450.1005052719556,0.10050527195562609
2219,1450.11474993767,0.11474993767001251
2220,1450.147627968826,0.1476279688261002
2221,1450.160622704948,0.16062270494808217
2222,1450.0861552682923,0.08615526829225928
2223,1450.077611467772,0.07761146777193062
2224,1450.0908919250421,0.09089192504211496
2225,1450.0951264615655,0.09512646156554183
2226,1450.0806743278004,0.08067432780035233
2227,1450.0974613821743,0.09746138217428779
2228,1450.076642335075,0.07664233507489371
2229,1450.1436072938905,0.14360729389045446
2230,1450.0638268419445,0.06382684194454669
2231,1450.0622805979813,0.06228059798127106
2232,1450.081307811471,0.0813078114711061
2233,1450.0343972962503,0.03439729625029031
2234,1450.1022719464522,0.10227194645221971
2235,1450.0298685201676,0.029868520167610768
2236,1450.1468612926103,0.14686129261031056
2237,1450.2508368207953,0.25083682079525715
2238,1450.1957564950885,0.1957564950885171
2239,1450.1745663330166,0.17456633301662805
2240,1450.0884906708714,0.08849067087135154
2241,1450.0286479995905,0.028647999590475592
2242,1450.0091740828182,0.009174082818162788
2243,1450.0057429345195,0.005742934519503251
2244,1450.0164708920888,0.0164708920888188
2245,1449.9649199474652,-0.03508005253479496
2246,1449.901211412327,-0.09878858767297061
2247,1449.8347207131092,-0.16527928689083637
2248,1449.9033381947236,-0.0966618052764261
2249,1449.8377024655827,-0.1622975344173483
2250,1449.847330103279,-0.15266989672090858
2251,1449.820245208215,-0.17975479178494425
2252,1449.8165547722942,-0.18344522770576077
2253,1449.8116300538666,-0.1883699461334345
2254,1449.853043931576,-0.1469560684240605
2255,1449.8130153740665,-0.18698462593351906
2256,1449.829533278232,-0.17046672176797983
2257,1449.8830183209031,-0.11698167909685253
2258,1449.838573488443,-0.1614265115570106
2259,1449.8317783082894,-0.1682216917106416
2260,1449.8518372987287,-0.14816270127130338
2261,1449.8608343235326,-0.13916567646742806
2262,1449.8904972536632,-0.10950274633682966
2263,1449.908820766178,-0.09117923382200388
2264,1450.0024885419757,0.0024885419757083582
2265,1449.9980660792435,-0.0019339207565280958
2266,1450.0327637679472,0.03276376794724456
2267,1450.0372518522383,0.0372518522383416
2268,1450.0440358158771,0.04403581587712324
2269,1450.1174025511018,0.11740255110180442
2270,1450.0069219336003,0.006921933600324337
2271,1450.0231995979052,0.023199597905204428
2272,1450.010755923374,0.010755923374063059
2273,1449.9865573004913,-0.013442699508686928
2274,1449.935715352305,-0.06428464769510356
2275,1449.858837720272,-0.1411622797279506
2276,1449.9496625432175,-0.050337456782472145
2277,1449.8127501287722,-0.18724987122777748
2278,1449.8276880277697,-0.17231197223031813
2279,1449.846993206262,-0.15300679373808634
2280,1449.8131417489171,-0.18685825108286735
2281,1449.8505100569498,-0.1494899430501846
2282,1449.7920725128965,-0.20792748710346132
2283,1449.8765748679098,-0.12342513209023309
2284,1449.835959838168,-0.1640401618319629
2285,1449.8080274044098,-0.19197259559018676
2286,1449.859241685065,-0.14075831493505575
2287,1449.9170527293336,-0.08294727066640917
2288,1449.905611912251,-0.09438808774893914
2289,1449.890092479297,-0.10990752070301824
2290,1449.8557802363543,-0.14421976364565126
2291,1449.8218320887115,-0.17816791128848308
2292,1449.7883034427473,-0.21169655725270786
2293,1449.757795583924,-0.2422044160759924
2294,1449.7698995835658,-0.23010041643419754
2295,1449.828967595452,-0.17103240454798652
2296,1449.8842554787889,-0.115744521211127
2297,1449.7882594800435,-0.2117405199564928
2298,1449.8295422758654,-0.17045772413462146
2299,1449.8061418150176,-0.1938581849824459
2300,1449.897448100424,-0.10255189957592847
2301,1449.8368873072666,-0.16311269273342077
2302,1449.8663542888219,-0.13364571117813284
2303,1449.830949901293,-0.1690500987069754
2304,1449.8538747108419,-0.14612528915813527
2305,1449.8734805417503,-0.12651945824973154
2306,1449.9093360917411,-0.09066390825887538
2307,1449.849600919145,-0.15039908085509524
2308,1449.8408305170335,-0.15916948296649025
2309,1449.8169018053063,-0.1830981946936845
2310,1449.7642840241215,-0.2357159758785201
2311,1449.7793915407028,-0.22060845929718198
2312,1449.764282372668,-0.235717627331951
2313,1449.7503717284756,-0.24962827152444333
2314,1449.8678991098698,-0.13210089013023207
2315,1449.9073137915468,-0.09268620845318765
2316,1449.8598280490232,-0.1401719509767645
2317,1449.811706249674,-0.18829375032601092
2318,1449.8709711519075,-0.1290288480925028
2319,1449.883878440544,-0.1161215594559053
2320,1449.83526691297,-0.16473308703007206
2321,1449.8090118456198,-0.190988154380193
2322,1449.8113088936238,-0.1886911063761545
2323,1449.7971591564246,-0.20284084357535903
2324,1449.8791819459323,-0.12081805406774038
2325,1449.8628264205263,-0.13717357947371056
2326,1449.8500702536066,-0.14992974639335443
2327,1449.87360724722,-0.1263927527800206
2328,1449.819105306946,-0.18089469305391503
2329,1449.7538037338315,-0.2461962661684538
2330,1449.8522825147281,-0.147717485271869
2331,1449.839706540006,-0.16029345999390898
2332,1449.789365538608,-0.2106344613919191
2333,1449.8401466207492,-0.15985337925076237
2334,1449.875826265407,-0.12417373459288683
2335,1449.9261874278245,-0.07381257217548409
2336,1449.9034194255169,-0.09658057448314139
2337,1450.0091594282537,0.0091594282537244
2338,1449.9147994685693,-0.08520053143070072
2339,1449.9400123773087,-0.05998762269132385
2340,1449.9777999104674,-0.022200089532589118
2341,1449.929989357493,-0.07001064250698619
2342,1449.942656956088,-0.057343043911942004
2343,1449.9260214458973,-0.07397855410272314
2344,1449.9126640546294,-0.08733594537056888
2345,1449.9085460961433,-0.09145390385674546
2346,1449.9457576703098,-0.054242329690168845
2347,1449.9836974761063,-0.016302523893727994
2348,1449.8851476704006,-0.11485232959944369
2349,1449.8896707245794,-0.11032927542055404
2350,1449.8990825114736,-0.10091748852642013
2351,1449.929807776643,-0.0701922233570258
2352,1449.9742565934216,-0.025743406578385475
2353,1449.8955132416347,-0.1044867583652831
2354,1449.8325479634132,-0.1674520365868375
2355,1449.8542311871404,-0.14576881285961463
2356,1449.8688509223855,-0.13114907761450922
2357,1449.954457269726,-0.045542730274064525
2358,1449.985769951557,-0.014230048443096166
2359,1450.033031138699,0.03303113869901608
2360,1450.0303892512384,0.030389251238375437
2361,1450.047333243717,0.04733324371704839
2362,1450.0082796830295,0.008279683029513762
2363,1449.9551856464543,-0.0448143535456893
2364,1449.9649162579249,-0.03508374207513043
2365,1449.9977256028692,-0.002274397130804573
2366,1450.0314008056005,0.03140080560046954
2367,1450.0489991970678,0.04899919706781475
2368,1450.0763936684725,0.0763936684725195
2369,1450.0175287343209,0.017528734320876538
2370,1449.9277739977408,-0.0722260022591854
2371,1449.9056082409174,-0.09439175908255493
2372,1449.8946520396353,-0.10534796036472471
2373,1449.889987508588,-0.11001249141190783
2374,1449.8919713120054,-0.10802868799464704
2375,1449.9442248346963,-0.05577516530365756
2376,1449.917827102183,-0.08217289781691761
2377,1450.0840579085057,0.08405790850565609
2378,1450.0610084313744,0.061008431374375505
2379,1450.1235860369757,0.1235860369756665
2380,1450.0567851114752,0.05678511147516474
2381,1449.9488007819855,-0.0511992180145171
2382,1449.9497004376265,-0.05029956237353872
2383,1449.9010212513151,-0.09897874868488543
2384,1449.9000715865775,-0.09992841342250358
2385,1449.999585799015,-0.0004142009850056638
2386,1449.9871487081869,-0.012851291813149146
2387,1449.9412311128353,-0.058768887164660555
2388,1449.98660759576,-0.013392404239993994
2389,1450.0574194212843,0.057419421284294
2390,1450.1933825711562,0.19338257115623492
2391,1450.1751826051557,0.17518260515566908
2392,1450.1368935432467,0.1368935432467424
2393,1450.0589732288727,0.058973228872673644
2394,1449.9842627648477,-0.015737235152300855
2395,1450.109471267512,0.10947126751193537
2396,1450.0807921041257,0.08079210412574866
2397,1450.013201005484,0.0132010054840066
2398,1450.0151574991366,0.015157499136648767
2399,1449.9419934828761,-0.058006517123885715
2400,1449.9261747063629,-0.0738252936371282
2401,1449.876051436564,-0.12394856343598804
2402,1449.9389054239398,-0.06109457606021351
2403,1450.0366802098224,0.03668020982240705
2404,1449.979326313299,-0.020673686701002225
2405,1450.032231220138,0.03223122013810098
2406,1450.0243031599687,0.024303159968667387
2407,1449.9720511431797,-0.027948856820330548
2408,1450.0354254167603,0.03542541676029032
2409,1450.0673231625503,0.06732316255033766
2410,1450.0597178144253,0.0597178144253121
2411,1450.0928174487713,0.09281744877125675
2412,1450.0954635689961,0.09546356899613784
2413,1450.0889532203466,0.08895322034663877
2414,1450.0552743203134,0.055274320313401404
2415,1450.0098721070683,0.009872107068304103
2416,1449.976219341246,-0.023780658754049
2417,1449.9307042092996,-0.06929579070038017
2418,1449.9050623909395,-0.0949376090604801
2419,1449.9560610449366,-0.04393895506336776
2420,1449.87020147338,-0.1297985266201067
2421,1449.9419804156867,-0.05801958431334242
2422,1449.9145513593571,-0.08544864064288049
2423,1449.9110113870179,-0.08898861298212069
2424,1449.9433508872935,-0.056649112706509186
2425,1449.9372159304774,-0.06278406952264959
2426,1449.9146105767024,-0.08538942329755628
2427,1449.9556349840136,-0.044365015986386425
2428,1449.921982014617,-0.07801798538298499
2429,1449.8620668310532,-0.13793316894680174
2430,1449.8182566816745,-0.18174331832551616
2431,1449.7956330793468,-0.2043669206532286
2432,1449.727530675311,-0.2724693246889274
2433,1449.8294316604142,-0.17056833958577045
2434,1449.9237155542467,-0.0762844457533447
2435,1449.868859160566,-0.13114083943401056
2436,1449.9408555556074,-0.05914444439258659
2437,1449.992931801612,-0.00706819838796946
2438,1450.0251685988228,0.02516859882280187
2439,1450.074927179749,0.07492717974901097
2440,1450.090384919353,0.09038491935302773
2441,1450.08658326647,0.08658326646991554
2442,1450.09433118164,0.09433118163997278
2443,1450.0979433322939,0.0979433322938803
2444,1450.0982000630754,0.09820006307541007
2445,1450.1422510351445,0.14225103514445436
2446,1450.1332779358686,0.13327793586859116
2447,1450.1300266560386,0.13002665603858077
2448,1450.1261673922454,0.12616739224540652
2449,1450.1945466652544,0.1945466652543928
2450,1450.1150997347781,0.11509973477814128
2451,1450.0810470642853,0.08104706428525787
2452,1450.0471661735776,0.047166173577579684
2453,1450.0332781415284,0.03327814152839892
2454,1450.0483240081678,0.04832400816781046
2455,1450.076657771632,0.07665777163197163
2456,1449.9851097994492,-0.014890200550780719
2457,1450.0330741788414,0.03307417884138886
2458,1449.9994864694313,-0.0005135305686962965
2459,1450.0238741834228,0.023874183422776696
2460,1450.0375818394648,0.03758183946479221
2461,1450.143712551931,0.14371255193100296
2462,1450.1093332813082,0.10933328130818154
2463,1450.0645087763253,0.06450877632528318
2464,1450.0946742111478,0.09467421114777608
2465,1450.0385535196365,0.038553519636479905
2466,1450.0796958351787,0.0796958351786543
2467,1450.1263897374529,0.1263897374528824
2468,1450.19972611003,0.19972611003004204
2469,1450.2376732493722,0.23767324937216472
2470,1450.2035622388548,0.20356223885482905
2471,1450.2035107391607,0.20351073916071982
2472,1450.1342150358362,0.13421503583617778
2473,1450.104050654906,0.1040506549059046
2474,1450.1326303823728,0.13263038237278124
2475,1450.1022925394902,0.10229253949023587
2476,1450.0164671050532,0.01646710505315241
2477,1450.0503811105032,0.05038111050316729
2478,1449.9886992681836,-0.011300731816390908
2479,1449.9101035587025,-0.08989644129746921
2480,1449.8899303901849,-0.11006960981512748
2481,1449.974198260544,-0.025801739456028372
2482,1449.8900563599325,-0.10994364006751312
2483,1449.876362135939,-0.12363786406103827
2484,1449.8645634218092,-0.13543657819082
2485,1449.9096853693559,-0.09031463064411582
2486,1449.927033604737,-0.07296639526293802
2487,1449.9879749531449,-0.012025046855114851
2488,1450.0411929165903,0.04119291659026203
2489,1450.0037548726627,0.003754872662739217
2490,1450.0323480744378,0.03234807443777754
2491,1450.0662953779415,0.06629537794151474
2492,1450.02975830796,0.0297583079600372
2493,1449.940507486725,-0.0594925132750177
2494,1449.9322590901786,-0.06774090982139569
2495,1449.8214421955138,-0.17855780448621772
2496,1449.830373221047,-0.1696267789529884
2497,1449.919382911285,-0.08061708871491646
2498,1449.910692579098,-0.08930742090205968
2499,1449.8903246037798,-0.10967539622015465
2500,1449.8815384114437,-0.11846158855632893
2501,1449.853870969037,-0.14612903096303853
2502,1449.8700892508134,-0.1299107491865925
2503,1449.9774765035925,-0.02252349640752982
2504,1449.9462549292734,-0.053745070726563426
2505,1449.9372328004679,-0.06276719953211796
2506,1450.0124111075231,0.012411107523121245
2507,1449.9923844371945,-0.007615562805540321
2508,1449.9611056608883,-0.03889433911172091
2509,1449.919350771119,-0.08064922888092951
2510,1449.936229687564,-0.0637703124359632
2511,1450.0108124733604,0.010812473360374497
2512,1450.0289661808222,0.02896618082218083
2513,1449.986726085125,-0.013273914875071569
2514,1450.021674664977,0.021674664976899294
2515,1450.0459983439168,0.04599834391683544
2516,1450.0648439556817,0.06484395568168111
2517,1450.0019233894204,0.001923389420426247
2518,1449.977643572272,-0.022356427728027484
2519,1449.7896929561223,-0.21030704387771948
2520,1449.849948125681,-0.1500518743189332
2521,1449.887579602275,-0.11242039772491808
2522,1449.882229749815,-0.11777025018500353
2523,1449.8615504871423,-0.13844951285773277
2524,1449.9137856945538,-0.08621430544621944
2525,1449.944719473396,-0.05528052660406502
2526,1449.8823986131208,-0.11760138687918698
2527,1449.9120951295865,-0.0879048704134675
2528,1449.8425136533529,-0.157486346647147
2529,1449.8575110088605,-0.14248899113954394
2530,1449.9914069597944,-0.00859304020559648
2531,1449.908329037131,-0.09167096286910237
2532,1449.9231383790811,-0.07686162091886217
2533,1449.9322859969323,-0.06771400306774922
2534,1449.974621434276,-0.025378565723940483
2535,1449.902263874331,-0.09773612566891643
2536,1449.8563640432026,-0.14363595679742502
2537,1449.9200051777855,-0.07999482221453036
2538,1449.9724048854373,-0.027595114562700473
2539,1449.9981935519386,-0.001806448061415722
2540,1449.98298671249,-0.017013287510053487
2541,1449.9808472994657,-0.019152700534277756
2542,1450.002082193127,0.002082193127080245
2543,1450.0783778436087,0.07837784360867772
2544,1450.0932537620558,0.0932537620558378
2545,1450.0871341529664,0.08713415296642779
2546,1450.0757163070114,0.075716307011362
2547,1450.1971538038974,0.19715380389743586
2548,1450.1800823099481,0.18008230994814767
2549,1450.174676843564,0.17467684356392965
2550,1450.1522238548082,0.15222385480819867
2551,1450.1570886826848,0.15708868268484366
2552,1450.2358517093994,0.23585170939941236
2553,1450.280251798814,0.2802517988141062
2554,1450.2990885248016,0.2990885248016184
2555,1450.3281615259848,0.32816152598479675
2556,1450.184888059793,0.184888059792911
2557,1450.2268123493645,0.2268123493645362
2558,1450.2643046186226,0.26430461862264565
2559,1450.3127417031749,0.31274170317487915
2560,1450.2898761751583,0.2898761751582697
2561,1450.2213020624483,0.22130206244833062
2562,1450.2744921858032,0.274492185803183
2563,1450.3273328613964,0.3273328613963713
2564,1450.3238406320434,0.3238406320433569
2565,1450.312399550622,0.31239955062210356
2566,1450.3188047017088,0.3188047017088138
2567,1450.3790055971429,0.3790055971428501
2568,1450.3456519953695,0.34565199536950786
2569,1450.3745540470413,0.3745540470413289
2570,1450.361439660892,0.36143966089207424
2571,1450.2838378005824,0.28383780058243246
2572,1450.2352827820614,0.23528278206140385
2573,1450.2443390777607,0.24433907776074193
2574,1450.1555442617587,0.15554426175867775
2575,1450.1703120387244,0.17031203872443257
2576,1450.123699981438,0.12369998143799421
2577,1450.1538063926603,0.15380639266027174
2578,1450.057367149811,0.057367149810943374
2579,1450.0448489291932,0.04484892919322192
2580,1450.0526654254177,0.05266542541767194
2581,1450.033576952764,0.03357695276395134
2582,1449.9695211363132,-0.030478863686767
2583,1449.9796232244717,-0.020376775528347935
2584,1450.0177168022947,0.017716802294671652
2585,1449.9499112480964,-0.05008875190355866
2586,1449.9358936607061,-0.06410633929385767
2587,1449.9754380423249,-0.024561957675132362
2588,1449.941690257353,-0.05830974264699762
2589,1450.0056458122606,0.005645812260581806
2590,1449.9251917585214,-0.0748082414786495
2591,1449.954736539757,-0.045263460242949805
2592,1449.96819681264,-0.03180318736008303
2593,1450.0080724714915,0.00807247149145951
2594,1449.999924536081,-7.546391907453653e-05
2595,1450.032765589422,0.03276558942206975
2596,1449.978314736872,-0.02168526312789254
2597,1449.9653370677352,-0.034662932264836854
2598,1449.9904077683677,-0.009592231632268522
2599,1449.9677646274358,-0.032235372564173304
2600,1450.0301146476995,0.030114647699519992
2601,1449.9925629479603,-0.007437052039676928
2602,1450.0061066123133,0.006106612313260484
2603,1450.0418482161756,0.041848216175594644
2604,1449.996215045282,-0.0037849547179575893
2605,1449.970216818899,-0.02978318110103828
2606,1450.0046815536907,0.0046815536907161
2607,1449.9989203858686,-0.0010796141314131091
2608,1449.973319635267,-0.02668036473301072
2609,1449.901454101908,-0.09854589809197023
2610,1449.9157592154133,-0.08424078458665463
2611,1449.9050975590853,-0.09490244091466593
2612,1449.8779216142136,-0.12207838578638075
2613,1449.898275585011,-0.10172441498889384
2614,1449.9084778396555,-0.09152216034453886
2615,1450.0086773586427,0.008677358642671607
2616,1450.0230217734766,0.023021773476557428
2617,1450.0224004384122,0.022400438412205403
2618,1450.0486009872657,0.0486009872656723
2619,1450.0788735683625,0.07887356836249637
2620,1450.0474397755822,0.04743977558223378
2621,1450.0246847493092,0.02468474930924458
2622,1450.0037875069108,0.003787506910839511
2623,1449.9543717192817,-0.045628280718347014
2624,1449.9391541035782,-0.060845896421824364
2625,1449.9439938914907,-0.05600610850933663
2626,1449.9714288884459,-0.028571111554128947
2627,1450.0683895813922,0.06838958139223905
2628,1450.0867945567518,0.0867945567517836
2629,1450.0458531375216,0.045853137521589815
2630,1450.0419812699674,0.041981269967436674
2631,1450.0348779675796,0.03487796757963224
2632,1450.1017379642547,0.10173796425465298
2633,1450.025714929451,0.02571492945094178
2634,1450.004293492599,0.004293492598890225
2635,1449.9872810334796,-0.012718966520424146
2636,1449.9276859362626,-0.07231406373739446
2637,1449.910882647841,-0.08911735215906447
2638,1449.898275384524,-0.10172461547608691
2639,1449.9631029159364,-0.03689708406363934
2640,1450.02456039541,0.024560395409935154
2641,1450.0580699022737,0.05806990227370079
2642,1450.0044930857027,0.004493085702733879
2643,1450.0102247284274,0.01022472842737443
2644,1450.0526243862666,0.05262438626664334
2645,1450.0945114647252,0.09451146472520122
2646,1450.0544743018822,0.05447430188223734
2647,1450.0614887842846,0.061488784284620124
2648,1450.0445636165496,0.04456361654956709
2649,1450.0992453354108,0.09924533541084202
2650,1450.0626805341003,0.06268053410030916
2651,1450.1235418137546,0.12354181375462758
2652,1450.0939595218106,0.0939595218105751
2653,1450.0850476279438,0.08504762794382259
2654,1450.0408736110664,0.04087361106644494
2655,1450.0715411960916,0.0715411960916299
2656,1450.0785851918808,0.07858519188084756
2657,1450.1159311976917,0.1159311976916797
2658,1450.074219766775,0.07421976677505882
2659,1450.1188377540605,0.1188377540604506
2660,1450.0956080311894,0.09560803118938566
2661,1450.1526807228674,0.15268072286744427
2662,1450.064022642719,0.06402264271901004
2663,1450.0780427000898,0.07804270008978165
2664,1450.0179026153783,0.017902615378261544
2665,1449.9766755225112,-0.0233244774888135
2666,1450.0674271676694,0.06742716766939338
2667,1450.0741002637153,0.07410026371530876
2668,1450.0985416050378,0.09854160503778076
2669,1450.0519163777496,0.051916377749648746
2670,1449.9817883709618,-0.0182116290382055
2671,1449.994972502903,-0.005027497096989464
2672,1450.0104515716755,0.010451571675503146
2673,1450.039306465791,0.03930646579101449
2674,1450.0162573974583,0.01625739745827559
2675,1449.927383394351,-0.0726166056490456
2676,1449.8962156715834,-0.10378432841662288
2677,1449.9347488463948,-0.0652511536052316
2678,1449.9588630240305,-0.041136975969493506
2679,1449.9690286758896,-0.03097132411039638
2680,1449.925495520245,-0.07450447975497809
2681,1449.9219073159832,-0.07809268401683767
2682,1449.9852068077216,-0.0147931922783755
2683,1449.9428610967361,-0.05713890326387627
2684,1449.9298227596885,-0.07017724031152284
2685,1449.9483466652432,-0.0516533347567929
2686,1449.927356259301,-0.07264374069904989
2687,1449.9316710859425,-0.06832891405747432
2688,1450.0652619796813,0.06526197968128145
2689,1450.0969879688137,0.09698796881366434
2690,1450.1697552487176,0.16975524871759262
2691,1450.1489076442465,0.14890764424649205
2692,1450.0581924494268,0.0581924494267696
2693,1450.0156694062293,0.015669406229335436
2694,1449.9592900204375,-0.040709979562507215
2695,1449.889185961082,-0.11081403891807895
2696,1449.8935522418756,-0.10644775812443186
2697,1449.907596338224,-0.09240366177596115
2698,1449.8595517932522,-0.14044820674780567
2699,1449.8727906926056,-0.12720930739442338
2700,1449.8605556006314,-0.13944439936858544
2701,1449.9261820166844,-0.07381798331562095
2702,1449.9186404948023,-0.0813595051977245
2703,1449.9697369250289,-0.03026307497111702
2704,1449.9975947219143,-0.002405278085689133
2705,1449.9345400186355,-0.06545998136448361
2706,1449.9358958842824,-0.06410411571755503
2707,1450.0124170614336,0.01241706143355259
2708,1449.9486364257157,-0.05136357428432348
2709,1449.9268732820967,-0.0731267179032784
2710,1449.9094142011068,-0.09058579889324392
2711,1449.9682797620462,-0.03172023795377754
2712,1449.932242568158,-0.0677574318419829
2713,1449.944723520825,-0.05527647917506329
2714,1449.9058984459555,-0.0941015540445278
2715,1449.8866804509466,-0.11331954905335806
2716,1449.8748563390363,-0.12514366096365848
2717,1449.915188169383,-0.0848118306168999
2718,1449.9636004681684,-0.036399531831648346
2719,1449.9657992876143,-0.0342007123856547
2720,1449.9481412433609,-0.05185875663914885
2721,1450.0194811138406,0.01948111384058393
2722,1450.0309097911015,0.030909791101521478
2723,1450.0754727695955,0.07547276959553528
2724,1450.112772740409,0.11277274040890006
2725,1450.151125650535,0.15112565053505023
2726,1450.079464059523,0.0794640595229339
2727,1450.0701477109228,0.0701477109228108
2728,1449.9859899290884,-0.014010070911581352
2729,1449.9972855493388,-0.002714450661187584
2730,1450.006191052413,0.006191052412987119
2731,1450.0373857721288,0.037385772128800454
2732,1450.0506419704625,0.05064197046249319
2733,1450.0608189403258,0.060818940325816584
2734,1450.0352293298063,0.03522932980627047
2735,1450.0666577277943,0.0666577277943361
2736,1450.028147301253,0.028147301253056867
2737,1450.0619783576574,0.06197835765738091
2738,1450.088634379376,0.0886343793758897
2739,1450.146281098987,0.14628109898694674
2740,1450.1295103507653,0.1295103507652584
2741,1450.2034634830068,0.20346348300677164
2742,1450.1703506164652,0.17035061646515715
2743,1450.0910392524245,0.09103925242447986
2744,1450.008060090414,0.008060090413891885
2745,1450.003126036528,0.0031260365281013947
2746,1449.9079427747174,-0.09205722528258775
2747,1449.9133111378233,-0.08668886217674299
2748,1449.9433610289334,-0.05663897106660443
2749,1449.9323581145363,-0.06764188546367222
2750,1449.8408994191036,-0.15910058089639278
2751,1449.8238702840922,-0.17612971590779125
2752,1449.9138521930652,-0.08614780693483226
2753,1449.9324479644356,-0.06755203556440392
2754,1449.9374666811125,-0.06253331888751745
2755,1449.9633967357963,-0.0366032642036771
2756,1449.965596712749,-0.03440328725105246
2757,1449.9986106207637,-0.0013893792363433022
2758,1449.9878259041218,-0.01217409587820839
2759,1449.9129782387117,-0.08702176128826977
2760,1449.9472204258043,-0.052779574195710666
2761,1449.9339523480153,-0.06604765198471796
2762,1449.9774910803771,-0.022508919622850954
2763,1449.9665416273526,-0.033458372647373835
2764,1449.9582443458282,-0.041755654171765855
2765,1449.9887653922256,-0.01123460777444052
2766,1450.0497581410493,0.04975814104932397
2767,1450.052095883136,0.05209588313596214
2768,1450.108409233976,0.10840923397609004
2769,1450.0628741464636,0.06287414646362777
2770,1450.0529717523195,0.05297175231953588
2771,1450.1028788004116,0.10287880041164499
2772,1450.0465025057752,0.0465025057751518
2773,1450.0747685201252,0.07476852012518975
2774,1450.017697798298,0.017697798298058842
2775,1450.046347606619,0.04634760661906512
2776,1449.9857411085666,-0.014258891433428289
2777,1450.0389646714646,0.03896467146455507
2778,1450.1224833417011,0.12248334170112685
2779,1450.072111594909,0.07211159490907448
2780,1450.0264525536625,0.026452553662466016
2781,1450.1259372183947,0.12593721839471073
2782,1450.122285483981,0.12228548398093153
2783,1450.0560152178555,0.056015217855474475
2784,1450.0679877057037,0.06798770570367196
2785,1450.100479454714,0.10047945471410458
2786,1450.0887932352434,0.08879323524342908
2787,1450.0529375001859,0.05293750018586252
2788,1450.0243677880233,0.024367788023255343
2789,1450.0213681867115,0.021368186711470116
2790,1450.0945455056851,0.09454550568511877
2791,1450.10586178394,0.10586178394009949
2792,1450.1264817895174,0.12648178951735645
2793,1450.1193090535482,0.11930905354824972
2794,1450.083408515856,0.08340851585603559
2795,1450.1328112392725,0.13281123927254157
2796,1450.0096155166768,0.009615516676831248
2797,1449.9816922368564,-0.018307763143639022
2798,1450.080334592191,0.08033459219109318
2799,1450.0673789862192,0.06737898621918248
2800,1450.1321374070305,0.132137407030541
2801,1450.044684169429,0.04468416942904696
2802,1450.0447598829592,0.04475988295916977
2803,1449.987302327849,-0.012697672151034567
2804,1450.0483570516856,0.048357051685570696
2805,1450.0743626749763,0.07436267497632798
2806,1450.0882953886535,0.08829538865347786
2807,1450.128662601333,0.12866260133296237
2808,1450.0896952731716,0.08969527317162829
2809,1450.0875204703545,0.0875204703545478
2810,1450.1571306112892,0.15713061128917616
2811,1450.154161218509,0.1541612185089889
2812,1450.1015717514458,0.10157175144581743
2813,1450.1417669880846,0.14176698808455512
2814,1450.10467459066,0.10467459065989715
2815,1450.108838444083,0.10883844408294863
2816,1450.0759449654745,0.07594496547449126
2817,1450.0725067564201,0.07250675642012538
2818,1450.1932208823841,0.19322088238413926
2819,1450.1801173176996,0.18011731769956896
2820,1450.1236051931708,0.12360519317076069
2821,1450.1627142340087,0.16271423400871754
2822,1450.0890848647791,0.08908486477912447
2823,1450.0296246553792,0.029624655379166143
2824,1450.0635737668067,0.06357376680671223
2825,1450.0883131481392,0.08831314813915014
2826,1450.1236196933257,0.12361969332573608
2827,1450.070378077423,0.0703780774229017
2828,1450.0901108571818,0.09011085718179856
2829,1450.0287566552154,0.02875665521537485
2830,1450.0125120678385,0.012512067838542862
2831,1450.0242939612258,0.02429396122579419
2832,1450.0468039023308,0.04680390233079379
2833,1450.0510092592012,0.051009259201237
2834,1450.1037010749842,0.10370107498420111
2835,1450.1644387071537,0.16443870715374942
2836,1450.160845841288,0.16084584128793722
2837,1450.130037171335,0.13003717133506143
2838,1450.1307621954816,0.13076219548156587
2839,1450.0828750851456,0.08287508514558795
2840,1450.0673593812453,0.06735938124529639
2841,1450.0577584045634,0.0577584045634012
2842,1450.0543483299132,0.05434832991318217
2843,1450.1411288594174,0.14112885941744935
2844,1450.0866213693873,0.08662136938733056
2845,1450.0875659789615,0.08756597896149287
2846,1450.121334832977,0.12133483297702696
2847,1450.1180620038401,0.118062003840123
2848,1450.0847148086762,0.08471480867615355
2849,1450.019456180697,0.019456180697034142
2850,1450.0782595364265,0.078259536426458
2851,1450.1152131284396,0.11521312843956366
2852,1450.1204008944444,0.12040089444440127
2853,1450.051512823511,0.05151282351107511
2854,1449.941164986272,-0.05883501372795763
2855,1449.918462391656,-0.08153760834397872
2856,1449.9152744201167,-0.08472557988329754
2857,1449.8815084621679,-0.11849153783214206
2858,1449.9007474080927,-0.09925259190731595
2859,1449.7718585901973,-0.2281414098026744
2860,1449.8044448864268,-0.1955551135731639
2861,1449.830153292668,-0.16984670733199891
2862,1449.8331625431288,-0.1668374568712352
2863,1449.8564102614368,-0.1435897385631506
2864,1449.8015306785219,-0.19846932147811458
2865,1449.870007343061,-0.12999265693906636
2866,1449.9004949292253,-0.09950507077473958
2867,1449.931343400225,-0.06865659977506766
2868,1449.9495291107542,-0.050470889245843864
2869,1450.0818626426822,0.08186264268215382
2870,1450.039027326002,0.03902732600204217
2871,1450.0735463229853,0.07354632298529395
2872,1450.08327737765,0.08327737764989251
2873,1450.1596719309834,0.15967193098344978
2874,1450.1508059983478,0.15080599834777786
2875,1450.2212071853405,0.22120718534051775
2876,1450.2028482793517,0.20284827935165595
2877,1450.136721029207,0.13672102920691032
2878,1450.1645182113277,0.16451821132773148
2879,1450.1329503668317,0.13295036683166472
2880,1450.0568574138847,0.05685741388469978
2881,1450.0329642403065,0.032964240306455395
2882,1450.0898337827928,0.08983378279276621
2883,1450.1073603543766,0.10736035437662395
2884,1450.1103713644968,0.11037136449681384
2885,1450.126897088471,0.1268970884709688
2886,1450.1447269312964,0.14472693129641812
2887,1450.209839979509,0.20983997950906996
2888,1450.1454386774687,0.1454386774687464
2889,1450.109777101443,0.10977710144288721
2890,1450.19673209599,0.19673209599000074
2891,1450.2280510243693,0.22805102436927882
2892,1450.227831800821,0.22783180082092258
2893,1450.1588258588426,0.158825858842647
2894,1450.1297666822327,0.12976668223268462
2895,1450.071388887567,0.07138888756708184
2896,1450.044780714115,0.04478071411494966
2897,1450.0854284094946,0.08542840949462516
2898,1450.1262461715673,0.1262461715673453
2899,1450.1777572841613,0.17775728416131642
2900,1450.126598028301,0.12659802830103217
2901,1450.1339186563998,0.13391865639982825
2902,1450.189277528057,0.18927752805689124
2903,1450.2166929436255,0.21669294362550318
2904,1450.219302106642,0.2193021066420897
2905,1450.1721169026205,0.1721169026204734
2906,1450.2012895503303,0.2012895503303298
2907,1450.1970715839423,0.19707158394226099
2908,1450.1671487991362,0.16714879913615732
2909,1450.1813996093867,0.1813996093867445
2910,1450.139385616576,0.13938561657596438
2911,1450.1597254293301,0.15972542933013756
2912,1450.066713942417,0.06671394241698181
2913,1449.9894661340625,-0.010533865937532028
2914,1450.0701032845852,0.07010328458522963
2915,1450.0956512804046,0.09565128040458148
2916,1450.10698730377,0.10698730376998355
2917,1450.0580277281624,0.05802772816241486
2918,1450.0459363340897,0.04593633408967435
2919,1449.9932132538072,-0.006786746192801729
2920,1449.998771141487,-0.0012288585130590945
2921,1449.8491279673938,-0.15087203260623028
2922,1449.8856077258529,-0.1143922741471215
2923,1449.898259201552,-0.10174079844796324
2924,1449.9273551214465,-0.07264487855354673
2925,1449.9896635207788,-0.010336479221223271
2926,1449.9634030525183,-0.03659694748171205
2927,1449.9424838851978,-0.05751611480218344
2928,1449.9368231812387,-0.06317681876134884
2929,1450.0394089505983,0.039408950598271986
2930,1450.0154915780274,0.015491578027422293
2931,1450.1011576174435,0.10115761744350493
2932,1450.1719178669366,0.17191786693661015
2933,1450.0940648772876,0.09406487728756474
2934,1450.079653093456,0.0796530934560451
2935,1450.0959378969994,0.09593789699943045
2936,1450.0622019096363,0.06220190963631467
2937,1450.0423967693118,0.04239676931183567
2938,1450.0242211806722,0.02422118067215706
2939,1450.1029325581403,0.10293255814031
2940,1450.1473872118402,0.14738721184016867
2941,1450.148550804645,0.1485508046450832
2942,1450.2391513760122,0.23915137601215974
2943,1450.2515219527997,0.25152195279974876
2944,1450.337438094223,0.3374380942229891
2945,1450.1652161754287,0.16521617542866807
2946,1450.17804249967,0.1780424996700276
2947,1450.102780497275,0.10278049727503458
2948,1450.0721508385789,0.07215083857886384
2949,1450.0400433531217,0.040043353121745895
2950,1449.993261244821,-0.006738755178957945
2951,1450.0022506879109,0.002250687910873239
2952,1449.9909603675103,-0.009039632489702853
2953,1449.965832298061,-0.03416770193894081
2954,1449.9712629696307,-0.0287370303692569
2955,1449.9747796420402,-0.02522035795982447
2956,1449.976523948226,-0.02347605177396872
2957,1449.889734045046,-0.11026595495400215
2958,1449.995740784081,-0.00425921591909173
2959,1450.0321289324886,0.03212893248860382
2960,1449.998114698534,-0.0018853014660180634
2961,1449.9365184864446,-0.06348151355541631
2962,1450.0241767753632,0.024176775363230263
2963,1450.0064815826595,0.006481582659489504
2964,1449.999424520725,-0.0005754792750849447
2965,1450.0174972176937,0.01749721769374446
2966,1449.969313582756,-0.030686417243941833
2967,1449.9215467457066,-0.07845325429343575
2968,1449.9274874712423,-0.07251252875767022
2969,1449.952361135283,-0.04763886471710066
2970,1449.9750059016226,-0.024994098377419505
2971,1449.9703600427508,-0.029639957249173676
2972,1449.9798948325008,-0.020105167499195886
2973,1449.9979762280475,-0.0020237719525084685
2974,1450.0221885648536,0.02218856485364995
2975,1450.1079154450833,0.10791544508333573
2976,1450.125427219581,0.12542721958106995
2977,1450.2221214288993,0.22212142889929964
2978,1450.210114634959,0.21011463495892713
2979,1450.15561146285,0.1556114628499472
2980,1450.1693827571344,0.1693827571343718
2981,1450.139870436995,0.13987043699489732
2982,1450.1520062049058,0.1520062049057742
2983,1450.1022892383996,0.102289238399635
2984,1450.1264100984836,0.12641009848357498
2985,1450.109051091801,0.10905109180089312
2986,1450.1788166175843,0.1788166175842889
2987,1450.11233002665,0.11233002664994274
2988,1450.174357987503,0.17435798750307185
2989,1450.1003779537223,0.10037795372227265
2990,1450.111499399442,0.11149939944198195
2991,1450.1115240612796,0.11152406127962422
2992,1450.009089216321,0.009089216320944615
2993,1449.9817373517321,-0.01826264826786428
2994,1450.0036197410568,0.003619741056809289
2995,1449.9732097592391,-0.02679024076087444
2996,1449.9294279341188,-0.0705720658811515
2997,1449.9164695043717,-0.08353049562833803
2998,1449.921735314864,-0.07826468513599139
2999,1449.9272919677908,-0.07270803220922062
