step,temp,u_rl,u_mpc,fuel
0,1398.8791412952428,0.07031996548175812,16.05,16.05351021438837
1,1395.466080289436,0.07521401345729828,16.104631073093127,16.10838469832213
2,1390.4043833411897,0.084406279027462,16.162918618032695,16.167128938147783
3,1384.2502090131468,0.09121674299240112,16.226724554806594,16.23127278445626
4,1377.4624168162102,0.0962071567773819,16.297022575443112,16.3018181464872
5,1370.4093736035932,0.09983708709478378,16.37435572967099,16.379331064598432
6,1363.3814007170952,0.10242606699466705,16.45892169099484,16.464025159889797
7,1356.6039316815848,0.10418544709682465,16.5506437591727,16.555834264632605
8,1350.2494159831,0.10525606572628021,16.64923033295102,16.654473786706994
9,1344.4473681185254,0.10573618113994598,16.754224370723893,16.75949156500988
10,1339.2872693636723,0.10569971054792404,16.859491565009883,16.86475695588284
11,1334.8252648135028,0.10521511733531952,16.96475695588284,16.96999838457101
12,1331.3961474129533,0.10435375571250916,17.06999838457101,17.075197214564618
13,1328.9930387498391,0.10226042568683624,17.17519721456462,17.18029248744839
14,1327.6103018469548,0.09983238577842712,17.280292487448392,17.28526758954519
15,1327.2403076776934,0.09707477688789368,17.38526758954519,17.39010613926345
16,1327.8725570726465,0.0939980298280716,17.490106139263453,17.49479224712247
17,1329.4930058205402,0.0906125083565712,17.59479224712247,17.599310513517203
18,1332.0835950116696,0.08692893385887146,17.699310513517204,17.703646045109572
19,1335.621967614475,0.08295877277851105,17.803646045109573,17.80778449431652
20,1340.081342708885,0.07871468365192413,17.907784494316523,17.911712120032256
21,1345.4305174233286,0.07421110570430756,18.011712120032257,18.015415878525324
22,1351.60078703459,0.06946519762277603,18.115415878525326,18.118883562764474
23,1358.5230638107616,0.0646388977766037,18.217282775729885,18.220510227173556
24,1366.0377440740053,0.05975501984357834,18.17610387940229,18.17908807944776
25,1373.9119861091647,0.05504487454891205,18.095125823521766,18.097875290976617
26,1381.9493276098817,0.051043592393398285,18.02178727708578,18.0243372423929
27,1390.0094042080127,0.0477437749505043,17.95628657000278,17.95867194658284
28,1397.9954607790248,0.04496769607067108,17.898681350790852,17.900928221450144
29,1405.8446626399798,0.042573802173137665,17.84892368222917,17.851051087112673
30,1413.5205212299481,0.04044929891824722,17.806895749752652,17.808917112385164
31,1421.0069120425587,0.03850403428077698,17.772437633615112,17.7743618844488
32,1428.30330594765,0.0366659015417099,17.74536879649136,17.747201270514463
33,1435.420944217122,0.03487734496593475,17.725504576462114,17.727247737022843
34,1442.3756913603067,0.03309273719787598,17.707247737022843,17.708901770199443
35,1449.1726248195607,0.03128573298454285,17.688901770199443,17.690465546670165
36,1454.9649910638445,0.029500687494874,17.670465546670165,17.67194015328845
37,1459.6051570592838,0.03136301040649414,17.65194015328845,17.653507789904978
38,1463.2444911866253,0.03418935835361481,17.63350778990498,17.635216592113284
39,1466.0217426243735,0.03675868734717369,17.615216592113285,17.617053699093667
40,1468.0632849719532,0.039075225591659546,17.597053699093667,17.599006466652064
41,1469.4836116689582,0.041148796677589417,17.579006466652064,17.581062746058016
42,1470.3859996810575,0.04299187660217285,17.561062746058017,17.563211016478746
43,1470.862966090876,0.044617608189582825,17.54282501679769,17.545054418080657
44,1470.9968944479454,0.04603925347328186,17.52419145198978,17.52649178950555
45,1470.8612566890338,0.04727020859718323,17.505494895057602,17.507856646591648
46,1470.4896009672207,0.048321522772312164,17.486995389902614,17.48940958737733
47,1469.9027920601427,0.04933365434408188,17.46891998641011,17.471384669950275
48,1469.1204361123678,0.05034768581390381,17.451384669950276,17.453899929335385
49,1468.161615799423,0.05136170983314514,17.433899929335386,17.4364657589775
50,1467.043860011351,0.05237022042274475,17.416465758977502,17.419081878734797
51,1465.785480789991,0.05337274819612503,17.402044402572663,17.404710508833976
52,1464.4186762674342,0.054364077746868134,17.404710508833976,17.407426037962885
53,1462.9950622458884,0.05530139058828354,17.427426037962885,17.43018829229042
54,1461.564146041051,0.05609646439552307,17.45018829229042,17.452990177187473
55,1460.160727645191,0.05670739710330963,17.472990177187473,17.475822511676103
56,1458.8075202065108,0.057175666093826294,17.493649989792953,17.496505662107715
57,1457.5172544937247,0.05753423273563385,17.509814092610593,17.51268763439786
58,1456.2864595832905,0.0578121617436409,17.51268763439786,17.515575026441926
59,1455.116236440336,0.05805853754281998,17.527404973168686,17.530304642838253
60,1454.0037868094694,0.058294542133808136,17.530304642838253,17.533216072876765
61,1452.9377436952918,0.05849988013505936,17.533216072876765,17.53613773479761
62,1451.9089413502031,0.058729395270347595,17.53613773479761,17.539070833173408
63,1450.9275943267862,0.05897848308086395,17.539070833173408,17.54201634291263
64,1450.0874131759917,0.05917173624038696,17.54201634291263,17.544971481595947
65,1449.4920627620356,0.058964550495147705,17.544971481595947,17.54791629712732
66,1449.1176556610096,0.05827727168798447,17.54791629712732,17.550826866437507
67,1448.942755346885,0.05759138613939285,17.550826866437507,17.553703256395472
68,1448.923834746662,0.05690736323595047,17.539824014519333,17.5426663152771
69,1449.0137326640945,0.056306302547454834,17.5426663152771,17.545478658926665
70,1449.1148766978922,0.05586349219083786,17.53252447424774,17.535314747042403
71,1449.2933404399207,0.05576704442501068,17.535314747042403,17.538100212349935
72,1449.466720814243,0.05541107803583145,17.52691809229148,17.529685814227587
73,1449.6346338825035,0.05535319447517395,17.529685814227587,17.532450650740092
74,1449.8026598650351,0.05531617999076843,17.532450650740092,17.535213642302576
75,1449.9656117767265,0.055257320404052734,17.523822545823773,17.52658260334762
76,1450.1231894605642,0.05520305037498474,17.52658260334762,17.529339955565653
77,1450.2810140579682,0.05516960471868515,17.529339955565653,17.532095640530013
78,1450.443125637187,0.05511411279439926,17.532095640530013,17.534848559466326
79,1450.602778937684,0.05504115670919418,17.523123359500364,17.525872641622023
80,1450.6760560550797,0.05497729778289795,17.525872641622023,17.52861874048312
81,1450.7578322821098,0.055282555520534515,17.52861874048312,17.531380055851237
82,1450.7742259931306,0.05522409826517105,17.531380055851237,17.53413845729728
83,1450.8024489238383,0.055469684302806854,17.52337799749668,17.526148640619176
84,1450.773638395543,0.055402323603630066,17.526148640619176,17.528915926137525
85,1450.7638373783136,0.05563380569219589,17.528915926137525,17.531694750183778
86,1450.7750547519208,0.0555698499083519,17.531694750183778,17.534470386312858
87,1450.7321867220614,0.05548994243144989,17.52407643350642,17.526848086555113
88,1450.7064223026184,0.05569911748170853,17.526848086555113,17.52963016613256
89,1450.7005057999295,0.05564875155687332,17.52963016613256,17.53240973505061
90,1450.7161571757026,0.055580027401447296,17.53240973505061,17.535185878377966
91,1450.6759235777902,0.05549626052379608,17.52462236490087,17.52739433292286
92,1450.652934039312,0.05571093410253525,17.52739433292286,17.5301770014687
93,1450.6499416809504,0.055658936500549316,17.5301770014687,17.532957078143816
94,1450.6685873340123,0.055588506162166595,17.532957078143816,17.535733644105356
95,1450.6369035400348,0.05550331622362137,17.524825880336675,17.527598200026066
96,1450.6216193646458,0.05569325387477875,17.527598200026066,17.530379987168224
97,1450.6255776245262,0.05564156919717789,17.530379987168224,17.533159198085876
98,1450.6505146004406,0.05557139217853546,17.533159198085876,17.535934910955937
99,1450.6264050632722,0.05548633635044098,17.52475676835702,17.527528241660455
100,1450.6176886173664,0.05566822737455368,17.527528241660455,17.530308781389156
101,1450.6272882061105,0.05561792105436325,17.530308781389156,17.53308681362496
102,1450.6570820179027,0.05554916709661484,17.53308681362496,17.535861418779948
103,1450.6360721659137,0.05546528100967407,17.524582394307686,17.52735281801058
104,1450.6298686655482,0.05565255135297775,17.52735281801058,17.53013257635964
105,1450.641501851035,0.05560355633497238,17.53013257635964,17.532909892594645
106,1450.6729378209072,0.055535875260829926,17.532909892594645,17.535683835206758
107,1450.651232914974,0.055452875792980194,17.524439602280584,17.52720940758529
108,1450.6442879886692,0.055649325251579285,17.52720940758529,17.529989005188074
109,1450.6551560038733,0.05560079962015152,17.529989005188074,17.53276618395987
110,1450.6858203808263,0.05553349852561951,17.53276618395987,17.53554000810775
111,1450.661814998907,0.05545082688331604,17.524382720405878,17.52715242363763
112,1450.6528236824104,0.055654048919677734,17.52715242363763,17.529932256678762
113,1450.661867316028,0.05560532957315445,17.529932256678762,17.53270966120315
114,1450.6909018674012,0.0555378794670105,17.53270966120315,17.535483703653043
115,1450.6648966276998,0.05545507371425629,17.524397524287057,17.5271674391153
116,1450.6541900878638,0.05566054582595825,17.5271674391153,17.52994759607042
117,1450.6617585759957,0.055611371994018555,17.52994759607042,17.532725301784527
118,1450.6895208862738,0.05554356426000595,17.532725301784527,17.535499627542745
119,1450.6626454356872,0.055460453033447266,17.524441688712237,17.52721187176138
120,1450.6512302051653,0.05566476285457611,17.52721187176138,17.529992238822878
121,1450.6582222340414,0.05561523884534836,17.529992238822878,17.532770137320757
122,1450.6855162863078,0.05554713308811188,17.532770137320757,17.53554464114785
123,1450.6587718219353,0.055463798344135284,17.52447928767294,17.527249637428824
124,1450.6475075515646,0.055665768682956696,17.527249637428824,17.530030054595475
125,1450.6546632823395,0.0556161105632782,17.530030054595475,17.532807996492988
126,1450.6821281630428,0.055547893047332764,17.532807996492988,17.53558253813178
127,1450.655961884163,0.05546446144580841,17.524495194283322,17.52726557719429
128,1450.6452138302468,0.05566463619470596,17.52726557719429,17.53004593792279
129,1450.6528313435372,0.05561502277851105,17.53004593792279,17.532823825617328
130,1450.6807100830013,0.0555468425154686,17.532823825617328,17.53559831491579
131,1450.6550677547598,0.055463433265686035,17.52449221560724,17.527262547295464
132,1450.6447700793888,0.05566296726465225,17.527262547295464,17.530042824949994
133,1450.6527758100322,0.05561346560716629,17.530042824949994,17.532820635158494
134,1450.6809901329214,0.055545374751091,17.532820635158494,17.535595051255
135,1450.655588123294,0.05546204000711441,17.524481058911253,17.527251321122815
136,1450.6454872519312,0.055661849677562714,17.527251321122815,17.530031543084252
137,1450.6536540736774,0.055612437427043915,17.530031543084252,17.532809301883745
138,1450.6820001823987,0.055544413626194,17.532809301883745,17.535583670110274
139,1450.6565764410034,0.05546114593744278,17.52447119706112,17.5272414145692
140,1450.6464469399452,0.05566154420375824,17.5272414145692,17.53002162125695
141,1450.6545803762149,0.055612169206142426,17.53002162125695,17.53279936683166
142,1450.6828900236708,0.055544182658195496,17.53279936683166,17.53557372350979
143,1450.6573211414786,0.055460937321186066,17.52446680421035,17.52723701147388
144,1450.647061667353,0.05566181242465973,17.52723701147388,17.53001723157267
145,1450.6550785077927,0.05561242997646332,17.53001723157267,17.532794989999637
146,1450.6832833821168,0.05554443597793579,17.532794989999637,17.535569359343754
147,1450.657577339826,0.05546119064092636,17.524467355916265,17.527237575659516
148,1450.6471997334788,0.05566224455833435,17.527237575659516,17.530017817178727
149,1450.6551145420533,0.055612824857234955,17.530017817178727,17.53279559534973
150,1450.6832310372463,0.05554480850696564,17.53279559534973,17.53556998313403
151,1450.6574590460255,0.055461540818214417,17.524470149011062,17.527240386263177
152,1450.6470271575913,0.05566254258155823,17.527240386263177,17.53002064268355
153,1450.6548972833766,0.05561310797929764,17.53002064268355,17.532798435010655
154,1450.682976994709,0.05554506927728653,17.532798435010655,17.535572835833474
155,1450.6572075150605,0.055461786687374115,17.524472734472255,17.52724298401783
156,1450.6467803843007,0.05566263198852539,17.52724298401783,17.530023244908552
157,1450.6546568847127,0.05561318248510361,17.530023244908552,17.532801040960948
158,1450.6827440923832,0.0555451363325119,17.532801040960948,17.535575445136526
159,1450.6570109144964,0.05546184629201889,17.524473950472927,17.527244202998734
160,1450.646616411777,0.05566256493330002,17.527244202998734,17.530024460536694
161,1450.654522281249,0.05561312288045883,17.530024460536694,17.532802253608857
162,1450.6826359617496,0.055545076727867126,17.532802253608857,17.535576654804203
163,1450.6569385015916,0.055461786687374115,17.52447386149409,17.527244111039664
164,1450.6465748081393,0.055662453174591064,17.527244111039664,17.53002436298969
165,1450.6545073307773,0.055613018572330475,17.53002436298969,17.532802150846447
166,1450.682644134693,0.055544979870319366,17.532802150846447,17.535576547198918
167,1450.6569647081526,0.05546169728040695,17.524473152055766,17.52724339713099
168,1450.6466159127112,0.055662378668785095,17.52724339713099,17.530023645355726
169,1450.6545607482103,0.0556129515171051,17.530023645355726,17.532801429859724
170,1450.6827077342655,0.055544912815093994,17.532801429859724,17.535575822859432
171,1450.6570284926497,0.05546163022518158,17.52447247999114,17.527242721713606
172,1450.6466791918788,0.05566234886646271,17.527242721713606,17.530022968448225
173,1450.6546230114309,0.055612921714782715,17.530022968448225,17.532800751462105
174,1450.6827686118618,0.0555448904633522,17.532800751462105,17.535575143344225
175,1450.6570803063426,0.055461615324020386,17.524472163346125,17.52724240432353
176,1450.6467228486054,0.0556623637676239,17.52724240432353,17.530022651803208
177,1450.6546593167875,0.05561293661594391,17.530022651803208,17.532800435562145
178,1450.682798283207,0.0555449053645134,17.532800435562145,17.535574828189326
179,1450.6571006758088,0.05546162277460098,17.524472174693756,17.52724241604369
180,1450.6467351741703,0.05566239356994629,17.52724241604369,17.530022665013483
181,1450.6546646670085,0.0556129589676857,17.530022665013483,17.532800449890008
182,1450.6827975659521,0.05554492771625519,17.532800449890008,17.535574843634773
183,1450.6570950941516,0.05546164512634277,17.524472334125218,17.52724257659274
184,1450.6467255327007,0.05566241592168808,17.52724257659274,17.53002282668012
185,1450.6546516316619,0.05561298131942749,17.53002282668012,17.532800612674233
186,1450.6827816905818,0.05554495006799698,17.532800612674233,17.535575007536586
187,1450.657079006176,0.055461667478084564,17.524472508506605,17.527242752091716
188,1450.6467094438542,0.05566242337226868,17.527242752091716,17.530023002551626
189,1450.654635701355,0.05561298877000809,17.530023002551626,17.53280078891827
190,1450.682766036255,0.05554495006799698,17.53280078891827,17.535575183780622
191,1450.657065591967,0.05546167492866516,17.52447261345222,17.52724285740986
192,1450.6466980800449,0.05566241592168808,17.52724285740986,17.53002310749724
193,1450.6546262125141,0.05561298877000809,17.53002310749724,17.532800893863882
194,1450.682758262444,0.05554495006799698,17.532800893863882,17.535575288726235
195,1450.6570601577557,0.055461667478084564,17.524472615092616,17.527242858677727
196,1450.6466946604,0.05566240847110748,17.527242858677727,17.53002310839258
197,1450.654624532728,0.05561297386884689,17.53002310839258,17.532800894014162
198,1450.682758089936,0.05554494261741638,17.532800894014162,17.53557528850399
199,1450.6570613081456,0.05546166002750397,17.52447255495868,17.52724279817126
200,1450.646696889539,0.05566240847110748,17.52724279817126,17.530023047886115
201,1450.65462764136,0.05561297386884689,17.530023047886115,17.532800833507697
202,1450.6827619130293,0.055544935166835785,17.532800833507697,17.535575227624992
203,1450.6570653011138,0.05546166002750397,17.524472508628783,17.527242751841364
204,1450.6467009935313,0.055662401020526886,17.527242751841364,17.530023001183686
205,1450.6546318122823,0.05561297386884689,17.530023001183686,17.532800786805268
206,1450.6827661168984,0.055544935166835785,17.532800786805268,17.535575180922564
207,1450.6570689203568,0.05546166002750397,17.524472491758488,17.527242734971068
208,1450.6467040949133,0.05566240847110748,17.527242734971068,17.53002298468592
209,1450.6546344515675,0.05561297386884689,17.53002298468592,17.532800770307503
210,1450.6827683445752,0.055544935166835785,17.532800770307503,17.5355751644248
211,1450.6570704206847,0.05546166002750397,17.52447247089539,17.52724271410797
212,1450.646704935234,0.05566240847110748,17.52724271410797,17.530022963822823
213,1450.6546346927619,0.05561297386884689,17.530022963822823,17.532800749444405
214,1450.6827680398133,0.05554494261741638,17.532800749444405,17.53557514393423
215,1450.6570697529355,0.05546166002750397,17.524472506260608,17.52724274947319
216,1450.6467040025732,0.05566240847110748,17.52724274947319,17.53002299918804
217,1450.6546335745122,0.05561297386884689,17.53002299918804,17.532800784809623
218,1450.6827667981947,0.05554494261741638,17.532800784809623,17.53557517929945
219,1450.6570686121463,0.05546166002750397,17.524472539674324,17.527242782886905
220,1450.646702984265,0.05566240847110748,17.527242782886905,17.530023032601758
221,1450.6546326910734,0.05561297386884689,17.530023032601758,17.53280081822334
222,1450.6827660564013,0.055544935166835785,17.53280081822334,17.535575212340635
223,1450.6570679618355,0.05546166002750397,17.524472540138028,17.52724278335061
224,1450.6467023910354,0.05566240847110748,17.52724278335061,17.53002303306546
225,1450.6546321283013,0.05561297386884689,17.53002303306546,17.532800818687043
226,1450.6827655062225,0.05554494261741638,17.532800818687043,17.53557521317687
227,1450.657067719116,0.05546166002750397,17.52447251435943,17.52724275757201
228,1450.6467023852194,0.05566240847110748,17.52724275757201,17.530023007286864
229,1450.6546323028892,0.05561297386884689,17.530023007286864,17.532800792908446
230,1450.6827658161258,0.05554494261741638,17.532800792908446,17.535575187398273
231,1450.6570681191417,0.05546166002750397,17.524472491355667,17.527242734568247
232,1450.6467028511104,0.05566240847110748,17.527242734568247,17.5300229842831
233,1450.6546328154786,0.05561297386884689,17.5300229842831,17.532800769904682
234,1450.6827663581448,0.05554494261741638,17.532800769904682,17.53557516439451
235,1450.6570685132456,0.05546166002750397,17.524472502156367,17.527242745368948
236,1450.6467031433403,0.05566240847110748,17.527242745368948,17.5300229950838
237,1450.6546330418664,0.05561297386884689,17.5300229950838,17.532800780705383
238,1450.6827665488772,0.05554494261741638,17.532800780705383,17.53557517519521
239,1450.6570685313934,0.05546166002750397,17.524472512867735,17.527242756080316
240,1450.6467030190363,0.05566240847110748,17.527242756080316,17.53002300579517
241,1450.6546327998988,0.05561297386884689,17.53002300579517,17.53280079141675
242,1450.6827662093367,0.055544935166835785,17.53280079141675,17.535575185534046
243,1450.657068117896,0.05546166002750397,17.524472511954244,17.527242755166824
244,1450.6467025311,0.05566240847110748,17.527242755166824,17.530023004881677
245,1450.654632238351,0.05561297386884689,17.530023004881677,17.53280079050326
246,1450.6827655762768,0.05554494261741638,17.53280079050326,17.535575184993085
247,1450.6570676296135,0.05546166002750397,17.524472526556213,17.527242769768794
248,1450.6467021898782,0.05566240847110748,17.527242769768794,17.530023019483647
249,1450.6546320435393,0.05561297386884689,17.530023019483647,17.53280080510523
250,1450.6827655250418,0.05554494261741638,17.53280080510523,17.535575199595055
251,1450.6570676901945,0.05546166002750397,17.524472508597746,17.527242751810327
252,1450.6467023204507,0.05566240847110748,17.527242751810327,17.53002300152518
253,1450.6546322117374,0.05561297386884689,17.53002300152518,17.532800787146762
254,1450.6827657038739,0.05554494261741638,17.532800787146762,17.535575181636588
255,1450.6570678108312,0.05546166002750397,17.524472510775738,17.527242753988318
256,1450.6467023976154,0.05566240847110748,17.527242753988318,17.53002300370317
257,1450.654632257127,0.05561297386884689,17.53002300370317,17.532800789324753
258,1450.6827657289505,0.05554494261741638,17.532800789324753,17.53557518381458
259,1450.657067917594,0.05546166002750397,17.52447251892935,17.52724276214193
260,1450.6467025902093,0.05566240847110748,17.52724276214193,17.530023011856784
261,1450.6546325372758,0.05561297386884689,17.530023011856784,17.532800797478366
262,1450.6827660965396,0.05554494261741638,17.532800797478366,17.535575191968192
263,1450.6570681683372,0.05546166002750397,17.524472515809855,17.527242759022435
264,1450.6467027262731,0.05566240847110748,17.527242759022435,17.530023008737288
265,1450.6546325621125,0.05561297386884689,17.530023008737288,17.53280079435887
266,1450.6827660145073,0.05554494261741638,17.53280079435887,17.535575188848696
267,1450.657068095478,0.05546166002750397,17.524472502244986,17.527242745457567
268,1450.6467026456166,0.05566240847110748,17.527242745457567,17.53002299517242
269,1450.6546324611072,0.05561297386884689,17.53002299517242,17.532800780794002
270,1450.682765884106,0.05554494261741638,17.532800780794002,17.535575175283828
271,1450.657067987654,0.05546166002750397,17.52447251630718,17.527242759519762
272,1450.6467025839138,0.05566240847110748,17.527242759519762,17.530023009234615
273,1450.6546324623773,0.05561297386884689,17.530023009234615,17.532800794856197
274,1450.6827659599287,0.05554494261741638,17.532800794856197,17.535575189346023
275,1450.6570680837142,0.05546166002750397,17.524472536704195,17.527242779916776
276,1450.6467027175045,0.05566240847110748,17.527242779916776,17.53002302963163
277,1450.6546326458124,0.05561297386884689,17.53002302963163,17.53280081525321
278,1450.6827662016033,0.05554494261741638,17.53280081525321,17.535575209743037
279,1450.6570683053906,0.05546166002750397,17.524472530992423,17.527242774205003
280,1450.6467028985485,0.05566240847110748,17.527242774205003,17.530023023919856
281,1450.654632771455,0.05561297386884689,17.530023023919856,17.53280080954144
282,1450.6827662616959,0.05554494261741638,17.53280080954144,17.535575204031264
283,1450.6570684566486,0.05546166002750397,17.5244725241402,17.52724276735278
284,1450.6467031213563,0.05566240847110748,17.52724276735278,17.530023017067634
285,1450.6546330500144,0.05561297386884689,17.530023017067634,17.532800802689216
286,1450.682766583315,0.05554494261741638,17.532800802689216,17.535575197179043
287,1450.657068845309,0.05546166002750397,17.524472513051666,17.527242756264247
288,1450.6467035608453,0.05566240847110748,17.527242756264247,17.5300230059791
289,1450.654633527411,0.05561297386884689,17.5300230059791,17.532800791600682
290,1450.6827670883656,0.05554494261741638,17.532800791600682,17.535575186090508
291,1450.6570692154967,0.05546166002750397,17.524472502894994,17.527242746107575
292,1450.6467038046576,0.05566240847110748,17.527242746107575,17.530022995822428
293,1450.6546336532153,0.05561297386884689,17.530022995822428,17.53280078144401
294,1450.6827671043054,0.05554494261741638,17.53280078144401,17.535575175933836
295,1450.6570691415302,0.05546166002750397,17.524472515674763,17.527242758887343
296,1450.64670367448,0.05566240847110748,17.527242758887343,17.530023008602196
297,1450.6546334928996,0.05561297386884689,17.530023008602196,17.53280079422378
298,1450.68276693381,0.05554494261741638,17.53280079422378,17.535575188713604
299,1450.6570689348678,0.05546166002750397,17.524472509152083,17.527242752364664
300,1450.6467034235307,0.05566240847110748,17.527242752364664,17.530023002079517
301,1450.6546331923046,0.05561297386884689,17.530023002079517,17.5328007877011
302,1450.6827665803603,0.05554494261741638,17.5328007877011,17.535575182190925
303,1450.6570685445533,0.05546166002750397,17.524472517206505,17.527242760419085
304,1450.6467030118458,0.05566240847110748,17.527242760419085,17.530023010133938
305,1450.654632771165,0.05561297386884689,17.530023010133938,17.53280079575552
306,1450.6827661585098,0.055544935166835785,17.53280079575552,17.535575189872816
307,1450.6570682746856,0.05546166002750397,17.524472537049537,17.527242780262117
308,1450.646702900049,0.05566240847110748,17.527242780262117,17.53002302997697
309,1450.654632819454,0.05561297386884689,17.53002302997697,17.532800815598552
310,1450.682766366129,0.05554494261741638,17.532800815598552,17.53557521008838
311,1450.6570684834544,0.05546166002750397,17.52447250804212,17.5272427512547
312,1450.6467030605563,0.05566240847110748,17.5272427512547,17.530023000969553
313,1450.6546328955585,0.05561297386884689,17.530023000969553,17.532800786591135
314,1450.6827663321865,0.05554494261741638,17.532800786591135,17.53557518108096
315,1450.6570684180194,0.05546166002750397,17.524472490369522,17.527242733582103
316,1450.6467029576115,0.05566240847110748,17.527242733582103,17.530022983296956
317,1450.6546327512156,0.05561297386884689,17.530022983296956,17.532800768918538
318,1450.6827661416896,0.055544935166835785,17.532800768918538,17.535575163035833
319,1450.6570682856895,0.05546166002750397,17.524472512677878,17.52724275589046
320,1450.64670292191,0.05566240847110748,17.52724275589046,17.53002300560531
321,1450.654632839332,0.05561297386884689,17.53002300560531,17.532800791226894
322,1450.6827663744737,0.05554494261741638,17.532800791226894,17.53557518571672
323,1450.6570683656787,0.05546166002750397,17.524472515243257,17.527242758455838
324,1450.6467028588925,0.05566240847110748,17.527242758455838,17.53002300817069
325,1450.6546326429047,0.05561297386884689,17.53002300817069,17.532800793792273
326,1450.6827660536312,0.055544935166835785,17.532800793792273,17.53557518790957
327,1450.6570680022683,0.05546166002750397,17.524472524671125,17.527242767883706
328,1450.6467024632232,0.05566240847110748,17.527242767883706,17.53002301759856
329,1450.65463222319,0.05561297386884689,17.53002301759856,17.53280080322014
330,1450.6827656144785,0.05554494261741638,17.53280080322014,17.535575197709967
331,1450.657067772212,0.05546166002750397,17.5244725137484,17.52724275696098
332,1450.6467024022986,0.05566240847110748,17.52724275696098,17.530023006675833
333,1450.654632298834,0.05561297386884689,17.530023006675833,17.532800792297415
334,1450.6827658023958,0.05554494261741638,17.532800792297415,17.53557518678724
335,1450.6570679295298,0.05546166002750397,17.524472500956264,17.527242744168845
336,1450.646702519866,0.05566240847110748,17.527242744168845,17.530022993883698
337,1450.6546323704545,0.05561297386884689,17.530022993883698,17.53280077950528
338,1450.6827658219654,0.05554494261741638,17.53280077950528,17.535575173995106
339,1450.6570679553295,0.05546166002750397,17.524472509042717,17.527242752255297
340,1450.646702570802,0.05566240847110748,17.527242752255297,17.53002300197015
341,1450.654632460251,0.05561297386884689,17.53002300197015,17.532800787591732
342,1450.6827659624678,0.05554494261741638,17.532800787591732,17.53557518208156
343,1450.657068040613,0.05546166002750397,17.524472530497686,17.527242773710267
344,1450.6467026304908,0.05566240847110748,17.527242773710267,17.53002302342512
345,1450.6546325168824,0.05561297386884689,17.53002302342512,17.5328008090467
346,1450.682766032921,0.05554494261741638,17.5328008090467,17.535575203536528
347,1450.6570681067344,0.05546166002750397,17.524472528344717,17.527242771557297
348,1450.6467026757625,0.05566240847110748,17.527242771557297,17.53002302127215
349,1450.6546325292934,0.05561297386884689,17.53002302127215,17.532800806893732
350,1450.6827660040215,0.05554494261741638,17.532800806893732,17.53557520138356
351,1450.6570681431183,0.05546166002750397,17.524472511820992,17.527242755033573
352,1450.6467027468757,0.05566240847110748,17.527242755033573,17.530023004748426
353,1450.654632611755,0.05561297386884689,17.530023004748426,17.532800790370008
354,1450.6827660801875,0.05554494261741638,17.532800790370008,17.535575184859834
355,1450.6570683010766,0.05546166002750397,17.524472521679208,17.52724276489179
356,1450.64670299953,0.05566240847110748,17.52724276489179,17.53002301460664
357,1450.6546329672326,0.05561297386884689,17.53002301460664,17.532800800228223
358,1450.6827665429153,0.05554494261741638,17.532800800228223,17.53557519471805
359,1450.6570687285302,0.05546166002750397,17.524472526912184,17.527242770124765
360,1450.6467033984818,0.05566240847110748,17.527242770124765,17.530023019839618
361,1450.6546333431975,0.05561297386884689,17.530023019839618,17.5328008054612
362,1450.6827669003794,0.05554494261741638,17.5328008054612,17.535575199951026
363,1450.6570689756072,0.05546166002750397,17.524472519851187,17.527242763063768
364,1450.6467035320245,0.05566240847110748,17.527242763063768,17.53002301277862
365,1450.6546333626704,0.05561297386884689,17.53002301277862,17.532800798400203
366,1450.6827668072087,0.05554494261741638,17.532800798400203,17.53557519289003
367,1450.6570689314472,0.05546166002750397,17.524472515207567,17.527242758420147
368,1450.6467035295127,0.05566240847110748,17.527242758420147,17.530023008135
369,1450.6546333956423,0.05561297386884689,17.530023008135,17.532800793756582
370,1450.6827668704932,0.05554494261741638,17.532800793756582,17.53557518824641
371,1450.657068993912,0.05546166002750397,17.524472511423387,17.527242754635967
372,1450.646703590896,0.05566240847110748,17.527242754635967,17.53002300435082
373,1450.6546334557684,0.05561297386884689,17.53002300435082,17.532800789972402
374,1450.6827669292527,0.05554494261741638,17.532800789972402,17.53557518446223
375,1450.6570689838004,0.05546166002750397,17.524472514466108,17.52724275767869
376,1450.646703526017,0.05566240847110748,17.52724275767869,17.53002300739354
377,1450.6546333475349,0.05561297386884689,17.53002300739354,17.532800793015124
378,1450.6827667868845,0.05554494261741638,17.532800793015124,17.53557518750495
379,1450.6570688267702,0.05546166002750397,17.52447251467393,17.527242757886512
380,1450.646703355863,0.05566240847110748,17.527242757886512,17.530023007601365
381,1450.654633165616,0.05561297386884689,17.530023007601365,17.532800793222947
382,1450.6827665944031,0.05554494261741638,17.532800793222947,17.535575187712773
383,1450.657068638099,0.05546166002750397,17.52447252483334,17.52724276804592
384,1450.646703182606,0.05566240847110748,17.52724276804592,17.530023017760772
385,1450.6546330161932,0.05561297386884689,17.530023017760772,17.532800803382354
386,1450.6827664747204,0.05554494261741638,17.532800803382354,17.53557519787218
387,1450.6570685907734,0.05546166002750397,17.52447253268736,17.52724277589994
388,1450.6467032038538,0.05566240847110748,17.52724277589994,17.530023025614792
389,1450.6546331020872,0.05561297386884689,17.530023025614792,17.532800811236374
390,1450.6827666212891,0.05554494261741638,17.532800811236374,17.5355752057262
391,1450.6570687616845,0.05546166002750397,17.524472521669278,17.52724276488186
392,1450.6467033756958,0.05566240847110748,17.52724276488186,17.53002301459671
393,1450.6546332573544,0.05561297386884689,17.53002301459671,17.532800800218293
394,1450.682766747171,0.05554494261741638,17.532800800218293,17.53557519470812
395,1450.6570689061552,0.05546166002750397,17.524472508148705,17.527242751361285
396,1450.6467035245128,0.05566240847110748,17.527242751361285,17.530023001076138
397,1450.654633399812,0.05561297386884689,17.530023001076138,17.53280078669772
398,1450.6827668753779,0.05554494261741638,17.53280078669772,17.535575181187546
399,1450.657069015356,0.05546166002750397,17.52447251237835,17.52724275559093
400,1450.6467036318186,0.05566240847110748,17.52724275559093,17.530023005305782
401,1450.6546335180394,0.05561297386884689,17.530023005305782,17.532800790927364
402,1450.6827670139287,0.05554494261741638,17.532800790927364,17.53557518541719
403,1450.657069056231,0.05546166002750397,17.52447250138033,17.52724274459291
404,1450.6467035725777,0.05566240847110748,17.52724274459291,17.530022994307764
405,1450.6546333584636,0.05561297386884689,17.530022994307764,17.532800779929346
406,1450.6827667554624,0.05554494261741638,17.532800779929346,17.535575174419172
407,1450.657068710114,0.05546166002750397,17.524472518857284,17.527242762069864
408,1450.6467031754498,0.05566240847110748,17.527242762069864,17.530023011784717
409,1450.6546329385123,0.05561297386884689,17.530023011784717,17.5328007974063
410,1450.6827663337995,0.055544935166835785,17.5328007974063,17.535575191523595
411,1450.6570684030269,0.05546166002750397,17.524472530094656,17.527242773307236
412,1450.6467029784328,0.05566240847110748,17.527242773307236,17.53002302302209
413,1450.6546328464335,0.05561297386884689,17.53002302302209,17.53280080864367
414,1450.6827663414476,0.05554494261741638,17.53280080864367,17.535575203133497
415,1450.6570683891086,0.05546166002750397,17.524472510753373,17.527242753965954
416,1450.6467029109967,0.05566240847110748,17.527242753965954,17.530023003680807
417,1450.6546327024648,0.05561297386884689,17.530023003680807,17.53280078930239
418,1450.6827661046736,0.055544935166835785,17.53280078930239,17.535575183419684
419,1450.6570682420677,0.05546166002750397,17.524472520397143,17.527242763609724
420,1450.6467028649313,0.05566240847110748,17.527242763609724,17.530023013324577
421,1450.6546327641595,0.05561297386884689,17.530023013324577,17.53280079894616
422,1450.6827662755647,0.05554494261741638,17.53280079894616,17.535575193435985
423,1450.6570684541443,0.05546166002750397,17.52447248854821,17.52724273176079
424,1450.646703073787,0.05566240847110748,17.52724273176079,17.530022981475643
425,1450.6546329366759,0.05561297386884689,17.530022981475643,17.532800767097225
426,1450.6827663898052,0.05554494261741638,17.532800767097225,17.53557516158705
427,1450.6570683654122,0.05546166002750397,17.524472525358917,17.527242768571497
428,1450.6467028634072,0.05566240847110748,17.527242768571497,17.53002301828635
429,1450.6546326673497,0.05561297386884689,17.53002301828635,17.532800803907932
430,1450.6827661067894,0.055544935166835785,17.532800803907932,17.535575198025228
431,1450.6570682495224,0.05546166002750397,17.524472526155577,17.527242769368158
432,1450.646702885604,0.05566240847110748,17.527242769368158,17.53002301908301
433,1450.6546328037252,0.05561297386884689,17.53002301908301,17.532800804704593
434,1450.6827663401732,0.05554494261741638,17.532800804704593,17.53557519919442
435,1450.6570683188147,0.05546166002750397,17.524472531861882,17.527242775074463
436,1450.6467028047862,0.05566240847110748,17.527242775074463,17.530023024789315
437,1450.654632585639,0.05561297386884689,17.530023024789315,17.532800810410897
438,1450.682765996298,0.055544935166835785,17.532800810410897,17.535575204528193
439,1450.6570682448403,0.05546166002750397,17.524472509534935,17.527242752747515
440,1450.646702943115,0.05566240847110748,17.527242752747515,17.530023002462368
441,1450.654632889848,0.05561297386884689,17.530023002462368,17.53280078808395
442,1450.682766427151,0.05554494261741638,17.53280078808395,17.535575182573776
443,1450.6570685804465,0.05546166002750397,17.524472511008472,17.527242754221053
444,1450.6467032050111,0.05566240847110748,17.527242754221053,17.530023003935906
445,1450.6546330953063,0.05561297386884689,17.530023003935906,17.532800789557488
446,1450.6827665921946,0.05554494261741638,17.532800789557488,17.535575184047314
447,1450.6570687259257,0.05546166002750397,17.524472491930144,17.527242735142725
448,1450.646703314122,0.05566240847110748,17.527242735142725,17.530022984857577
449,1450.6546331560821,0.05561297386884689,17.530022984857577,17.53280077047916
450,1450.6827665942612,0.05554494261741638,17.53280077047916,17.535575164968986
451,1450.6570685131774,0.05546166002750397,17.52447248899195,17.52724273220453
452,1450.6467029165024,0.05566240847110748,17.52724273220453,17.530022981919384
453,1450.6546325989223,0.05561297386884689,17.530022981919384,17.532800767540966
454,1450.6827659012536,0.05554494261741638,17.532800767540966,17.535575162030792
455,1450.6570678711003,0.05546166002750397,17.524472521829566,17.527242765042146
456,1450.6467023682624,0.05566240847110748,17.527242765042146,17.530023014757
457,1450.6546321750689,0.05561297386884689,17.530023014757,17.53280080037858
458,1450.6827656226105,0.05554494261741638,17.53280080037858,17.535575194868407
459,1450.6570676135,0.05546166002750397,17.524472536124208,17.527242779336788
460,1450.6467021292378,0.05566240847110748,17.527242779336788,17.53002302905164
461,1450.6546319524707,0.05561297386884689,17.53002302905164,17.532800814673223
462,1450.6827654145611,0.05554494261741638,17.532800814673223,17.53557520916305
463,1450.6570674956756,0.05546166002750397,17.524472527818638,17.52724277103122
464,1450.646702066455,0.05566240847110748,17.52724277103122,17.53002302074607
465,1450.6546319175593,0.05561297386884689,17.53002302074607,17.532800806367653
466,1450.6827653867767,0.05554494261741638,17.532800806367653,17.53557520085748
467,1450.6570676694748,0.05546166002750397,17.524472516423565,17.527242759636145
468,1450.6467024079263,0.05566240847110748,17.527242759636145,17.530023009350998
469,1450.654632398689,0.05561297386884689,17.530023009350998,17.53280079497258
470,1450.682765984407,0.05554494261741638,17.53280079497258,17.535575189462406
471,1450.6570682436354,0.05546166002750397,17.524472492179044,17.527242735391624
472,1450.6467029382036,0.05566240847110748,17.527242735391624,17.530022985106477
473,1450.654632870542,0.05561297386884689,17.530022985106477,17.53280077072806
474,1450.682766387917,0.05554494261741638,17.53280077072806,17.535575165217885
475,1450.6570684607047,0.05546166002750397,17.52447249531281,17.52724273852539
476,1450.6467030078238,0.05566240847110748,17.52724273852539,17.530022988240244
477,1450.654632824207,0.05561297386884689,17.530022988240244,17.532800773861826
478,1450.6827662510127,0.05554494261741638,17.532800773861826,17.535575168351652
479,1450.6570682562126,0.05546166002750397,17.524472523837527,17.527242767050108
480,1450.646702782091,0.05566240847110748,17.527242767050108,17.53002301676496
481,1450.6546326121952,0.05561297386884689,17.53002301676496,17.532800802386543
482,1450.6827660786128,0.05554494261741638,17.532800802386543,17.53557519687637
483,1450.6570680413165,0.05546166002750397,17.524472522654108,17.52724276586669
484,1450.646702511391,0.05566240847110748,17.52724276586669,17.53002301558154
485,1450.6546322766353,0.05561297386884689,17.53002301558154,17.532800801203123
486,1450.6827656724615,0.05554494261741638,17.532800801203123,17.53557519569295
487,1450.6570677186874,0.05546166002750397,17.524472514855987,17.527242758068567
488,1450.646702249246,0.05566240847110748,17.527242758068567,17.53002300778342
489,1450.6546320567945,0.05561297386884689,17.53002300778342,17.532800793405002
490,1450.6827654806673,0.05554494261741638,17.532800793405002,17.53557518789483
491,1450.6570677042637,0.05546166002750397,17.524472518624773,17.527242761837353
492,1450.6467024030956,0.05566240847110748,17.527242761837353,17.530023011552206
493,1450.6546323694304,0.05561297386884689,17.530023011552206,17.53280079717379
494,1450.6827659424619,0.05554494261741638,17.53280079717379,17.535575191663614
495,1450.6570681170056,0.05546166002750397,17.524472507747987,17.527242750960568
496,1450.6467027567642,0.05566240847110748,17.527242750960568,17.53002300067542
497,1450.6546326574867,0.05561297386884689,17.53002300067542,17.532800786297003
498,1450.6827661610741,0.05554494261741638,17.532800786297003,17.53557518078683
499,1450.657068238043,0.05546166002750397,17.524472512581422,17.527242755794003
500,1450.6467028010964,0.05566240847110748,17.527242755794003,17.530023005508856
501,1450.6546326419334,0.05561297386884689,17.530023005508856,17.532800791130438
502,1450.682766099159,0.05554494261741638,17.532800791130438,17.535575185620264
503,1450.6570682246004,0.05546166002750397,17.524472535913382,17.527242779125963
504,1450.6467028593217,0.05566240847110748,17.527242779125963,17.530023028840816
505,1450.654632788005,0.05561297386884689,17.530023028840816,17.532800814462398
506,1450.6827663437512,0.05554494261741638,17.532800814462398,17.535575208952224
507,1450.657068443474,0.05546166002750397,17.524472506303805,17.527242749516386
508,1450.6467030042397,0.05566240847110748,17.527242749516386,17.53002299923124
509,1450.654632824114,0.05561297386884689,17.53002299923124,17.53280078485282
510,1450.6827662467592,0.05554494261741638,17.53280078485282,17.535575179342647
511,1450.657068329723,0.05546166002750397,17.52447252405818,17.52724276727076
512,1450.6467029087075,0.05566240847110748,17.52724276727076,17.530023016985613
513,1450.6546327726412,0.05561297386884689,17.530023016985613,17.532800802607195
514,1450.6827662579428,0.05554494261741638,17.532800802607195,17.53557519709702
515,1450.6570684993926,0.05546166002750397,17.524472509005925,17.527242752218505
516,1450.6467031988655,0.05566240847110748,17.527242752218505,17.53002300193336
517,1450.6546331529742,0.05561297386884689,17.53002300193336,17.53280078755494
518,1450.682766704367,0.05554494261741638,17.53280078755494,17.535575182044767
519,1450.657068707132,0.05546166002750397,17.52447252909428,17.52724277230686
520,1450.6467032201822,0.05566240847110748,17.52724277230686,17.530023022021712
521,1450.654633029893,0.05561297386884689,17.530023022021712,17.532800807643294
522,1450.6827664705875,0.05554494261741638,17.532800807643294,17.53557520213312
523,1450.6570686543794,0.05546166002750397,17.524472528850502,17.527242772063083
524,1450.6467033221677,0.05566240847110748,17.527242772063083,17.530023021777936
525,1450.654633264499,0.05561297386884689,17.530023021777936,17.532800807399518
526,1450.6827668191681,0.05554494261741638,17.532800807399518,17.535575201889344
527,1450.6570688686443,0.05546166002750397,17.524472483021576,17.527242726234157
528,1450.6467033552608,0.05566240847110748,17.527242726234157,17.53002297594901
529,1450.6546330843191,0.05561297386884689,17.53002297594901,17.53280076157059
530,1450.682766405158,0.05554494261741638,17.53280076157059,17.535575156060418
531,1450.6570684771914,0.05546166002750397,17.52447250903533,17.52724275224791
532,1450.646703043203,0.05566240847110748,17.52724275224791,17.530023001962764
533,1450.6546328928532,0.05561297386884689,17.530023001962764,17.532800787584346
534,1450.682766363129,0.05554494261741638,17.532800787584346,17.535575182074172
535,1450.6570684647493,0.05546166002750397,17.524472512959804,17.527242756172384
536,1450.646703058053,0.05566240847110748,17.527242756172384,17.530023005887237
537,1450.6546329328423,0.05561297386884689,17.530023005887237,17.53280079150882
538,1450.6827664262446,0.05554494261741638,17.53280079150882,17.535575185998646
539,1450.6570682899078,0.05546166002750397,17.524472531115133,17.527242774327714
540,1450.6467026835383,0.05566240847110748,17.527242774327714,17.530023024042567
541,1450.654632390443,0.05561297386884689,17.530023024042567,17.53280080966415
542,1450.6827657423867,0.05554494261741638,17.53280080966415,17.535575204153975
543,1450.6570678808885,0.05546166002750397,17.524472509552055,17.527242752764636
544,1450.6467024853591,0.05566240847110748,17.527242752764636,17.53002300247949
545,1450.654632351919,0.05561297386884689,17.53002300247949,17.53280078810107
546,1450.6827658227285,0.05554494261741638,17.53280078810107,17.535575182590897
547,1450.6570679445445,0.05546166002750397,17.524472522149026,17.527242765361606
548,1450.646702556576,0.05566240847110748,17.527242765361606,17.53002301507646
549,1450.65463244869,0.05561297386884689,17.53002301507646,17.53280080069804
550,1450.6827659580858,0.05554494261741638,17.53280080069804,17.535575195187867
551,1450.657068213137,0.05546166002750397,17.52447253589006,17.52724277910264
552,1450.6467029581909,0.05566240847110748,17.52724277910264,17.530023028817492
553,1450.6546329810378,0.05561297386884689,17.530023028817492,17.532800814439074
554,1450.6827666170545,0.055544935166835785,17.532800814439074,17.53557520855637
555,1450.6570687338783,0.05546166002750397,17.524472520730562,17.527242763943143
556,1450.6467033239944,0.05566240847110748,17.527242763943143,17.530023013657996
557,1450.6546331818981,0.05561297386884689,17.530023013657996,17.532800799279578
558,1450.6827666484442,0.05554494261741638,17.532800799279578,17.535575193769404
559,1450.6570688045063,0.05546166002750397,17.5244725134348,17.527242756647382
560,1450.646703426511,0.05566240847110748,17.527242756647382,17.530023006362235
561,1450.6546333103056,0.05561297386884689,17.530023006362235,17.532800791983817
562,1450.6827667978514,0.05554494261741638,17.532800791983817,17.535575186473643
563,1450.6570689804191,0.05546166002750397,17.52447250941659,17.52724275262917
564,1450.6467036287206,0.05566240847110748,17.52724275262917,17.530023002344024
565,1450.654633538239,0.05561297386884689,17.530023002344024,17.532800787965606
566,1450.6827670484583,0.05554494261741638,17.532800787965606,17.535575182455432
567,1450.6570690804642,0.05546166002750397,17.524472501928898,17.52724274514148
568,1450.646703588461,0.05566240847110748,17.52724274514148,17.53002299485633
569,1450.6546333675844,0.05561297386884689,17.53002299485633,17.532800780477913
570,1450.682766759115,0.05554494261741638,17.532800780477913,17.53557517496774
571,1450.6570687293743,0.05546166002750397,17.5244724987936,17.52724274200618
572,1450.646703184873,0.05566240847110748,17.52724274200618,17.530022991721033
573,1450.6546329192502,0.05561297386884689,17.530022991721033,17.532800777342615
574,1450.6827662722358,0.055544935166835785,17.532800777342615,17.53557517145991
575,1450.6570682422712,0.05546166002750397,17.524472512015492,17.527242755228073
576,1450.6467027187982,0.05566240847110748,17.527242755228073,17.530023004942926
577,1450.6546324897422,0.05561297386884689,17.530023004942926,17.532800790564508
578,1450.6827658906207,0.05554494261741638,17.532800790564508,17.535575185054334
579,1450.6570678971204,0.05546166002750397,17.524472527181953,17.527242770394533
580,1450.6467024187027,0.05566240847110748,17.527242770394533,17.530023020109386
581,1450.6546322403938,0.05561297386884689,17.530023020109386,17.532800805730968
582,1450.682765695453,0.05554494261741638,17.532800805730968,17.535575200220794
583,1450.6570677591956,0.05546166002750397,17.52447251259068,17.52724275580326
584,1450.646702302882,0.05566240847110748,17.52724275580326,17.530023005518114
585,1450.6546321200701,0.05561297386884689,17.530023005518114,17.532800791139696
586,1450.6827655486088,0.05554494261741638,17.532800791139696,17.535575185629522
587,1450.6570676893114,0.05546166002750397,17.524472520186837,17.527242763399418
588,1450.646702315907,0.05566240847110748,17.527242763399418,17.53002301311427
589,1450.6546322191232,0.05561297386884689,17.53002301311427,17.532800798735853
590,1450.6827657368567,0.05554494261741638,17.532800798735853,17.53557519322568
591,1450.6570679639035,0.05546166002750397,17.524472514040372,17.527242757252953
592,1450.6467026585958,0.05566240847110748,17.527242757252953,17.530023006967806
593,1450.6546326151881,0.05561297386884689,17.530023006967806,17.532800792589388
594,1450.6827661744487,0.05554494261741638,17.532800792589388,17.535575187079214
595,1450.6570682681727,0.05546166002750397,17.52447252190094,17.52724276511352
596,1450.6467028533061,0.05566240847110748,17.52724276511352,17.530023014828373
597,1450.654632719845,0.05561297386884689,17.530023014828373,17.532800800449955
598,1450.6827662050634,0.05554494261741638,17.532800800449955,17.53557519493978
599,1450.6570683689772,0.05546166002750397,17.5244725288011,17.52724277201368
600,1450.646703022283,0.05566240847110748,17.52724277201368,17.53002302172853
601,1450.6546329543949,0.05561297386884689,17.53002302172853,17.532800807350114
602,1450.6827665021929,0.05554494261741638,17.532800807350114,17.53557520183994
603,1450.6570686330601,0.05546166002750397,17.524472522698286,17.527242765910866
604,1450.646703242713,0.05566240847110748,17.527242765910866,17.53002301562572
605,1450.6546331239458,0.05561297386884689,17.53002301562572,17.5328008012473
606,1450.682766616281,0.05554494261741638,17.5328008012473,17.535575195737128
607,1450.6570687716383,0.05546166002750397,17.52447251567937,17.52724275889195
608,1450.6467033963802,0.05566240847110748,17.52724275889195,17.530023008606804
609,1450.6546332854396,0.05561297386884689,17.530023008606804,17.532800794228386
610,1450.6827667800535,0.05554494261741638,17.532800794228386,17.535575188718212
611,1450.6570689434277,0.05546166002750397,17.524472527640572,17.527242770853153
612,1450.6467035947833,0.05566240847110748,17.527242770853153,17.530023020568006
613,1450.6546335239238,0.05561297386884689,17.530023020568006,17.532800806189588
614,1450.682767068037,0.05554494261741638,17.532800806189588,17.535575200679414
615,1450.657069187335,0.05546166002750397,17.524472512227483,17.527242755440064
616,1450.6467037747134,0.05566240847110748,17.527242755440064,17.530023005154916
617,1450.6546336260335,0.05561297386884689,17.530023005154916,17.5328007907765
618,1450.682767083233,0.05554494261741638,17.5328007907765,17.535575185266325
619,1450.6570691385639,0.05546166002750397,17.524472537857072,17.527242781069653
620,1450.6467037057168,0.05566240847110748,17.527242781069653,17.530023030784506
621,1450.6546335698117,0.05561297386884689,17.530023030784506,17.532800816406088
622,1450.6827670642285,0.05554494261741638,17.532800816406088,17.535575210895914
623,1450.6570692627556,0.05546166002750397,17.52447253372754,17.52724277694012
624,1450.6467039421593,0.05566240847110748,17.52724277694012,17.530023026654973
625,1450.6546338935877,0.05561297386884689,17.530023026654973,17.532800812276555
626,1450.6827674553256,0.05554494261741638,17.532800812276555,17.53557520676638
627,1450.6570695300861,0.05546166002750397,17.524472514602554,17.527242757815134
628,1450.6467040706848,0.05566240847110748,17.527242757815134,17.530023007529987
629,1450.6546338742958,0.05561297386884689,17.530023007529987,17.53280079315157
630,1450.682767283853,0.05554494261741638,17.53280079315157,17.535575187641395
631,1450.6570694394059,0.05546166002750397,17.524472483179682,17.527242726392263
632,1450.6467040271777,0.05566240847110748,17.527242726392263,17.530022976107116
633,1450.6546338521002,0.05561297386884689,17.530022976107116,17.532800761728698
634,1450.6827672633199,0.05554494261741638,17.532800761728698,17.535575156218524
635,1450.6570692583966,0.05546166002750397,17.524472487513556,17.527242730726137
636,1450.6467037305638,0.05566240847110748,17.527242730726137,17.53002298044099
637,1450.65463347526,0.05561297386884689,17.53002298044099,17.53280076606257
638,1450.6827668339695,0.05554494261741638,17.53280076606257,17.535575160552398
639,1450.6570687322514,0.05546166002750397,17.52447252010293,17.52724276331551
640,1450.6467031636855,0.05566240847110748,17.52724276331551,17.530023013030362
641,1450.6546329101786,0.05561297386884689,17.530023013030362,17.532800798651945
642,1450.682766302113,0.055544935166835785,17.532800798651945,17.53557519276924
643,1450.6570681710546,0.05546166002750397,17.524472537441255,17.527242780653836
644,1450.6467025791637,0.05566240847110748,17.527242780653836,17.53002303036869
645,1450.6546323071886,0.05561297386884689,17.53002303036869,17.53280081599027
646,1450.682765684874,0.05554494261741638,17.53280081599027,17.535575210480097
647,1450.6570677428294,0.05546166002750397,17.52447253957696,17.52724278278954
648,1450.6467023064963,0.05566240847110748,17.52724278278954,17.530023032504392
649,1450.654632162589,0.05561297386884689,17.530023032504392,17.532800818125974
650,1450.6827656457517,0.05554494261741638,17.532800818125974,17.5355752126158
651,1450.6570679386896,0.05546166002750397,17.524472517613322,17.527242760825903
652,1450.6467026802238,0.05566240847110748,17.527242760825903,17.530023010540756
653,1450.6546326686712,0.05561297386884689,17.530023010540756,17.532800796162338
654,1450.6827662458627,0.05554494261741638,17.532800796162338,17.535575190652164
655,1450.6570685233391,0.05546166002750397,17.52447250449466,17.52724274770724
656,1450.6467032449414,0.05566240847110748,17.52724274770724,17.530022997422094
657,1450.6546332104424,0.05561297386884689,17.530022997422094,17.532800783043676
658,1450.6827667650246,0.05554494261741638,17.532800783043676,17.535575177533502
659,1450.6570689309324,0.05546166002750397,17.52447249722138,17.527242740433962
660,1450.6467035552082,0.05566240847110748,17.527242740433962,17.530022990148815
661,1450.654633435586,0.05561297386884689,17.530022990148815,17.532800775770397
662,1450.6827669155284,0.05554494261741638,17.532800775770397,17.535575170260223
663,1450.6570688868508,0.05546166002750397,17.52447250725311,17.52724275046569
664,1450.646703356404,0.05566240847110748,17.52724275046569,17.53002300018054
665,1450.654633114316,0.05561297386884689,17.53002300018054,17.532800785802124
666,1450.6827664978478,0.05554494261741638,17.532800785802124,17.53557518029195
667,1450.6570684529959,0.05546166002750397,17.52447252534959,17.52724276856217
668,1450.6467029276007,0.05566240847110748,17.52724276856217,17.530023018277024
669,1450.654632706336,0.05561297386884689,17.530023018277024,17.532800803898606
670,1450.6827661218272,0.055544935166835785,17.532800803898606,17.535575198015902
671,1450.6570681352512,0.05546166002750397,17.524472523586045,17.527242766798626
672,1450.646702648349,0.05566240847110748,17.527242766798626,17.53002301651348
673,1450.6546324501776,0.05561297386884689,17.53002301651348,17.53280080213506
674,1450.6827658771915,0.05554494261741638,17.53280080213506,17.535575196624887
675,1450.6570679889514,0.05546166002750397,17.52447251321873,17.52724275643131
676,1450.6467025747124,0.05566240847110748,17.52724275643131,17.530023006146163
677,1450.6546324288627,0.05561297386884689,17.530023006146163,17.532800791767745
678,1450.682765892167,0.05554494261741638,17.532800791767745,17.53557518625757
679,1450.6570680811997,0.05546166002750397,17.524472509673387,17.527242752885968
680,1450.646702737813,0.05566240847110748,17.527242752885968,17.53002300260082
681,1450.6546326568885,0.05561297386884689,17.53002300260082,17.532800788222403
682,1450.68276617744,0.05554494261741638,17.532800788222403,17.53557518271223
683,1450.6570683189898,0.05546166002750397,17.524472525470355,17.527242768682935
684,1450.6467029555668,0.05566240847110748,17.527242768682935,17.530023018397788
685,1450.6546328754303,0.05561297386884689,17.530023018397788,17.53280080401937
686,1450.6827664145255,0.05554494261741638,17.53280080401937,17.535575198509196
687,1450.6570685139275,0.05546166002750397,17.524472518799122,17.527242762011703
688,1450.6467030958877,0.05566240847110748,17.527242762011703,17.530023011726556
689,1450.6546329526914,0.05561297386884689,17.530023011726556,17.532800797348138
690,1450.6827664234283,0.05554494261741638,17.532800797348138,17.535575191837964
691,1450.6570684964504,0.05546166002750397,17.524472517352716,17.527242760565297
692,1450.6467030532583,0.05566240847110748,17.527242760565297,17.53002301028015
693,1450.6546328862294,0.05561297386884689,17.53002301028015,17.532800795901732
694,1450.6827663345011,0.05554494261741638,17.532800795901732,17.535575190391558
695,1450.6570684920816,0.05546166002750397,17.524472504594147,17.527242747806728
696,1450.64670311195,0.05566240847110748,17.527242747806728,17.53002299752158
697,1450.6546329909152,0.05561297386884689,17.53002299752158,17.532800783143163
698,1450.6827664717,0.05554494261741638,17.532800783143163,17.53557517763299
699,1450.6570685301394,0.05546166002750397,17.52447250699188,17.52724275020446
700,1450.6467030714086,0.05566240847110748,17.52724275020446,17.530022999919314
701,1450.6546328883803,0.05561297386884689,17.530022999919314,17.532800785540896
702,1450.68276632057,0.05554494261741638,17.532800785540896,17.535575180030722
703,1450.6570683670975,0.05546166002750397,17.52447250311695,17.52724274632953
704,1450.64670289535,0.05566240847110748,17.52724274632953,17.530022996044384
705,1450.6546326986888,0.05561297386884689,17.530022996044384,17.532800781665966
706,1450.682766116698,0.055544935166835785,17.532800781665966,17.53557517578326
707,1450.6570681000617,0.05546166002750397,17.524472521481258,17.52724276469384
708,1450.6467025963316,0.05566240847110748,17.52724276469384,17.53002301440869
709,1450.6546323914915,0.05561297386884689,17.53002301440869,17.532800800030273
710,1450.6827658195366,0.05554494261741638,17.532800800030273,17.5355751945201
711,1450.6570678980102,0.05546166002750397,17.524472517563733,17.527242760776314
712,1450.646702465894,0.05566240847110748,17.527242760776314,17.530023010491167
713,1450.6546323139657,0.05561297386884689,17.530023010491167,17.53280079611275
714,1450.6827657801034,0.05554494261741638,17.53280079611275,17.535575190602575
715,1450.657067864673,0.05546166002750397,17.524472534257033,17.527242777469613
716,1450.6467024558335,0.05566240847110748,17.527242777469613,17.530023027184466
717,1450.6546323396415,0.05561297386884689,17.530023027184466,17.532800812806048
718,1450.682765848032,0.05554494261741638,17.532800812806048,17.535575207295874
719,1450.6570680901975,0.05546166002750397,17.524472520520874,17.527242763733454
720,1450.646702796737,0.05566240847110748,17.527242763733454,17.530023013448307
721,1450.654632762538,0.05561297386884689,17.530023013448307,17.53280079906989
722,1450.6827663288861,0.05554494261741638,17.53280079906989,17.535575193559716
723,1450.6570684824353,0.05546166002750397,17.524472517455166,17.527242760667747
724,1450.6467031081988,0.05566240847110748,17.527242760667747,17.5300230103826
725,1450.6546330003766,0.05561297386884689,17.5300230103826,17.53280079600418
726,1450.6827664996242,0.05554494261741638,17.53280079600418,17.535575190494008
727,1450.6570687146575,0.05546166002750397,17.524472514555875,17.527242757768455
728,1450.6467033966,0.05566240847110748,17.527242757768455,17.530023007483308
729,1450.6546333400972,0.05561297386884689,17.530023007483308,17.53280079310489
730,1450.6827668862159,0.05554494261741638,17.53280079310489,17.535575187594716
731,1450.657068963515,0.05546166002750397,17.52447251205059,17.52724275526317
732,1450.6467035205385,0.05566240847110748,17.52724275526317,17.530023004978023
733,1450.6546333506903,0.05561297386884689,17.530023004978023,17.532800790599605
734,1450.6827667939242,0.05554494261741638,17.532800790599605,17.53557518508943
735,1450.6570688325987,0.05546166002750397,17.524472499072033,17.527242742284614
736,1450.6467033422252,0.05566240847110748,17.527242742284614,17.530022991999466
737,1450.6546331191878,0.05561297386884689,17.530022991999466,17.53280077762105
738,1450.6827665057601,0.05554494261741638,17.53280077762105,17.535575172110875
739,1450.657068507893,0.05546166002750397,17.524472511374142,17.527242754586723
740,1450.6467030087795,0.05566240847110748,17.527242754586723,17.530023004301576
741,1450.654632797912,0.05561297386884689,17.530023004301576,17.532800789923158
742,1450.6827662117716,0.055544935166835785,17.532800789923158,17.535575184040454
743,1450.657068256426,0.05546166002750397,17.524472525993065,17.527242769205646
744,1450.6467028099858,0.05566240847110748,17.527242769205646,17.5300230189205
745,1450.6546326585287,0.05561297386884689,17.5300230189205,17.53280080454208
746,1450.6827661361826,0.05554494261741638,17.53280080454208,17.535575199031907
747,1450.6570681705214,0.05546166002750397,17.524472523604675,17.527242766817256
748,1450.6467027006822,0.05566240847110748,17.527242766817256,17.53002301653211
749,1450.654632516423,0.05561297386884689,17.53002301653211,17.53280080215369
750,1450.6827659547723,0.05554494261741638,17.53280080215369,17.535575196643517
751,1450.6570680855377,0.05546166002750397,17.524472508726596,17.527242751939177
752,1450.6467026823461,0.05566240847110748,17.527242751939177,17.53002300165403
753,1450.6546325414224,0.05561297386884689,17.53002300165403,17.53280078727561
754,1450.6827660027882,0.05554494261741638,17.53280078727561,17.535575181765438
755,1450.6570681784813,0.05546166002750397,17.52447251773409,17.52724276094667
756,1450.6467028350412,0.05566240847110748,17.52724276094667,17.530023010661523
757,1450.6546327639894,0.05561297386884689,17.530023010661523,17.532800796283105
758,1450.682766303884,0.05554494261741638,17.532800796283105,17.53557519077293
759,1450.657068450493,0.05546166002750397,17.524472517369716,17.527242760582297
760,1450.6467030779268,0.05566240847110748,17.527242760582297,17.53002301029715
761,1450.6546329781831,0.05561297386884689,17.53002301029715,17.53280079591873
762,1450.6827664901696,0.05554494261741638,17.53280079591873,17.535575190408558
763,1450.657068528026,0.05546166002750397,17.524472507722578,17.52724275093516
764,1450.6467030441622,0.05566240847110748,17.52724275093516,17.53002300065001
765,1450.6546328330014,0.05561297386884689,17.53002300065001,17.532800786271594
766,1450.6827662349592,0.055544935166835785,17.532800786271594,17.53557518038889
767,1450.657068311175,0.05546166002750397,17.52447250234327,17.52724274555585
768,1450.6467028618752,0.05566240847110748,17.52724274555585,17.530022995270702
769,1450.6546326818925,0.05561297386884689,17.530022995270702,17.532800780892284
770,1450.6827661123095,0.05554494261741638,17.532800780892284,17.53557517538211
771,1450.6570681815142,0.05546166002750397,17.524472524686818,17.5272427678994
772,1450.6467027585534,0.05566240847110748,17.5272427678994,17.53002301761425
773,1450.6546326294015,0.05561297386884689,17.53002301761425,17.532800803235833
774,1450.6827661281272,0.05554494261741638,17.532800803235833,17.53557519772566
775,1450.657068205234,0.05546166002750397,17.52447252612926,17.52724276934184
776,1450.6467027794138,0.05566240847110748,17.52724276934184,17.530023019056692
777,1450.6546326394043,0.05561297386884689,17.530023019056692,17.532800804678274
778,1450.6827661192542,0.05554494261741638,17.532800804678274,17.5355751991681
779,1450.6570681895325,0.05546166002750397,17.524472513421138,17.52724275663372
780,1450.6467027361127,0.05566240847110748,17.52724275663372,17.53002300634857
781,1450.6546325534275,0.05561297386884689,17.53002300634857,17.532800791970153
782,1450.6827659822375,0.05554494261741638,17.532800791970153,17.53557518645998
783,1450.6570681637309,0.05546166002750397,17.524472509161786,17.527242752374367
784,1450.6467028119969,0.05566240847110748,17.527242752374367,17.53002300208922
785,1450.6546327222547,0.05561297386884689,17.53002300208922,17.5328007877108
786,1450.6827662359929,0.05554494261741638,17.5328007877108,17.535575182200628
787,1450.6570683819587,0.05546166002750397,17.524472518401893,17.527242761614474
788,1450.6467030140893,0.05566240847110748,17.527242761614474,17.530023011329327
789,1450.6546329229577,0.05561297386884689,17.530023011329327,17.53280079695091
790,1450.6827664463437,0.05554494261741638,17.53280079695091,17.535575191440735
791,1450.657068508873,0.05546166002750397,17.524472506901322,17.527242750113903
792,1450.6467030476683,0.05566240847110748,17.527242750113903,17.530022999828756
793,1450.6546328573002,0.05561297386884689,17.530022999828756,17.532800785450338
794,1450.6827662786307,0.05554494261741638,17.532800785450338,17.535575179940164
795,1450.6570683176647,0.05546166002750397,17.524472530397702,17.527242773610283
796,1450.6467028688485,0.05566240847110748,17.527242773610283,17.530023023325136
797,1450.654632717476,0.05561297386884689,17.530023023325136,17.532800808946718
798,1450.6827661970497,0.05554494261741638,17.532800808946718,17.535575203436544
799,1450.6570683618265,0.05546166002750397,17.52447252208885,17.52724276530143
800,1450.6467030050046,0.05566240847110748,17.52724276530143,17.530023015016283
801,1450.65463291894,0.05561297386884689,17.530023015016283,17.532800800637865
802,1450.6827664428406,0.05554494261741638,17.532800800637865,17.53557519512769
803,1450.6570685065915,0.05546166002750397,17.52447250687712,17.5272427500897
804,1450.6467030393342,0.05566240847110748,17.5272427500897,17.530022999804554
805,1450.6546328375734,0.05561297386884689,17.530022999804554,17.532800785426137
806,1450.6827662433964,0.055544935166835785,17.532800785426137,17.535575179543432
807,1450.657068414628,0.05546166002750397,17.5244725127166,17.52724275592918
808,1450.6467030620681,0.05566240847110748,17.52724275592918,17.530023005644033
809,1450.6546329785642,0.05561297386884689,17.530023005644033,17.532800791265615
810,1450.6827665037185,0.05554494261741638,17.532800791265615,17.53557518575544
811,1450.6570686065988,0.05546166002750397,17.52447252167094,17.52724276488352
812,1450.6467032029964,0.05566240847110748,17.52724276488352,17.530023014598374
813,1450.6546330821961,0.05561297386884689,17.530023014598374,17.532800800219956
814,1450.6827665809178,0.05554494261741638,17.532800800219956,17.535575194709782
815,1450.6570686180082,0.05546166002750397,17.52447252227571,17.52724276548829
816,1450.6467031496213,0.05566240847110748,17.52724276548829,17.53002301520314
817,1450.654632965822,0.05561297386884689,17.53002301520314,17.532800800824724
818,1450.68276640167,0.05554494261741638,17.532800800824724,17.53557519531455
819,1450.6570685044835,0.05546166002750397,17.524472520878923,17.527242764091504
820,1450.646703091389,0.05566240847110748,17.527242764091504,17.530023013806357
821,1450.6546329542043,0.05561297386884689,17.530023013806357,17.53280079942794
822,1450.6827664316525,0.05554494261741638,17.53280079942794,17.535575193917765
823,1450.6570685789964,0.05546166002750397,17.524472510817475,17.527242754030055
824,1450.6467031940883,0.05566240847110748,17.527242754030055,17.53002300374491
825,1450.654633072431,0.05561297386884689,17.53002300374491,17.53280078936649
826,1450.6827665557041,0.05554494261741638,17.53280078936649,17.535575183856317
827,1450.657068664634,0.05546166002750397,17.52447251621744,17.52724275943002
828,1450.6467032575258,0.05566240847110748,17.52724275943002,17.530023009144873
829,1450.6546331261377,0.05561297386884689,17.530023009144873,17.532800794766455
830,1450.6827666091513,0.05554494261741638,17.532800794766455,17.53557518925628
831,1450.6570687133078,0.05546166002750397,17.524472521976598,17.52724276518918
832,1450.6467033080648,0.05566240847110748,17.52724276518918,17.53002301490403
833,1450.6546331834704,0.05561297386884689,17.53002301490403,17.532800800525614
834,1450.682766676849,0.05554494261741638,17.532800800525614,17.53557519501544
835,1450.6570687167946,0.05546166002750397,17.524472496671766,17.527242739884347
836,1450.6467032189198,0.05566240847110748,17.527242739884347,17.5300229895992
837,1450.6546329819455,0.05561297386884689,17.5300229895992,17.53280077522078
838,1450.6827663496886,0.055544935166835785,17.53280077522078,17.535575169338077
839,1450.6570683736006,0.05546166002750397,17.524472502326677,17.527242745539258
840,1450.6467028825828,0.05566240847110748,17.527242745539258,17.53002299525411
841,1450.6546326694593,0.05561297386884689,17.53002299525411,17.532800780875693
842,1450.6827660733684,0.055544935166835785,17.532800780875693,17.53557517499299
843,1450.6570681547537,0.05546166002750397,17.524472520779433,17.527242763992014
844,1450.646702741019,0.05566240847110748,17.527242763992014,17.530023013706867
845,1450.65463261874,0.05561297386884689,17.530023013706867,17.53280079932845
846,1450.6827661224725,0.05554494261741638,17.53280079932845,17.535575193818275
847,1450.6570681170592,0.05546166002750397,17.524472530730634,17.527242773943215
848,1450.6467026253456,0.05566240847110748,17.527242773943215,17.530023023658067
849,1450.6546324329179,0.05561297386884689,17.530023023658067,17.53280080927965
850,1450.6827658712534,0.05554494261741638,17.53280080927965,17.535575203769476
851,1450.6570679645274,0.05546166002750397,17.524472506015524,17.527242749228105
852,1450.6467025219677,0.05566240847110748,17.527242749228105,17.530022998942957
853,1450.6546323409025,0.05561297386884689,17.530022998942957,17.53280078456454
854,1450.6827657621914,0.05554494261741638,17.53280078456454,17.535575179054366
855,1450.6570679192407,0.05546166002750397,17.524472512543745,17.527242755756326
856,1450.6467025535094,0.05566240847110748,17.527242755756326,17.53002300547118
857,1450.6546324577982,0.05561297386884689,17.53002300547118,17.53280079109276
858,1450.6827659716596,0.05554494261741638,17.53280079109276,17.535575185582587
859,1450.6570681624578,0.05546166002750397,17.524472509136018,17.5272427523486
860,1450.6467028241216,0.05566240847110748,17.5272427523486,17.53002300206345
861,1450.6546327506223,0.05561297386884689,17.53002300206345,17.532800787685034
862,1450.6827662824703,0.05554494261741638,17.532800787685034,17.53557518217486
863,1450.6570682894078,0.05546166002750397,17.524472514998536,17.527242758211116
864,1450.646702793103,0.05566240847110748,17.527242758211116,17.53002300792597
865,1450.6546325835052,0.05561297386884689,17.53002300792597,17.53280079354755
866,1450.6827659974615,0.055544935166835785,17.53280079354755,17.535575187664847
867,1450.6570680939587,0.05546166002750397,17.524472528325134,17.527242771537715
868,1450.6467026924986,0.05566240847110748,17.527242771537715,17.530023021252568
869,1450.6546325801728,0.05561297386884689,17.530023021252568,17.53280080687415
870,1450.6827660919605,0.05554494261741638,17.53280080687415,17.535575201363976
871,1450.6570682180018,0.05546166002750397,17.524472531969696,17.527242775182277
872,1450.6467028378586,0.05566240847110748,17.527242775182277,17.53002302489713
873,1450.6546327403591,0.05561297386884689,17.53002302489713,17.53280081051871
874,1450.6827662618841,0.05554494261741638,17.53280081051871,17.535575205008538
875,1450.657068434794,0.05546166002750397,17.524472518612072,17.527242761824652
876,1450.6467030745903,0.05566240847110748,17.527242761824652,17.530023011539505
877,1450.6546329765938,0.05561297386884689,17.530023011539505,17.532800797161087
878,1450.6827664801517,0.05554494261741638,17.532800797161087,17.535575191650913
879,1450.6570686626505,0.05546166002750397,17.524472495467954,17.527242738680535
880,1450.6467032892458,0.05566240847110748,17.527242738680535,17.530022988395388
881,1450.65463316124,0.05561297386884689,17.530022988395388,17.53280077401697
882,1450.6827666249346,0.05554494261741638,17.53280077401697,17.535575168506796
883,1450.6570687273602,0.05546166002750397,17.52447250643892,17.5272427496515
884,1450.6467033116699,0.05566240847110748,17.5272427496515,17.530022999366352
885,1450.654633170289,0.05561297386884689,17.530022999366352,17.532800784987934
886,1450.682766642421,0.05554494261741638,17.532800784987934,17.53557517947776
887,1450.65706867311,0.05546166002750397,17.524472523115282,17.527242766327863
888,1450.646703212725,0.05566240847110748,17.527242766327863,17.530023016042716
889,1450.6546330475646,0.05561297386884689,17.530023016042716,17.532800801664298
890,1450.6827665119167,0.05554494261741638,17.532800801664298,17.535575196154124
891,1450.6570684872074,0.05546166002750397,17.524472537919177,17.527242781131758
892,1450.6467029834776,0.05566240847110748,17.527242781131758,17.53002303084661
893,1450.6546327846631,0.05561297386884689,17.53002303084661,17.532800816468193
894,1450.6827662228254,0.055544935166835785,17.532800816468193,17.53557521058549
895,1450.6570683384757,0.05546166002750397,17.524472501333772,17.527242744546353
896,1450.6467029047749,0.05566240847110748,17.527242744546353,17.530022994261206
897,1450.6546327223284,0.05561297386884689,17.530022994261206,17.532800779882788
898,1450.6827661368231,0.05554494261741638,17.532800779882788,17.535575174372614
899,1450.657068271779,0.05546166002750397,17.524472511784293,17.527242754996873
900,1450.6467028853754,0.05566240847110748,17.527242754996873,17.530023004711726
901,1450.6546327703852,0.05561297386884689,17.530023004711726,17.532800790333308
902,1450.6827662663184,0.05554494261741638,17.532800790333308,17.535575184823134
903,1450.6570684621454,0.05546166002750397,17.524472499658902,17.527242742871483
904,1450.6467031177717,0.05566240847110748,17.527242742871483,17.530022992586336
905,1450.6546330300669,0.05561297386884689,17.530022992586336,17.532800778207918
906,1450.6827665396238,0.05554494261741638,17.532800778207918,17.535575172697744
907,1450.6570684387698,0.05546166002750397,17.524472489381534,17.527242732594114
908,1450.6467028202717,0.05566240847110748,17.527242732594114,17.530022982308967
909,1450.6546324796818,0.05561297386884689,17.530022982308967,17.53280076793055
910,1450.6827657584836,0.05554494261741638,17.53280076793055,17.535575162420376
911,1450.6570677685927,0.05546166002750397,17.52447253490898,17.52724277812156
912,1450.6467023158018,0.05566240847110748,17.52724277812156,17.530023027836414
913,1450.6546321791614,0.05561297386884689,17.530023027836414,17.532800813457996
914,1450.6827656872074,0.05554494261741638,17.532800813457996,17.535575207947822
915,1450.6570677493958,0.05546166002750397,17.524472509721566,17.527242752934146
916,1450.646702289165,0.05566240847110748,17.527242752934146,17.530023002649
917,1450.6546321007343,0.05561297386884689,17.530023002649,17.53280078827058
918,1450.6827655246877,0.05554494261741638,17.53280078827058,17.535575182760407
919,1450.6570675114933,0.05546166002750397,17.52447250947139,17.52724275268397
920,1450.6467019874365,0.05566240847110748,17.52724275268397,17.530023002398824
921,1450.6546317448353,0.05561297386884689,17.530023002398824,17.532800788020406
922,1450.6827651226984,0.05554494261741638,17.532800788020406,17.535575182510232
923,1450.6570674153093,0.05546166002750397,17.524472525549644,17.527242768762225
924,1450.6467021914275,0.05566240847110748,17.527242768762225,17.530023018477078
925,1450.6546322399925,0.05561297386884689,17.530023018477078,17.53280080409866
926,1450.6827658976315,0.05554494261741638,17.53280080409866,17.535575198588486
927,1450.6570680113346,0.05546166002750397,17.52447251077587,17.52724275398845
928,1450.6467025975596,0.05566240847110748,17.52724275398845,17.530023003703302
929,1450.6546324510623,0.05561297386884689,17.530023003703302,17.532800789324885
930,1450.6827659129003,0.05554494261741638,17.532800789324885,17.53557518381471
931,1450.6570679990682,0.05546166002750397,17.524472517224815,17.527242760437396
932,1450.6467025732782,0.05566240847110748,17.527242760437396,17.53002301015225
933,1450.6546324265535,0.05561297386884689,17.53002301015225,17.53280079577383
934,1450.6827658969728,0.05554494261741638,17.53280079577383,17.535575190263657
935,1450.6570680763211,0.05546166002750397,17.5244725007293,17.52724274394188
936,1450.6467027140272,0.05566240847110748,17.52724274394188,17.530022993656733
937,1450.654632607609,0.05561297386884689,17.530022993656733,17.532800779278315
938,1450.6827661003715,0.05554494261741638,17.532800779278315,17.53557517376814
939,1450.657068141635,0.05546166002750397,17.52447252882759,17.52724277204017
940,1450.6467026969292,0.05566240847110748,17.52724277204017,17.530023021755024
941,1450.6546325510083,0.05561297386884689,17.530023021755024,17.532800807376606
942,1450.6827660369486,0.05554494261741638,17.532800807376606,17.535575201866433
943,1450.6570681968817,0.05546166002750397,17.524472526340485,17.527242769553066
944,1450.646702843513,0.05566240847110748,17.527242769553066,17.53002301926792
945,1450.6546327670442,0.05561297386884689,17.53002301926792,17.5328008048895
946,1450.682766304975,0.05554494261741638,17.5328008048895,17.535575199379327
947,1450.657068369158,0.05546166002750397,17.52447252690868,17.527242770121262
948,1450.6467029246237,0.05566240847110748,17.527242770121262,17.530023019836115
949,1450.6546327618714,0.05561297386884689,17.530023019836115,17.532800805457697
950,1450.6827662185449,0.05554494261741638,17.532800805457697,17.535575199947523
951,1450.6570684645176,0.05546166002750397,17.52447251892119,17.52724276213377
952,1450.6467031736172,0.05566240847110748,17.52724276213377,17.530023011848623
953,1450.654633141008,0.05561297386884689,17.530023011848623,17.532800797470205
954,1450.6827667081966,0.05554494261741638,17.532800797470205,17.53557519196003
955,1450.6570688767881,0.05546166002750397,17.52447252347442,17.527242766687
956,1450.6467035249057,0.05566240847110748,17.527242766687,17.530023016401852
957,1450.654633444543,0.05561297386884689,17.530023016401852,17.532800802023434
958,1450.6827669746244,0.05554494261741638,17.532800802023434,17.53557519651326
959,1450.6570691268532,0.05546166002750397,17.52447252078139,17.52724276399397
960,1450.6467037557454,0.05566240847110748,17.52724276399397,17.530023013708824
961,1450.6546336543267,0.05561297386884689,17.530023013708824,17.532800799330406
962,1450.6827671623228,0.05554494261741638,17.532800799330406,17.535575193820232
963,1450.6570692298444,0.05546166002750397,17.524472504301357,17.527242747513938
964,1450.6467037632206,0.05566240847110748,17.527242747513938,17.53002299722879
965,1450.6546335597416,0.05561297386884689,17.53002299722879,17.532800782850373
966,1450.682766962426,0.05554494261741638,17.532800782850373,17.5355751773402
967,1450.6570690099911,0.05546166002750397,17.524472501867717,17.527242745080297
968,1450.646703533592,0.05566240847110748,17.527242745080297,17.53002299479515
969,1450.654633328104,0.05561297386884689,17.53002299479515,17.532800780416732
970,1450.6827667346158,0.05554494261741638,17.532800780416732,17.53557517490656
971,1450.6570687522549,0.05546166002750397,17.524472505515526,17.527242748728106
972,1450.6467032596288,0.05566240847110748,17.527242748728106,17.53002299844296
973,1450.6546330484084,0.05561297386884689,17.53002299844296,17.53280078406454
974,1450.6827664571194,0.05554494261741638,17.53280078406454,17.535575178554367
975,1450.6570684195929,0.05546166002750397,17.52447253184395,17.527242775056532
976,1450.6467029086864,0.05566240847110748,17.527242775056532,17.530023024771385
977,1450.654632707029,0.05561297386884689,17.530023024771385,17.532800810392967
978,1450.6827661456355,0.055544935166835785,17.532800810392967,17.535575204510263
979,1450.6570682243596,0.05546166002750397,17.52447254363982,17.5272427868524
980,1450.6467028166066,0.05566240847110748,17.5272427868524,17.530023036567254
981,1450.6546327066605,0.05561297386884689,17.530023036567254,17.532800822188836
982,1450.6827662272624,0.05554494261741638,17.532800822188836,17.535575216678662
983,1450.657068393029,0.05546166002750397,17.524472528231332,17.527242771443913
984,1450.6467030308886,0.05566240847110748,17.527242771443913,17.530023021158765
985,1450.654632934872,0.05561297386884689,17.530023021158765,17.532800806780347
986,1450.6827664455138,0.05554494261741638,17.532800806780347,17.535575201270174
987,1450.6570687109229,0.05546166002750397,17.524472503728663,17.527242746941244
988,1450.6467034134969,0.05566240847110748,17.527242746941244,17.530022996656097
989,1450.6546333550718,0.05561297386884689,17.530022996656097,17.53280078227768
990,1450.6827668802364,0.05554494261741638,17.53280078227768,17.535575176767505
991,1450.6570690768021,0.05546166002750397,17.524472499207945,17.527242742420526
992,1450.6467037286452,0.05566240847110748,17.527242742420526,17.53002299213538
993,1450.6546336338395,0.05561297386884689,17.53002299213538,17.53280077775696
994,1450.682767136146,0.05554494261741638,17.53280077775696,17.535575172246787
995,1450.65706916423,0.05546166002750397,17.52447250636252,17.5272427495751
996,1450.6467036819038,0.05566240847110748,17.5272427495751,17.530022999289955
997,1450.6546334807108,0.05561297386884689,17.530022999289955,17.532800784911537
998,1450.6827668990866,0.05554494261741638,17.532800784911537,17.535575179401363
999,1450.6570688244278,0.05546166002750397,17.524472534283877,17.527242777496458
1000,1450.6467032819469,0.05566240847110748,17.527242777496458,17.53002302721131
1001,1450.6546330533724,0.05561297386884689,17.53002302721131,17.532800812832892
1002,1450.6827664692782,0.05554494261741638,17.532800812832892,17.53557520732272
1003,1450.657068509467,0.05546166002750397,17.524472537786483,17.527242780999064
1004,1450.6467030576848,0.05566240847110748,17.527242780999064,17.530023030713917
1005,1450.6546329003097,0.05561297386884689,17.530023030713917,17.5328008163355
1006,1450.6827663717038,0.05554494261741638,17.5328008163355,17.535575210825325
1007,1450.6570685084662,0.05546166002750397,17.524472522263924,17.527242765476505
1008,1450.646703115731,0.05566240847110748,17.527242765476505,17.530023015191357
1009,1450.654632988423,0.05561297386884689,17.530023015191357,17.53280080081294
1010,1450.6827664677555,0.05554494261741638,17.53280080081294,17.535575195302766
1011,1450.6570687228882,0.05546166002750397,17.524472511211886,17.527242754424467
1012,1450.6467034302116,0.05566240847110748,17.527242754424467,17.53002300413932
1013,1450.654633387686,0.05561297386884689,17.53002300413932,17.532800789760902
1014,1450.6827669390389,0.05554494261741638,17.532800789760902,17.535575184250728
1015,1450.6570691154036,0.05546166002750397,17.52447250627514,17.52724274948772
1016,1450.6467037547334,0.05566240847110748,17.52724274948772,17.530022999202572
1017,1450.654633653356,0.05561297386884689,17.530022999202572,17.532800784824154
1018,1450.682767153632,0.05554494261741638,17.532800784824154,17.53557517931398
1019,1450.6570691756583,0.05546166002750397,17.524472505200958,17.52724274841354
1020,1450.6467036806905,0.05566240847110748,17.52724274841354,17.53002299812839
1021,1450.6546334621382,0.05561297386884689,17.53002299812839,17.532800783749973
1022,1450.6827668599067,0.05554494261741638,17.532800783749973,17.5355751782398
1023,1450.6570688334168,0.05546166002750397,17.52447252211421,17.52724276532679
1024,1450.6467033184974,0.05566240847110748,17.52724276532679,17.530023015041643
1025,1450.65463310165,0.05561297386884689,17.530023015041643,17.532800800663225
1026,1450.6827665172696,0.05554494261741638,17.532800800663225,17.53557519515305
1027,1450.6570685407487,0.05546166002750397,17.524472519579543,17.527242762792124
1028,1450.646703059181,0.05566240847110748,17.527242762792124,17.530023012506977
1029,1450.6546328627337,0.05561297386884689,17.530023012506977,17.53280079812856
1030,1450.6827662884434,0.055544935166835785,17.53280079812856,17.535575192245854
1031,1450.6570683421917,0.05546166002750397,17.524472523089493,17.527242766302074
1032,1450.6467028899651,0.05566240847110748,17.527242766302074,17.530023016016926
1033,1450.654632721695,0.05561297386884689,17.530023016016926,17.53280080163851
1034,1450.6827661745656,0.05554494261741638,17.53280080163851,17.535575196128335
1035,1450.657068356246,0.05546166002750397,17.524472520739973,17.527242763952554
1036,1450.6467030143058,0.05566240847110748,17.527242763952554,17.530023013667407
1037,1450.6546329413748,0.05561297386884689,17.530023013667407,17.53280079928899
1038,1450.6827664768937,0.05554494261741638,17.53280079928899,17.535575193778815
1039,1450.6570686101495,0.05546166002750397,17.52447251271377,17.527242755926352
1040,1450.6467032145188,0.05566240847110748,17.527242755926352,17.530023005641205
1041,1450.6546330848237,0.05561297386884689,17.530023005641205,17.532800791262787
1042,1450.6827665599792,0.05554494261741638,17.532800791262787,17.535575185752613
1043,1450.6570686665743,0.05546166002750397,17.524472499190384,17.527242742402965
1044,1450.646703235784,0.05566240847110748,17.527242742402965,17.530022992117818
1045,1450.654633065146,0.05561297386884689,17.530022992117818,17.5328007777394
1046,1450.6827664979128,0.05554494261741638,17.5328007777394,17.535575172229226
1047,1450.6570685544018,0.05546166002750397,17.524472523965603,17.527242767178183
1048,1450.6467031186053,0.05566240847110748,17.527242767178183,17.530023016893036
1049,1450.6546329767343,0.05561297386884689,17.530023016893036,17.53280080251462
1050,1450.6827664630327,0.05554494261741638,17.53280080251462,17.535575197004444
1051,1450.6570685343743,0.05546166002750397,17.524472521294864,17.527242764507445
1052,1450.6467030978424,0.05566240847110748,17.527242764507445,17.530023014222298
1053,1450.6546329435992,0.05561297386884689,17.530023014222298,17.53280079984388
1054,1450.6827664090279,0.05554494261741638,17.53280079984388,17.535575194333706
1055,1450.6570684303524,0.05546166002750397,17.52447253021479,17.52724277342737
1056,1450.646702955597,0.05566240847110748,17.52724277342737,17.530023023142224
1057,1450.6546327725491,0.05561297386884689,17.530023023142224,17.532800808763806
1058,1450.6827662166666,0.05554494261741638,17.532800808763806,17.535575203253632
1059,1450.6570684288276,0.05546166002750397,17.52447251312847,17.52724275634105
1060,1450.646703100293,0.05566240847110748,17.52724275634105,17.530023006055902
1061,1450.6546330277968,0.05561297386884689,17.530023006055902,17.532800791677484
1062,1450.6827665540548,0.05554494261741638,17.532800791677484,17.53557518616731
1063,1450.6570686790578,0.05546166002750397,17.52447251593236,17.52724275914494
1064,1450.6467032822968,0.05566240847110748,17.52724275914494,17.530023008859793
1065,1450.654633156811,0.05561297386884689,17.530023008859793,17.532800794481375
1066,1450.6827666423114,0.05554494261741638,17.532800794481375,17.5355751889712
1067,1450.6570687940455,0.05546166002750397,17.5244725051404,17.52724274835298
1068,1450.6467034105108,0.05566240847110748,17.52724274835298,17.53002299806783
1069,1450.6546332879539,0.05561297386884689,17.53002299806783,17.532800783689414
1070,1450.682766768647,0.05554494261741638,17.532800783689414,17.53557517817924
1071,1450.6570687703627,0.05546166002750397,17.524472512635366,17.527242755847947
1072,1450.6467032668938,0.05566240847110748,17.527242755847947,17.5300230055628
1073,1450.6546330487972,0.05561297386884689,17.5300230055628,17.532800791184382
1074,1450.6827664537022,0.05554494261741638,17.532800791184382,17.535575185674208
1075,1450.6570685261877,0.05546166002750397,17.524472535140372,17.527242778352953
1076,1450.6467031126033,0.05566240847110748,17.527242778352953,17.530023028067806
1077,1450.6546329972286,0.05561297386884689,17.530023028067806,17.532800813689388
1078,1450.6827665127958,0.05554494261741638,17.532800813689388,17.535575208179214
1079,1450.6570685854158,0.05546166002750397,17.52447251649478,17.52724275970736
1080,1450.6467031345048,0.05566240847110748,17.52724275970736,17.530023009422212
1081,1450.6546329544124,0.05561297386884689,17.530023009422212,17.532800795043794
1082,1450.682766385836,0.05554494261741638,17.532800795043794,17.53557518953362
1083,1450.6570684844107,0.05546166002750397,17.524472515569368,17.52724275878195
1084,1450.6467030612819,0.05566240847110748,17.52724275878195,17.5300230084968
1085,1450.6546329098942,0.05561297386884689,17.5300230084968,17.532800794118383
1086,1450.682766370254,0.05554494261741638,17.532800794118383,17.53557518860821
1087,1450.6570685816516,0.05546166002750397,17.524472508531073,17.527242751743653
1088,1450.6467032558937,0.05566240847110748,17.527242751743653,17.530023001458506
1089,1450.6546331887785,0.05561297386884689,17.530023001458506,17.532800787080088
1090,1450.682766722281,0.05554494261741638,17.532800787080088,17.535575181569914
1091,1450.6570687659498,0.05546166002750397,17.52447251751207,17.52724276072465
1092,1450.646703304016,0.05566240847110748,17.52724276072465,17.530023010439503
1093,1450.654633126476,0.05561297386884689,17.530023010439503,17.532800796061085
1094,1450.682766570556,0.05554494261741638,17.532800796061085,17.53557519055091
1095,1450.6570686259802,0.05546166002750397,17.52447250066187,17.52724274387445
1096,1450.6467031515413,0.05566240847110748,17.52724274387445,17.530022993589302
1097,1450.654632943573,0.05561297386884689,17.530022993589302,17.532800779210884
1098,1450.6827663440195,0.055544935166835785,17.532800779210884,17.53557517332818
1099,1450.6570683448008,0.05546166002750397,17.524472525560718,17.5272427687733
1100,1450.6467028598277,0.05566240847110748,17.5272427687733,17.53002301848815
1101,1450.6546326744444,0.05561297386884689,17.53002301848815,17.532800804109733
1102,1450.6827661221569,0.05554494261741638,17.532800804109733,17.53557519859956
1103,1450.657068257934,0.05546166002750397,17.524472520024904,17.527242763237485
1104,1450.6467028773995,0.05566240847110748,17.527242763237485,17.530023012952338
1105,1450.654632771953,0.05561297386884689,17.530023012952338,17.53280079857392
1106,1450.6827662800183,0.05554494261741638,17.53280079857392,17.535575193063746
1107,1450.6570683222433,0.05546166002750397,17.524472532980113,17.527242776192693
1108,1450.646702870106,0.05566240847110748,17.527242776192693,17.530023025907546
1109,1450.6546327105973,0.05561297386884689,17.530023025907546,17.53280081152913
1110,1450.6827661763502,0.05554494261741638,17.53280081152913,17.535575206018954
1111,1450.6570684108865,0.05546166002750397,17.524472513152453,17.527242756365034
1112,1450.6467031010925,0.05566240847110748,17.527242756365034,17.530023006079887
1113,1450.6546330443211,0.05561297386884689,17.530023006079887,17.53280079170147
1114,1450.6827665837993,0.05554494261741638,17.53280079170147,17.535575186191295
1115,1450.657068687538,0.05546166002750397,17.524472497291367,17.527242740503947
1116,1450.6467032484613,0.05566240847110748,17.527242740503947,17.5300229902188
1117,1450.6546330656129,0.05561297386884689,17.5300229902188,17.532800775840382
1118,1450.6827664834323,0.05554494261741638,17.532800775840382,17.53557517033021
1119,1450.6570685980662,0.05546166002750397,17.52447250256489,17.52724274577747
1120,1450.6467031894654,0.05566240847110748,17.52724274577747,17.530022995492324
1121,1450.6546330512374,0.05561297386884689,17.530022995492324,17.532800781113906
1122,1450.6827665235317,0.05554494261741638,17.532800781113906,17.535575175603732
1123,1450.6570684978415,0.05546166002750397,17.524472499996605,17.527242743209186
1124,1450.6467029613832,0.05566240847110748,17.527242743209186,17.53002299292404
1125,1450.6546327066571,0.05561297386884689,17.53002299292404,17.53280077854562
1126,1450.682766072497,0.055544935166835785,17.53280077854562,17.535575172662917
1127,1450.6570679898762,0.05546166002750397,17.52447251760956,17.52724276082214
1128,1450.64670242563,0.05566240847110748,17.52724276082214,17.530023010536993
1129,1450.6546321653295,0.05561297386884689,17.530023010536993,17.532800796158575
1130,1450.682765542579,0.05554494261741638,17.532800796158575,17.5355751906484
1131,1450.6570675945736,0.05546166002750397,17.524472517241307,17.527242760453888
1132,1450.6467021423732,0.05566240847110748,17.527242760453888,17.53002301016874
1133,1450.6546319754602,0.05561297386884689,17.53002301016874,17.532800795790322
1134,1450.6827654306624,0.05554494261741638,17.532800795790322,17.53557519028015
1135,1450.6570675043804,0.05546166002750397,17.52447252071646,17.527242763929042
1136,1450.6467020717573,0.05566240847110748,17.527242763929042,17.530023013643895
1137,1450.6546319225029,0.05561297386884689,17.530023013643895,17.532800799265477
1138,1450.6827653914315,0.05554494261741638,17.532800799265477,17.535575193755303
1139,1450.6570676022402,0.05546166002750397,17.52447252728584,17.52724277049842
1140,1450.6467022980817,0.05566240847110748,17.52724277049842,17.530023020213275
1141,1450.6546322687907,0.05561297386884689,17.530023020213275,17.532800805834857
1142,1450.6827658516254,0.05554494261741638,17.532800805834857,17.535575200324683
1143,1450.6570680467646,0.05546166002750397,17.524472518892157,17.527242762104738
1144,1450.6467027121564,0.05566240847110748,17.527242762104738,17.53002301181959
1145,1450.6546326418616,0.05561297386884689,17.53002301181959,17.532800797441173
1146,1450.6827661764655,0.05554494261741638,17.532800797441173,17.535575191931
1147,1450.6570683508478,0.05546166002750397,17.524472521748503,17.527242764961084
1148,1450.6467030033966,0.05566240847110748,17.527242764961084,17.530023014675937
1149,1450.6546329263779,0.05561297386884689,17.530023014675937,17.53280080029752
1150,1450.6827664589373,0.05554494261741638,17.53280080029752,17.535575194787345
1151,1450.6570686292007,0.05546166002750397,17.52447249546945,17.52724273868203
1152,1450.646703246082,0.05566240847110748,17.52724273868203,17.530022988396883
1153,1450.654633110402,0.05561297386884689,17.530022988396883,17.532800774018465
1154,1450.682766568069,0.05554494261741638,17.532800774018465,17.53557516850829
1155,1450.6570685812403,0.05546166002750397,17.524472490647234,17.527242733859815
1156,1450.6467030661074,0.05566240847110748,17.527242733859815,17.530022983574668
1157,1450.6546328192653,0.05561297386884689,17.530022983574668,17.53280076919625
1158,1450.6827661828245,0.055544935166835785,17.53280076919625,17.535575163313545
1159,1450.6570682188487,0.05546166002750397,17.524472529201606,17.527242772414187
1160,1450.6467027812216,0.05566240847110748,17.527242772414187,17.53002302212904
1161,1450.6546326514722,0.05561297386884689,17.53002302212904,17.532800807750622
1162,1450.6827661601212,0.05554494261741638,17.532800807750622,17.535575202240448
1163,1450.6570681555013,0.05546166002750397,17.52447253002517,17.527242773237752
1164,1450.6467026615355,0.05566240847110748,17.527242773237752,17.530023022952605
1165,1450.654632464616,0.05561297386884689,17.530023022952605,17.532800808574187
1166,1450.6827658990726,0.05554494261741638,17.532800808574187,17.535575203064013
1167,1450.657067923151,0.05546166002750397,17.52447250587448,17.527242749087062
1168,1450.6467024168867,0.05566240847110748,17.527242749087062,17.530022998801915
1169,1450.6546321772373,0.05561297386884689,17.530022998801915,17.532800784423497
1170,1450.682765544704,0.05554494261741638,17.532800784423497,17.535575178913323
1171,1450.6570677584602,0.05546166002750397,17.52447249617712,17.5272427393897
1172,1450.6467024247784,0.05566240847110748,17.5272427393897,17.530022989104552
1173,1450.6546323421853,0.05561297386884689,17.530022989104552,17.532800774726134
1174,1450.682765854817,0.05554494261741638,17.532800774726134,17.53557516921596
1175,1450.6570680075786,0.05546166002750397,17.524472526950237,17.527242770162818
1176,1450.6467026663834,0.05566240847110748,17.527242770162818,17.53002301987767
1177,1450.6546326163514,0.05561297386884689,17.53002301987767,17.532800805499253
1178,1450.6827661909551,0.05554494261741638,17.532800805499253,17.53557519998908
1179,1450.6570682442468,0.05546166002750397,17.524472516425035,17.527242759637616
1180,1450.6467027850533,0.05566240847110748,17.527242759637616,17.53002300935247
1181,1450.654632605065,0.05561297386884689,17.53002300935247,17.53280079497405
1182,1450.6827660428576,0.05554494261741638,17.53280079497405,17.535575189463877
1183,1450.6570680651046,0.05546166002750397,17.524472533589652,17.527242776802233
1184,1450.646702598183,0.05566240847110748,17.527242776802233,17.530023026517085
1185,1450.6546324280068,0.05561297386884689,17.530023026517085,17.532800812138667
1186,1450.6827658885522,0.05554494261741638,17.532800812138667,17.535575206628494
1187,1450.6570681527214,0.05546166002750397,17.524472513509743,17.527242756722323
1188,1450.6467028711647,0.05566240847110748,17.527242756722323,17.530023006437176
1189,1450.654632841136,0.05561297386884689,17.530023006437176,17.532800792058758
1190,1450.6827664058117,0.05554494261741638,17.532800792058758,17.535575186548584
1191,1450.657068519242,0.05546166002750397,17.524472516718212,17.527242759930793
1192,1450.6467031122413,0.05566240847110748,17.527242759930793,17.530023009645646
1193,1450.6546329776747,0.05561297386884689,17.530023009645646,17.532800795267228
1194,1450.6827664551042,0.05554494261741638,17.532800795267228,17.535575189757054
1195,1450.6570686541165,0.05546166002750397,17.524472512559882,17.527242755772463
1196,1450.6467033216766,0.05566240847110748,17.527242755772463,17.530023005487315
1197,1450.6546332522466,0.05561297386884689,17.530023005487315,17.532800791108897
1198,1450.6827667867328,0.05554494261741638,17.532800791108897,17.535575185598724
1199,1450.6570688204647,0.05546166002750397,17.524472515656296,17.527242758868876
1200,1450.6467033445606,0.05566240847110748,17.527242758868876,17.53002300858373
1201,1450.65463315026,0.05561297386884689,17.53002300858373,17.53280079420531
1202,1450.682766575763,0.05554494261741638,17.53280079420531,17.535575188695137
1203,1450.657068673643,0.05546166002750397,17.524472544369928,17.52724278758251
1204,1450.6467032898543,0.05566240847110748,17.52724278758251,17.53002303729736
1205,1450.6546332070843,0.05561297386884689,17.53002303729736,17.532800822918944
1206,1450.6827667568298,0.05554494261741638,17.532800822918944,17.53557521740877
1207,1450.6570688866236,0.05546166002750397,17.524472505010284,17.527242748222864
1208,1450.6467034661687,0.05566240847110748,17.527242748222864,17.530022997937717
1209,1450.654633296085,0.05561297386884689,17.530022997937717,17.5328007835593
1210,1450.6827667220846,0.05554494261741638,17.5328007835593,17.535575178049125
1211,1450.6570687863966,0.05546166002750397,17.524472514719303,17.527242757931884
1212,1450.646703334925,0.05566240847110748,17.527242757931884,17.530023007646736
1213,1450.6546331600728,0.05561297386884689,17.530023007646736,17.53280079326832
1214,1450.6827666009895,0.05554494261741638,17.53280079326832,17.535575187758145
1215,1450.6570688403474,0.05546166002750397,17.524472516406277,17.527242759618858
1216,1450.646703551734,0.05566240847110748,17.527242759618858,17.53002300933371
1217,1450.654633528031,0.05561297386884689,17.53002300933371,17.532800794955293
1218,1450.6827671086262,0.055544935166835785,17.532800794955293,17.53557518907259
1219,1450.6570690569072,0.05546166002750397,17.524472499302753,17.527242742515334
1220,1450.6467034824152,0.05566240847110748,17.527242742515334,17.530022992230187
1221,1450.654633181292,0.05561297386884689,17.530022992230187,17.53280077785177
1222,1450.682766495534,0.05554494261741638,17.53280077785177,17.535575172341595
1223,1450.657068491721,0.05546166002750397,17.52447249459266,17.527242737805242
1224,1450.6467029661508,0.05566240847110748,17.527242737805242,17.530022987520095
1225,1450.6546327139288,0.05561297386884689,17.530022987520095,17.532800773141677
1226,1450.6827660759707,0.055544935166835785,17.532800773141677,17.535575167258973
1227,1450.6570680931536,0.05546166002750397,17.524472517013507,17.527242760226088
1228,1450.6467026214498,0.05566240847110748,17.527242760226088,17.53002300994094
1229,1450.6546324467874,0.05561297386884689,17.53002300994094,17.532800795562522
1230,1450.682765900935,0.05554494261741638,17.532800795562522,17.53557519005235
1231,1450.6570678870737,0.05546166002750397,17.524472509328962,17.527242752541543
1232,1450.6467023669165,0.05566240847110748,17.527242752541543,17.530023002256396
1233,1450.6546321315668,0.05561297386884689,17.530023002256396,17.532800787877978
1234,1450.6827655190714,0.05554494261741638,17.532800787877978,17.535575182367804
1235,1450.657067525805,0.05546166002750397,17.52447252714163,17.52724277035421
1236,1450.6467020456143,0.05566240847110748,17.52724277035421,17.530023020069063
1237,1450.6546318640603,0.05561297386884689,17.530023020069063,17.532800805690645
1238,1450.6827653126113,0.05554494261741638,17.532800805690645,17.53557520018047
1239,1450.657067521946,0.05546166002750397,17.524472510747582,17.527242753960163
1240,1450.6467021952121,0.05566240847110748,17.527242753960163,17.530023003675016
1241,1450.654632127945,0.05561297386884689,17.530023003675016,17.532800789296598
1242,1450.6827656619096,0.05554494261741638,17.532800789296598,17.535575183786424
1243,1450.6570677741477,0.05546166002750397,17.52447252277263,17.52724276598521
1244,1450.6467023787066,0.05566240847110748,17.52724276598521,17.530023015700063
1245,1450.6546322650402,0.05561297386884689,17.530023015700063,17.532800801321645
1246,1450.6827657700112,0.05554494261741638,17.532800801321645,17.53557519581147
1247,1450.6570680001726,0.05546166002750397,17.524472512819624,17.527242756032205
1248,1450.6467026949347,0.05566240847110748,17.527242756032205,17.530023005747058
1249,1450.6546326493205,0.05561297386884689,17.530023005747058,17.53280079136864
1250,1450.68276620471,0.05554494261741638,17.53280079136864,17.535575185858466
1251,1450.657068276459,0.05546166002750397,17.524472513144694,17.527242756357275
1252,1450.6467028313593,0.05566240847110748,17.527242756357275,17.530023006072128
1253,1450.6546326619807,0.05561297386884689,17.530023006072128,17.53280079169371
1254,1450.682766107612,0.05554494261741638,17.53280079169371,17.535575186183536
1255,1450.6570682532695,0.05546166002750397,17.524472516546744,17.527242759759325
1256,1450.6467028811617,0.05566240847110748,17.527242759759325,17.530023009474178
1257,1450.6546327829228,0.05561297386884689,17.530023009474178,17.53280079509576
1258,1450.6827662971718,0.05554494261741638,17.53280079509576,17.535575189585586
1259,1450.657068378093,0.05546166002750397,17.524472520255078,17.527242763467658
1260,1450.646702949944,0.05566240847110748,17.527242763467658,17.53002301318251
1261,1450.6546328030552,0.05561297386884689,17.53002301318251,17.532800798804093
1262,1450.6827662749527,0.05554494261741638,17.532800798804093,17.53557519329392
1263,1450.657068379569,0.05546166002750397,17.524472523446207,17.527242766658787
1264,1450.6467029737146,0.05566240847110748,17.527242766658787,17.53002301637364
1265,1450.6546328477161,0.05561297386884689,17.53002301637364,17.532800801995222
1266,1450.682766339119,0.05554494261741638,17.532800801995222,17.53557519648505
1267,1450.657068459233,0.05546166002750397,17.524472501202133,17.527242744414714
1268,1450.6467030375609,0.05566240847110748,17.527242744414714,17.530022994129567
1269,1450.6546328726056,0.05561297386884689,17.530022994129567,17.53280077975115
1270,1450.6827663083948,0.05554494261741638,17.53280077975115,17.535575174240975
1271,1450.6570684020876,0.05546166002750397,17.524472526238316,17.527242769450897
1272,1450.6467029990472,0.05566240847110748,17.527242769450897,17.53002301916575
1273,1450.6546328860836,0.05561297386884689,17.53002301916575,17.532800804787332
1274,1450.6827663979502,0.05554494261741638,17.532800804787332,17.535575199277158
1275,1450.6570685410752,0.05546166002750397,17.52447250226156,17.52724274547414
1276,1450.6467031440754,0.05566240847110748,17.52724274547414,17.530022995188993
1277,1450.65463300464,0.05561297386884689,17.530022995188993,17.532800780810575
1278,1450.682766466174,0.05554494261741638,17.532800780810575,17.5355751753004
1279,1450.6570684124954,0.05546166002750397,17.52447250467838,17.52724274789096
1280,1450.6467028499835,0.05566240847110748,17.52724274789096,17.530022997605812
1281,1450.6546325710626,0.05561297386884689,17.530022997605812,17.532800783227394
1282,1450.6827659147868,0.05554494261741638,17.532800783227394,17.53557517771722
1283,1450.657068055431,0.05546166002750397,17.524472522923585,17.527242766136165
1284,1450.6467026949822,0.05566240847110748,17.527242766136165,17.530023015851018
1285,1450.6546326206728,0.05561297386884689,17.530023015851018,17.5328008014726
1286,1450.6827661676348,0.05554494261741638,17.5328008014726,17.535575195962426
1287,1450.6570682026988,0.05546166002750397,17.5244725250922,17.52724276830478
1288,1450.6467027382855,0.05566240847110748,17.52724276830478,17.530023018019634
1289,1450.6546325628776,0.05561297386884689,17.530023018019634,17.532800803641216
1290,1450.6827660124961,0.05554494261741638,17.532800803641216,17.535575198131042
1291,1450.6570681106584,0.05546166002750397,17.524472526304326,17.527242769516906
1292,1450.6467026990638,0.05566240847110748,17.527242769516906,17.53002301923176
1293,1450.6546325679476,0.05561297386884689,17.53002301923176,17.53280080485334
1294,1450.6827660547776,0.05554494261741638,17.53280080485334,17.535575199343167
1295,1450.6570682814051,0.05546166002750397,17.524472531243745,17.527242774456326
1296,1450.6467029891587,0.05566240847110748,17.527242774456326,17.53002302417118
1297,1450.6546329686698,0.05561297386884689,17.53002302417118,17.53280080979276
1298,1450.6827665578412,0.05554494261741638,17.53280080979276,17.535575204282587
1299,1450.6570687628498,0.05546166002750397,17.52447251119698,17.52724275440956
1300,1450.6467034222412,0.05566240847110748,17.52724275440956,17.530023004124413
1301,1450.654633334187,0.05561297386884689,17.530023004124413,17.532800789745995
1302,1450.6827668425344,0.05554494261741638,17.532800789745995,17.53557518423582
1303,1450.6570689732962,0.05546166002750397,17.52447251650989,17.52724275972247
1304,1450.646703582251,0.05566240847110748,17.52724275972247,17.530023009437322
1305,1450.654633462358,0.05561297386884689,17.530023009437322,17.532800795058904
1306,1450.6827669532706,0.05554494261741638,17.532800795058904,17.53557518954873
1307,1450.6570690816893,0.05546166002750397,17.52447249983217,17.527242743044752
1308,1450.6467036701274,0.05566240847110748,17.527242743044752,17.530022992759605
1309,1450.6546335164726,0.05561297386884689,17.530022992759605,17.532800778381187
1310,1450.6827669642737,0.05554494261741638,17.532800778381187,17.535575172871013
1311,1450.6570689113123,0.05546166002750397,17.52447250323161,17.52724274644419
1312,1450.6467033500937,0.05566240847110748,17.52724274644419,17.530022996159044
1313,1450.6546330728781,0.05561297386884689,17.530022996159044,17.532800781780626
1314,1450.6827664185905,0.05554494261741638,17.532800781780626,17.535575176270452
1315,1450.6570684323633,0.05546166002750397,17.524472507130458,17.52724275034304
1316,1450.6467029395678,0.05566240847110748,17.52724275034304,17.53002300005789
1317,1450.654632730942,0.05561297386884689,17.53002300005789,17.532800785679473
1318,1450.6827661439636,0.055544935166835785,17.532800785679473,17.53557517979677
1319,1450.6570680897134,0.05546166002750397,17.52447250773049,17.52724275094307
1320,1450.646702534564,0.05566240847110748,17.52724275094307,17.530023000657923
1321,1450.6546322688152,0.05561297386884689,17.530023000657923,17.532800786279505
1322,1450.6827656298403,0.05554494261741638,17.532800786279505,17.53557518076933
1323,1450.6570676677254,0.05546166002750397,17.52447253292457,17.52724277613715
1324,1450.6467022255042,0.05566240847110748,17.52724277613715,17.530023025852003
1325,1450.654632086406,0.05561297386884689,17.530023025852003,17.532800811473585
1326,1450.682765582299,0.05554494261741638,17.532800811473585,17.53557520596341
1327,1450.6570677418858,0.05546166002750397,17.524472533685184,17.527242776897765
1328,1450.6467023945822,0.05566240847110748,17.527242776897765,17.530023026612618
1329,1450.6546323288683,0.05561297386884689,17.530023026612618,17.5328008122342
1330,1450.6827658786672,0.05554494261741638,17.5328008122342,17.535575206724026
1331,1450.657068061855,0.05546166002750397,17.52447253529342,17.527242778506
1332,1450.6467027298497,0.05566240847110748,17.527242778506,17.530023028220853
1333,1450.6546326729847,0.05561297386884689,17.530023028220853,17.532800813842435
1334,1450.6827662288856,0.05554494261741638,17.532800813842435,17.53557520833226
1335,1450.6570685411643,0.05546166002750397,17.524472516263515,17.527242759476096
1336,1450.646703299396,0.05566240847110748,17.527242759476096,17.53002300919095
1337,1450.654633302301,0.05561297386884689,17.53002300919095,17.53280079481253
1338,1450.682766893955,0.055544935166835785,17.53280079481253,17.535575188929826
1339,1450.657069070974,0.05546166002750397,17.52447248827441,17.52724273148699
1340,1450.6467036830409,0.05566240847110748,17.52724273148699,17.530022981201842
1341,1450.6546335339808,0.05561297386884689,17.530022981201842,17.532800766823424
1342,1450.6827669720858,0.05554494261741638,17.532800766823424,17.53557516131325
1343,1450.657069049797,0.05546166002750397,17.524472518625714,17.527242761838295
1344,1450.6467036303325,0.05566240847110748,17.527242761838295,17.530023011553148
1345,1450.6546335008823,0.05561297386884689,17.530023011553148,17.53280079717473
1346,1450.6827669964846,0.05554494261741638,17.53280079717473,17.535575191664556
1347,1450.6570690058036,0.05546166002750397,17.52447251176978,17.52724275498236
1348,1450.6467035064366,0.05566240847110748,17.52724275498236,17.530023004697213
1349,1450.6546332897603,0.05561297386884689,17.530023004697213,17.532800790318795
1350,1450.6827666918462,0.05554494261741638,17.532800790318795,17.53557518480862
1351,1450.6570685496422,0.05546166002750397,17.52447249813685,17.52724274134943
1352,1450.6467028962284,0.05566240847110748,17.52724274134943,17.530022991064282
1353,1450.6546325260842,0.05561297386884689,17.530022991064282,17.532800776685864
1354,1450.6827657798058,0.05554494261741638,17.532800776685864,17.53557517117569
1355,1450.6570678673104,0.05546166002750397,17.52447251993001,17.527242763142592
1356,1450.646702458034,0.05566240847110748,17.527242763142592,17.530023012857445
1357,1450.6546323389005,0.05561297386884689,17.530023012857445,17.532800798479027
1358,1450.6827658447469,0.05554494261741638,17.532800798479027,17.535575192968853
1359,1450.6570679448103,0.05546166002750397,17.5244725232256,17.52724276643818
1360,1450.6467025407546,0.05566240847110748,17.52724276643818,17.530023016153034
1361,1450.6546324212723,0.05561297386884689,17.530023016153034,17.532800801774616
1362,1450.6827659226117,0.05554494261741638,17.532800801774616,17.535575196264443
1363,1450.657067978673,0.05546166002750397,17.524472531161237,17.527242774373818
1364,1450.6467025372447,0.05566240847110748,17.527242774373818,17.53002302408867
1365,1450.6546323859363,0.05561297386884689,17.53002302408867,17.532800809710253
1366,1450.6827658600985,0.05554494261741638,17.532800809710253,17.53557520420008
1367,1450.657068099951,0.05546166002750397,17.524472534857573,17.527242778070153
1368,1450.6467028221257,0.05566240847110748,17.527242778070153,17.530023027785006
1369,1450.6546328167194,0.05561297386884689,17.530023027785006,17.53280081340659
1370,1450.6827664212242,0.05554494261741638,17.53280081340659,17.535575207896414
1371,1450.6570686401342,0.05546166002750397,17.524472505008625,17.527242748221205
1372,1450.6467033016033,0.05566240847110748,17.527242748221205,17.530022997936058
1373,1450.6546332067605,0.05561297386884689,17.530022997936058,17.53280078355764
1374,1450.6827667018044,0.05554494261741638,17.53280078355764,17.535575178047466
1375,1450.6570688536387,0.05546166002750397,17.524472509197413,17.527242752409993
1376,1450.6467034756631,0.05566240847110748,17.527242752409993,17.530023002124846
1377,1450.654633362654,0.05561297386884689,17.530023002124846,17.532800787746428
1378,1450.6827668557216,0.05554494261741638,17.532800787746428,17.535575182236254
1379,1450.6570689884134,0.05546166002750397,17.52447250839701,17.52724275160959
1380,1450.646703596858,0.05566240847110748,17.52724275160959,17.530023001324444
1381,1450.6546334746447,0.05561297386884689,17.530023001324444,17.532800786946027
1382,1450.6827669619254,0.05554494261741638,17.532800786946027,17.535575181435853
1383,1450.6570688823672,0.05546166002750397,17.524472495770574,17.527242738983155
1384,1450.6467032851467,0.05566240847110748,17.527242738983155,17.530022988698008
1385,1450.654632965479,0.05561297386884689,17.530022988698008,17.53280077431959
1386,1450.682766264601,0.05554494261741638,17.53280077431959,17.535575168809416
1387,1450.6570682278964,0.05546166002750397,17.52447250591494,17.52724274912752
1388,1450.6467026912235,0.05566240847110748,17.52724274912752,17.530022998842373
1389,1450.6546324443534,0.05561297386884689,17.530022998842373,17.532800784463955
1390,1450.6827658242578,0.05554494261741638,17.532800784463955,17.53557517895378
1391,1450.6570678520197,0.05546166002750397,17.52447252656829,17.52724276978087
1392,1450.646702396302,0.05566240847110748,17.52724276978087,17.530023019495722
1393,1450.654632241406,0.05561297386884689,17.530023019495722,17.532800805117304
1394,1450.6827657200372,0.05554494261741638,17.532800805117304,17.53557519960713
1395,1450.6570677556426,0.05546166002750397,17.524472517997005,17.527242761209585
1396,1450.646702282366,0.05566240847110748,17.527242761209585,17.530023010924438
1397,1450.6546320912103,0.05561297386884689,17.530023010924438,17.53280079654602
1398,1450.6827655201903,0.05554494261741638,17.53280079654602,17.535575191035846
1399,1450.6570676544607,0.05546166002750397,17.52447253638355,17.52724277959613
1400,1450.6467022919546,0.05566240847110748,17.52724277959613,17.530023029310982
1401,1450.654632218838,0.05561297386884689,17.530023029310982,17.532800814932564
1402,1450.6827657693939,0.05554494261741638,17.532800814932564,17.53557520942239
1403,1450.657068073877,0.05546166002750397,17.524472537137193,17.527242780349773
1404,1450.646702854899,0.05566240847110748,17.527242780349773,17.530023030064626
1405,1450.6546329030768,0.05561297386884689,17.530023030064626,17.53280081568621
1406,1450.682766556069,0.055544935166835785,17.53280081568621,17.535575209803504
1407,1450.6570687482972,0.05546166002750397,17.524472507083743,17.527242750296324
1408,1450.646703385287,0.05566240847110748,17.527242750296324,17.530023000011177
1409,1450.654633268001,0.05561297386884689,17.530023000011177,17.53280078563276
1410,1450.6827667424802,0.05554494261741638,17.53280078563276,17.535575180122585
1411,1450.6570689376663,0.05546166002750397,17.52447251135696,17.527242754569542
1412,1450.6467035992027,0.05566240847110748,17.527242754569542,17.530023004284395
1413,1450.6546335222042,0.05561297386884689,17.530023004284395,17.532800789905977
1414,1450.6827670480898,0.05554494261741638,17.532800789905977,17.535575184395803
1415,1450.6570691913107,0.05546166002750397,17.524472508265458,17.52724275147804
1416,1450.6467038066319,0.05566240847110748,17.52724275147804,17.53002300119289
1417,1450.6546336884558,0.05561297386884689,17.53002300119289,17.532800786814473
1418,1450.682767175374,0.05554494261741638,17.532800786814473,17.5355751813043
1419,1450.657069105141,0.05546166002750397,17.52447250797139,17.52724275118397
1420,1450.6467035298576,0.05566240847110748,17.52724275118397,17.530023000898822
1421,1450.654633241196,0.05561297386884689,17.530023000898822,17.532800786520404
1422,1450.682766577294,0.055544935166835785,17.532800786520404,17.5355751806377
1423,1450.657068586519,0.05546166002750397,17.524472523537877,17.527242766750458
1424,1450.6467031042962,0.05566240847110748,17.527242766750458,17.53002301646531
1425,1450.6546329173661,0.05561297386884689,17.53002301646531,17.532800802086893
1426,1450.6827663603472,0.05554494261741638,17.532800802086893,17.53557519657672
1427,1450.6570684219723,0.05546166002750397,17.52447252363311,17.527242766845692
1428,1450.6467029783553,0.05566240847110748,17.527242766845692,17.530023016560545
1429,1450.6546328191048,0.05561297386884689,17.530023016560545,17.532800802182127
1430,1450.6827662811572,0.05554494261741638,17.532800802182127,17.535575196671953
1431,1450.6570683698114,0.05546166002750397,17.52447252138875,17.52724276460133
1432,1450.6467029439061,0.05566240847110748,17.52724276460133,17.530023014316182
1433,1450.654632795122,0.05561297386884689,17.530023014316182,17.532800799937764
1434,1450.6827662598466,0.05554494261741638,17.532800799937764,17.53557519442759
1435,1450.6570684469582,0.05546166002750397,17.524472523224414,17.527242766436995
1436,1450.6467031124673,0.05566240847110748,17.527242766436995,17.530023016151848
1437,1450.654633048374,0.05561297386884689,17.530023016151848,17.53280080177343
1438,1450.6827665936262,0.05554494261741638,17.53280080177343,17.535575196263256
1439,1450.6570687506814,0.05546166002750397,17.52447251267565,17.52724275588823
1440,1450.6467033748613,0.05566240847110748,17.52724275588823,17.530023005603084
1441,1450.65463326168,0.05561297386884689,17.530023005603084,17.532800791224666
1442,1450.6827667528362,0.05554494261741638,17.532800791224666,17.535575185714492
1443,1450.6570688505503,0.05546166002750397,17.52447251613888,17.52724275935146
1444,1450.6467034310317,0.05566240847110748,17.52724275935146,17.530023009066312
1445,1450.6546332865385,0.05561297386884689,17.530023009066312,17.532800794687894
1446,1450.6827667561377,0.05554494261741638,17.532800794687894,17.53557518917772
1447,1450.657068860017,0.05546166002750397,17.524472514543497,17.527242757756078
1448,1450.6467034447805,0.05566240847110748,17.527242757756078,17.53002300747093
1449,1450.6546333030951,0.05561297386884689,17.53002300747093,17.532800793092512
1450,1450.6827667743562,0.05554494261741638,17.532800793092512,17.53557518758234
1451,1450.6570687990761,0.05546166002750397,17.52447250525866,17.52724274847124
1452,1450.6467033019815,0.05566240847110748,17.52724274847124,17.530022998186094
1453,1450.6546330777323,0.05561297386884689,17.530022998186094,17.532800783807676
1454,1450.6827664672262,0.05554494261741638,17.532800783807676,17.535575178297503
1455,1450.657068510559,0.05546166002750397,17.524472514427924,17.527242757640504
1456,1450.6467030479594,0.05566240847110748,17.527242757640504,17.530023007355357
1457,1450.654632869519,0.05561297386884689,17.530023007355357,17.53280079297694
1458,1450.6827663125387,0.05554494261741638,17.53280079297694,17.535575187466765
1459,1450.6570683623079,0.05546166002750397,17.524472496957035,17.527242740169616
1460,1450.6467028818158,0.05566240847110748,17.527242740169616,17.53002298988447
1461,1450.654632667595,0.05561297386884689,17.53002298988447,17.53280077550605
1462,1450.682766061741,0.055544935166835785,17.53280077550605,17.535575169623346
1463,1450.6570680389195,0.05546166002750397,17.52447251697896,17.52724276019154
1464,1450.6467025262357,0.05566240847110748,17.52724276019154,17.530023009906394
1465,1450.6546323105183,0.05561297386884689,17.530023009906394,17.532800795527976
1466,1450.6827657264243,0.05554494261741638,17.532800795527976,17.535575190017802
1467,1450.6570678399378,0.05546166002750397,17.524472522389008,17.52724276560159
1468,1450.6467024493327,0.05566240847110748,17.52724276560159,17.53002301531644
1469,1450.6546323430869,0.05561297386884689,17.53002301531644,17.532800800938023
1470,1450.6827658572918,0.05554494261741638,17.532800800938023,17.53557519542785
1471,1450.6570678980243,0.05546166002750397,17.524472524373415,17.527242767585996
1472,1450.6467024360948,0.05566240847110748,17.527242767585996,17.53002301730085
1473,1450.6546322607505,0.05561297386884689,17.53002301730085,17.53280080292243
1474,1450.6827657064089,0.05554494261741638,17.53280080292243,17.535575197412257
1475,1450.6570679105596,0.05546166002750397,17.524472530719997,17.527242773932578
1476,1450.6467026004073,0.05566240847110748,17.527242773932578,17.53002302364743
1477,1450.6546325657139,0.05561297386884689,17.53002302364743,17.532800809269013
1478,1450.6827661436728,0.05554494261741638,17.532800809269013,17.53557520375884
1479,1450.6570683635455,0.05546166002750397,17.524472516007673,17.527242759220254
1480,1450.6467030439842,0.05566240847110748,17.527242759220254,17.530023008935107
1481,1450.6546329812588,0.05561297386884689,17.530023008935107,17.53280079455669
1482,1450.6827665177261,0.05554494261741638,17.53280079455669,17.535575189046515
1483,1450.6570686737514,0.05546166002750397,17.52447251028901,17.52724275350159
1484,1450.646703295993,0.05566240847110748,17.52724275350159,17.530023003216442
1485,1450.6546331802265,0.05561297386884689,17.530023003216442,17.532800788838024
1486,1450.6827666683569,0.05554494261741638,17.532800788838024,17.53557518332785
1487,1450.6570688203774,0.05546166002750397,17.524472521710333,17.527242764922914
1488,1450.6467034593404,0.05566240847110748,17.527242764922914,17.530023014637766
1489,1450.6546333755132,0.05561297386884689,17.530023014637766,17.53280080025935
1490,1450.6827669064387,0.05554494261741638,17.53280080025935,17.535575194749175
1491,1450.6570689702896,0.05546166002750397,17.524472517058438,17.52724276027102
1492,1450.6467035190321,0.05566240847110748,17.52724276027102,17.53002300998587
1493,1450.6546333448946,0.05561297386884689,17.53002300998587,17.532800795607454
1494,1450.6827667868877,0.05554494261741638,17.532800795607454,17.53557519009728
1495,1450.6570688193024,0.05546166002750397,17.524472514339372,17.527242757551953
1496,1450.6467033372282,0.05566240847110748,17.527242757551953,17.530023007266806
1497,1450.6546331332302,0.05561297386884689,17.530023007266806,17.532800792888388
1498,1450.682766546555,0.05554494261741638,17.532800792888388,17.535575187378214
1499,1450.6570686581379,0.05546166002750397,17.524472517226023,17.527242760438604
1500,1450.6467032538606,0.05566240847110748,17.527242760438604,17.530023010153457
1501,1450.6546331253905,0.05561297386884689,17.530023010153457,17.53280079577504
1502,1450.6827666113402,0.05554494261741638,17.53280079577504,17.535575190264865
1503,1450.6570686727207,0.05546166002750397,17.52447249101222,17.5272427342248
1504,1450.6467031906661,0.05566240847110748,17.5272427342248,17.530022983939652
1505,1450.6546329650662,0.05561297386884689,17.530022983939652,17.532800769561234
1506,1450.6827663406827,0.055544935166835785,17.532800769561234,17.53557516367853
1507,1450.6570683282393,0.05546166002750397,17.52447250488576,17.52724274809834
1508,1450.6467028122036,0.05566240847110748,17.52724274809834,17.530022997813195
1509,1450.6546325829336,0.05561297386884689,17.530022997813195,17.532800783434777
1510,1450.6827659775818,0.055544935166835785,17.532800783434777,17.535575177552072
1511,1450.6570680373668,0.05546166002750397,17.524472522652648,17.52724276586523
1512,1450.6467026068033,0.05566240847110748,17.52724276586523,17.53002301558008
1513,1450.6546324715287,0.05561297386884689,17.53002301558008,17.532800801201663
1514,1450.6827659653366,0.05554494261741638,17.532800801201663,17.53557519569149
1515,1450.6570679267702,0.05546166002750397,17.524472507977748,17.52724275119033
1516,1450.646702376851,0.05566240847110748,17.52724275119033,17.53002300090518
1517,1450.6546321084354,0.05561297386884689,17.53002300090518,17.532800786526764
1518,1450.68276545872,0.05554494261741638,17.532800786526764,17.53557518101659
1519,1450.657067537402,0.05546166002750397,17.524472522390166,17.527242765602747
1520,1450.6467021154238,0.05566240847110748,17.527242765602747,17.5300230153176
1521,1450.6546319808888,0.05561297386884689,17.5300230153176,17.53280080093918
1522,1450.6827654673464,0.05554494261741638,17.53280080093918,17.535575195429008
1523,1450.6570676892024,0.05546166002750397,17.524472517768192,17.527242760980773
1524,1450.6467023845628,0.05566240847110748,17.527242760980773,17.530023010695626
1525,1450.6546323461882,0.05561297386884689,17.530023010695626,17.532800796317208
1526,1450.6827659136611,0.05554494261741638,17.532800796317208,17.535575190807034
1527,1450.6570680231794,0.05546166002750397,17.524472532710707,17.527242775923288
1528,1450.6467026335665,0.05566240847110748,17.527242775923288,17.53002302563814
1529,1450.6546325320191,0.05561297386884689,17.53002302563814,17.532800811259722
1530,1450.6827660536117,0.05554494261741638,17.532800811259722,17.53557520574955
1531,1450.6570682888014,0.05546166002750397,17.52447252945536,17.52724277266794
1532,1450.6467029998705,0.05566240847110748,17.52724277266794,17.530023022382792
1533,1450.654632978724,0.05561297386884689,17.530023022382792,17.532800808004374
1534,1450.6827665642804,0.05554494261741638,17.532800808004374,17.5355752024942
1535,1450.6570687200335,0.05546166002750397,17.524472505611104,17.527242748823685
1536,1450.646703328012,0.05566240847110748,17.527242748823685,17.530022998538538
1537,1450.6546331877566,0.05561297386884689,17.530022998538538,17.53280078416012
1538,1450.6827666441495,0.05554494261741638,17.53280078416012,17.535575178649946
1539,1450.6570687861613,0.05546166002750397,17.52447248734888,17.52724273056146
1540,1450.6467033743581,0.05566240847110748,17.52724273056146,17.530022980276314
1541,1450.6546332101327,0.05561297386884689,17.530022980276314,17.532800765897896
1542,1450.6827666398192,0.05554494261741638,17.532800765897896,17.535575160387722
1543,1450.657068677293,0.05546166002750397,17.52447250787198,17.52724275108456
1544,1450.64670321311,0.05566240847110748,17.52724275108456,17.530023000799414
1545,1450.654633036311,0.05561297386884689,17.530023000799414,17.532800786420996
1546,1450.6827664833602,0.05554494261741638,17.532800786420996,17.535575180910822
1547,1450.6570684383526,0.05546166002750397,17.5244725288975,17.527242772110082
1548,1450.646702919015,0.05566240847110748,17.527242772110082,17.530023021824935
1549,1450.6546327083531,0.05561297386884689,17.530023021824935,17.532800807446517
1550,1450.6827661376722,0.055544935166835785,17.532800807446517,17.535575201563812
1551,1450.657068109057,0.05546166002750397,17.52447253594098,17.52724277915356
1552,1450.6467025971422,0.05566240847110748,17.52724277915356,17.530023028868413
1553,1450.6546323870753,0.05561297386884689,17.530023028868413,17.532800814489995
1554,1450.6827658121792,0.05554494261741638,17.532800814489995,17.53557520897982
1555,1450.6570680016646,0.05546166002750397,17.524472537454088,17.52724278066667
1556,1450.6467026783698,0.05566240847110748,17.52724278066667,17.53002303038152
1557,1450.6546326318783,0.05561297386884689,17.53002303038152,17.532800816003103
1558,1450.6827661992286,0.05554494261741638,17.532800816003103,17.53557521049293
1559,1450.6570684992219,0.05546166002750397,17.524472518932726,17.527242762145306
1560,1450.6467032482133,0.05566240847110748,17.527242762145306,17.53002301186016
1561,1450.6546332442995,0.05561297386884689,17.53002301186016,17.53280079748174
1562,1450.6827668288379,0.055544935166835785,17.53280079748174,17.535575191599037
1563,1450.6570690387057,0.05546166002750397,17.524472489365415,17.527242732577996
1564,1450.6467036797007,0.05566240847110748,17.527242732577996,17.53002298229285
1565,1450.6546335561763,0.05561297386884689,17.53002298229285,17.53280076791443
1566,1450.6827670168734,0.05554494261741638,17.53280076791443,17.535575162404257
1567,1450.6570691003349,0.05546166002750397,17.52447250306521,17.52724274627779
1568,1450.646703665851,0.05566240847110748,17.52724274627779,17.530022995992642
1569,1450.6546335061073,0.05561297386884689,17.530022995992642,17.532800781614224
1570,1450.6827669604945,0.05554494261741638,17.532800781614224,17.53557517610405
1571,1450.6570689265789,0.05546166002750397,17.524472499203696,17.527242742416277
1572,1450.6467033822253,0.05566240847110748,17.527242742416277,17.53002299213113
1573,1450.654633119978,0.05561297386884689,17.53002299213113,17.532800777752712
1574,1450.6827664767904,0.05554494261741638,17.532800777752712,17.535575172242538
1575,1450.657068295807,0.05546166002750397,17.524472503693843,17.527242746906424
1576,1450.6467026260882,0.05566240847110748,17.527242746906424,17.530022996621277
1577,1450.6546322566928,0.05561297386884689,17.530022996621277,17.53280078224286
1578,1450.6827655238915,0.05554494261741638,17.53280078224286,17.535575176732685
1579,1450.6570675309076,0.05546166002750397,17.524472520261238,17.52724276347382
1580,1450.6467020506996,0.05566240847110748,17.52724276347382,17.53002301318867
1581,1450.6546318689075,0.05561297386884689,17.53002301318867,17.532800798810253
1582,1450.6827653192775,0.05554494261741638,17.532800798810253,17.53557519330008
1583,1450.6570674033953,0.05546166002750397,17.52447254234678,17.52724278555936
1584,1450.6467020082466,0.05566240847110748,17.52724278555936,17.530023035274212
1585,1450.6546319160911,0.05561297386884689,17.530023035274212,17.532800820895794
1586,1450.682765458074,0.05554494261741638,17.532800820895794,17.53557521538562
1587,1450.6570676696897,0.05546166002750397,17.524472547719903,17.527242790932483
1588,1450.6467023775126,0.05566240847110748,17.527242790932483,17.530023040647336
1589,1450.6546323683524,0.05561297386884689,17.530023040647336,17.532800826268918
1590,1450.6827659770747,0.05554494261741638,17.532800826268918,17.535575220758744
1591,1450.6570682906067,0.05546166002750397,17.524472524708468,17.52724276792105
1592,1450.646703051549,0.05566240847110748,17.52724276792105,17.5300230176359
1593,1450.6546330582048,0.05561297386884689,17.5300230176359,17.532800803257484
1594,1450.6827666546285,0.05554494261741638,17.532800803257484,17.53557519774731
1595,1450.6570689659718,0.05546166002750397,17.524472499442197,17.527242742654778
1596,1450.6467037042692,0.05566240847110748,17.527242742654778,17.53002299236963
1597,1450.654633673369,0.05561297386884689,17.53002299236963,17.532800777991213
1598,1450.6827672217094,0.05554494261741638,17.532800777991213,17.53557517248104
1599,1450.6570693962005,0.05546166002750397,17.524472495622735,17.527242738835316
1600,1450.6467040260009,0.05566240847110748,17.527242738835316,17.53002298855017
1601,1450.654633909531,0.05561297386884689,17.53002298855017,17.53280077417175
1602,1450.6827673908049,0.05554494261741638,17.53280077417175,17.535575168661577
1603,1450.6570693622443,0.05546166002750397,17.524472513422214,17.527242756634795
1604,1450.6467038401056,0.05566240847110748,17.527242756634795,17.530023006349648
1605,1450.6546336123129,0.05561297386884689,17.530023006349648,17.53280079197123
1606,1450.6827670143834,0.05554494261741638,17.53280079197123,17.535575186461056
1607,1450.6570689084651,0.05546166002750397,17.52447251903266,17.52724276224524
1608,1450.646703316301,0.05566240847110748,17.52724276224524,17.530023011960093
1609,1450.6546330250758,0.05561297386884689,17.530023011960093,17.532800797581675
1610,1450.6827663696495,0.05554494261741638,17.532800797581675,17.5355751920715
1611,1450.657068334717,0.05546166002750397,17.524472519371443,17.527242762584024
1612,1450.6467028011468,0.05566240847110748,17.527242762584024,17.530023012298876
1613,1450.654632558317,0.05561297386884689,17.530023012298876,17.53280079792046
1614,1450.6827659428902,0.05554494261741638,17.53280079792046,17.535575192410285
1615,1450.6570680613277,0.05546166002750397,17.52447250975117,17.52724275296375
1616,1450.646702652874,0.05566240847110748,17.52724275296375,17.530023002678604
1617,1450.654632512052,0.05561297386884689,17.530023002678604,17.532800788300186
1618,1450.6827659797402,0.05554494261741638,17.532800788300186,17.535575182790012
1619,1450.6570681212079,0.05546166002750397,17.52447253390403,17.527242777116612
1620,1450.6467027673066,0.05566240847110748,17.527242777116612,17.530023026831465
1621,1450.654632703712,0.05561297386884689,17.530023026831465,17.532800812453047
1622,1450.682766264326,0.05554494261741638,17.532800812453047,17.535575206942873
1623,1450.6570684323028,0.05546166002750397,17.524472503006884,17.527242746219464
1624,1450.646703052253,0.05566240847110748,17.527242746219464,17.530022995934317
1625,1450.6546329235905,0.05561297386884689,17.530022995934317,17.5328007815559
1626,1450.682766391109,0.05554494261741638,17.5328007815559,17.535575176045725
1627,1450.657068435612,0.05546166002750397,17.52447253073564,17.52724277394822
1628,1450.6467029900741,0.05566240847110748,17.52724277394822,17.530023023663073
1629,1450.6546328402906,0.05561297386884689,17.530023023663073,17.532800809284655
1630,1450.682766320165,0.05554494261741638,17.532800809284655,17.53557520377448
1631,1450.6570685631993,0.05546166002750397,17.524472510640553,17.527242753853134
1632,1450.6467032628723,0.05566240847110748,17.527242753853134,17.530023003567987
1633,1450.6546332161427,0.05561297386884689,17.530023003567987,17.53280078918957
1634,1450.6827667659338,0.05554494261741638,17.53280078918957,17.535575183679395
1635,1450.6570687417297,0.05546166002750397,17.52447250988168,17.52724275309426
1636,1450.6467032048527,0.05566240847110748,17.52724275309426,17.530023002809113
1637,1450.6546329482858,0.05561297386884689,17.530023002809113,17.532800788430695
1638,1450.6827663112467,0.055544935166835785,17.532800788430695,17.53557518254799
1639,1450.6570684605751,0.05546166002750397,17.524472498949827,17.527242742162407
1640,1450.6467030728613,0.05566240847110748,17.527242742162407,17.53002299187726
1641,1450.654632944869,0.05561297386884689,17.53002299187726,17.532800777498842
1642,1450.6827664192776,0.05554494261741638,17.532800777498842,17.53557517198867
1643,1450.657068403221,0.05546166002750397,17.524472514856598,17.52724275806918
1644,1450.6467028926688,0.05566240847110748,17.52724275806918,17.53002300778403
1645,1450.6546326755881,0.05561297386884689,17.53002300778403,17.532800793405613
1646,1450.6827660872368,0.055544935166835785,17.532800793405613,17.53557518752291
1647,1450.657068140212,0.05546166002750397,17.524472525983473,17.527242769196054
1648,1450.6467026995185,0.05566240847110748,17.527242769196054,17.530023018910907
1649,1450.6546325517925,0.05561297386884689,17.530023018910907,17.53280080453249
1650,1450.6827660293968,0.05554494261741638,17.53280080453249,17.535575199022315
1651,1450.6570680761627,0.05546166002750397,17.524472522510397,17.527242765722978
1652,1450.6467026155249,0.05566240847110748,17.527242765722978,17.53002301543783
1653,1450.6546324379094,0.05561297386884689,17.53002301543783,17.532800801059413
1654,1450.6827658808857,0.05554494261741638,17.532800801059413,17.53557519554924
1655,1450.6570680518314,0.05546166002750397,17.524472526709697,17.527242769922278
1656,1450.6467027069762,0.05566240847110748,17.527242769922278,17.53002301963713
1657,1450.6546326370164,0.05561297386884689,17.53002301963713,17.532800805258713
1658,1450.68276617764,0.05554494261741638,17.532800805258713,17.53557519974854
1659,1450.6570684019512,0.05546166002750397,17.524472517723535,17.527242760936115
1660,1450.6467030912281,0.05566240847110748,17.527242760936115,17.530023010650968
1661,1450.6546330404874,0.05561297386884689,17.530023010650968,17.53280079627255
1662,1450.6827665910985,0.05554494261741638,17.53280079627255,17.535575190762376
1663,1450.6570687174424,0.05546166002750397,17.52447249649007,17.52724273970265
1664,1450.6467032963596,0.05566240847110748,17.52724273970265,17.530022989417503
1665,1450.6546331277718,0.05561297386884689,17.530022989417503,17.532800775039085
1666,1450.6827665568346,0.05554494261741638,17.532800775039085,17.53557516952891
1667,1450.6570686479213,0.05546166002750397,17.52447252566515,17.52724276887773
1668,1450.6467032451287,0.05566240847110748,17.52724276887773,17.530023018592583
1669,1450.6546331345428,0.05561297386884689,17.530023018592583,17.532800804214165
1670,1450.6827666503416,0.05554494261741638,17.532800804214165,17.53557519870399
1671,1450.657068736903,0.05546166002750397,17.524472514776466,17.527242757989047
1672,1450.6467033051326,0.05566240847110748,17.527242757989047,17.5300230077039
1673,1450.6546331477625,0.05561297386884689,17.5300230077039,17.53280079332548
1674,1450.6827666042236,0.05554494261741638,17.53280079332548,17.535575187815308
1675,1450.657068541172,0.05546166002750397,17.5244724929038,17.52724273611638
1676,1450.6467029488088,0.05566240847110748,17.52724273611638,17.530022985831234
1677,1450.6546326252146,0.05561297386884689,17.530022985831234,17.532800771452816
1678,1450.6827659139094,0.05554494261741638,17.532800771452816,17.535575165942642
1679,1450.657068012848,0.05546166002750397,17.52447250579421,17.527242749006792
1680,1450.6467025983975,0.05566240847110748,17.527242749006792,17.530022998721645
1681,1450.6546324617682,0.05561297386884689,17.530022998721645,17.532800784343227
1682,1450.6827659411988,0.05554494261741638,17.532800784343227,17.535575178833053
1683,1450.6570679880117,0.05546166002750397,17.524472513195658,17.52724275640824
1684,1450.6467025332788,0.05566240847110748,17.52724275640824,17.53002300612309
1685,1450.6546323658572,0.05561297386884689,17.53002300612309,17.532800791744673
1686,1450.6827658220745,0.05554494261741638,17.532800791744673,17.5355751862345
1687,1450.6570677946722,0.05546166002750397,17.5244725306033,17.527242773815882
1688,1450.6467022874976,0.05566240847110748,17.527242773815882,17.530023023530735
1689,1450.6546320847342,0.05561297386884689,17.530023023530735,17.532800809152317
1690,1450.6827655189425,0.05554494261741638,17.532800809152317,17.535575203642143
1691,1450.6570676722488,0.05546166002750397,17.52447253075357,17.52724277396615
1692,1450.646702316019,0.05566240847110748,17.52724277396615,17.530023023681004
1693,1450.654632239545,0.05561297386884689,17.530023023681004,17.532800809302586
1694,1450.6827657796014,0.05554494261741638,17.532800809302586,17.535575203792412
1695,1450.6570679735,0.05546166002750397,17.5244725118966,17.52724275510918
1696,1450.6467026254563,0.05566240847110748,17.52724275510918,17.530023004824034
1697,1450.6546325328297,0.05561297386884689,17.530023004824034,17.532800790445616
1698,1450.6827660388142,0.05554494261741638,17.532800790445616,17.535575184935443
1699,1450.6570682559734,0.05546166002750397,17.524472506053023,17.527242749265604
1700,1450.6467029315725,0.05566240847110748,17.527242749265604,17.530022998980456
1701,1450.6546328625013,0.05561297386884689,17.530022998980456,17.53280078460204
1702,1450.682766391604,0.05554494261741638,17.53280078460204,17.535575179091865
1703,1450.6570685516695,0.05546166002750397,17.524472528198924,17.527242771411505
1704,1450.6467032096632,0.05566240847110748,17.527242771411505,17.530023021126357
1705,1450.6546331527688,0.05561297386884689,17.530023021126357,17.53280080674794
1706,1450.6827667160983,0.05554494261741638,17.53280080674794,17.535575201237766
1707,1450.6570687818748,0.05546166002750397,17.524472512109984,17.527242755322565
1708,1450.6467033240606,0.05566240847110748,17.527242755322565,17.530023005037418
1709,1450.6546331371333,0.05561297386884689,17.530023005037418,17.532800790659
1710,1450.6827665618853,0.05554494261741638,17.532800790659,17.535575185148826
1711,1450.657068589688,0.05546166002750397,17.524472529332975,17.527242772545556
1712,1450.6467031233756,0.05566240847110748,17.527242772545556,17.53002302226041
1713,1450.6546329501057,0.05561297386884689,17.53002302226041,17.53280080788199
1714,1450.6827664048435,0.05554494261741638,17.53280080788199,17.535575202371817
1715,1450.6570686031653,0.05546166002750397,17.524472500963252,17.527242744175833
1716,1450.6467032497505,0.05566240847110748,17.527242744175833,17.530022993890686
1717,1450.6546331445268,0.05561297386884689,17.530022993890686,17.532800779512268
1718,1450.6827666327229,0.05554494261741638,17.532800779512268,17.535575174002094
1719,1450.6570686370303,0.05546166002750397,17.52447250436879,17.527242747581372
1720,1450.646703125487,0.05566240847110748,17.527242747581372,17.530022997296225
1721,1450.6546328914771,0.05561297386884689,17.530022997296225,17.532800782917807
1722,1450.6827662745632,0.055544935166835785,17.532800782917807,17.535575177035103
1723,1450.6570684018113,0.05546166002750397,17.52447252060362,17.5272427638162
1724,1450.6467030260103,0.05566240847110748,17.5272427638162,17.530023013531054
1725,1450.6546329351338,0.05561297386884689,17.530023013531054,17.532800799152636
1726,1450.6827664648874,0.05554494261741638,17.532800799152636,17.53557519364246
1727,1450.6570684404728,0.05546166002750397,17.52447250339779,17.52724274661037
1728,1450.6467028974066,0.05566240847110748,17.52724274661037,17.530022996325222
1729,1450.654632630284,0.05561297386884689,17.530022996325222,17.532800781946804
1730,1450.6827659795974,0.055544935166835785,17.532800781946804,17.5355751760641
1731,1450.6570679834388,0.05546166002750397,17.52447251045358,17.52724275366616
1732,1450.6467024818828,0.05566240847110748,17.52724275366616,17.530023003381014
1733,1450.6546322655083,0.05561297386884689,17.530023003381014,17.532800789002597
1734,1450.6827656697506,0.05554494261741638,17.532800789002597,17.535575183492423
1735,1450.657067819955,0.05546166002750397,17.524472528460496,17.527242771673077
1736,1450.6467024718045,0.05566240847110748,17.527242771673077,17.53002302138793
1737,1450.6546324116393,0.05561297386884689,17.53002302138793,17.53280080700951
1738,1450.6827659738958,0.05554494261741638,17.53280080700951,17.535575201499338
1739,1450.6570680642012,0.05546166002750397,17.52447252952314,17.527242772735722
1740,1450.6467026504179,0.05566240847110748,17.527242772735722,17.530023022450575
1741,1450.6546325213826,0.05561297386884689,17.530023022450575,17.532800808072157
1742,1450.6827660112347,0.05554494261741638,17.532800808072157,17.535575202561983
1743,1450.6570681555495,0.05546166002750397,17.5244725059048,17.52724274911738
1744,1450.6467027566,0.05566240847110748,17.52724274911738,17.530022998832234
1745,1450.6546326128962,0.05561297386884689,17.530022998832234,17.532800784453816
1746,1450.6827660684946,0.05554494261741638,17.532800784453816,17.535575178943642
1747,1450.657068237982,0.05546166002750397,17.524472497426878,17.52724274063946
1748,1450.6467028644252,0.05566240847110748,17.52724274063946,17.53002299035431
1749,1450.6546327458784,0.05561297386884689,17.53002299035431,17.532800775975893
1750,1450.6827662260612,0.05554494261741638,17.532800775975893,17.53557517046572
1751,1450.6570683358184,0.05546166002750397,17.524472509847563,17.527242753060143
1752,1450.6467029338223,0.05566240847110748,17.527242753060143,17.530023002774996
1753,1450.6546328106697,0.05561297386884689,17.530023002774996,17.532800788396578
1754,1450.6827663041242,0.05554494261741638,17.532800788396578,17.535575182886404
1755,1450.657068290383,0.05546166002750397,17.524472518335653,17.527242761548234
1756,1450.64670278296,0.05566240847110748,17.527242761548234,17.530023011263086
1757,1450.6546325695642,0.05561297386884689,17.530023011263086,17.53280079688467
1758,1450.6827659855587,0.05554494261741638,17.53280079688467,17.535575191374495
1759,1450.6570679970355,0.05546166002750397,17.524472529126054,17.527242772338635
1760,1450.6467025185234,0.05566240847110748,17.527242772338635,17.530023022053488
1761,1450.6546323363307,0.05561297386884689,17.530023022053488,17.53280080767507
1762,1450.6827657847355,0.05554494261741638,17.53280080767507,17.535575202164896
1763,1450.6570679410004,0.05546166002750397,17.524472525084878,17.52724276829746
1764,1450.646702579425,0.05566240847110748,17.52724276829746,17.53002301801231
1765,1450.6546324914887,0.05561297386884689,17.53002301801231,17.532800803633894
1766,1450.6827660156982,0.05554494261741638,17.532800803633894,17.53557519812372
1767,1450.6570682190072,0.05546166002750397,17.524472532727565,17.527242775940145
1768,1450.6467029074204,0.05566240847110748,17.527242775940145,17.530023025654998
1769,1450.6546328708719,0.05561297386884689,17.530023025654998,17.53280081127658
1770,1450.6827664466907,0.05554494261741638,17.53280081127658,17.535575205766406
1771,1450.657068681039,0.05546166002750397,17.524472499581343,17.527242742793923
1772,1450.6467033524336,0.05566240847110748,17.527242742793923,17.530022992508776
1773,1450.6546332632408,0.05561297386884689,17.530022992508776,17.53280077813036
1774,1450.6827667606528,0.05554494261741638,17.53280077813036,17.535575172620185
1775,1450.6570688087277,0.05546166002750397,17.524472464364788,17.52724270757737
1776,1450.6467032874875,0.05566240847110748,17.52724270757737,17.53002295729222
1777,1450.6546330040007,0.05561297386884689,17.53002295729222,17.532800742913803
1778,1450.6827663090012,0.05554494261741638,17.532800742913803,17.53557513740363
1779,1450.6570682964384,0.05546166002750397,17.524472499386107,17.527242742598688
1780,1450.6467027931221,0.05566240847110748,17.527242742598688,17.53002299231354
1781,1450.6546325859672,0.05561297386884689,17.53002299231354,17.532800777935122
1782,1450.6827660094018,0.055544935166835785,17.532800777935122,17.53557517205242
1783,1450.6570678899407,0.05546166002750397,17.524472519087855,17.527242762300435
1784,1450.646702304199,0.05566240847110748,17.527242762300435,17.53002301201529
1785,1450.6546320342122,0.05561297386884689,17.53002301201529,17.53280079763687
1786,1450.6827654107549,0.05554494261741638,17.53280079763687,17.535575192126696
1787,1450.6570672331281,0.05546166002750397,17.524472524797208,17.52724276800979
1788,1450.6467015844473,0.05566240847110748,17.52724276800979,17.53002301772464
1789,1450.6546312489536,0.05561297386884689,17.53002301772464,17.532800803346223
1790,1450.682764559111,0.05554494261741638,17.532800803346223,17.53557519783605
1791,1450.6570667236383,0.05546166002750397,17.524472519196586,17.527242762409166
1792,1450.6467013686786,0.05566240847110748,17.527242762409166,17.53002301212402
1793,1450.6546312860219,0.05561297386884689,17.53002301212402,17.5328007977456
1794,1450.6827648122141,0.05554494261741638,17.5328007977456,17.535575192235427
1795,1450.657067095858,0.05546166002750397,17.524472539183677,17.527242782396257
1796,1450.6467018717215,0.05566240847110748,17.527242782396257,17.53002303211111
1797,1450.654631926538,0.05561297386884689,17.53002303211111,17.532800817732692
1798,1450.6827655951827,0.05554494261741638,17.532800817732692,17.53557521222252
1799,1450.6570679011406,0.05546166002750397,17.5244725174159,17.527242760628482
1800,1450.6467026577575,0.05566240847110748,17.527242760628482,17.530023010343335
1801,1450.654632662588,0.05561297386884689,17.530023010343335,17.532800795964917
1802,1450.682766259087,0.05554494261741638,17.532800795964917,17.535575190454743
1803,1450.6570684079095,0.05546166002750397,17.524472492793624,17.527242736006205
1804,1450.6467030000917,0.05566240847110748,17.527242736006205,17.530022985721057
1805,1450.6546328376724,0.05561297386884689,17.530022985721057,17.53280077134264
1806,1450.6827662675032,0.05554494261741638,17.53280077134264,17.535575165832466
1807,1450.6570684464848,0.05546166002750397,17.52447251874389,17.527242761956472
1808,1450.6467031166587,0.05566240847110748,17.527242761956472,17.530023011671325
1809,1450.654633066721,0.05561297386884689,17.530023011671325,17.532800797292907
1810,1450.6827666329978,0.05554494261741638,17.532800797292907,17.535575191782733
1811,1450.657068716156,0.05546166002750397,17.524472544883636,17.527242788096217
1812,1450.6467033221206,0.05566240847110748,17.527242788096217,17.53002303781107
1813,1450.6546332326125,0.05561297386884689,17.53002303781107,17.532800823432652
1814,1450.6827667783487,0.05554494261741638,17.532800823432652,17.535575217922478
1815,1450.6570687811893,0.05546166002750397,17.524472501365576,17.527242744578157
1816,1450.646703241575,0.05566240847110748,17.527242744578157,17.53002299429301
1817,1450.654632960061,0.05561297386884689,17.53002299429301,17.53280077991459
1818,1450.6827662818807,0.055544935166835785,17.53280077991459,17.535575174031887
1819,1450.657068375186,0.05546166002750397,17.524472499105016,17.527242742317597
1820,1450.6467029343758,0.05566240847110748,17.527242742317597,17.53002299203245
1821,1450.6546327563215,0.05561297386884689,17.53002299203245,17.532800777654032
1822,1450.6827661837347,0.05554494261741638,17.532800777654032,17.535575172143858
1823,1450.657068390315,0.05546166002750397,17.524472505052525,17.527242748265106
1824,1450.6467030697854,0.05566240847110748,17.527242748265106,17.53002299797996
1825,1450.6546330153244,0.05561297386884689,17.53002299797996,17.53280078360154
1826,1450.68276656683,0.05554494261741638,17.53280078360154,17.535575178091367
1827,1450.6570684771616,0.05546166002750397,17.524472505257123,17.527242748469703
1828,1450.6467028876757,0.05566240847110748,17.527242748469703,17.530022998184556
1829,1450.6546325889492,0.05561297386884689,17.530022998184556,17.532800783806138
1830,1450.6827659160206,0.055544935166835785,17.532800783806138,17.535575177923434
1831,1450.6570678845383,0.05546166002750397,17.52447252349099,17.52724276670357
1832,1450.6467023699906,0.05566240847110748,17.52724276670357,17.530023016418422
1833,1450.654632157515,0.05561297386884689,17.530023016418422,17.532800802040004
1834,1450.682765580422,0.05554494261741638,17.532800802040004,17.53557519652983
1835,1450.6570676977512,0.05546166002750397,17.524472545005196,17.527242788217777
1836,1450.6467023325065,0.05566240847110748,17.527242788217777,17.53002303793263
1837,1450.654632267305,0.05561297386884689,17.53002303793263,17.53280082355421
1838,1450.6827658336063,0.05554494261741638,17.53280082355421,17.535575218044038
1839,1450.6570680250225,0.05546166002750397,17.52447253011756,17.52724277333014
1840,1450.6467026901869,0.05566240847110748,17.52724277333014,17.530023023044993
1841,1450.6546326222744,0.05561297386884689,17.530023023044993,17.532800808666575
1842,1450.6827661589525,0.05554494261741638,17.532800808666575,17.5355752031564
1843,1450.6570684173803,0.05546166002750397,17.524472521425125,17.527242764637705
1844,1450.646703134185,0.05566240847110748,17.527242764637705,17.530023014352558
1845,1450.654633105606,0.05561297386884689,17.530023014352558,17.53280079997414
1846,1450.6827666740132,0.05554494261741638,17.53280079997414,17.535575194463966
1847,1450.6570689601451,0.05546166002750397,17.52447249659001,17.527242739802592
1848,1450.6467036787274,0.05566240847110748,17.527242739802592,17.530022989517445
1849,1450.6546336325362,0.05561297386884689,17.530022989517445,17.532800775139027
1850,1450.6827671691376,0.05554494261741638,17.532800775139027,17.535575169628853
1851,1450.6570692071928,0.05546166002750397,17.52447248411967,17.52724272733225
1852,1450.6467037038892,0.05566240847110748,17.52724272733225,17.530022977047103
1853,1450.6546334589368,0.05561297386884689,17.530022977047103,17.532800762668685
1854,1450.6827668172389,0.05554494261741638,17.532800762668685,17.53557515715851
1855,1450.6570687449362,0.05546166002750397,17.52447248739509,17.52724273060767
1856,1450.6467031616824,0.05566240847110748,17.52724273060767,17.530022980322524
1857,1450.6546328607785,0.05561297386884689,17.530022980322524,17.532800765944106
1858,1450.6827661819543,0.05554494261741638,17.532800765944106,17.535575160433932
1859,1450.6570680097104,0.05546166002750397,17.524472513077356,17.527242756289937
1860,1450.6467023713792,0.05566240847110748,17.527242756289937,17.53002300600479
1861,1450.654632049791,0.05561297386884689,17.53002300600479,17.53280079162637
1862,1450.682765376298,0.05554494261741638,17.53280079162637,17.535575186116198
1863,1450.6570672862008,0.05546166002750397,17.52447251927913,17.52724276249171
1864,1450.6467017157963,0.05566240847110748,17.52724276249171,17.530023012206563
1865,1450.6546314504171,0.05561297386884689,17.530023012206563,17.532800797828145
1866,1450.6827648234737,0.05554494261741638,17.532800797828145,17.53557519231797
1867,1450.6570668566262,0.05546166002750397,17.52447251465495,17.52724275786753
1868,1450.646701382496,0.05566240847110748,17.52724275786753,17.530023007582383
1869,1450.6546311916952,0.05561297386884689,17.530023007582383,17.532800793203965
1870,1450.682764621927,0.05554494261741638,17.532800793203965,17.53557518769379
1871,1450.6570668313182,0.05546166002750397,17.5244725098108,17.52724275302338
1872,1450.64670151023,0.05566240847110748,17.52724275302338,17.530023002738233
1873,1450.6546314526945,0.05561297386884689,17.530023002738233,17.532800788359815
1874,1450.6827649992872,0.05554494261741638,17.532800788359815,17.53557518284964
1875,1450.6570672051782,0.05546166002750397,17.524472517618356,17.527242760830937
1876,1450.6467018925593,0.05566240847110748,17.527242760830937,17.53002301054579
1877,1450.6546318523,0.05561297386884689,17.53002301054579,17.532800796167372
1878,1450.6827654224717,0.05554494261741638,17.532800796167372,17.535575190657198
1879,1450.6570675812143,0.05546166002750397,17.524472512410483,17.527242755623064
1880,1450.6467022154382,0.05566240847110748,17.527242755623064,17.530023005337917
1881,1450.6546321183832,0.05561297386884689,17.530023005337917,17.5328007909595
1882,1450.6827656299508,0.05554494261741638,17.5328007909595,17.535575185449325
1883,1450.657067745684,0.05546166002750397,17.524472528230813,17.527242771443394
1884,1450.6467023611262,0.05566240847110748,17.527242771443394,17.530023021158247
1885,1450.6546322636884,0.05561297386884689,17.530023021158247,17.53280080677983
1886,1450.6827657886201,0.05554494261741638,17.53280080677983,17.535575201269655
1887,1450.6570679692763,0.05546166002750397,17.524472503132003,17.527242746344584
1888,1450.6467026044102,0.05566240847110748,17.527242746344584,17.530022996059436
1889,1450.6546324925594,0.05561297386884689,17.530022996059436,17.53280078168102
1890,1450.6827659778367,0.05554494261741638,17.53280078168102,17.535575176170845
1891,1450.65706804799,0.05546166002750397,17.52447250808338,17.52724275129596
1892,1450.6467026003652,0.05566240847110748,17.52724275129596,17.530023001010814
1893,1450.65463242781,0.05561297386884689,17.530023001010814,17.532800786632396
1894,1450.6827658698303,0.05554494261741638,17.532800786632396,17.535575181122223
1895,1450.6570680408677,0.05546166002750397,17.524472519620428,17.52724276283301
1896,1450.6467027010694,0.05566240847110748,17.52724276283301,17.53002301254786
1897,1450.6546326398013,0.05561297386884689,17.53002301254786,17.532800798169443
1898,1450.682766193912,0.05554494261741638,17.532800798169443,17.53557519265927
1899,1450.6570682206695,0.05546166002750397,17.524472516610057,17.527242759822638
1900,1450.6467027393467,0.05566240847110748,17.527242759822638,17.53002300953749
1901,1450.6546325408742,0.05561297386884689,17.53002300953749,17.532800795159073
1902,1450.6827659632017,0.05554494261741638,17.532800795159073,17.5355751896489
1903,1450.6570680394059,0.05546166002750397,17.52447250931398,17.52724275252656
1904,1450.6467025934598,0.05566240847110748,17.52724275252656,17.530023002241414
1905,1450.654632419288,0.05561297386884689,17.530023002241414,17.532800787862996
1906,1450.6827658572543,0.05554494261741638,17.532800787862996,17.535575182352822
1907,1450.6570679903828,0.05546166002750397,17.52447251278901,17.52724275600159
1908,1450.64670260473,0.05566240847110748,17.52724275600159,17.530023005716444
1909,1450.654632492405,0.05561297386884689,17.530023005716444,17.532800791338026
1910,1450.6827659923892,0.05554494261741638,17.532800791338026,17.535575185827852
1911,1450.6570681036021,0.05546166002750397,17.524472520380634,17.527242763593215
1912,1450.6467027067004,0.05566240847110748,17.527242763593215,17.530023013308067
1913,1450.6546325912736,0.05561297386884689,17.530023013308067,17.53280079892965
1914,1450.6827660942906,0.05554494261741638,17.53280079892965,17.535575193419476
1915,1450.657068169314,0.05546166002750397,17.524472505765825,17.527242748978406
1916,1450.646702716974,0.05566240847110748,17.527242748978406,17.53002299869326
1917,1450.654632532616,0.05561297386884689,17.53002299869326,17.53280078431484
1918,1450.6827659577275,0.05554494261741638,17.53280078431484,17.535575178804667
1919,1450.657068036664,0.05546166002750397,17.52447251940271,17.52724276261529
1920,1450.6467026113291,0.05566240847110748,17.52724276261529,17.530023012330144
1921,1450.6546324707958,0.05561297386884689,17.530023012330144,17.532800797951726
1922,1450.6827659515932,0.05554494261741638,17.532800797951726,17.535575192441552
1923,1450.6570681012665,0.05546166002750397,17.524472511917516,17.527242755130096
1924,1450.6467027258445,0.05566240847110748,17.527242755130096,17.53002300484495
1925,1450.6546326188684,0.05561297386884689,17.53002300484495,17.53280079046653
1926,1450.682766120469,0.05554494261741638,17.53280079046653,17.535575184956357
1927,1450.6570681521303,0.05546166002750397,17.524472508118446,17.527242751331027
1928,1450.646702667025,0.05566240847110748,17.527242751331027,17.53002300104588
1929,1450.6546324583435,0.05561297386884689,17.53002300104588,17.532800786667462
1930,1450.6827658658267,0.05554494261741638,17.532800786667462,17.535575181157288
1931,1450.6570679983176,0.05546166002750397,17.524472528431378,17.52724277164396
1932,1450.6467026327537,0.05566240847110748,17.52724277164396,17.53002302135881
1933,1450.6546325556778,0.05561297386884689,17.53002302135881,17.532800806980394
1934,1450.6827661016696,0.05554494261741638,17.532800806980394,17.53557520147022
1935,1450.657068228671,0.05546166002750397,17.524472522748756,17.527242765961336
1936,1450.6467028397126,0.05566240847110748,17.527242765961336,17.53002301567619
1937,1450.6546327262379,0.05561297386884689,17.53002301567619,17.53280080129777
1938,1450.6827662266974,0.05554494261741638,17.53280080129777,17.535575195787597
1939,1450.6570683216269,0.05546166002750397,17.524472514219458,17.527242757432038
1940,1450.6467028917484,0.05566240847110748,17.527242757432038,17.53002300714689
1941,1450.6546327313993,0.05561297386884689,17.53002300714689,17.532800792768473
1942,1450.682766181288,0.05554494261741638,17.532800792768473,17.5355751872583
1943,1450.6570683738726,0.05546166002750397,17.5244725140388,17.52724275725138
1944,1450.6467030375848,0.05566240847110748,17.52724275725138,17.530023006966232
1945,1450.6546329662947,0.05561297386884689,17.530023006966232,17.532800792587814
1946,1450.6827665004346,0.05554494261741638,17.532800792587814,17.53557518707764
1947,1450.6570686098325,0.05546166002750397,17.52447250415043,17.52724274736301
1948,1450.6467031883158,0.05566240847110748,17.52724274736301,17.530022997077864
1949,1450.654633031637,0.05561297386884689,17.530022997077864,17.532800782699447
1950,1450.6827664816383,0.05554494261741638,17.532800782699447,17.535575177189273
1951,1450.657068508055,0.05546166002750397,17.524472513442245,17.527242756654825
1952,1450.646703029488,0.05566240847110748,17.527242756654825,17.530023006369678
1953,1450.6546328360441,0.05561297386884689,17.530023006369678,17.53280079199126
1954,1450.6827662647147,0.055544935166835785,17.53280079199126,17.535575186108556
1955,1450.6570683222212,0.05546166002750397,17.524472511567676,17.527242754780257
1956,1450.6467028671568,0.05566240847110748,17.527242754780257,17.53002300449511
1957,1450.6546326911707,0.05561297386884689,17.53002300449511,17.532800790116692
1958,1450.6827661328098,0.05554494261741638,17.532800790116692,17.535575184606518
1959,1450.6570681567975,0.05546166002750397,17.524472527769767,17.527242770982348
1960,1450.6467026904456,0.05566240847110748,17.527242770982348,17.5300230206972
1961,1450.6546325199577,0.05561297386884689,17.5300230206972,17.532800806318782
1962,1450.6827659795415,0.05554494261741638,17.532800806318782,17.53557520080861
1963,1450.6570681166718,0.05546166002750397,17.524472510195743,17.527242753408323
1964,1450.6467027219123,0.05566240847110748,17.527242753408323,17.530023003123176
1965,1450.6546325908305,0.05561297386884689,17.530023003123176,17.53280078874476
1966,1450.682766062934,0.05554494261741638,17.53280078874476,17.535575183234585
1967,1450.6570681316077,0.05546166002750397,17.524472494641852,17.527242737854433
1968,1450.6467026626567,0.05566240847110748,17.527242737854433,17.530022987569286
1969,1450.6546324542899,0.05561297386884689,17.530022987569286,17.532800773190868
1970,1450.6827658502536,0.05554494261741638,17.532800773190868,17.535575167680694
1971,1450.657067977458,0.05546166002750397,17.524472514531798,17.52724275774438
1972,1450.646702598629,0.05566240847110748,17.52724275774438,17.53002300745923
1973,1450.6546325025452,0.05561297386884689,17.53002300745923,17.532800793080813
1974,1450.6827660255485,0.05554494261741638,17.532800793080813,17.53557518757064
1975,1450.65706807383,0.05546166002750397,17.524472517152027,17.527242760364608
1976,1450.6467026192154,0.05566240847110748,17.527242760364608,17.53002301007946
1977,1450.6546324508988,0.05561297386884689,17.53002301007946,17.532800795701043
1978,1450.6827659054763,0.05554494261741638,17.532800795701043,17.53557519019087
1979,1450.6570679032452,0.05546166002750397,17.52447252216022,17.5272427653728
1980,1450.6467024036997,0.05566240847110748,17.5272427653728,17.530023015087654
1981,1450.6546321953379,0.05561297386884689,17.530023015087654,17.532800800709236
1982,1450.6827656141572,0.05554494261741638,17.532800800709236,17.535575195199062
1983,1450.6570677894204,0.05546166002750397,17.5244725257351,17.52724276894768
1984,1450.6467024503436,0.05566240847110748,17.52724276894768,17.530023018662533
1985,1450.654632387162,0.05561297386884689,17.530023018662533,17.532800804284115
1986,1450.6827659374164,0.05554494261741638,17.532800804284115,17.53557519877394
1987,1450.6570681174876,0.05546166002750397,17.524472515217056,17.527242758429637
1988,1450.6467027654778,0.05566240847110748,17.527242758429637,17.53002300814449
1989,1450.6546326763173,0.05561297386884689,17.53002300814449,17.53280079376607
1990,1450.682766191265,0.05554494261741638,17.53280079376607,17.535575188255898
1991,1450.6570683457542,0.05546166002750397,17.524472507058885,17.527242750271466
1992,1450.646702965416,0.05566240847110748,17.527242750271466,17.53002299998632
1993,1450.654632846332,0.05561297386884689,17.53002299998632,17.5328007856079
1994,1450.6827663306474,0.05554494261741638,17.5328007856079,17.535575180097727
1995,1450.6570684468531,0.05546166002750397,17.524472500003583,17.527242743216163
1996,1450.6467030306783,0.05566240847110748,17.527242743216163,17.530022992931016
1997,1450.6546328781626,0.05561297386884689,17.530022992931016,17.5328007785526
1998,1450.6827663313816,0.05554494261741638,17.5328007785526,17.535575173042425
1999,1450.6570683561522,0.05546166002750397,17.524472518661238,17.52724276187382
2000,1450.6467028868365,0.05566240847110748,17.52724276187382,17.53002301158867
2001,1450.6546327106378,0.05561297386884689,17.53002301158867,17.532800797210253
2002,1450.6827661625548,0.05554494261741638,17.532800797210253,17.53557519170008
2003,1450.6570681931946,0.05546166002750397,17.524472508648778,17.52724275186136
2004,1450.6467027087601,0.05566240847110748,17.52724275186136,17.53002300157621
2005,1450.6546325020029,0.05561297386884689,17.53002300157621,17.532800787197793
2006,1450.6827659123164,0.05554494261741638,17.532800787197793,17.53557518168762
2007,1450.6570679216077,0.05546166002750397,17.524472524491667,17.527242767704248
2008,1450.6467024392261,0.05566240847110748,17.527242767704248,17.5300230174191
2009,1450.6546322519696,0.05561297386884689,17.5300230174191,17.532800803040683
2010,1450.6827656945015,0.05554494261741638,17.532800803040683,17.53557519753051
2011,1450.6570678794556,0.05546166002750397,17.524472518027096,17.527242761239677
2012,1450.6467025402792,0.05566240847110748,17.527242761239677,17.53002301095453
2013,1450.6546324696874,0.05561297386884689,17.53002301095453,17.53280079657611
2014,1450.6827660071908,0.05554494261741638,17.53280079657611,17.535575191065938
2015,1450.6570681094097,0.05546166002750397,17.524472524227154,17.527242767439734
2016,1450.646702702331,0.05566240847110748,17.527242767439734,17.530023017154587
2017,1450.6546325760032,0.05561297386884689,17.530023017154587,17.53280080277617
2018,1450.6827660677502,0.05554494261741638,17.53280080277617,17.535575197265995
2019,1450.6570682678566,0.05546166002750397,17.52447250830881,17.527242751521392
2020,1450.6467029270102,0.05566240847110748,17.527242751521392,17.530023001236245
2021,1450.6546328422087,0.05561297386884689,17.530023001236245,17.532800786857827
2022,1450.6827663563652,0.05554494261741638,17.532800786857827,17.535575181347653
2023,1450.6570684444196,0.05546166002750397,17.524472507899855,17.527242751112436
2024,1450.6467030095757,0.05566240847110748,17.527242751112436,17.53002300082729
2025,1450.6546328457716,0.05561297386884689,17.53002300082729,17.53280078644887
2026,1450.6827662933933,0.05554494261741638,17.53280078644887,17.535575180938697
2027,1450.6570684016833,0.05546166002750397,17.524472508842177,17.527242752054757
2028,1450.64670299053,0.05566240847110748,17.527242752054757,17.53002300176961
2029,1450.6546328526194,0.05561297386884689,17.53002300176961,17.532800787391192
2030,1450.682766327367,0.05554494261741638,17.532800787391192,17.53557518188102
2031,1450.6570683332666,0.05546166002750397,17.52447251154845,17.52724275476103
2032,1450.64670283332,0.05566240847110748,17.52724275476103,17.530023004475883
2033,1450.6546326181942,0.05561297386884689,17.530023004475883,17.532800790097465
2034,1450.6827660253039,0.055544935166835785,17.532800790097465,17.53557518421476
2035,1450.65706806339,0.05546166002750397,17.52447251339134,17.527242756603922
2036,1450.6467025938407,0.05566240847110748,17.527242756603922,17.530023006318775
2037,1450.6546324072883,0.05561297386884689,17.530023006318775,17.532800791940357
2038,1450.6827658414563,0.05554494261741638,17.532800791940357,17.535575186430183
2039,1450.657067907617,0.05546166002750397,17.524472508755558,17.52724275196814
2040,1450.646702456343,0.05566240847110748,17.52724275196814,17.53002300168299
2041,1450.654632280453,0.05561297386884689,17.53002300168299,17.532800787304573
2042,1450.6827657194256,0.05554494261741638,17.532800787304573,17.5355751817944
2043,1450.6570678112587,0.05546166002750397,17.52447252213931,17.52724276535189
2044,1450.6467024015042,0.05566240847110748,17.52724276535189,17.530023015066742
2045,1450.6546322783063,0.05561297386884689,17.530023015066742,17.532800800688324
2046,1450.6827657752578,0.05554494261741638,17.532800800688324,17.53557519517815
2047,1450.657067919131,0.05546166002750397,17.52447252597328,17.52724276918586
2048,1450.6467025536247,0.05566240847110748,17.52724276918586,17.530023018900714
2049,1450.6546324681435,0.05561297386884689,17.530023018900714,17.532800804522296
2050,1450.6827659995406,0.05554494261741638,17.532800804522296,17.535575199012122
2051,1450.6570681209193,0.05546166002750397,17.524472515958244,17.527242759170825
2052,1450.646702717023,0.05566240847110748,17.527242759170825,17.530023008885678
2053,1450.6546325818902,0.05561297386884689,17.530023008885678,17.53280079450726
2054,1450.682766056019,0.05554494261741638,17.53280079450726,17.535575188997086
2055,1450.6570682160661,0.05546166002750397,17.524472498197532,17.527242741410113
2056,1450.6467028300817,0.05566240847110748,17.527242741410113,17.530022991124966
2057,1450.6546326970727,0.05561297386884689,17.530022991124966,17.532800776746548
2058,1450.6827661615027,0.05554494261741638,17.532800776746548,17.535575171236374
2059,1450.657068278645,0.05546166002750397,17.524472519579078,17.52724276279166
2060,1450.6467028923053,0.05566240847110748,17.52724276279166,17.53002301250651
2061,1450.6546327907351,0.05561297386884689,17.53002301250651,17.532800798128093
2062,1450.6827663098506,0.05554494261741638,17.532800798128093,17.53557519261792
2063,1450.6570683886875,0.05546166002750397,17.52447250794625,17.52724275115883
2064,1450.6467029457012,0.05566240847110748,17.52724275115883,17.530023000873683
2065,1450.6546327746876,0.05561297386884689,17.530023000873683,17.532800786495265
2066,1450.682766215912,0.05554494261741638,17.532800786495265,17.53557518098509
2067,1450.6570681641713,0.05546166002750397,17.524472494396043,17.527242737608624
2068,1450.646702590119,0.05566240847110748,17.527242737608624,17.530022987323477
2069,1450.6546322897739,0.05561297386884689,17.530022987323477,17.53280077294506
2070,1450.6827656050345,0.05554494261741638,17.53280077294506,17.535575167434885
2071,1450.6570676918857,0.05546166002750397,17.52447251409709,17.527242757309672
2072,1450.646702278148,0.05566240847110748,17.527242757309672,17.530023007024525
2073,1450.6546321517812,0.05561297386884689,17.530023007024525,17.532800792646107
2074,1450.682765648441,0.05554494261741638,17.532800792646107,17.535575187135933
2075,1450.657067721921,0.05546166002750397,17.524472532335377,17.527242775547958
2076,1450.6467023096754,0.05566240847110748,17.527242775547958,17.53002302526281
2077,1450.654632195875,0.05561297386884689,17.53002302526281,17.532800810884392
2078,1450.6827657131662,0.05554494261741638,17.532800810884392,17.53557520537422
2079,1450.6570677722702,0.05546166002750397,17.52447251498368,17.527242758196262
2080,1450.6467023107823,0.05566240847110748,17.527242758196262,17.530023007911115
2081,1450.6546321224769,0.05561297386884689,17.530023007911115,17.532800793532697
2082,1450.682765547584,0.05554494261741638,17.532800793532697,17.535575188022523
2083,1450.6570676971378,0.05546166002750397,17.524472493694127,17.527242736906707
2084,1450.6467022970066,0.05566240847110748,17.527242736906707,17.53002298662156
2085,1450.654632147347,0.05561297386884689,17.53002298662156,17.532800772243142
2086,1450.6827655935228,0.05554494261741638,17.532800772243142,17.53557516673297
2087,1450.657067757391,0.05546166002750397,17.524472491126176,17.527242734338756
2088,1450.646702383049,0.05566240847110748,17.527242734338756,17.53002298405361
2089,1450.6546322673448,0.05561297386884689,17.53002298405361,17.53280076967519
2090,1450.6827657530382,0.05554494261741638,17.53280076967519,17.535575164165017
2091,1450.6570677819643,0.05546166002750397,17.52447252927783,17.52724277249041
2092,1450.646702338904,0.05566240847110748,17.52724277249041,17.530023022205263
2093,1450.6546322050515,0.05561297386884689,17.530023022205263,17.532800807826845
2094,1450.6827657106553,0.05554494261741638,17.532800807826845,17.53557520231667
2095,1450.65706775229,0.05546166002750397,17.524472552933442,17.527242796146023
2096,1450.6467023280861,0.05566240847110748,17.527242796146023,17.530023045860876
2097,1450.65463221737,0.05561297386884689,17.530023045860876,17.532800831482458
2098,1450.682765748926,0.05554494261741638,17.532800831482458,17.535575225972284
2099,1450.6570678812898,0.05546166002750397,17.52447251808784,17.52724276130042
2100,1450.646702473443,0.05566240847110748,17.52724276130042,17.530023011015274
2101,1450.6546323232583,0.05561297386884689,17.530023011015274,17.532800796636856
2102,1450.6827657742776,0.05554494261741638,17.532800796636856,17.535575191126682
2103,1450.6570680663615,0.05546166002750397,17.524472516838483,17.527242760051063
2104,1450.6467028139834,0.05566240847110748,17.527242760051063,17.530023009765916
2105,1450.6546328136103,0.05561297386884689,17.530023009765916,17.532800795387498
2106,1450.6827664078226,0.05554494261741638,17.532800795387498,17.535575189877324
2107,1450.6570687455437,0.05546166002750397,17.52447251053569,17.527242753748272
2108,1450.6467035332348,0.05566240847110748,17.527242753748272,17.530023003463125
2109,1450.654633568135,0.05561297386884689,17.530023003463125,17.532800789084707
2110,1450.6827671931728,0.055544935166835785,17.532800789084707,17.535575183202003
2111,1450.6570692027415,0.05546166002750397,17.524472495030817,17.527242738243398
2112,1450.6467036799645,0.05566240847110748,17.527242738243398,17.53002298795825
2113,1450.654633422579,0.05561297386884689,17.53002298795825,17.532800773579833
2114,1450.6827667739021,0.05554494261741638,17.532800773579833,17.53557516806966
2115,1450.6570687439678,0.05546166002750397,17.524472499425343,17.527242742637924
2116,1450.6467032035719,0.05566240847110748,17.527242742637924,17.530022992352777
2117,1450.6546329452008,0.05561297386884689,17.530022992352777,17.53280077797436
2118,1450.682766307674,0.055544935166835785,17.53280077797436,17.535575172091654
2119,1450.657068285562,0.05546166002750397,17.524472525302926,17.527242768515507
2120,1450.6467027862327,0.05566240847110748,17.527242768515507,17.53002301823036
2121,1450.6546325931033,0.05561297386884689,17.53002301823036,17.53280080385194
2122,1450.6827660356123,0.055544935166835785,17.53280080385194,17.535575197969237
2123,1450.6570680468305,0.05546166002750397,17.52447254410152,17.5272427873141
2124,1450.646702584799,0.05566240847110748,17.5272427873141,17.530023037028954
2125,1450.6546324313256,0.05561297386884689,17.530023037028954,17.532800822650536
2126,1450.6827659171292,0.05554494261741638,17.532800822650536,17.535575217140362
2127,1450.6570680490886,0.05546166002750397,17.524472515905305,17.527242759117886
2128,1450.6467026442033,0.05566240847110748,17.527242759117886,17.53002300883274
2129,1450.6546324994501,0.05561297386884689,17.53002300883274,17.53280079445432
2130,1450.6827659554478,0.05554494261741638,17.53280079445432,17.535575188944147
2131,1450.6570681814123,0.05546166002750397,17.52447251251711,17.52724275572969
2132,1450.6467028677653,0.05566240847110748,17.52724275572969,17.530023005444544
2133,1450.6546328107288,0.05561297386884689,17.530023005444544,17.532800791066126
2134,1450.6827663504132,0.05554494261741638,17.532800791066126,17.535575185555953
2135,1450.6570686108105,0.05546166002750397,17.524472505693286,17.527242748905866
2136,1450.6467033269748,0.05566240847110748,17.527242748905866,17.53002299862072
2137,1450.654633295825,0.05561297386884689,17.53002299862072,17.5328007842423
2138,1450.6827668602687,0.05554494261741638,17.5328007842423,17.535575178732127
2139,1450.6570688743295,0.05546166002750397,17.524472515239335,17.527242758451916
2140,1450.6467033848696,0.05566240847110748,17.527242758451916,17.53002300816677
2141,1450.6546331818006,0.05561297386884689,17.53002300816677,17.53280079378835
2142,1450.682766602253,0.05554494261741638,17.53280079378835,17.535575188278177
2143,1450.6570686383538,0.05546166002750397,17.52447251920319,17.52724276241577
2144,1450.6467031708207,0.05566240847110748,17.52724276241577,17.530023012130624
2145,1450.6546329892406,0.05561297386884689,17.530023012130624,17.532800797752206
2146,1450.682766430509,0.05554494261741638,17.532800797752206,17.53557519224203
2147,1450.6570684645114,0.05546166002750397,17.52447252115187,17.527242764364452
2148,1450.646702993508,0.05566240847110748,17.527242764364452,17.530023014079305
2149,1450.6546328074862,0.05561297386884689,17.530023014079305,17.532800799700887
2150,1450.6827662436563,0.05554494261741638,17.532800799700887,17.535575194190713
2151,1450.6570683582386,0.05546166002750397,17.524472509495943,17.527242752708524
2152,1450.646702943749,0.05566240847110748,17.527242752708524,17.530023002423377
2153,1450.654632795359,0.05561297386884689,17.530023002423377,17.53280078804496
2154,1450.6827662544556,0.05554494261741638,17.53280078804496,17.535575182534785
2155,1450.6570683666707,0.05546166002750397,17.524472521208338,17.52724276442092
2156,1450.6467029701823,0.05566240847110748,17.52724276442092,17.53002301413577
2157,1450.6546328547224,0.05561297386884689,17.53002301413577,17.532800799757354
2158,1450.6827663573733,0.05554494261741638,17.532800799757354,17.53557519424718
2159,1450.6570685028414,0.05546166002750397,17.524472526154394,17.527242769366975
2160,1450.6467031377135,0.05566240847110748,17.527242769366975,17.530023019081828
2161,1450.6546330516967,0.05561297386884689,17.530023019081828,17.53280080470341
2162,1450.682766581885,0.05554494261741638,17.53280080470341,17.535575199193236
2163,1450.657068662569,0.05546166002750397,17.524472519445723,17.527242762658304
2164,1450.6467032250496,0.05566240847110748,17.527242762658304,17.530023012373157
2165,1450.6546330621154,0.05561297386884689,17.530023012373157,17.53280079799474
2166,1450.6827665132366,0.05554494261741638,17.53280079799474,17.535575192484565
2167,1450.657068636464,0.05546166002750397,17.52447249217841,17.527242735390992
2168,1450.6467032071905,0.05566240847110748,17.527242735390992,17.530022985105845
2169,1450.654633026753,0.05561297386884689,17.530022985105845,17.532800770727427
2170,1450.682766441423,0.05554494261741638,17.532800770727427,17.535575165217253
2171,1450.6570685220283,0.05546166002750397,17.524472522743128,17.52724276595571
2172,1450.6467031089198,0.05566240847110748,17.52724276595571,17.53002301567056
2173,1450.6546329883076,0.05561297386884689,17.53002301567056,17.532800801292144
2174,1450.6827664944578,0.05554494261741638,17.532800801292144,17.53557519578197
2175,1450.6570685896086,0.05546166002750397,17.524472517031978,17.527242760244558
2176,1450.6467031714728,0.05566240847110748,17.527242760244558,17.53002300995941
2177,1450.654633031289,0.05561297386884689,17.53002300995941,17.532800795580993
2178,1450.6827665073142,0.05554494261741638,17.532800795580993,17.53557519007082
2179,1450.6570684540795,0.05546166002750397,17.52447252508731,17.527242768299892
2180,1450.6467029088883,0.05566240847110748,17.527242768299892,17.530023018014745
2181,1450.6546326596133,0.05561297386884689,17.530023018014745,17.532800803636327
2182,1450.6827660414028,0.055544935166835785,17.532800803636327,17.535575197753623
2183,1450.6570682448257,0.05546166002750397,17.52447252640003,17.52724276961261
2184,1450.6467029291575,0.05566240847110748,17.52724276961261,17.530023019327462
2185,1450.6546328854608,0.05561297386884689,17.530023019327462,17.532800804949044
2186,1450.6827664519576,0.05554494261741638,17.532800804949044,17.53557519943887
2187,1450.6570686078965,0.05546166002750397,17.524472530243106,17.527242773455686
2188,1450.6467032499734,0.05566240847110748,17.527242773455686,17.53002302317054
2189,1450.6546331686034,0.05561297386884689,17.53002302317054,17.53280080879212
2190,1450.6827667014509,0.05554494261741638,17.53280080879212,17.535575203281947
2191,1450.6570689029736,0.05546166002750397,17.524472526641162,17.527242769853743
2192,1450.6467035781702,0.05566240847110748,17.527242769853743,17.530023019568596
2193,1450.6546335200787,0.05561297386884689,17.530023019568596,17.532800805190178
2194,1450.6827670662674,0.05554494261741638,17.532800805190178,17.535575199680004
2195,1450.6570692228543,0.05546166002750397,17.524472505324734,17.527242748537315
2196,1450.6467038322442,0.05566240847110748,17.527242748537315,17.530022998252168
2197,1450.6546336938109,0.05561297386884689,17.530022998252168,17.53280078387375
2198,1450.6827671523051,0.05554494261741638,17.53280078387375,17.535575178363576
2199,1450.6570692564178,0.05546166002750397,17.52447251838136,17.52724276159394
2200,1450.6467038476417,0.05566240847110748,17.52724276159394,17.530023011308792
2201,1450.6546337169661,0.05561297386884689,17.530023011308792,17.532800796930374
2202,1450.6827672024604,0.05554494261741638,17.532800796930374,17.5355751914202
2203,1450.657069281384,0.05546166002750397,17.52447250484917,17.527242748061752
2204,1450.6467038314377,0.05566240847110748,17.527242748061752,17.530022997776605
2205,1450.6546336483127,0.05561297386884689,17.530022997776605,17.532800783398187
2206,1450.6827670737734,0.05554494261741638,17.532800783398187,17.535575177888013
2207,1450.657068982163,0.05546166002750397,17.524472490702195,17.527242733914775
2208,1450.646703367898,0.05566240847110748,17.527242733914775,17.530022983629628
2209,1450.6546330277295,0.05561297386884689,17.530022983629628,17.53280076925121
2210,1450.682766304098,0.05554494261741638,17.53280076925121,17.535575163741036
2211,1450.657068307836,0.05546166002750397,17.524472515188197,17.527242758400778
2212,1450.6467028223178,0.05566240847110748,17.527242758400778,17.53002300811563
2213,1450.6546326337873,0.05561297386884689,17.53002300811563,17.532800793737213
2214,1450.6827660764638,0.05554494261741638,17.532800793737213,17.53557518822704
2215,1450.6570680849202,0.05546166002750397,17.524472525254872,17.527242768467453
2216,1450.6467026054993,0.05566240847110748,17.527242768467453,17.530023018182305
2217,1450.6546324239928,0.05561297386884689,17.530023018182305,17.532800803803887
2218,1450.6827658742675,0.05554494261741638,17.532800803803887,17.535575198293714
2219,1450.6570678654393,0.05546166002750397,17.52447250917196,17.52724275238454
2220,1450.6467023399853,0.05566240847110748,17.52724275238454,17.530023002099394
2221,1450.6546320917028,0.05561297386884689,17.530023002099394,17.532800787720976
2222,1450.6827654607748,0.05554494261741638,17.532800787720976,17.535575182210803
2223,1450.6570676066685,0.05546166002750397,17.524472512278724,17.527242755491304
2224,1450.6467022312793,0.05566240847110748,17.527242755491304,17.530023005206157
2225,1450.654632127183,0.05561297386884689,17.530023005206157,17.53280079082774
2226,1450.6827656337439,0.05554494261741638,17.53280079082774,17.535575185317565
2227,1450.6570678261673,0.05546166002750397,17.52447251774794,17.527242760960522
2228,1450.6467025000998,0.05566240847110748,17.527242760960522,17.530023010675375
2229,1450.6546324466221,0.05561297386884689,17.530023010675375,17.532800796296957
2230,1450.68276600396,0.05554494261741638,17.532800796296957,17.535575190786783
2231,1450.6570680887157,0.05546166002750397,17.524472520382744,17.527242763595325
2232,1450.6467026643388,0.05566240847110748,17.527242763595325,17.530023013310178
2233,1450.6546325211145,0.05561297386884689,17.530023013310178,17.53280079893176
2234,1450.682765996537,0.05554494261741638,17.53280079893176,17.535575193421586
2235,1450.6570681153235,0.05546166002750397,17.524472516619554,17.527242759832134
2236,1450.6467027142307,0.05566240847110748,17.527242759832134,17.530023009546987
2237,1450.6546325858897,0.05561297386884689,17.530023009546987,17.53280079516857
2238,1450.6827660696813,0.05554494261741638,17.53280079516857,17.535575189658395
2239,1450.657068200458,0.05546166002750397,17.524472506281363,17.527242749493944
2240,1450.6467027989763,0.05566240847110748,17.527242749493944,17.530022999208796
2241,1450.654632661006,0.05561297386884689,17.530022999208796,17.53280078483038
2242,1450.6827661284233,0.05554494261741638,17.53280078483038,17.535575179320205
2243,1450.657068231637,0.05546166002750397,17.5244725086186,17.52724275183118
2244,1450.6467028150068,0.05566240847110748,17.52724275183118,17.530023001546034
2245,1450.6546326714074,0.05561297386884689,17.530023001546034,17.532800787167616
2246,1450.682766140398,0.05554494261741638,17.532800787167616,17.535575181657443
2247,1450.6570682363763,0.05546166002750397,17.52447253992191,17.52724278313449
2248,1450.6467028521165,0.05566240847110748,17.52724278313449,17.530023032849343
2249,1450.6546327699537,0.05561297386884689,17.530023032849343,17.532800818470925
2250,1450.6827663211034,0.05554494261741638,17.532800818470925,17.53557521296075
2251,1450.657068428898,0.05546166002750397,17.52447251604286,17.52724275925544
2252,1450.6467030073875,0.05566240847110748,17.52724275925544,17.530023008970293
2253,1450.654632851911,0.05561297386884689,17.530023008970293,17.532800794591875
2254,1450.6827663039817,0.05554494261741638,17.532800794591875,17.5355751890817
2255,1450.6570683960736,0.05546166002750397,17.524472523400682,17.527242766613263
2256,1450.6467029756989,0.05566240847110748,17.527242766613263,17.530023016328116
2257,1450.6546328339202,0.05561297386884689,17.530023016328116,17.532800801949698
2258,1450.6827663088538,0.05554494261741638,17.532800801949698,17.535575196439524
2259,1450.6570686015725,0.05546166002750397,17.524472529690204,17.527242772902785
2260,1450.646703369664,0.05566240847110748,17.527242772902785,17.530023022617637
2261,1450.654633404252,0.05561297386884689,17.530023022617637,17.53280080823922
2262,1450.6827670433847,0.055544935166835785,17.53280080823922,17.535575202356515
2263,1450.657069143487,0.05546166002750397,17.5244725150507,17.52724275826328
2264,1450.6467037138893,0.05566240847110748,17.52724275826328,17.530023007978134
2265,1450.6546335501616,0.05561297386884689,17.530023007978134,17.532800793599716
2266,1450.682766993993,0.05554494261741638,17.532800793599716,17.535575188089542
2267,1450.6570690979925,0.05546166002750397,17.52447251047214,17.52724275368472
2268,1450.6467036737756,0.05566240847110748,17.52724275368472,17.530023003399574
2269,1450.6546335164542,0.05561297386884689,17.530023003399574,17.532800789021156
2270,1450.6827669673582,0.05554494261741638,17.532800789021156,17.535575183510982
2271,1450.6570690928086,0.05546166002750397,17.52447253059228,17.52724277380486
2272,1450.646703718338,0.05566240847110748,17.52724277380486,17.530023023519714
2273,1450.6546336311046,0.05561297386884689,17.530023023519714,17.532800809141296
2274,1450.6827671639542,0.05554494261741638,17.532800809141296,17.535575203631122
2275,1450.6570692179362,0.05546166002750397,17.52447250139985,17.52724274461243
2276,1450.6467037333691,0.05566240847110748,17.52724274461243,17.530022994327283
2277,1450.654633508944,0.05561297386884689,17.530022994327283,17.532800779948865
2278,1450.6827668887743,0.05554494261741638,17.532800779948865,17.53557517443869
2279,1450.6570688655981,0.05546166002750397,17.52447250800938,17.527242751221962
2280,1450.64670333298,0.05566240847110748,17.527242751221962,17.530023000936815
2281,1450.6546330830201,0.05561297386884689,17.530023000936815,17.532800786558397
2282,1450.6827664545453,0.05554494261741638,17.532800786558397,17.535575181048223
2283,1450.6570685775725,0.05546166002750397,17.524472508179503,17.527242751392084
2284,1450.6467031805287,0.05566240847110748,17.527242751392084,17.530023001106937
2285,1450.6546330560343,0.05561297386884689,17.530023001106937,17.53280078672852
2286,1450.6827665434664,0.05554494261741638,17.53280078672852,17.535575181218345
2287,1450.6570684800718,0.05546166002750397,17.524472508049765,17.527242751262346
2288,1450.6467029139399,0.05566240847110748,17.527242751262346,17.5300230009772
2289,1450.6546326360112,0.05561297386884689,17.5300230009772,17.53280078659878
2290,1450.6827659838505,0.055544935166835785,17.53280078659878,17.535575180716076
2291,1450.6570680209677,0.05546166002750397,17.524472525676586,17.527242768889167
2292,1450.6467025679256,0.05566240847110748,17.527242768889167,17.53002301860402
2293,1450.6546324106705,0.05561297386884689,17.53002301860402,17.5328008042256
2294,1450.6827658832194,0.05554494261741638,17.5328008042256,17.535575198715428
2295,1450.6570680040768,0.05546166002750397,17.524472538922286,17.527242782134866
2296,1450.646702631766,0.05566240847110748,17.527242782134866,17.53002303184972
2297,1450.6546325516974,0.05561297386884689,17.53002303184972,17.5328008174713
2298,1450.6827660975437,0.05554494261741638,17.5328008174713,17.535575211961127
2299,1450.6570682503823,0.05546166002750397,17.524472509120745,17.527242752333326
2300,1450.6467028580137,0.05566240847110748,17.527242752333326,17.53002300204818
2301,1450.6546327193323,0.05561297386884689,17.53002300204818,17.53280078766976
2302,1450.6827661764926,0.05554494261741638,17.53280078766976,17.535575182159587
2303,1450.6570683515715,0.05546166002750397,17.524472506556815,17.527242749769396
2304,1450.6467029896096,0.05566240847110748,17.527242749769396,17.53002299948425
2305,1450.6546328869545,0.05561297386884689,17.53002299948425,17.53280078510583
2306,1450.682766385981,0.05554494261741638,17.53280078510583,17.535575179595657
2307,1450.6570685840838,0.05546166002750397,17.52447251313467,17.52724275634725
2308,1450.6467032585556,0.05566240847110748,17.52724275634725,17.530023006062102
2309,1450.654633201772,0.05561297386884689,17.530023006062102,17.532800791683684
2310,1450.6827667529874,0.05554494261741638,17.532800791683684,17.53557518617351
2311,1450.6570687397646,0.05546166002750397,17.52447250567782,17.5272427488904
2312,1450.6467032120347,0.05566240847110748,17.5272427488904,17.530022998605254
2313,1450.6546329631005,0.05561297386884689,17.530022998605254,17.532800784226836
2314,1450.6827663324432,0.055544935166835785,17.532800784226836,17.535575178344132
2315,1450.6570683097107,0.05546166002750397,17.524472497944842,17.527242741157423
2316,1450.6467027686808,0.05566240847110748,17.527242741157423,17.530022990872276
2317,1450.6546325038296,0.05561297386884689,17.530022990872276,17.532800776493858
2318,1450.682765855863,0.05554494261741638,17.532800776493858,17.535575170983684
2319,1450.6570678924763,0.05546166002750397,17.524472518380865,17.527242761593445
2320,1450.6467024368353,0.05566240847110748,17.527242761593445,17.530023011308298
2321,1450.6546322754612,0.05561297386884689,17.530023011308298,17.53280079692988
2322,1450.6827657428241,0.05554494261741638,17.53280079692988,17.535575191419706
2323,1450.6570677947545,0.05546166002750397,17.52447251013753,17.527242753350112
2324,1450.646702333124,0.05566240847110748,17.527242753350112,17.530023003064965
2325,1450.6546321499363,0.05561297386884689,17.530023003064965,17.532800788686547
2326,1450.6827655817988,0.05554494261741638,17.532800788686547,17.535575183176373
2327,1450.657067610723,0.05546166002750397,17.524472525900773,17.527242769113354
2328,1450.6467021476738,0.05566240847110748,17.527242769113354,17.530023018828206
2329,1450.6546319792144,0.05561297386884689,17.530023018828206,17.53280080444979
2330,1450.6827654398417,0.05554494261741638,17.53280080444979,17.535575198939615
2331,1450.6570676467186,0.05546166002750397,17.524472512237296,17.527242755449876
2332,1450.6467023196042,0.05566240847110748,17.527242755449876,17.53002300516473
2333,1450.6546322535144,0.05561297386884689,17.53002300516473,17.53280079078631
2334,1450.6827657898014,0.05554494261741638,17.53280079078631,17.535575185276137
2335,1450.6570678988069,0.05546166002750397,17.524472520555896,17.527242763768477
2336,1450.6467024968526,0.05566240847110748,17.527242763768477,17.53002301348333
2337,1450.6546323743269,0.05561297386884689,17.53002301348333,17.532800799104912
2338,1450.6827658688283,0.05554494261741638,17.532800799104912,17.535575193594738
2339,1450.6570680789034,0.05546166002750397,17.524472514975376,17.527242758187956
2340,1450.6467027589556,0.05566240847110748,17.527242758187956,17.53002300790281
2341,1450.6546327028836,0.05561297386884689,17.53002300790281,17.53280079352439
2342,1450.6827662511587,0.05554494261741638,17.53280079352439,17.535575188014217
2343,1450.6570683370355,0.05546166002750397,17.524472518214473,17.527242761427054
2344,1450.6467029098942,0.05566240847110748,17.527242761427054,17.530023011141907
2345,1450.6546327610477,0.05561297386884689,17.530023011141907,17.53280079676349
2346,1450.6827662288035,0.05554494261741638,17.53280079676349,17.535575191253315
2347,1450.657068360367,0.05546166002750397,17.524472503371157,17.527242746583738
2348,1450.6467029560197,0.05566240847110748,17.527242746583738,17.53002299629859
2349,1450.654632812502,0.05561297386884689,17.53002299629859,17.532800781920173
2350,1450.6827662724588,0.05554494261741638,17.532800781920173,17.53557517641
2351,1450.6570683204486,0.05546166002750397,17.524472508592616,17.527242751805197
2352,1450.6467028553243,0.05566240847110748,17.527242751805197,17.53002300152005
2353,1450.6546326690348,0.05561297386884689,17.53002300152005,17.532800787141632
2354,1450.6827661003545,0.05554494261741638,17.532800787141632,17.535575181631458
2355,1450.6570681823905,0.05546166002750397,17.524472512887023,17.527242756099604
2356,1450.64670275412,0.05566240847110748,17.527242756099604,17.530023005814456
2357,1450.6546326061916,0.05561297386884689,17.530023005814456,17.53280079143604
2358,1450.6827660763836,0.05554494261741638,17.53280079143604,17.535575185925865
2359,1450.657068089465,0.05546166002750397,17.52447251703827,17.52724276025085
2360,1450.6467026008552,0.05566240847110748,17.52724276025085,17.530023009965703
2361,1450.654632399987,0.05561297386884689,17.530023009965703,17.532800795587285
2362,1450.6827658236114,0.05554494261741638,17.532800795587285,17.53557519007711
2363,1450.6570679159042,0.05546166002750397,17.524472522424908,17.52724276563749
2364,1450.6467025020393,0.05566240847110748,17.52724276563749,17.53002301535234
2365,1450.6546323713808,0.05561297386884689,17.53002301535234,17.532800800973924
2366,1450.6827658607015,0.05554494261741638,17.532800800973924,17.53557519546375
2367,1450.657067993491,0.05546166002750397,17.524472509277558,17.52724275249014
2368,1450.6467025956404,0.05566240847110748,17.52724275249014,17.53002300220499
2369,1450.6546324624508,0.05561297386884689,17.53002300220499,17.532800787826574
2370,1450.6827659354292,0.05554494261741638,17.532800787826574,17.5355751823164
2371,1450.657068064123,0.05546166002750397,17.524472524256183,17.527242767468763
2372,1450.6467026865553,0.05566240847110748,17.527242767468763,17.530023017183616
2373,1450.6546325915367,0.05561297386884689,17.530023017183616,17.5328008028052
2374,1450.6827661154364,0.05554494261741638,17.5328008028052,17.535575197295024
2375,1450.6570682871734,0.05546166002750397,17.524472510166284,17.527242753378864
2376,1450.6467029250991,0.05566240847110748,17.527242753378864,17.530023003093717
2377,1450.6546328247448,0.05561297386884689,17.530023003093717,17.5328007887153
2378,1450.6827663278366,0.05554494261741638,17.5328007887153,17.535575183205125
2379,1450.6570683635957,0.05546166002750397,17.524472503630573,17.527242746843154
2380,1450.6467028759146,0.05566240847110748,17.527242746843154,17.530022996558007
2381,1450.6546326597133,0.05561297386884689,17.530022996558007,17.53280078217959
2382,1450.6827660557994,0.055544935166835785,17.53280078217959,17.535575176296884
2383,1450.6570681823023,0.05546166002750397,17.52447252398964,17.52724276720222
2384,1450.6467028085638,0.05566240847110748,17.52724276720222,17.530023016917074
2385,1450.6546327218127,0.05561297386884689,17.530023016917074,17.532800802538656
2386,1450.6827662571652,0.05554494261741638,17.532800802538656,17.535575197028482
2387,1450.657068325126,0.05546166002750397,17.524472507869103,17.527242751081683
2388,1450.646702868738,0.05566240847110748,17.527242751081683,17.530023000796536
2389,1450.654632682649,0.05561297386884689,17.530023000796536,17.532800786418118
2390,1450.6827661077878,0.05554494261741638,17.532800786418118,17.535575180907944
2391,1450.6570681246965,0.05546166002750397,17.524472516804742,17.527242760017323
2392,1450.6467026383466,0.05566240847110748,17.527242760017323,17.530023009732176
2393,1450.6546324385308,0.05561297386884689,17.530023009732176,17.532800795353758
2394,1450.6827658600748,0.05554494261741638,17.532800795353758,17.535575189843584
2395,1450.6570680325046,0.05546166002750397,17.52447251068955,17.52724275390213
2396,1450.6467026774003,0.05566240847110748,17.52724275390213,17.530023003616982
2397,1450.6546325885952,0.05561297386884689,17.530023003616982,17.532800789238564
2398,1450.682766106473,0.05554494261741638,17.532800789238564,17.53557518372839
2399,1450.6570681500414,0.05546166002750397,17.524472514485048,17.52724275769763
2400,1450.6467026846299,0.05566240847110748,17.52724275769763,17.53002300741248
2401,1450.6546325011436,0.05561297386884689,17.53002300741248,17.532800793034063
2402,1450.6827659375278,0.05554494261741638,17.532800793034063,17.53557518752389
2403,1450.6570680540292,0.05546166002750397,17.524472511414363,17.527242754626943
2404,1450.6467026500866,0.05566240847110748,17.527242754626943,17.530023004341796
2405,1450.6546325185213,0.05561297386884689,17.530023004341796,17.532800789963378
2406,1450.682765998864,0.05554494261741638,17.532800789963378,17.535575184453204
2407,1450.657068070611,0.05546166002750397,17.524472517325183,17.527242760537764
2408,1450.646702634338,0.05566240847110748,17.527242760537764,17.530023010252616
2409,1450.6546324802405,0.05561297386884689,17.530023010252616,17.5328007958742
2410,1450.6827659457294,0.05554494261741638,17.5328007958742,17.535575190364025
2411,1450.6570680497323,0.05546166002750397,17.524472501656096,17.527242744868676
2412,1450.646702620988,0.05566240847110748,17.527242744868676,17.53002299458353
2413,1450.6546324558274,0.05561297386884689,17.53002299458353,17.53280078020511
2414,1450.6827658965447,0.05554494261741638,17.53280078020511,17.535575174694937
2415,1450.6570679340489,0.05546166002750397,17.524472496836626,17.527242740049207
2416,1450.6467024477488,0.05566240847110748,17.527242740049207,17.53002298976406
2417,1450.6546322326374,0.05561297386884689,17.53002298976406,17.532800775385642
2418,1450.6827656298872,0.05554494261741638,17.532800775385642,17.535575169875468
2419,1450.657067697065,0.05546166002750397,17.524472509279235,17.527242752491816
2420,1450.6467022596928,0.05566240847110748,17.527242752491816,17.53002300220667
2421,1450.654632107111,0.05561297386884689,17.53002300220667,17.53280078782825
2422,1450.6827655760487,0.05554494261741638,17.53280078782825,17.535575182318077
2423,1450.6570675880785,0.05546166002750397,17.524472516522177,17.527242759734758
2424,1450.646702104192,0.05566240847110748,17.527242759734758,17.53002300944961
2425,1450.6546319122863,0.05561297386884689,17.53002300944961,17.532800795071193
2426,1450.6827653478974,0.05554494261741638,17.532800795071193,17.53557518956102
2427,1450.6570674077727,0.05546166002750397,17.52447253793728,17.527242781149862
2428,1450.646701986014,0.05566240847110748,17.527242781149862,17.530023030864715
2429,1450.6546318659064,0.05561297386884689,17.530023030864715,17.532800816486297
2430,1450.682765379383,0.05554494261741638,17.532800816486297,17.535575210976123
2431,1450.657067596815,0.05546166002750397,17.52447252754636,17.527242770758942
2432,1450.6467022891354,0.05566240847110748,17.527242770758942,17.530023020473795
2433,1450.6546322487977,0.05561297386884689,17.530023020473795,17.532800806095377
2434,1450.6827658151376,0.05554494261741638,17.532800806095377,17.535575200585203
2435,1450.6570680303623,0.05546166002750397,17.524472513269778,17.52724275648236
2436,1450.6467027027325,0.05566240847110748,17.52724275648236,17.53002300619721
2437,1450.6546326295118,0.05561297386884689,17.53002300619721,17.532800791818794
2438,1450.6827661538382,0.05554494261741638,17.532800791818794,17.53557518630862
2439,1450.6570684173048,0.05546166002750397,17.524472513784673,17.527242756997254
2440,1450.6467031430966,0.05566240847110748,17.527242756997254,17.530023006712106
2441,1450.654633126317,0.05561297386884689,17.530023006712106,17.53280079233369
2442,1450.6827667084408,0.05554494261741638,17.53280079233369,17.535575186823515
2443,1450.6570688473776,0.05546166002750397,17.524472522335294,17.527242765547875
2444,1450.646703473577,0.05566240847110748,17.527242765547875,17.530023015262728
2445,1450.6546333774288,0.05561297386884689,17.530023015262728,17.53280080088431
2446,1450.6827668965607,0.05554494261741638,17.53280080088431,17.535575195374136
2447,1450.6570689518635,0.05546166002750397,17.524472517771926,17.527242760984507
2448,1450.6467034925429,0.05566240847110748,17.527242760984507,17.53002301069936
2449,1450.6546333108329,0.05561297386884689,17.53002301069936,17.53280079632094
2450,1450.6827667457405,0.05554494261741638,17.53280079632094,17.535575190810768
2451,1450.6570688045815,0.05546166002750397,17.524472510178764,17.527242753391345
2452,1450.6467033406568,0.05566240847110748,17.527242753391345,17.530023003106198
2453,1450.6546331483346,0.05561297386884689,17.530023003106198,17.53280078872778
2454,1450.6827665683136,0.05554494261741638,17.53280078872778,17.535575183217606
2455,1450.6570686498471,0.05546166002750397,17.524472493904415,17.527242737116996
2456,1450.6467031927243,0.05566240847110748,17.527242737116996,17.53002298683185
2457,1450.654632995228,0.05561297386884689,17.53002298683185,17.53280077245343
2458,1450.6827664011748,0.05554494261741638,17.53280077245343,17.535575166943257
2459,1450.6570684041385,0.05546166002750397,17.52447250167386,17.52724274488644
2460,1450.6467028977697,0.05566240847110748,17.52724274488644,17.530022994601293
2461,1450.6546326737243,0.05561297386884689,17.530022994601293,17.532800780222875
2462,1450.682766070196,0.055544935166835785,17.532800780222875,17.53557517434017
2463,1450.6570680733018,0.05546166002750397,17.524472527157336,17.527242770369917
2464,1450.6467025983118,0.05566240847110748,17.527242770369917,17.53002302008477
2465,1450.6546324284748,0.05561297386884689,17.53002302008477,17.53280080570635
2466,1450.6827658956408,0.05554494261741638,17.53280080570635,17.535575200196178
2467,1450.6570678928092,0.05546166002750397,17.524472508783578,17.52724275199616
2468,1450.6467023743,0.05566240847110748,17.52724275199616,17.53002300171101
2469,1450.6546321335607,0.05561297386884689,17.53002300171101,17.532800787332594
2470,1450.6827655105026,0.05554494261741638,17.532800787332594,17.53557518182242
2471,1450.6570675804278,0.05546166002750397,17.524472530583477,17.527242773796058
2472,1450.6467021587448,0.05566240847110748,17.527242773796058,17.53002302351091
2473,1450.6546320312616,0.05561297386884689,17.53002302351091,17.532800809132493
2474,1450.6827655297027,0.05554494261741638,17.532800809132493,17.53557520362232
2475,1450.6570678133908,0.05546166002750397,17.524472526556668,17.52724276976925
2476,1450.6467025695265,0.05566240847110748,17.52724276976925,17.5300230194841
2477,1450.6546325901627,0.05561297386884689,17.5300230194841,17.532800805105683
2478,1450.6827662143808,0.05554494261741638,17.532800805105683,17.53557519959551
2479,1450.6570683170182,0.05546166002750397,17.524472494096468,17.52724273730905
2480,1450.6467028667646,0.05566240847110748,17.52724273730905,17.5300229870239
2481,1450.654632665388,0.05561297386884689,17.5300229870239,17.532800772645484
2482,1450.6827660591757,0.055544935166835785,17.532800772645484,17.53557516676278
2483,1450.6570681945705,0.05546166002750397,17.52447249431984,17.527242737532422
2484,1450.6467027943524,0.05566240847110748,17.527242737532422,17.530022987247275
2485,1450.6546326551259,0.05561297386884689,17.530022987247275,17.532800772868857
2486,1450.6827661194304,0.05554494261741638,17.532800772868857,17.535575167358683
2487,1450.6570682018937,0.05546166002750397,17.52447252493835,17.52724276815093
2488,1450.6467027986685,0.05566240847110748,17.52724276815093,17.530023017865783
2489,1450.6546326937776,0.05561297386884689,17.530023017865783,17.532800803487365
2490,1450.682766219759,0.05554494261741638,17.532800803487365,17.53557519797719
2491,1450.6570681964704,0.05546166002750397,17.52447253382484,17.527242777037422
2492,1450.6467026915163,0.05566240847110748,17.527242777037422,17.530023026752275
2493,1450.6546324895223,0.05561297386884689,17.530023026752275,17.532800812373857
2494,1450.6827659211885,0.05554494261741638,17.532800812373857,17.535575206863683
2495,1450.6570679759616,0.05546166002750397,17.52447250689704,17.52724275010962
2496,1450.6467024970757,0.05566240847110748,17.52724275010962,17.530022999824475
2497,1450.6546322818895,0.05561297386884689,17.530022999824475,17.532800785446057
2498,1450.6827656734633,0.05554494261741638,17.532800785446057,17.535575179935883
2499,1450.6570678644,0.05546166002750397,17.524472503175748,17.52724274638833
2500,1450.6467025167776,0.05566240847110748,17.52724274638833,17.53002299610318
2501,1450.6546324270992,0.05561297386884689,17.53002299610318,17.532800781724763
2502,1450.6827659378775,0.05554494261741638,17.532800781724763,17.53557517621459
2503,1450.6570681174067,0.05546166002750397,17.524472505728475,17.527242748941056
2504,1450.6467027701228,0.05566240847110748,17.527242748941056,17.53002299865591
2505,1450.6546326895555,0.05561297386884689,17.53002299865591,17.53280078427749
2506,1450.6827662158546,0.05554494261741638,17.53280078427749,17.535575178767317
2507,1450.6570682077493,0.05546166002750397,17.524472514543458,17.52724275775604
2508,1450.6467027018482,0.05566240847110748,17.52724275775604,17.53002300747089
2509,1450.6546324868777,0.05561297386884689,17.53002300747089,17.532800793092473
2510,1450.68276589901,0.05554494261741638,17.532800793092473,17.5355751875823
2511,1450.6570679291483,0.05546166002750397,17.5244725203571,17.52724276356968
2512,1450.6467024600804,0.05566240847110748,17.52724276356968,17.530023013284534
2513,1450.654632280297,0.05561297386884689,17.530023013284534,17.532800798906116
2514,1450.6827657258202,0.05554494261741638,17.532800798906116,17.535575193395943
2515,1450.6570678259584,0.05546166002750397,17.52447252762389,17.52724277083647
2516,1450.6467024232884,0.05566240847110748,17.52724277083647,17.530023020551322
2517,1450.6546323061466,0.05561297386884689,17.530023020551322,17.532800806172904
2518,1450.6827658104999,0.05554494261741638,17.532800806172904,17.53557520066273
2519,1450.657067989988,0.05546166002750397,17.52447251921867,17.52724276243125
2520,1450.6467026421499,0.05566240847110748,17.52724276243125,17.530023012146103
2521,1450.6546325606453,0.05561297386884689,17.530023012146103,17.532800797767685
2522,1450.6827660857277,0.05554494261741638,17.532800797767685,17.53557519225751
2523,1450.6570682576235,0.05546166002750397,17.52447251202298,17.527242755235562
2524,1450.6467028964141,0.05566240847110748,17.527242755235562,17.530023004950415
2525,1450.6546327974381,0.05561297386884689,17.530023004950415,17.532800790571997
2526,1450.6827663022686,0.05554494261741638,17.532800790571997,17.535575185061823
2527,1450.657068463149,0.05546166002750397,17.524472507688234,17.527242750900815
2528,1450.6467030923873,0.05566240847110748,17.527242750900815,17.530023000615667
2529,1450.6546329851074,0.05561297386884689,17.530023000615667,17.53280078623725
2530,1450.6827664827028,0.05554494261741638,17.53280078623725,17.535575180727076
2531,1450.6570685473273,0.05546166002750397,17.524472507249584,17.527242750462165
2532,1450.646703093735,0.05566240847110748,17.527242750462165,17.530023000177017
2533,1450.654632914981,0.05561297386884689,17.530023000177017,17.5328007857986
2534,1450.6827663507308,0.05554494261741638,17.5328007857986,17.535575180288426
2535,1450.6570683733044,0.05546166002750397,17.524472512174135,17.527242755386716
2536,1450.6467028899804,0.05566240847110748,17.527242755386716,17.53002300510157
2537,1450.6546326911732,0.05561297386884689,17.53002300510157,17.53280079072315
2538,1450.6827661141133,0.055544935166835785,17.53280079072315,17.535575184840447
2539,1450.657068141806,0.05546166002750397,17.524472511256416,17.527242754468997
2540,1450.6467026601538,0.05566240847110748,17.527242754468997,17.53002300418385
2541,1450.6546324604153,0.05561297386884689,17.53002300418385,17.53280078980543
2542,1450.6827658807997,0.05554494261741638,17.53280078980543,17.535575184295258
2543,1450.6570679249767,0.05546166002750397,17.524472506905045,17.527242750117626
2544,1450.6467024528235,0.05566240847110748,17.527242750117626,17.53002299983248
2545,1450.6546322572137,0.05561297386884689,17.53002299983248,17.53280078545406
2546,1450.6827656776493,0.05554494261741638,17.53280078545406,17.535575179943887
2547,1450.657067775829,0.05546166002750397,17.524472533061203,17.527242776273784
2548,1450.6467023866628,0.05566240847110748,17.527242776273784,17.530023025988637
2549,1450.6546322943618,0.05561297386884689,17.530023025988637,17.53280081161022
2550,1450.6827658294144,0.05554494261741638,17.53280081161022,17.535575206100045
2551,1450.6570679775944,0.05546166002750397,17.524472509982218,17.5272427531948
2552,1450.646702590696,0.05566240847110748,17.5272427531948,17.53002300290965
2553,1450.654632464966,0.05561297386884689,17.53002300290965,17.532800788531233
2554,1450.6827659426747,0.05554494261741638,17.532800788531233,17.53557518302106
2555,1450.6570680166622,0.05546166002750397,17.524472516721808,17.52724275993439
2556,1450.6467025780746,0.05566240847110748,17.52724275993439,17.53002300964924
2557,1450.6546324182955,0.05561297386884689,17.53002300964924,17.532800795270823
2558,1450.6827658756772,0.05554494261741638,17.532800795270823,17.53557518976065
2559,1450.6570681221056,0.05546166002750397,17.524472524510763,17.527242767723344
2560,1450.646702849034,0.05566240847110748,17.527242767723344,17.530023017438197
2561,1450.6546328469492,0.05561297386884689,17.530023017438197,17.53280080305978
2562,1450.6827664536584,0.05554494261741638,17.53280080305978,17.535575197549605
2563,1450.6570685286474,0.05546166002750397,17.524472508622523,17.527242751835104
2564,1450.6467030750607,0.05566240847110748,17.527242751835104,17.530023001549957
2565,1450.6546328885693,0.05561297386884689,17.530023001549957,17.53280078717154
2566,1450.682766310918,0.05554494261741638,17.53280078717154,17.535575181661365
2567,1450.6570683993457,0.05546166002750397,17.52447251409911,17.52724275731169
2568,1450.6467029724004,0.05566240847110748,17.52724275731169,17.530023007026543
2569,1450.6546328219893,0.05561297386884689,17.530023007026543,17.532800792648125
2570,1450.6827662868925,0.05554494261741638,17.532800792648125,17.53557518713795
2571,1450.6570684398355,0.05546166002750397,17.524472533614933,17.527242776827514
2572,1450.6467030948716,0.05566240847110748,17.527242776827514,17.530023026542366
2573,1450.6546330381761,0.05561297386884689,17.530023026542366,17.53280081216395
2574,1450.682766604057,0.05554494261741638,17.53280081216395,17.535575206653775
2575,1450.65706869788,0.05546166002750397,17.52447252497254,17.527242768185122
2576,1450.6467032760704,0.05566240847110748,17.527242768185122,17.530023017899975
2577,1450.6546331305135,0.05561297386884689,17.530023017899975,17.532800803521557
2578,1450.6827665999779,0.05554494261741638,17.532800803521557,17.535575198011383
2579,1450.6570687205317,0.05546166002750397,17.524472516667604,17.527242759880185
2580,1450.6467033130739,0.05566240847110748,17.527242759880185,17.530023009595038
2581,1450.6546331723926,0.05561297386884689,17.530023009595038,17.53280079521662
2582,1450.6827666395777,0.05554494261741638,17.53280079521662,17.535575189706446
2583,1450.657068835775,0.05546166002750397,17.52447250811483,17.52724275132741
2584,1450.6467034924026,0.05566240847110748,17.52724275132741,17.530023001042263
2585,1450.6546334061509,0.05561297386884689,17.530023001042263,17.532800786663845
2586,1450.682766919686,0.05554494261741638,17.532800786663845,17.53557518115367
2587,1450.6570689970447,0.05546166002750397,17.524472510427398,17.527242753639978
2588,1450.6467035561627,0.05566240847110748,17.527242753639978,17.53002300335483
2589,1450.6546333898975,0.05561297386884689,17.53002300335483,17.532800788976413
2590,1450.6827668377707,0.05554494261741638,17.532800788976413,17.53557518346624
2591,1450.6570688702516,0.05546166002750397,17.524472521235097,17.527242764447678
2592,1450.6467034034536,0.05566240847110748,17.527242764447678,17.53002301416253
2593,1450.6546332258513,0.05561297386884689,17.53002301416253,17.532800799784113
2594,1450.6827666734569,0.05554494261741638,17.532800799784113,17.53557519427394
2595,1450.6570686962955,0.05546166002750397,17.524472512392276,17.527242755604856
2596,1450.6467032041091,0.05566240847110748,17.527242755604856,17.53002300531971
2597,1450.6546329897603,0.05561297386884689,17.53002300531971,17.53280079094129
2598,1450.6827663924162,0.055544935166835785,17.53280079094129,17.535575185058587
2599,1450.6570684193994,0.05546166002750397,17.52447249118687,17.52724273439945
2600,1450.646702908851,0.05566240847110748,17.52724273439945,17.530022984114304
2601,1450.6546326596235,0.05561297386884689,17.530022984114304,17.532800769735886
2602,1450.6827660156257,0.055544935166835785,17.532800769735886,17.53557516385318
2603,1450.6570680658429,0.05546166002750397,17.52447250331806,17.52724274653064
2604,1450.646702606097,0.05566240847110748,17.52724274653064,17.530022996245492
2605,1450.6546324274575,0.05561297386884689,17.530022996245492,17.532800781867074
2606,1450.682765868005,0.05554494261741638,17.532800781867074,17.5355751763569
2607,1450.6570678948378,0.05546166002750397,17.52447251531349,17.52724275852607
2608,1450.6467024269555,0.05566240847110748,17.52724275852607,17.530023008240924
2609,1450.6546322516979,0.05561297386884689,17.530023008240924,17.532800793862506
2610,1450.6827657019596,0.05554494261741638,17.532800793862506,17.535575188352333
2611,1450.6570676700078,0.05546166002750397,17.524472522894527,17.527242766107108
2612,1450.6467021492842,0.05566240847110748,17.527242766107108,17.53002301582196
2613,1450.654631926466,0.05561297386884689,17.53002301582196,17.532800801443543
2614,1450.682765333868,0.05554494261741638,17.532800801443543,17.53557519593337
2615,1450.657067466673,0.05546166002750397,17.524472536893132,17.527242780105713
2616,1450.6467021039864,0.05566240847110748,17.527242780105713,17.530023029820565
2617,1450.6546320316515,0.05561297386884689,17.530023029820565,17.532800815442148
2618,1450.682765583695,0.05554494261741638,17.532800815442148,17.535575209931974
2619,1450.6570678219325,0.05546166002750397,17.524472517271132,17.527242760483713
2620,1450.6467025188947,0.05566240847110748,17.527242760483713,17.530023010198565
2621,1450.654632471051,0.05561297386884689,17.530023010198565,17.532800795820147
2622,1450.6827660209328,0.05554494261741638,17.532800795820147,17.535575190309974
2623,1450.657068215116,0.05546166002750397,17.524472502798446,17.527242746011026
2624,1450.646702861611,0.05566240847110748,17.527242746011026,17.53002299572588
2625,1450.6546327593219,0.05561297386884689,17.53002299572588,17.53280078134746
2626,1450.6827662526644,0.05554494261741638,17.53280078134746,17.535575175837288
2627,1450.6570684487556,0.05546166002750397,17.524472513785465,17.527242756998046
2628,1450.646703122594,0.05566240847110748,17.527242756998046,17.5300230067129
2629,1450.6546330662165,0.05561297386884689,17.5300230067129,17.53280079233448
2630,1450.682766618608,0.05554494261741638,17.53280079233448,17.535575186824307
2631,1450.6570686686612,0.05546166002750397,17.52447250759455,17.52724275080713
2632,1450.646703200619,0.05566240847110748,17.52724275080713,17.530023000521982
2633,1450.6546330077363,0.05561297386884689,17.530023000521982,17.532800786143564
2634,1450.6827664298232,0.05554494261741638,17.532800786143564,17.53557518063339
2635,1450.6570684106075,0.05546166002750397,17.524472530194387,17.527242773406968
2636,1450.6467029097114,0.05566240847110748,17.527242773406968,17.53002302312182
2637,1450.6546327117017,0.05561297386884689,17.53002302312182,17.532800808743403
2638,1450.682766149144,0.055544935166835785,17.532800808743403,17.5355752028607
2639,1450.6570682917109,0.05546166002750397,17.524472528419004,17.527242771631585
2640,1450.6467029229527,0.05566240847110748,17.527242771631585,17.530023021346437
2641,1450.654632832817,0.05561297386884689,17.530023021346437,17.53280080696802
2642,1450.6827663585855,0.05554494261741638,17.53280080696802,17.535575201457846
2643,1450.6570684534133,0.05546166002750397,17.524472504999785,17.527242748212366
2644,1450.6467030084546,0.05566240847110748,17.527242748212366,17.53002299792722
2645,1450.6546328220763,0.05561297386884689,17.53002299792722,17.5328007835488
2646,1450.6827662381752,0.05554494261741638,17.5328007835488,17.535575178038627
2647,1450.6570684120604,0.05546166002750397,17.524472513029256,17.527242756241836
2648,1450.646703061725,0.05566240847110748,17.527242756241836,17.53002300595669
2649,1450.654632980089,0.05561297386884689,17.53002300595669,17.53280079157827
2650,1450.6827665046007,0.05554494261741638,17.53280079157827,17.535575186068098
2651,1450.6570686455113,0.05546166002750397,17.524472519163567,17.527242762376147
2652,1450.6467032731096,0.05566240847110748,17.527242762376147,17.530023012091
2653,1450.654633177909,0.05561297386884689,17.530023012091,17.532800797712582
2654,1450.6827666976378,0.05554494261741638,17.532800797712582,17.53557519220241
2655,1450.657068697842,0.05546166002750397,17.524472513281015,17.527242756493596
2656,1450.6467031865807,0.05566240847110748,17.527242756493596,17.53002300620845
2657,1450.6546329561206,0.05561297386884689,17.53002300620845,17.53280079183003
2658,1450.6827663451368,0.055544935166835785,17.53280079183003,17.535575185947327
2659,1450.6570683981076,0.05546166002750397,17.52447249642661,17.527242739639192
2660,1450.6467029171056,0.05566240847110748,17.527242739639192,17.530022989354045
2661,1450.6546326996095,0.05561297386884689,17.530022989354045,17.532800774975627
2662,1450.6827660884662,0.055544935166835785,17.532800774975627,17.535575169092922
2663,1450.6570681499825,0.05546166002750397,17.52447251572851,17.527242758941092
2664,1450.646702711717,0.05566240847110748,17.527242758941092,17.530023008655945
2665,1450.6546325618172,0.05561297386884689,17.530023008655945,17.532800794277527
2666,1450.6827660360639,0.05554494261741638,17.532800794277527,17.535575188767353
2667,1450.6570681184237,0.05546166002750397,17.52447252901688,17.52724277222946
2668,1450.6467027077233,0.05566240847110748,17.52724277222946,17.530023021944313
2669,1450.6546325899644,0.05561297386884689,17.530023021944313,17.532800807565895
2670,1450.6827660970366,0.05554494261741638,17.532800807565895,17.53557520205572
2671,1450.657068145198,0.05546166002750397,17.524472535223797,17.527242778436378
2672,1450.6467026988064,0.05566240847110748,17.527242778436378,17.53002302815123
2673,1450.6546325448069,0.05561297386884689,17.53002302815123,17.532800813772813
2674,1450.6827660158028,0.05554494261741638,17.532800813772813,17.53557520826264
2675,1450.6570682192216,0.05546166002750397,17.524472511980203,17.527242755192784
2676,1450.6467028771729,0.05566240847110748,17.527242755192784,17.530023004907637
2677,1450.6546327878116,0.05561297386884689,17.530023004907637,17.53280079052922
2678,1450.68276629497,0.05554494261741638,17.53280079052922,17.535575185019045
2679,1450.6570684913993,0.05546166002750397,17.52447251119064,17.527242754403222
2680,1450.6467031529169,0.05566240847110748,17.527242754403222,17.530023004118075
2681,1450.6546330749554,0.05561297386884689,17.530023004118075,17.532800789739657
2682,1450.6827665991868,0.05554494261741638,17.532800789739657,17.535575184229483
2683,1450.6570687639562,0.05546166002750397,17.524472497512427,17.527242740725008
2684,1450.6467033857925,0.05566240847110748,17.527242740725008,17.53002299043986
2685,1450.6546332627968,0.05561297386884689,17.53002299043986,17.532800776061443
2686,1450.6827667387208,0.05554494261741638,17.532800776061443,17.53557517055127
2687,1450.6570687075346,0.05546166002750397,17.52447251912098,17.52724276233356
2688,1450.6467031879406,0.05566240847110748,17.52724276233356,17.530023012048414
2689,1450.6546329665107,0.05561297386884689,17.530023012048414,17.532800797669996
2690,1450.682766377385,0.055544935166835785,17.532800797669996,17.53557519178729
2691,1450.6570684182034,0.05546166002750397,17.524472513389277,17.527242756601858
2692,1450.6467029485264,0.05566240847110748,17.527242756601858,17.53002300631671
2693,1450.6546327597111,0.05561297386884689,17.53002300631671,17.532800791938293
2694,1450.682766190058,0.05554494261741638,17.532800791938293,17.53557518642812
2695,1450.6570681727896,0.05546166002750397,17.524472518944247,17.527242762156828
2696,1450.6467026564585,0.05566240847110748,17.527242762156828,17.53002301187168
2697,1450.654632430275,0.05561297386884689,17.53002301187168,17.532800797493262
2698,1450.682765830785,0.05554494261741638,17.532800797493262,17.53557519198309
2699,1450.6570679757567,0.05546166002750397,17.524472495655424,17.527242738868004
2700,1450.6467025757327,0.05566240847110748,17.527242738868004,17.530022988582857
2701,1450.6546324296828,0.05561297386884689,17.530022988582857,17.53280077420444
2702,1450.6827658798138,0.05554494261741638,17.53280077420444,17.535575168694265
2703,1450.6570679207246,0.05546166002750397,17.52447250683705,17.52724275004963
2704,1450.6467024526714,0.05566240847110748,17.52724275004963,17.530022999764483
2705,1450.6546322666015,0.05561297386884689,17.530022999764483,17.532800785386065
2706,1450.6827657004903,0.05554494261741638,17.532800785386065,17.53557517987589
2707,1450.6570678074268,0.05546166002750397,17.52447251944864,17.52724276266122
2708,1450.6467024133235,0.05566240847110748,17.52724276266122,17.530023012376073
2709,1450.6546323059379,0.05561297386884689,17.530023012376073,17.532800797997655
2710,1450.682765820785,0.05554494261741638,17.532800797997655,17.53557519248748
2711,1450.6570678431542,0.05546166002750397,17.524472538734546,17.527242781947127
2712,1450.6467023862044,0.05566240847110748,17.527242781947127,17.53002303166198
2713,1450.6546322331985,0.05561297386884689,17.53002303166198,17.53280081728356
2714,1450.682765716016,0.05554494261741638,17.53280081728356,17.535575211773388
2715,1450.657067898321,0.05546166002750397,17.524472529391684,17.527242772604264
2716,1450.6467025594263,0.05566240847110748,17.527242772604264,17.530023022319117
2717,1450.6546324912954,0.05561297386884689,17.530023022319117,17.5328008079407
2718,1450.682766032843,0.05554494261741638,17.5328008079407,17.535575202430525
2719,1450.6570682579259,0.05546166002750397,17.52447251524102,17.5272427584536
2720,1450.6467029397804,0.05566240847110748,17.5272427584536,17.530023008168452
2721,1450.6546328756126,0.05561297386884689,17.530023008168452,17.532800793790035
2722,1450.6827664085247,0.05554494261741638,17.532800793790035,17.53557518827986
2723,1450.6570686665361,0.05546166002750397,17.524472514665092,17.527242757877673
2724,1450.6467033862898,0.05566240847110748,17.527242757877673,17.530023007592526
2725,1450.654633363133,0.05561297386884689,17.530023007592526,17.532800793214108
2726,1450.6827669384213,0.055544935166835785,17.532800793214108,17.535575187331403
2727,1450.6570690707051,0.05546166002750397,17.524472516019173,17.527242759231754
2728,1450.6467036818804,0.05566240847110748,17.527242759231754,17.530023008946607
2729,1450.654633564695,0.05561297386884689,17.530023008946607,17.53280079456819
2730,1450.6827670586363,0.05554494261741638,17.53280079456819,17.535575189058015
2731,1450.6570690924837,0.05546166002750397,17.524472518365208,17.52724276157779
2732,1450.6467036177824,0.05566240847110748,17.52724276157779,17.53002301129264
2733,1450.6546334254772,0.05561297386884689,17.53002301129264,17.532800796914223
2734,1450.6827668535352,0.05554494261741638,17.532800796914223,17.53557519140405
2735,1450.6570689210444,0.05546166002750397,17.524472533952725,17.527242777165306
2736,1450.646703494473,0.05566240847110748,17.527242777165306,17.53002302688016
2737,1450.654633360334,0.05561297386884689,17.53002302688016,17.53280081250174
2738,1450.6827668509059,0.05554494261741638,17.53280081250174,17.535575206991567
2739,1450.6570689803973,0.05546166002750397,17.52447252733785,17.52724277055043
2740,1450.6467035917794,0.05566240847110748,17.52724277055043,17.530023020265283
2741,1450.6546334770328,0.05561297386884689,17.530023020265283,17.532800805886865
2742,1450.682766975035,0.05554494261741638,17.532800805886865,17.53557520037669
2743,1450.657069086507,0.05546166002750397,17.524472498564386,17.527242741776966
2744,1450.6467036467448,0.05566240847110748,17.527242741776966,17.53002299149182
2745,1450.65463345693,0.05561297386884689,17.53002299149182,17.5328007771134
2746,1450.682766863201,0.05554494261741638,17.5328007771134,17.535575171603227
2747,1450.6570689806838,0.05546166002750397,17.5244725062617,17.52724274947428
2748,1450.6467035740666,0.05566240847110748,17.52724274947428,17.530022999189132
2749,1450.6546334371424,0.05561297386884689,17.530022999189132,17.532800784810714
2750,1450.682766910211,0.05554494261741638,17.532800784810714,17.53557517930054
2751,1450.6570689713487,0.05546166002750397,17.5244725133289,17.52724275654148
2752,1450.6467035251696,0.05566240847110748,17.52724275654148,17.530023006256332
2753,1450.6546333618548,0.05561297386884689,17.530023006256332,17.532800791877914
2754,1450.682766818793,0.05554494261741638,17.532800791877914,17.53557518636774
2755,1450.657068746396,0.05546166002750397,17.524472528120775,17.527242771333356
2756,1450.64670319309,0.05566240847110748,17.527242771333356,17.53002302104821
2757,1450.6546329440857,0.05561297386884689,17.53002302104821,17.53280080666979
2758,1450.6827663324075,0.055544935166835785,17.53280080666979,17.535575200787086
2759,1450.6570683941789,0.05546166002750397,17.524472508972,17.52724275218458
2760,1450.6467029293622,0.05566240847110748,17.52724275218458,17.530023001899433
2761,1450.654632733305,0.05561297386884689,17.530023001899433,17.532800787521015
2762,1450.6827661471777,0.055544935166835785,17.532800787521015,17.53557518163831
2763,1450.6570682204374,0.05546166002750397,17.524472502665247,17.527242745877828
2764,1450.6467027661047,0.05566240847110748,17.527242745877828,17.53002299559268
2765,1450.6546325796169,0.05561297386884689,17.53002299559268,17.532800781214263
2766,1450.6827660025317,0.05554494261741638,17.532800781214263,17.53557517570409
2767,1450.657068139527,0.05546166002750397,17.524472507814412,17.527242751026993
2768,1450.6467027568056,0.05566240847110748,17.527242751026993,17.530023000741846
2769,1450.654632646669,0.05561297386884689,17.530023000741846,17.532800786363428
2770,1450.682766146041,0.05554494261741638,17.532800786363428,17.535575180853254
2771,1450.6570681535027,0.05546166002750397,17.524472504271706,17.527242747484287
2772,1450.646702648578,0.05566240847110748,17.527242747484287,17.53002299719914
2773,1450.654632423669,0.05561297386884689,17.53002299719914,17.532800782820722
2774,1450.6827658156567,0.05554494261741638,17.532800782820722,17.535575177310548
2775,1450.6570678154376,0.05546166002750397,17.52447252032341,17.52724276353599
2776,1450.6467023249213,0.05566240847110748,17.52724276353599,17.530023013250844
2777,1450.65463213069,0.05561297386884689,17.530023013250844,17.532800798872426
2778,1450.6827655672275,0.05554494261741638,17.532800798872426,17.535575193362252
2779,1450.657067669388,0.05546166002750397,17.52447251708468,17.52724276029726
2780,1450.6467022588686,0.05566240847110748,17.52724276029726,17.530023010012112
2781,1450.6546321266303,0.05561297386884689,17.530023010012112,17.532800795633694
2782,1450.682765610718,0.05554494261741638,17.532800795633694,17.53557519012352
2783,1450.6570676902663,0.05546166002750397,17.52447250541579,17.52724274862837
2784,1450.6467022431232,0.05566240847110748,17.52724274862837,17.530022998343224
2785,1450.6546320643802,0.05561297386884689,17.530022998343224,17.532800783964806
2786,1450.6827654953283,0.05554494261741638,17.532800783964806,17.535575178454632
2787,1450.6570676581339,0.05546166002750397,17.524472522951033,17.527242766163614
2788,1450.6467023143202,0.05566240847110748,17.527242766163614,17.530023015878466
2789,1450.654632252249,0.05561297386884689,17.530023015878466,17.53280080150005
2790,1450.682765807967,0.05554494261741638,17.53280080150005,17.535575195989875
2791,1450.657067983275,0.05546166002750397,17.524472538448922,17.527242781661503
2792,1450.6467026608623,0.05566240847110748,17.527242781661503,17.530023031376356
2793,1450.654632626493,0.05561297386884689,17.530023031376356,17.532800816997938
2794,1450.6827662141711,0.05554494261741638,17.532800816997938,17.535575211487764
2795,1450.6570683484097,0.05546166002750397,17.524472522865672,17.527242766078253
2796,1450.646702956146,0.05566240847110748,17.527242766078253,17.530023015793105
2797,1450.65463283154,0.05561297386884689,17.530023015793105,17.532800801414687
2798,1450.6827663151978,0.05554494261741638,17.532800801414687,17.535575195904514
2799,1450.6570685250822,0.05546166002750397,17.52447252518203,17.52724276839461
2800,1450.6467032083442,0.05566240847110748,17.52724276839461,17.530023018109464
2801,1450.6546331579677,0.05561297386884689,17.530023018109464,17.532800803731046
2802,1450.6827667137002,0.05554494261741638,17.532800803731046,17.535575198220872
2803,1450.6570689595867,0.05546166002750397,17.524472501756886,17.527242744969467
2804,1450.6467036480146,0.05566240847110748,17.527242744969467,17.53002299468432
2805,1450.65463357969,0.05561297386884689,17.53002299468432,17.5328007803059
2806,1450.682767100502,0.05554494261741638,17.5328007803059,17.535575174795728
2807,1450.6570691514562,0.05546166002750397,17.524472523073793,17.527242766286374
2808,1450.6467037030393,0.05566240847110748,17.527242766286374,17.530023016001227
2809,1450.6546335434555,0.05561297386884689,17.530023016001227,17.53280080162281
2810,1450.6827670085204,0.05554494261741638,17.53280080162281,17.535575196112635
2811,1450.6570691121574,0.05546166002750397,17.524472513548968,17.52724275676155
2812,1450.6467036934628,0.05566240847110748,17.52724275676155,17.5300230064764
2813,1450.654633545972,0.05561297386884689,17.5300230064764,17.532800792097984
2814,1450.6827670097678,0.05554494261741638,17.532800792097984,17.53557518658781
2815,1450.6570689606353,0.05546166002750397,17.52447251794197,17.52724276115455
2816,1450.646703411074,0.05566240847110748,17.52724276115455,17.530023010869403
2817,1450.6546331511722,0.05561297386884689,17.530023010869403,17.532800796490985
2818,1450.6827665181409,0.05554494261741638,17.532800796490985,17.53557519098081
2819,1450.657068644364,0.05546166002750397,17.524472513911732,17.527242757124313
2820,1450.6467032482688,0.05566240847110748,17.527242757124313,17.530023006839166
2821,1450.6546331230252,0.05561297386884689,17.530023006839166,17.532800792460748
2822,1450.6827666084482,0.05554494261741638,17.532800792460748,17.535575186950574
2823,1450.6570686503464,0.05546166002750397,17.524472503244397,17.527242746456977
2824,1450.646703166707,0.05566240847110748,17.527242746456977,17.53002299617183
2825,1450.654632952917,0.05561297386884689,17.53002299617183,17.532800781793412
2826,1450.6827663501574,0.055544935166835785,17.532800781793412,17.535575175910708
2827,1450.6570684058324,0.05546166002750397,17.524472513756873,17.527242756969454
2828,1450.6467029551611,0.05566240847110748,17.527242756969454,17.530023006684306
2829,1450.654632788149,0.05561297386884689,17.530023006684306,17.53280079230589
2830,1450.6827662420412,0.05554494261741638,17.53280079230589,17.535575186795715
2831,1450.657068311194,0.05546166002750397,17.52447252490661,17.52724276811919
2832,1450.6467028827146,0.05566240847110748,17.52724276811919,17.530023017834043
2833,1450.6546327440465,0.05561297386884689,17.530023017834043,17.532800803455626
2834,1450.6827662304208,0.05554494261741638,17.532800803455626,17.53557519794545
2835,1450.6570682806923,0.05546166002750397,17.524472518460204,17.527242761672785
2836,1450.6467028185696,0.05566240847110748,17.527242761672785,17.530023011387637
2837,1450.6546326357657,0.05561297386884689,17.530023011387637,17.53280079700922
2838,1450.6827660686577,0.05554494261741638,17.53280079700922,17.535575191499046
2839,1450.6570682013128,0.05546166002750397,17.524472526693575,17.527242769906156
2840,1450.6467028242594,0.05566240847110748,17.527242769906156,17.53002301962101
2841,1450.6546327271697,0.05561297386884689,17.53002301962101,17.53280080524259
2842,1450.6827662470982,0.05554494261741638,17.53280080524259,17.535575199732417
2843,1450.6570684487313,0.05546166002750397,17.524472513785188,17.52724275699777
2844,1450.6467031138968,0.05566240847110748,17.52724275699777,17.53002300671262
2845,1450.6546330383612,0.05561297386884689,17.53002300671262,17.532800792334204
2846,1450.6827665640644,0.05554494261741638,17.532800792334204,17.53557518682403
2847,1450.6570686601844,0.05546166002750397,17.52447250717252,17.5272427503851
2848,1450.6467032273997,0.05566240847110748,17.5272427503851,17.530023000099952
2849,1450.6546330611336,0.05561297386884689,17.530023000099952,17.532800785721534
2850,1450.682766502955,0.05554494261741638,17.532800785721534,17.53557518021136
2851,1450.6570686161701,0.05546166002750397,17.52447250938426,17.52724275259684
2852,1450.6467032086216,0.05566240847110748,17.52724275259684,17.530023002311694
2853,1450.654633073272,0.05561297386884689,17.530023002311694,17.532800787933276
2854,1450.6827665497597,0.05554494261741638,17.532800787933276,17.535575182423102
2855,1450.6570685788652,0.05546166002750397,17.524472517213553,17.527242760426134
2856,1450.646703105753,0.05566240847110748,17.527242760426134,17.530023010140987
2857,1450.6546329197424,0.05561297386884689,17.530023010140987,17.53280079576257
2858,1450.6827663575104,0.05554494261741638,17.53280079576257,17.535575190252395
2859,1450.657068379053,0.05546166002750397,17.52447250584681,17.52724274905939
2860,1450.6467028812178,0.05566240847110748,17.52724274905939,17.530022998774243
2861,1450.6546326580599,0.05561297386884689,17.530022998774243,17.532800784395825
2862,1450.682766049688,0.055544935166835785,17.532800784395825,17.53557517851312
2863,1450.6570680774769,0.05546166002750397,17.524472501535012,17.527242744747593
2864,1450.6467025857357,0.05566240847110748,17.527242744747593,17.530022994462445
2865,1450.6546323684624,0.05561297386884689,17.530022994462445,17.532800780084028
2866,1450.6827657660333,0.05554494261741638,17.532800780084028,17.535575174573854
2867,1450.6570678462485,0.05546166002750397,17.524472513326238,17.52724275653882
2868,1450.6467024215206,0.05566240847110748,17.52724275653882,17.53002300625367
2869,1450.6546322810852,0.05561297386884689,17.53002300625367,17.532800791875253
2870,1450.682765761602,0.05554494261741638,17.532800791875253,17.53557518636508
2871,1450.6570678050068,0.05546166002750397,17.52447251429923,17.52724275751181
2872,1450.6467023425905,0.05566240847110748,17.52724275751181,17.530023007226664
2873,1450.6546321644116,0.05561297386884689,17.530023007226664,17.532800792848246
2874,1450.6827656055314,0.05554494261741638,17.532800792848246,17.535575187338072
2875,1450.6570676798847,0.05546166002750397,17.52447254561642,17.527242788829
2876,1450.6467022798774,0.05566240847110748,17.527242788829,17.530023038543852
2877,1450.6546321866067,0.05561297386884689,17.530023038543852,17.532800824165435
2878,1450.6827657302883,0.05554494261741638,17.532800824165435,17.53557521865526
2879,1450.657067974666,0.05546166002750397,17.52447253349819,17.52724277671077
2880,1450.646702693351,0.05566240847110748,17.52724277671077,17.530023026425624
2881,1450.6546326785208,0.05561297386884689,17.530023026425624,17.532800812047206
2882,1450.682766269318,0.05554494261741638,17.532800812047206,17.535575206537032
2883,1450.6570684807261,0.05546166002750397,17.52447253156858,17.52724277478116
2884,1450.646703165132,0.05566240847110748,17.52724277478116,17.530023024496014
2885,1450.6546331155935,0.05561297386884689,17.530023024496014,17.532800810117596
2886,1450.6827666719182,0.05554494261741638,17.532800810117596,17.535575204607422
2887,1450.657069005429,0.05546166002750397,17.524472499894657,17.527242743107237
2888,1450.6467037637553,0.05566240847110748,17.527242743107237,17.53002299282209
2889,1450.654633750966,0.05561297386884689,17.53002299282209,17.532800778443672
2890,1450.6827673153882,0.055544935166835785,17.532800778443672,17.535575172560968
2891,1450.6570693938124,0.05546166002750397,17.524472488144376,17.527242731356957
2892,1450.6467039266756,0.05566240847110748,17.527242731356957,17.53002298107181
2893,1450.65463371417,0.05561297386884689,17.53002298107181,17.53280076669339
2894,1450.682767101619,0.05554494261741638,17.53280076669339,17.535575161183218
2895,1450.6570691153165,0.05546166002750397,17.52447251521154,17.52724275842412
2896,1450.6467036384306,0.05566240847110748,17.52724275842412,17.530023008138972
2897,1450.6546334574045,0.05561297386884689,17.530023008138972,17.532800793760554
2898,1450.682766906625,0.05554494261741638,17.532800793760554,17.53557518825038
2899,1450.6570687985513,0.05546166002750397,17.52447250776241,17.52724275097499
2900,1450.6467031919456,0.05566240847110748,17.52724275097499,17.530023000689845
2901,1450.6546328773325,0.05561297386884689,17.530023000689845,17.532800786311427
2902,1450.6827661899983,0.05554494261741638,17.532800786311427,17.535575180801253
2903,1450.657068081485,0.05546166002750397,17.52447251695425,17.527242760166832
2904,1450.6467024857736,0.05566240847110748,17.527242760166832,17.530023009881685
2905,1450.6546321903452,0.05561297386884689,17.530023009881685,17.532800795503267
2906,1450.6827655302914,0.05554494261741638,17.532800795503267,17.535575189993093
2907,1450.6570676803508,0.05546166002750397,17.52447252493001,17.527242768142592
2908,1450.6467023238417,0.05566240847110748,17.527242768142592,17.530023017857445
2909,1450.6546322493148,0.05561297386884689,17.530023017857445,17.532800803479027
2910,1450.6827657929537,0.05554494261741638,17.532800803479027,17.535575197968853
2911,1450.657067911605,0.05546166002750397,17.524472516108894,17.527242759321474
2912,1450.6467025081643,0.05566240847110748,17.527242759321474,17.530023009036327
2913,1450.6546323758582,0.05561297386884689,17.530023009036327,17.53280079465791
2914,1450.6827658545399,0.05554494261741638,17.53280079465791,17.535575189147735
2915,1450.6570680041334,0.05546166002750397,17.5244725088984,17.52724275211098
2916,1450.6467026225066,0.05566240847110748,17.52724275211098,17.530023001825832
2917,1450.6546325048485,0.05561297386884689,17.530023001825832,17.532800787447414
2918,1450.6827659925932,0.05554494261741638,17.532800787447414,17.53557518193724
2919,1450.6570681464766,0.05546166002750397,17.524472509914574,17.527242753127155
2920,1450.6467027756592,0.05566240847110748,17.527242753127155,17.530023002842007
2921,1450.6546326735104,0.05561297386884689,17.530023002842007,17.53280078846359
2922,1450.682766180029,0.05554494261741638,17.53280078846359,17.535575182953416
2923,1450.6570682632555,0.05546166002750397,17.524472520958188,17.52724276417077
2924,1450.646702843125,0.05566240847110748,17.52724276417077,17.53002301388562
2925,1450.654632708396,0.05561297386884689,17.53002301388562,17.532800799507203
2926,1450.6827661953535,0.05554494261741638,17.532800799507203,17.53557519399703
2927,1450.657068256245,0.05546166002750397,17.524472504811055,17.527242748023635
2928,1450.6467027902336,0.05566240847110748,17.527242748023635,17.530022997738488
2929,1450.654632592767,0.05561297386884689,17.530022997738488,17.53280078336007
2930,1450.6827660050942,0.055544935166835785,17.53280078336007,17.535575177477366
2931,1450.6570680572604,0.05546166002750397,17.524472518528526,17.527242761741107
2932,1450.646702607354,0.05566240847110748,17.527242761741107,17.53002301145596
2933,1450.6546324442854,0.05561297386884689,17.53002301145596,17.53280079707754
2934,1450.6827659044295,0.05554494261741638,17.53280079707754,17.535575191567368
2935,1450.6570680533518,0.05546166002750397,17.524472508188,17.527242751400582
2936,1450.6467026737648,0.05566240847110748,17.527242751400582,17.530023001115435
2937,1450.6546325601405,0.05561297386884689,17.530023001115435,17.532800786737017
2938,1450.6827660533456,0.05554494261741638,17.532800786737017,17.535575181226843
2939,1450.657068077365,0.05546166002750397,17.524472517785277,17.527242760997858
2940,1450.6467025996592,0.05566240847110748,17.527242760997858,17.53002301071271
2941,1450.6546324094948,0.05561297386884689,17.53002301071271,17.532800796334293
2942,1450.682765841288,0.05554494261741638,17.532800796334293,17.53557519082412
2943,1450.6570680042573,0.05546166002750397,17.524472535323195,17.527242778535776
2944,1450.6467026696525,0.05566240847110748,17.527242778535776,17.53002302825063
2945,1450.6546326233972,0.05561297386884689,17.53002302825063,17.53280081387221
2946,1450.68276619961,0.05554494261741638,17.53280081387221,17.535575208362037
2947,1450.6570683284606,0.05546166002750397,17.52447251692876,17.52724276014134
2948,1450.646702927513,0.05566240847110748,17.52724276014134,17.530023009856194
2949,1450.6546327919013,0.05561297386884689,17.530023009856194,17.532800795477776
2950,1450.6827662629976,0.05554494261741638,17.532800795477776,17.535575189967602
2951,1450.6570684046578,0.05546166002750397,17.52447251011113,17.527242753323712
2952,1450.6467030131982,0.05566240847110748,17.527242753323712,17.530023003038565
2953,1450.6546328844452,0.05561297386884689,17.530023003038565,17.532800788660147
2954,1450.6827663603292,0.05554494261741638,17.532800788660147,17.535575183149973
2955,1450.6570685600661,0.05546166002750397,17.5244725126667,17.527242755879282
2956,1450.6467032316702,0.05566240847110748,17.527242755879282,17.530023005594135
2957,1450.6546331687002,0.05561297386884689,17.530023005594135,17.532800791215717
2958,1450.6827667113484,0.05554494261741638,17.532800791215717,17.535575185705543
2959,1450.657068752154,0.05546166002750397,17.524472500890703,17.527242744103283
2960,1450.6467032665316,0.05566240847110748,17.527242744103283,17.530022993818136
2961,1450.6546330501262,0.05561297386884689,17.530022993818136,17.532800779439718
2962,1450.682766444629,0.05554494261741638,17.532800779439718,17.535575173929544
2963,1450.657068431246,0.05546166002750397,17.52447251197557,17.52724275518815
2964,1450.6467029178223,0.05566240847110748,17.52724275518815,17.530023004903004
2965,1450.6546326937735,0.05561297386884689,17.530023004903004,17.532800790524586
2966,1450.6827660955055,0.055544935166835785,17.532800790524586,17.535575184641882
2967,1450.657068148926,0.05546166002750397,17.524472514250334,17.527242757462915
2968,1450.6467026957073,0.05566240847110748,17.527242757462915,17.530023007177768
2969,1450.6546325259685,0.05561297386884689,17.530023007177768,17.53280079279935
2970,1450.6827659770427,0.05554494261741638,17.53280079279935,17.535575187289176
2971,1450.6570679875365,0.05546166002750397,17.524472513521932,17.527242756734513
2972,1450.6467024912715,0.05566240847110748,17.527242756734513,17.530023006449365
2973,1450.6546322790841,0.05561297386884689,17.530023006449365,17.532800792070947
2974,1450.682765688834,0.05554494261741638,17.532800792070947,17.535575186560774
2975,1450.6570677862067,0.05546166002750397,17.524472501660217,17.527242744872797
2976,1450.6467023540536,0.05566240847110748,17.527242744872797,17.53002299458765
2977,1450.654632187946,0.05561297386884689,17.53002299458765,17.532800780209232
2978,1450.682765627356,0.05554494261741638,17.532800780209232,17.53557517469906
2979,1450.6570677113561,0.05546166002750397,17.524472511713398,17.52724275492598
2980,1450.6467022862917,0.05566240847110748,17.52724275492598,17.53002300464083
2981,1450.6546321424457,0.05561297386884689,17.53002300464083,17.532800790262414
2982,1450.6827656173093,0.05554494261741638,17.532800790262414,17.53557518475224
2983,1450.6570677116874,0.05546166002750397,17.52447250659704,17.52724274980962
2984,1450.646702286748,0.05566240847110748,17.52724274980962,17.530022999524473
2985,1450.6546321353653,0.05561297386884689,17.530022999524473,17.532800785146055
2986,1450.6827655970897,0.05554494261741638,17.532800785146055,17.53557517963588
2987,1450.6570676201318,0.05546166002750397,17.52447251599335,17.52724275920593
2988,1450.6467021432557,0.05566240847110748,17.52724275920593,17.530023008920782
2989,1450.6546319552583,0.05561297386884689,17.530023008920782,17.532800794542364
2990,1450.6827653923972,0.05554494261741638,17.532800794542364,17.53557518903219
2991,1450.6570675190173,0.05546166002750397,17.524472511458875,17.527242754671455
2992,1450.6467021258225,0.05566240847110748,17.527242754671455,17.530023004386308
2993,1450.6546320053021,0.05561297386884689,17.530023004386308,17.53280079000789
2994,1450.6827654967337,0.05554494261741638,17.53280079000789,17.535575184497716
2995,1450.6570676048918,0.05546166002750397,17.524472541080762,17.527242784293342
2996,1450.6467022306847,0.05566240847110748,17.527242784293342,17.530023034008195
2997,1450.6546321568217,0.05561297386884689,17.530023034008195,17.532800819629777
2998,1450.6827657148267,0.05554494261741638,17.532800819629777,17.535575214119604
2999,1450.657067943806,0.05546166002750397,17.524472515051073,17.527242758263654
3000,1450.6467026296561,0.05566240847110748,17.527242758263654,17.530023007978507
3001,1450.6546325694937,0.05561297386884689,17.530023007978507,17.53280079360009
3002,1450.6827661063537,0.05554494261741638,17.53280079360009,17.535575188089915
3003,1450.6570682121671,0.05546166002750397,17.52447249690815,17.52724274012073
3004,1450.6467027725869,0.05566240847110748,17.52724274012073,17.530022989835583
3005,1450.6546325873148,0.05561297386884689,17.530022989835583,17.532800775457165
3006,1450.6827660013132,0.05554494261741638,17.532800775457165,17.53557516994699
3007,1450.6570682157558,0.05546166002750397,17.524472508927627,17.527242752140207
3008,1450.6467029050148,0.05566240847110748,17.527242752140207,17.53002300185506
3009,1450.6546328616234,0.05561297386884689,17.53002300185506,17.532800787476642
3010,1450.6827664249768,0.05554494261741638,17.532800787476642,17.53557518196647
3011,1450.6570684614444,0.05546166002750397,17.524472521221302,17.527242764433883
3012,1450.6467030024276,0.05566240847110748,17.527242764433883,17.530023014148735
3013,1450.6546328353172,0.05561297386884689,17.530023014148735,17.532800799770317
3014,1450.682766295272,0.05554494261741638,17.532800799770317,17.535575194260144
3015,1450.6570682741328,0.05546166002750397,17.524472511744914,17.527242754957495
3016,1450.6467027430099,0.05566240847110748,17.527242754957495,17.530023004672348
3017,1450.6546324941125,0.05561297386884689,17.530023004672348,17.53280079029393
3018,1450.6827658663562,0.05554494261741638,17.53280079029393,17.535575184783756
3019,1450.6570679487913,0.05546166002750397,17.524472520537874,17.527242763750454
3020,1450.6467025248687,0.05566240847110748,17.527242763750454,17.530023013465307
3021,1450.654632384165,0.05561297386884689,17.530023013465307,17.53280079908689
3022,1450.6827658636114,0.05554494261741638,17.53280079908689,17.535575193576715
3023,1450.6570680436062,0.05546166002750397,17.524472518623767,17.527242761836348
3024,1450.64670270163,0.05566240847110748,17.527242761836348,17.5300230115512
3025,1450.6546326298967,0.05561297386884689,17.5300230115512,17.532800797172783
3026,1450.6827661675168,0.05554494261741638,17.532800797172783,17.53557519166261
3027,1450.6570682675779,0.05546166002750397,17.52447251705479,17.52724276026737
3028,1450.6467028500686,0.05566240847110748,17.52724276026737,17.530023009982223
3029,1450.654632707298,0.05561297386884689,17.530023009982223,17.532800795603805
3030,1450.6827661783764,0.05554494261741638,17.532800795603805,17.53557519009363
3031,1450.6570683266839,0.05546166002750397,17.524472517649478,17.52724276086206
3032,1450.646702954466,0.05566240847110748,17.52724276086206,17.53002301057691
3033,1450.6546328540555,0.05561297386884689,17.53002301057691,17.532800796198494
3034,1450.6827663646266,0.05554494261741638,17.532800796198494,17.53557519068832
3035,1450.6570684849246,0.05546166002750397,17.52447251691991,17.52724276013249
3036,1450.6467030862243,0.05566240847110748,17.52724276013249,17.530023009847344
3037,1450.6546329608966,0.05561297386884689,17.530023009847344,17.532800795468926
3038,1450.6827664481184,0.05554494261741638,17.532800795468926,17.535575189958752
3039,1450.6570685326892,0.05546166002750397,17.524472496793525,17.527242740006105
3040,1450.6467030779327,0.05566240847110748,17.527242740006105,17.53002298972096
3041,1450.6546328822612,0.05561297386884689,17.53002298972096,17.53280077534254
3042,1450.6827662892908,0.055544935166835785,17.53280077534254,17.535575169459836
3043,1450.6570683151347,0.05546166002750397,17.52447249436179,17.527242737574372
3044,1450.6467028173727,0.05566240847110748,17.527242737574372,17.530022987289225
3045,1450.6546325911331,0.05561297386884689,17.530022987289225,17.532800772910807
3046,1450.6827659773778,0.055544935166835785,17.532800772910807,17.535575167028103
3047,1450.6570680035973,0.05546166002750397,17.524472517891265,17.527242761103846
3048,1450.6467025418021,0.05566240847110748,17.527242761103846,17.5300230108187
3049,1450.6546323775417,0.05561297386884689,17.5300230108187,17.53280079644028
3050,1450.682765844507,0.05554494261741638,17.53280079644028,17.535575190930107
3051,1450.6570678439462,0.05546166002750397,17.52447253555763,17.527242778770212
3052,1450.6467023668201,0.05566240847110748,17.527242778770212,17.530023028485065
3053,1450.6546321960197,0.05561297386884689,17.530023028485065,17.532800814106647
3054,1450.6827656608948,0.05554494261741638,17.532800814106647,17.535575208596473
3055,1450.6570677548257,0.05546166002750397,17.524472533827073,17.527242777039653
3056,1450.6467023448056,0.05566240847110748,17.527242777039653,17.530023026754506
3057,1450.654632219573,0.05561297386884689,17.530023026754506,17.532800812376088
3058,1450.6827657131932,0.05554494261741638,17.532800812376088,17.535575206865914
3059,1450.6570679538468,0.05546166002750397,17.524472503830392,17.527242747042973
3060,1450.6467026352764,0.05566240847110748,17.527242747042973,17.530022996757825
3061,1450.6546325587415,0.05561297386884689,17.530022996757825,17.532800782379407
3062,1450.682766070565,0.05554494261741638,17.532800782379407,17.535575176869234
3063,1450.6570682963047,0.05546166002750397,17.524472508870826,17.527242752083406
3064,1450.6467029867333,0.05566240847110748,17.527242752083406,17.53002300179826
3065,1450.654632936924,0.05561297386884689,17.53002300179826,17.53280078741984
3066,1450.6827664882912,0.05554494261741638,17.53280078741984,17.535575181909667
3067,1450.6570686471866,0.05546166002750397,17.52447251384041,17.527242757052992
3068,1450.6467032868543,0.05566240847110748,17.527242757052992,17.530023006767845
3069,1450.6546331991126,0.05561297386884689,17.530023006767845,17.532800792389427
3070,1450.6827667227383,0.05554494261741638,17.532800792389427,17.535575186879253
3071,1450.6570686953958,0.05546166002750397,17.52447252055368,17.52724276376626
3072,1450.6467031720724,0.05566240847110748,17.52724276376626,17.530023013481113
3073,1450.6546329413122,0.05561297386884689,17.530023013481113,17.532800799102695
3074,1450.6827663388183,0.055544935166835785,17.532800799102695,17.53557519321999
3075,1450.6570683994828,0.05546166002750397,17.524472516486234,17.527242759698815
3076,1450.646702946595,0.05566240847110748,17.527242759698815,17.530023009413668
3077,1450.654632772015,0.05561297386884689,17.530023009413668,17.53280079503525
3078,1450.6827662144592,0.05554494261741638,17.53280079503525,17.535575189525076
3079,1450.6570683157963,0.05546166002750397,17.524472518969493,17.527242762182073
3080,1450.646702903269,0.05566240847110748,17.527242762182073,17.530023011896926
3081,1450.65463276817,0.05561297386884689,17.530023011896926,17.532800797518508
3082,1450.682766248806,0.05554494261741638,17.532800797518508,17.535575192008334
3083,1450.6570683943744,0.05546166002750397,17.524472518114088,17.52724276132667
3084,1450.646703019664,0.05566240847110748,17.52724276132667,17.53002301104152
3085,1450.6546329169853,0.05561297386884689,17.53002301104152,17.532800796663103
3086,1450.6827664232776,0.05554494261741638,17.532800796663103,17.53557519115293
3087,1450.657068529135,0.05546166002750397,17.524472517432635,17.527242760645215
3088,1450.646703117339,0.05566240847110748,17.527242760645215,17.53002301036007
3089,1450.6546329801297,0.05561297386884689,17.53002301036007,17.53280079598165
3090,1450.682766456567,0.05554494261741638,17.53280079598165,17.535575190471477
3091,1450.6570685652487,0.05546166002750397,17.52447250922881,17.527242752441392
3092,1450.6467031466645,0.05566240847110748,17.527242752441392,17.530023002156245
3093,1450.6546329955959,0.05561297386884689,17.530023002156245,17.532800787777827
3094,1450.6827664531154,0.05554494261741638,17.532800787777827,17.535575182267653
3095,1450.6570685316149,0.05546166002750397,17.52447251566643,17.527242758879012
3096,1450.6467030987185,0.05566240847110748,17.527242758879012,17.530023008593865
3097,1450.654632945423,0.05561297386884689,17.530023008593865,17.532800794215447
3098,1450.6827664097789,0.05554494261741638,17.532800794215447,17.535575188705273
3099,1450.6570684997412,0.05546166002750397,17.52447251836889,17.52724276158147
3100,1450.6467030788056,0.05566240847110748,17.52724276158147,17.530023011296322
3101,1450.6546329376504,0.05561297386884689,17.530023011296322,17.532800796917904
3102,1450.6827664140858,0.05554494261741638,17.532800796917904,17.53557519140773
3103,1450.6570684805051,0.05546166002750397,17.524472532393855,17.527242775606435
3104,1450.646703052281,0.05566240847110748,17.527242775606435,17.530023025321288
3105,1450.654632916094,0.05561297386884689,17.530023025321288,17.53280081094287
3106,1450.6827664065695,0.05554494261741638,17.53280081094287,17.535575205432696
3107,1450.6570685568129,0.05546166002750397,17.524472517527425,17.527242760740005
3108,1450.646703176984,0.05566240847110748,17.527242760740005,17.530023010454858
3109,1450.6546330619494,0.05561297386884689,17.530023010454858,17.53280079607644
3110,1450.6827665528897,0.05554494261741638,17.53280079607644,17.535575190566266
3111,1450.657068673046,0.05546166002750397,17.524472511313085,17.527242754525666
3112,1450.6467032634537,0.05566240847110748,17.527242754525666,17.53002300424052
3113,1450.6546331193763,0.05561297386884689,17.53002300424052,17.5328007898621
3114,1450.6827665822798,0.05554494261741638,17.5328007898621,17.535575184351927
3115,1450.6570687464748,0.05546166002750397,17.52447250944645,17.52724275265903
3116,1450.6467033811011,0.05566240847110748,17.52724275265903,17.530023002373884
3117,1450.6546332806727,0.05561297386884689,17.530023002373884,17.532800787995466
3118,1450.6827667861037,0.05554494261741638,17.532800787995466,17.535575182485292
3119,1450.6570688249449,0.05546166002750397,17.524472514074557,17.527242757287137
3120,1450.6467033549648,0.05566240847110748,17.527242757287137,17.53002300700199
3121,1450.6546331671036,0.05561297386884689,17.53002300700199,17.532800792623572
3122,1450.6827665993292,0.05554494261741638,17.532800792623572,17.5355751871134
3123,1450.6570686162984,0.05546166002750397,17.524472504255222,17.527242747467803
3124,1450.6467031135428,0.05566240847110748,17.527242747467803,17.530022997182655
3125,1450.654632885285,0.05561297386884689,17.530022997182655,17.532800782804237
3126,1450.6827662717626,0.055544935166835785,17.532800782804237,17.535575176921533
3127,1450.6570682731387,0.05546166002750397,17.524472503505766,17.527242746718347
3128,1450.6467027612337,0.05566240847110748,17.527242746718347,17.5300229964332
3129,1450.6546325287877,0.05561297386884689,17.5300229964332,17.53280078205478
3130,1450.6827659151575,0.05554494261741638,17.53280078205478,17.535575176544608
3131,1450.6570679514798,0.05546166002750397,17.524472494880484,17.527242738093065
3132,1450.6467024642445,0.05566240847110748,17.527242738093065,17.530022987807918
3133,1450.6546322483982,0.05561297386884689,17.530022987807918,17.5328007734295
3134,1450.6827656450757,0.05554494261741638,17.5328007734295,17.535575167919326
3135,1450.6570676306364,0.05546166002750397,17.524472522274817,17.527242765487397
3136,1450.6467021367673,0.05566240847110748,17.527242765487397,17.53002301520225
3137,1450.654631947357,0.05561297386884689,17.53002301520225,17.532800800823832
3138,1450.6827653925313,0.05554494261741638,17.532800800823832,17.53557519531366
3139,1450.6570674787677,0.05546166002750397,17.524472523588155,17.527242766800736
3140,1450.6467020634996,0.05566240847110748,17.527242766800736,17.53002301651559
3141,1450.6546319349363,0.05561297386884689,17.53002301651559,17.53280080213717
3142,1450.6827654289314,0.05554494261741638,17.53280080213717,17.535575196626997
3143,1450.6570675013427,0.05546166002750397,17.524472522434767,17.527242765647348
3144,1450.6467020646216,0.05566240847110748,17.527242765647348,17.5300230153622
3145,1450.6546319092477,0.05561297386884689,17.5300230153622,17.532800800983782
3146,1450.682765372857,0.05554494261741638,17.532800800983782,17.53557519547361
3147,1450.6570676279546,0.05546166002750397,17.524472522718042,17.527242765930623
3148,1450.6467023553478,0.05566240847110748,17.527242765930623,17.530023015645476
3149,1450.6546323475882,0.05561297386884689,17.530023015645476,17.532800801267058
3150,1450.6827659441249,0.05554494261741638,17.532800801267058,17.535575195756884
3151,1450.657068162111,0.05546166002750397,17.524472520668258,17.52724276388084
3152,1450.6467028518837,0.05566240847110748,17.52724276388084,17.53002301359569
3153,1450.654632806726,0.05561297386884689,17.53002301359569,17.532800799217274
3154,1450.6827663666309,0.05554494261741638,17.532800799217274,17.5355751937071
3155,1450.6570685420022,0.05546166002750397,17.52447252775031,17.52724277096289
3156,1450.646703202093,0.05566240847110748,17.52724277096289,17.530023020677742
3157,1450.6546331373904,0.05561297386884689,17.530023020677742,17.532800806299324
3158,1450.682766685634,0.05554494261741638,17.532800806299324,17.53557520078915
3159,1450.6570688501356,0.05546166002750397,17.524472518042042,17.527242761254623
3160,1450.6467034844857,0.05566240847110748,17.527242761254623,17.530023010969476
3161,1450.654633383345,0.05561297386884689,17.530023010969476,17.532800796591058
3162,1450.682766887745,0.05554494261741638,17.532800796591058,17.535575191080884
3163,1450.6570689954779,0.05546166002750397,17.524472515351203,17.527242758563784
3164,1450.6467035792982,0.05566240847110748,17.527242758563784,17.530023008278636
3165,1450.6546334330994,0.05561297386884689,17.530023008278636,17.53280079390022
3166,1450.6827668972512,0.05554494261741638,17.53280079390022,17.535575188390045
3167,1450.657069006237,0.05546166002750397,17.52447249200261,17.52724273521519
3168,1450.646703567158,0.05566240847110748,17.52724273521519,17.530022984930042
3169,1450.6546333803878,0.05561297386884689,17.530022984930042,17.532800770551624
3170,1450.6827667914229,0.05554494261741638,17.532800770551624,17.53557516504145
3171,1450.6570687704127,0.05546166002750397,17.524472506832275,17.527242750044856
3172,1450.646703247455,0.05566240847110748,17.527242750044856,17.53002299975971
3173,1450.654633012603,0.05561297386884689,17.53002299975971,17.53280078538129
3174,1450.682766403066,0.05554494261741638,17.53280078538129,17.535575179871117
3175,1450.657068422509,0.05546166002750397,17.524472519738772,17.527242762951353
3176,1450.6467029497348,0.05566240847110748,17.527242762951353,17.530023012666206
3177,1450.6546327715296,0.05561297386884689,17.530023012666206,17.532800798287788
3178,1450.6827662225567,0.05554494261741638,17.532800798287788,17.535575192777614
3179,1450.6570681774333,0.05546166002750397,17.524472527405138,17.52724277061772
3180,1450.6467026456462,0.05566240847110748,17.52724277061772,17.53002302033257
3181,1450.6546324135154,0.05561297386884689,17.53002302033257,17.532800805954153
3182,1450.6827658152747,0.05554494261741638,17.532800805954153,17.53557520044398
3183,1450.6570679430426,0.05546166002750397,17.524472524121286,17.527242767333867
3184,1450.646702555633,0.05566240847110748,17.527242767333867,17.53002301704872
3185,1450.6546324442654,0.05561297386884689,17.53002301704872,17.5328008026703
3186,1450.682765947214,0.05554494261741638,17.5328008026703,17.535575197160128
3187,1450.6570681424598,0.05546166002750397,17.52447251352,17.52724275673258
3188,1450.6467028018817,0.05566240847110748,17.52724275673258,17.530023006447433
3189,1450.6546327211738,0.05561297386884689,17.530023006447433,17.532800792069015
3190,1450.682766242214,0.05554494261741638,17.532800792069015,17.53557518655884
3191,1450.657068422216,0.05546166002750397,17.52447251202117,17.52724275523375
3192,1450.6467030719577,0.05566240847110748,17.52724275523375,17.530023004948603
3193,1450.654632985884,0.05561297386884689,17.530023004948603,17.532800790570185
3194,1450.6827665048697,0.05554494261741638,17.532800790570185,17.53557518506001
3195,1450.6570686267517,0.05546166002750397,17.524472518422712,17.527242761635293
3196,1450.6467032348494,0.05566240847110748,17.527242761635293,17.530023011350146
3197,1450.6546331201075,0.05561297386884689,17.530023011350146,17.532800796971728
3198,1450.6827666205766,0.05554494261741638,17.532800796971728,17.535575191461554
3199,1450.6570686827279,0.05546166002750397,17.524472518012104,17.527242761224684
3200,1450.6467032334242,0.05566240847110748,17.527242761224684,17.530023010939537
3201,1450.6546330639383,0.05561297386884689,17.530023010939537,17.53280079656112
3202,1450.6827665125234,0.05554494261741638,17.53280079656112,17.535575191050945
3203,1450.6570685753795,0.05546166002750397,17.524472512163662,17.527242755376243
3204,1450.6467031188965,0.05566240847110748,17.527242755376243,17.530023005091095
3205,1450.6546329364564,0.05561297386884689,17.530023005091095,17.532800790712677
3206,1450.6827663679817,0.05554494261741638,17.532800790712677,17.535575185202504
3207,1450.6570684558478,0.05546166002750397,17.52447250377996,17.527242746992542
3208,1450.646703015592,0.05566240847110748,17.527242746992542,17.530022996707395
3209,1450.6546328425607,0.05561297386884689,17.530022996707395,17.532800782328977
3210,1450.6827662782534,0.05554494261741638,17.532800782328977,17.535575176818803
3211,1450.6570683530042,0.05546166002750397,17.524472528409714,17.527242771622294
3212,1450.646702937106,0.05566240847110748,17.527242771622294,17.530023021337147
3213,1450.654632816036,0.05561297386884689,17.530023021337147,17.53280080695873
3214,1450.6827663234744,0.05554494261741638,17.53280080695873,17.535575201448555
3215,1450.6570684193991,0.05546166002750397,17.524472514305838,17.52724275751842
3216,1450.6467029931375,0.05566240847110748,17.52724275751842,17.53002300723327
3217,1450.654632838307,0.05561297386884689,17.53002300723327,17.532800792854854
3218,1450.6827662950475,0.05554494261741638,17.532800792854854,17.53557518734468
3219,1450.657068311114,0.05546166002750397,17.524472497486283,17.527242740698863
3220,1450.646702795466,0.05566240847110748,17.527242740698863,17.530022990413716
3221,1450.6546325455636,0.05561297386884689,17.530022990413716,17.532800776035298
3222,1450.682765904511,0.05554494261741638,17.532800776035298,17.535575170525124
3223,1450.657068054985,0.05546166002750397,17.52447252493777,17.52724276815035
3224,1450.6467027069027,0.05566240847110748,17.52724276815035,17.530023017865204
3225,1450.6546326466569,0.05561297386884689,17.530023017865204,17.532800803486786
3226,1450.6827662087248,0.05554494261741638,17.532800803486786,17.535575197976613
3227,1450.65706831012,0.05546166002750397,17.52447251740328,17.52724276061586
3228,1450.6467028961292,0.05566240847110748,17.52724276061586,17.530023010330712
3229,1450.654632758454,0.05561297386884689,17.530023010330712,17.532800795952294
3230,1450.6827662357243,0.05554494261741638,17.532800795952294,17.53557519044212
3231,1450.6570682409642,0.05546166002750397,17.524472520721943,17.527242763934524
3232,1450.6467027427063,0.05566240847110748,17.527242763934524,17.530023013649377
3233,1450.6546325309919,0.05561297386884689,17.530023013649377,17.53280079927096
3234,1450.6827659430462,0.05554494261741638,17.53280079927096,17.535575193760785
3235,1450.6570681603575,0.05546166002750397,17.524472531967074,17.527242775179655
3236,1450.6467028662112,0.05566240847110748,17.527242775179655,17.530023024894508
3237,1450.6546328493946,0.05561297386884689,17.530023024894508,17.53280081051609
3238,1450.682766446343,0.05554494261741638,17.53280081051609,17.535575205005916
3239,1450.6570686048726,0.05546166002750397,17.524472512487,17.527242755699582
3240,1450.646703225578,0.05566240847110748,17.527242755699582,17.530023005414435
3241,1450.654633105279,0.05561297386884689,17.530023005414435,17.532800791036017
3242,1450.6827665867079,0.05554494261741638,17.532800791036017,17.535575185525843
3243,1450.6570686937448,0.05546166002750397,17.52447250111551,17.527242744328092
3244,1450.6467032628934,0.05566240847110748,17.527242744328092,17.530022994042945
3245,1450.654633091819,0.05561297386884689,17.530022994042945,17.532800779664527
3246,1450.6827665238745,0.05554494261741638,17.532800779664527,17.535575174154353
3247,1450.6570686434777,0.05546166002750397,17.52447250551883,17.52724274873141
3248,1450.6467032407304,0.05566240847110748,17.52724274873141,17.530022998446263
3249,1450.6546331089216,0.05561297386884689,17.530022998446263,17.532800784067845
3250,1450.6827665879541,0.05554494261741638,17.532800784067845,17.53557517855767
3251,1450.6570685762756,0.05546166002750397,17.524472509115768,17.52724275232835
3252,1450.646703060516,0.05566240847110748,17.52724275232835,17.5300230020432
3253,1450.6546328311508,0.05561297386884689,17.5300230020432,17.532800787664783
3254,1450.682766225426,0.055544935166835785,17.532800787664783,17.53557518178208
3255,1450.6570681995122,0.05546166002750397,17.52447252641951,17.52724276963209
3256,1450.6467026901453,0.05566240847110748,17.52724276963209,17.53002301934694
3257,1450.6546324824767,0.05561297386884689,17.53002301934694,17.532800804968524
3258,1450.6827659098346,0.05554494261741638,17.532800804968524,17.53557519945835
3259,1450.6570680037344,0.05546166002750397,17.524472525636767,17.527242768849348
3260,1450.6467025906734,0.05566240847110748,17.527242768849348,17.5300230185642
3261,1450.6546324602045,0.05561297386884689,17.5300230185642,17.532800804185783
3262,1450.6827659492512,0.05554494261741638,17.532800804185783,17.53557519867561
3263,1450.6570680845794,0.05546166002750397,17.52447252135437,17.52724276456695
3264,1450.6467026992898,0.05566240847110748,17.52724276456695,17.530023014281802
3265,1450.6546325859447,0.05561297386884689,17.530023014281802,17.532800799903384
3266,1450.6827660816732,0.05554494261741638,17.532800799903384,17.53557519439321
3267,1450.6570683032141,0.05546166002750397,17.52447251944061,17.52724276265319
3268,1450.6467029947662,0.05566240847110748,17.52724276265319,17.530023012368044
3269,1450.654632950034,0.05561297386884689,17.530023012368044,17.532800797989626
3270,1450.6827665093465,0.05554494261741638,17.532800797989626,17.535575192479453
3271,1450.6570686733023,0.05546166002750397,17.524472511619372,17.527242754831953
3272,1450.646703304606,0.05566240847110748,17.527242754831953,17.530023004546806
3273,1450.654633198602,0.05561297386884689,17.530023004546806,17.532800790168388
3274,1450.682766696861,0.05554494261741638,17.532800790168388,17.535575184658214
3275,1450.6570687974724,0.05546166002750397,17.52447252488825,17.52724276810083
3276,1450.6467033926358,0.05566240847110748,17.52724276810083,17.530023017815683
3277,1450.6546332713929,0.05561297386884689,17.530023017815683,17.532800803437265
3278,1450.6827667702694,0.05554494261741638,17.532800803437265,17.53557519792709
3279,1450.657068874983,0.05546166002750397,17.524472510911078,17.52724275412366
3280,1450.6467034512264,0.05566240847110748,17.52724275412366,17.53002300383851
3281,1450.6546332941673,0.05561297386884689,17.53002300383851,17.532800789460094
3282,1450.6827667451807,0.05554494261741638,17.532800789460094,17.53557518394992
3283,1450.6570687782444,0.05546166002750397,17.524472520691756,17.527242763904336
3284,1450.6467033072327,0.05566240847110748,17.527242763904336,17.53002301361919
3285,1450.6546331218992,0.05561297386884689,17.53002301361919,17.53280079924077
3286,1450.6827665592684,0.05554494261741638,17.53280079924077,17.535575193730597
3287,1450.6570686950806,0.05546166002750397,17.524472506052426,17.527242749265007
3288,1450.646703296763,0.05566240847110748,17.527242749265007,17.53002299897986
3289,1450.6546331605093,0.05561297386884689,17.53002299897986,17.53280078460144
3290,1450.6827666285353,0.05554494261741638,17.53280078460144,17.535575179091268
3291,1450.657068627275,0.05546166002750397,17.524472501696597,17.527242744909177
3292,1450.6467031068723,0.05566240847110748,17.527242744909177,17.53002299462403
3293,1450.654632861686,0.05561297386884689,17.53002299462403,17.532800780245612
3294,1450.6827662320436,0.055544935166835785,17.532800780245612,17.535575174362908
3295,1450.6570682928234,0.05546166002750397,17.524472507548676,17.527242750761257
3296,1450.6467028424108,0.05566240847110748,17.527242750761257,17.53002300047611
3297,1450.654632672035,0.05561297386884689,17.53002300047611,17.53280078609769
3298,1450.682766119913,0.05554494261741638,17.53280078609769,17.535575180587518
3299,1450.6570681304547,0.05546166002750397,17.524472533683916,17.527242776896497
3300,1450.646702664424,0.05566240847110748,17.527242776896497,17.53002302661135
3301,1450.6546325045383,0.05561297386884689,17.53002302661135,17.53280081223293
3302,1450.6827659822347,0.05554494261741638,17.53280081223293,17.535575206722758
3303,1450.6570680695595,0.05546166002750397,17.524472525663363,17.527242768875944
3304,1450.646702646482,0.05566240847110748,17.527242768875944,17.530023018590796
3305,1450.6546325035843,0.05561297386884689,17.530023018590796,17.53280080421238
3306,1450.6827659763837,0.05554494261741638,17.53280080421238,17.535575198702205
3307,1450.6570680962413,0.05546166002750397,17.52447250430662,17.5272427475192
3308,1450.6467026747275,0.05566240847110748,17.5272427475192,17.530022997234052
3309,1450.654632510235,0.05561297386884689,17.530022997234052,17.532800782855634
3310,1450.6827659467042,0.05554494261741638,17.532800782855634,17.53557517734546
3311,1450.6570681671412,0.05546166002750397,17.524472520382574,17.527242763595154
3312,1450.646702869074,0.05566240847110748,17.527242763595154,17.530023013310007
3313,1450.6546328431393,0.05561297386884689,17.530023013310007,17.53280079893159
3314,1450.682766427238,0.05554494261741638,17.53280079893159,17.535575193421415
3315,1450.6570685819916,0.05546166002750397,17.524472518565958,17.52724276177854
3316,1450.646703217204,0.05566240847110748,17.52724276177854,17.53002301149339
3317,1450.6546331248412,0.05561297386884689,17.53002301149339,17.532800797114973
3318,1450.682766643793,0.05554494261741638,17.532800797114973,17.5355751916048
3319,1450.6570686584023,0.05546166002750397,17.52447251950096,17.52724276271354
3320,1450.6467031661139,0.05566240847110748,17.52724276271354,17.530023012428394
3321,1450.6546329577343,0.05561297386884689,17.530023012428394,17.532800798049976
3322,1450.682766370797,0.055544935166835785,17.532800798049976,17.535575192167272
3323,1450.6570685086178,0.05546166002750397,17.52447251708954,17.52724276030212
3324,1450.646703124736,0.05566240847110748,17.52724276030212,17.530023010016972
3325,1450.6546330119686,0.05561297386884689,17.530023010016972,17.532800795638554
3326,1450.6827665098629,0.05554494261741638,17.532800795638554,17.53557519012838
3327,1450.6570686096402,0.05546166002750397,17.524472506177016,17.527242749389597
3328,1450.646703179179,0.05566240847110748,17.527242749389597,17.53002299910445
3329,1450.6546330142025,0.05561297386884689,17.53002299910445,17.53280078472603
3330,1450.682766456521,0.05554494261741638,17.53280078472603,17.535575179215858
3331,1450.6570685289023,0.05546166002750397,17.524472511601903,17.527242754814484
3332,1450.646703087524,0.05566240847110748,17.527242754814484,17.530023004529337
3333,1450.6546329241175,0.05561297386884689,17.530023004529337,17.53280079015092
3334,1450.682766375095,0.05554494261741638,17.53280079015092,17.535575184640745
3335,1450.657068432704,0.05546166002750397,17.524472501560783,17.527242744773364
3336,1450.6467029658209,0.05566240847110748,17.527242744773364,17.530022994488217
3337,1450.6546327693013,0.05561297386884689,17.530022994488217,17.5328007801098
3338,1450.6827661839218,0.055544935166835785,17.5328007801098,17.535575174227095
3339,1450.6570681591993,0.05546166002750397,17.524472504039952,17.527242747252533
3340,1450.6467026268415,0.05566240847110748,17.527242747252533,17.530022996967386
3341,1450.6546323784885,0.05561297386884689,17.530022996967386,17.532800782588968
3342,1450.6827657526017,0.05554494261741638,17.532800782588968,17.535575177078794
3343,1450.6570677883713,0.05546166002750397,17.524472500322673,17.527242743535254
3344,1450.6467023079729,0.05566240847110748,17.527242743535254,17.530022993250107
3345,1450.6546321043738,0.05561297386884689,17.530022993250107,17.53280077887169
3346,1450.6827655171428,0.05554494261741638,17.53280077887169,17.535575173361515
3347,1450.6570674989264,0.05546166002750397,17.524472502014543,17.527242745227124
3348,1450.6467019743632,0.05566240847110748,17.527242745227124,17.530022994941977
3349,1450.6546317346426,0.05561297386884689,17.530022994941977,17.53280078056356
3350,1450.6827651156616,0.05554494261741638,17.53280078056356,17.535575175053385
3351,1450.6570671784564,0.05546166002750397,17.524472540787524,17.527242784000105
3352,1450.6467017740654,0.05566240847110748,17.527242784000105,17.530023033714958
3353,1450.6546316818442,0.05561297386884689,17.530023033714958,17.53280081933654
3354,1450.6827652306206,0.05554494261741638,17.53280081933654,17.535575213826366
3355,1450.6570674087698,0.05546166002750397,17.524472550407722,17.527242793620303
3356,1450.6467020957627,0.05566240847110748,17.527242793620303,17.530023043335156
3357,1450.6546320755472,0.05561297386884689,17.530023043335156,17.532800828956738
3358,1450.682765680693,0.05554494261741638,17.532800828956738,17.535575223446564
3359,1450.657067889435,0.05546166002750397,17.524472504989628,17.52724274820221
3360,1450.6467025326356,0.05566240847110748,17.52724274820221,17.53002299791706
3361,1450.6546324137594,0.05561297386884689,17.53002299791706,17.532800783538644
3362,1450.6827658808436,0.05554494261741638,17.532800783538644,17.53557517802847
3363,1450.6570681969997,0.05546166002750397,17.52447252313172,17.5272427663443
3364,1450.6467029812345,0.05566240847110748,17.5272427663443,17.530023016059154
3365,1450.6546330262588,0.05561297386884689,17.530023016059154,17.532800801680736
3366,1450.6827666713991,0.055544935166835785,17.532800801680736,17.53557519579803
3367,1450.6570689829152,0.05546166002750397,17.524472520287727,17.527242763500308
3368,1450.646703757572,0.05566240847110748,17.527242763500308,17.53002301321516
3369,1450.6546337894843,0.05561297386884689,17.53002301321516,17.532800798836742
3370,1450.6827674190847,0.055544935166835785,17.532800798836742,17.535575192954038
3371,1450.657069385432,0.05546166002750397,17.524472516293244,17.527242759505825
3372,1450.6467038418798,0.05566240847110748,17.527242759505825,17.530023009220677
3373,1450.6546335808152,0.05561297386884689,17.530023009220677,17.53280079484226
3374,1450.6827669412821,0.05554494261741638,17.53280079484226,17.535575189332086
3375,1450.6570690395945,0.05546166002750397,17.524472513902314,17.527242757114895
3376,1450.6467036163654,0.05566240847110748,17.527242757114895,17.530023006829747
3377,1450.6546334650027,0.05561297386884689,17.530023006829747,17.53280079245133
3378,1450.6827669232691,0.05554494261741638,17.53280079245133,17.535575186941156
3379,1450.6570690074973,0.05546166002750397,17.524472534916022,17.527242778128603
3380,1450.6467035993303,0.05566240847110748,17.527242778128603,17.530023027843455
3381,1450.6546334845607,0.05561297386884689,17.530023027843455,17.532800813465037
3382,1450.6827669949141,0.05554494261741638,17.532800813465037,17.535575207954864
3383,1450.6570690962783,0.05546166002750397,17.52447250873768,17.52724275195026
3384,1450.6467036602023,0.05566240847110748,17.52724275195026,17.530023001665114
3385,1450.6546334843185,0.05561297386884689,17.530023001665114,17.532800787286696
3386,1450.6827669119482,0.05554494261741638,17.532800787286696,17.535575181776522
3387,1450.657068941876,0.05546166002750397,17.524472507603093,17.527242750815674
3388,1450.646703450832,0.05566240847110748,17.527242750815674,17.530023000530527
3389,1450.6546332331657,0.05561297386884689,17.530023000530527,17.53280078615211
3390,1450.6827666295337,0.05554494261741638,17.53280078615211,17.535575180641935
3391,1450.65706877727,0.05546166002750397,17.524472508410433,17.527242751623014
3392,1450.6467034004172,0.05566240847110748,17.527242751623014,17.530023001337867
3393,1450.6546332924152,0.05561297386884689,17.530023001337867,17.53280078695945
3394,1450.682766793313,0.05554494261741638,17.53280078695945,17.535575181449275
3395,1450.6570687804463,0.05546166002750397,17.524472534541786,17.527242777754367
3396,1450.6467032905325,0.05566240847110748,17.527242777754367,17.53002302746922
3397,1450.6546331067914,0.05561297386884689,17.53002302746922,17.5328008130908
3398,1450.6827665610351,0.05554494261741638,17.5328008130908,17.535575207580628
3399,1450.6570686299622,0.05546166002750397,17.524472508594364,17.527242751806945
3400,1450.6467031676427,0.05566240847110748,17.527242751806945,17.530023001521798
3401,1450.6546329705623,0.05561297386884689,17.530023001521798,17.53280078714338
3402,1450.6827663807976,0.055544935166835785,17.53280078714338,17.535575181260675
3403,1450.6570684162812,0.05546166002750397,17.524472508314073,17.527242751526654
3404,1450.6467029328883,0.05566240847110748,17.527242751526654,17.530023001241506
3405,1450.6546327243154,0.05561297386884689,17.530023001241506,17.53280078686309
3406,1450.6827661304014,0.055544935166835785,17.53280078686309,17.535575180980384
3407,1450.657068322178,0.05546166002750397,17.524472513344918,17.5272427565575
3408,1450.6467029917183,0.05566240847110748,17.5272427565575,17.53002300627235
3409,1450.6546329311232,0.05561297386884689,17.53002300627235,17.532800791893933
3410,1450.6827664794246,0.05554494261741638,17.532800791893933,17.53557518638376
3411,1450.6570684936291,0.05546166002750397,17.524472514043918,17.5272427572565
3412,1450.6467030009615,0.05566240847110748,17.5272427572565,17.53002300697135
3413,1450.6546327922306,0.05561297386884689,17.53002300697135,17.532800792592933
3414,1450.682766202757,0.055544935166835785,17.532800792592933,17.53557518671023
3415,1450.657068250423,0.05546166002750397,17.524472520317786,17.527242763530367
3416,1450.6467027947426,0.05566240847110748,17.527242763530367,17.53002301324522
3417,1450.6546326250398,0.05561297386884689,17.53002301324522,17.532800798866802
3418,1450.682766075798,0.05554494261741638,17.532800798866802,17.535575193356628
3419,1450.657068193929,0.05546166002750397,17.52447252479949,17.52724276801207
3420,1450.6467028031693,0.05566240847110748,17.52724276801207,17.530023017726922
3421,1450.6546326932043,0.05561297386884689,17.530023017726922,17.532800803348504
3422,1450.682766201085,0.05554494261741638,17.532800803348504,17.53557519783833
3423,1450.657068335366,0.05546166002750397,17.524472519171844,17.527242762384425
3424,1450.6467029476246,0.05566240847110748,17.527242762384425,17.530023012099278
3425,1450.654632830819,0.05561297386884689,17.530023012099278,17.53280079772086
3426,1450.6827663223905,0.05554494261741638,17.53280079772086,17.535575192210686
3427,1450.6570684747044,0.05546166002750397,17.524472518398426,17.527242761611006
3428,1450.6467031038746,0.05566240847110748,17.527242761611006,17.53002301132586
3429,1450.6546330028737,0.05561297386884689,17.53002301132586,17.53280079694744
3430,1450.6827665113847,0.05554494261741638,17.53280079694744,17.535575191437268
3431,1450.6570686631587,0.05546166002750397,17.52447251352852,17.5272427567411
3432,1450.646703287183,0.05566240847110748,17.5272427567411,17.530023006455952
3433,1450.6546331776788,0.05561297386884689,17.530023006455952,17.532800792077534
3434,1450.6827666753165,0.05554494261741638,17.532800792077534,17.53557518656736
3435,1450.6570687513313,0.05546166002750397,17.524472504768173,17.527242747980754
3436,1450.6467032996106,0.05566240847110748,17.527242747980754,17.530022997695607
3437,1450.6546331155864,0.05561297386884689,17.530022997695607,17.53280078331719
3438,1450.682766540815,0.05554494261741638,17.53280078331719,17.535575177807015
3439,1450.6570686039056,0.05546166002750397,17.52447252988249,17.52724277309507
3440,1450.64670317766,0.05566240847110748,17.52724277309507,17.530023022809925
3441,1450.6546330473884,0.05561297386884689,17.530023022809925,17.532800808431507
3442,1450.6827665466287,0.05554494261741638,17.532800808431507,17.535575202921333
3443,1450.6570686298965,0.05546166002750397,17.52447250223429,17.52724274544687
3444,1450.6467031761179,0.05566240847110748,17.52724274544687,17.530022995161723
3445,1450.6546329831106,0.05561297386884689,17.530022995161723,17.532800780783305
3446,1450.6827663940192,0.055544935166835785,17.532800780783305,17.5355751749006
3447,1450.657068377491,0.05546166002750397,17.52447251012792,17.527242753340502
3448,1450.6467028543957,0.05566240847110748,17.527242753340502,17.530023003055355
3449,1450.654632615953,0.05561297386884689,17.530023003055355,17.532800788676937
3450,1450.6827659999929,0.055544935166835785,17.532800788676937,17.535575182794233
3451,1450.6570681637984,0.05546166002750397,17.52447250777189,17.52724275098447
3452,1450.6467028025438,0.05566240847110748,17.52724275098447,17.530023000699323
3453,1450.654632709538,0.05561297386884689,17.530023000699323,17.532800786320905
3454,1450.682766224741,0.05554494261741638,17.532800786320905,17.53557518081073
3455,1450.6570681853432,0.05546166002750397,17.52447249582893,17.52724273904151
3456,1450.6467026264047,0.05566240847110748,17.52724273904151,17.530022988756365
3457,1450.654632343002,0.05561297386884689,17.530022988756365,17.532800774377947
3458,1450.6827656737803,0.055544935166835785,17.532800774377947,17.535575168495242
3459,1450.6570676911833,0.05546166002750397,17.52447250625974,17.52724274947232
3460,1450.6467022049872,0.05566240847110748,17.52724274947232,17.530022999187175
3461,1450.654632005073,0.05561297386884689,17.530022999187175,17.532800784808757
3462,1450.6827654263363,0.05554494261741638,17.532800784808757,17.535575179298583
3463,1450.6570674922787,0.05546166002750397,17.52447253526698,17.52724277847956
3464,1450.6467020818159,0.05566240847110748,17.52724277847956,17.530023028194414
3465,1450.6546319767338,0.05561297386884689,17.530023028194414,17.532800813815996
3466,1450.6827655077846,0.05554494261741638,17.532800813815996,17.535575208305822
3467,1450.6570676159188,0.05546166002750397,17.52447254483087,17.527242788043452
3468,1450.646702235023,0.05566240847110748,17.527242788043452,17.530023037758305
3469,1450.6546321495948,0.05561297386884689,17.530023037758305,17.532800823379887
3470,1450.682765690359,0.05554494261741638,17.532800823379887,17.535575217869713
3471,1450.6570679143786,0.05546166002750397,17.52447252617203,17.52724276938461
3472,1450.6467026014666,0.05566240847110748,17.52724276938461,17.530023019099463
3473,1450.6546325471477,0.05561297386884689,17.530023019099463,17.532800804721045
3474,1450.6827660931933,0.05554494261741638,17.532800804721045,17.53557519921087
3475,1450.657068396775,0.05546166002750397,17.52447249209936,17.52724273531194
3476,1450.6467031210022,0.05566240847110748,17.52724273531194,17.530022985026793
3477,1450.6546330715444,0.05561297386884689,17.530022985026793,17.532800770648375
3478,1450.6827665982723,0.05554494261741638,17.532800770648375,17.5355751651382
3479,1450.657068780059,0.05546166002750397,17.52447249548916,17.52724273870174
3480,1450.6467034219136,0.05566240847110748,17.52724273870174,17.530022988416594
3481,1450.6546333208605,0.05561297386884689,17.530022988416594,17.532800774038176
3482,1450.6827668198164,0.05554494261741638,17.532800774038176,17.535575168528002
3483,1450.6570688349252,0.05546166002750397,17.52447251171609,17.527242754928672
3484,1450.646703353141,0.05566240847110748,17.527242754928672,17.530023004643525
3485,1450.6546331625805,0.05561297386884689,17.530023004643525,17.532800790265107
3486,1450.6827665989554,0.05554494261741638,17.532800790265107,17.535575184754933
3487,1450.6570684658545,0.05546166002750397,17.524472509542264,17.527242752754844
3488,1450.6467028399295,0.05566240847110748,17.527242752754844,17.530023002469697
3489,1450.6546325105699,0.05561297386884689,17.530023002469697,17.53280078809128
3490,1450.6827658143538,0.05554494261741638,17.53280078809128,17.535575182581105
3491,1450.6570677962989,0.05546166002750397,17.52447252949253,17.52724277270511
3492,1450.6467022973593,0.05566240847110748,17.52724277270511,17.530023022419964
3493,1450.6546321018684,0.05561297386884689,17.530023022419964,17.532800808041547
3494,1450.6827655425147,0.05554494261741638,17.532800808041547,17.535575202531373
3495,1450.6570677077762,0.05546166002750397,17.52447251314621,17.527242756358792
3496,1450.6467023426853,0.05566240847110748,17.527242756358792,17.530023006073645
3497,1450.6546322419445,0.05561297386884689,17.530023006073645,17.532800791695227
3498,1450.6827657466183,0.05554494261741638,17.532800791695227,17.535575186185053
3499,1450.657067846749,0.05546166002750397,17.524472501901233,17.527242745113814
3500,1450.6467024134079,0.05566240847110748,17.527242745113814,17.530022994828666
3501,1450.6546322431818,0.05561297386884689,17.530022994828666,17.53280078045025
3502,1450.6827656785636,0.05554494261741638,17.53280078045025,17.535575174940075
3503,1450.6570678592418,0.05546166002750397,17.524472511414263,17.527242754626844
3504,1450.646702519927,0.05566240847110748,17.527242754626844,17.530023004341697
3505,1450.654632452295,0.05561297386884689,17.530023004341697,17.53280078996328
3506,1450.68276599503,0.05554494261741638,17.53280078996328,17.535575184453105
3507,1450.6570680706973,0.05546166002750397,17.524472522768793,17.527242765981374
3508,1450.6467026472594,0.05566240847110748,17.527242765981374,17.530023015696226
3509,1450.654632512452,0.05561297386884689,17.530023015696226,17.53280080131781
3510,1450.6827660017439,0.05554494261741638,17.53280080131781,17.535575195807635
3511,1450.6570680466443,0.05546166002750397,17.524472511339162,17.527242754551743
3512,1450.646702573297,0.05566240847110748,17.527242754551743,17.530023004266596
3513,1450.6546323750765,0.05561297386884689,17.530023004266596,17.532800789888178
3514,1450.6827657918825,0.05554494261741638,17.532800789888178,17.535575184378004
3515,1450.657067903836,0.05546166002750397,17.52447252636979,17.527242769582372
3516,1450.6467025131453,0.05566240847110748,17.527242769582372,17.530023019297225
3517,1450.6546324079154,0.05561297386884689,17.530023019297225,17.532800804918807
3518,1450.682765923941,0.05554494261741638,17.532800804918807,17.535575199408633
3519,1450.6570681413218,0.05546166002750397,17.524472531919386,17.527242775131967
3520,1450.64670284515,0.05566240847110748,17.527242775131967,17.53002302484682
3521,1450.6546328247746,0.05561297386884689,17.53002302484682,17.5328008104684
3522,1450.682766417075,0.05554494261741638,17.5328008104684,17.535575204958228
3523,1450.6570685527379,0.05546166002750397,17.524472519325958,17.52724276253854
3524,1450.6467031598615,0.05566240847110748,17.52724276253854,17.53002301225339
3525,1450.6546330331328,0.05561297386884689,17.53002301225339,17.532800797874973
3526,1450.6827665135756,0.05554494261741638,17.532800797874973,17.5355751923648
3527,1450.6570686913499,0.05546166002750397,17.524472505560954,17.527242748773535
3528,1450.6467033253668,0.05566240847110748,17.527242748773535,17.530022998488388
3529,1450.6546332137366,0.05561297386884689,17.530022998488388,17.53280078410997
3530,1450.682766700231,0.05554494261741638,17.53280078410997,17.535575178599796
3531,1450.6570688377333,0.05546166002750397,17.52447251230099,17.52724275551357
3532,1450.6467034542673,0.05566240847110748,17.52724275551357,17.530023005228422
3533,1450.654633342462,0.05561297386884689,17.530023005228422,17.532800790850004
3534,1450.6827668417147,0.05554494261741638,17.532800790850004,17.53557518533983
3535,1450.6570688924712,0.05546166002750397,17.524472517655422,17.527242760868003
3536,1450.6467034370237,0.05566240847110748,17.527242760868003,17.530023010582855
3537,1450.6546332654173,0.05561297386884689,17.530023010582855,17.532800796204437
3538,1450.6827667149232,0.05554494261741638,17.532800796204437,17.535575190694264
3539,1450.657068699746,0.05546166002750397,17.524472501715454,17.527242744928035
3540,1450.6467031620916,0.05566240847110748,17.527242744928035,17.530022994642888
3541,1450.6546328974366,0.05561297386884689,17.530022994642888,17.53280078026447
3542,1450.68276624698,0.055544935166835785,17.53280078026447,17.535575174381766
3543,1450.6570682606946,0.05546166002750397,17.52447249845457,17.527242741667152
3544,1450.6467027545011,0.05566240847110748,17.527242741667152,17.530022991382005
3545,1450.6546325227255,0.05561297386884689,17.530022991382005,17.532800777003587
3546,1450.6827659059904,0.05554494261741638,17.532800777003587,17.535575171493413
3547,1450.6570679513559,0.05546166002750397,17.52447250270513,17.52724274591771
3548,1450.6467024851731,0.05566240847110748,17.52724274591771,17.530022995632564
3549,1450.6546322990148,0.05561297386884689,17.530022995632564,17.532800781254146
3550,1450.682765731355,0.05554494261741638,17.532800781254146,17.535575175743972
3551,1450.6570677065665,0.05546166002750397,17.52447251366838,17.52724275688096
3552,1450.6467021895216,0.05566240847110748,17.52724275688096,17.530023006595812
3553,1450.6546319677243,0.05561297386884689,17.530023006595812,17.532800792217394
3554,1450.68276537415,0.05554494261741638,17.532800792217394,17.53557518670722
3555,1450.6570674243708,0.05546166002750397,17.52447254144776,17.52724278466034
3556,1450.6467020015589,0.05566240847110748,17.52724278466034,17.530023034375194
3557,1450.6546318868416,0.05561297386884689,17.530023034375194,17.532800819996776
3558,1450.6827654104356,0.05554494261741638,17.532800819996776,17.535575214486602
3559,1450.657067601536,0.05546166002750397,17.524472541821854,17.527242785034435
3560,1450.646702286178,0.05566240847110748,17.527242785034435,17.530023034749288
3561,1450.6546322522172,0.05561297386884689,17.530023034749288,17.53280082037087
3562,1450.682765835328,0.05554494261741638,17.53280082037087,17.535575214860696
3563,1450.6570680805648,0.05546166002750397,17.524472507664335,17.527242750876916
3564,1450.646702764003,0.05566240847110748,17.527242750876916,17.53002300059177
3565,1450.6546326875186,0.05561297386884689,17.53002300059177,17.53280078621335
3566,1450.6827661979266,0.05554494261741638,17.53280078621335,17.535575180703177
3567,1450.6570684869978,0.05546166002750397,17.524472519645713,17.527242762858293
3568,1450.6467032423946,0.05566240847110748,17.527242762858293,17.530023012573146
3569,1450.6546332577338,0.05561297386884689,17.530023012573146,17.532800798194728
3570,1450.682766873033,0.055544935166835785,17.532800798194728,17.535575192312024
3571,1450.6570690828555,0.05546166002750397,17.524472495845586,17.527242739058167
3572,1450.6467037380644,0.05566240847110748,17.527242739058167,17.53002298877302
3573,1450.6546336391802,0.05561297386884689,17.53002298877302,17.5328007743946
3574,1450.6827671319122,0.05554494261741638,17.5328007743946,17.535575168884428
3575,1450.657069034716,0.05546166002750397,17.524472502615534,17.527242745828115
3576,1450.6467034338732,0.05566240847110748,17.527242745828115,17.530022995542968
3577,1450.6546331211125,0.05561297386884689,17.530022995542968,17.53280078116455
3578,1450.6827664348964,0.05554494261741638,17.53280078116455,17.535575175654376
3579,1450.6570684679295,0.05546166002750397,17.524472516642074,17.527242759854655
3580,1450.6467030050287,0.05566240847110748,17.527242759854655,17.530023009569508
3581,1450.6546328337631,0.05561297386884689,17.530023009569508,17.53280079519109
3582,1450.6827662872147,0.05554494261741638,17.53280079519109,17.535575189680916
3583,1450.6570682440884,0.05546166002750397,17.52447252629959,17.52724276951217
3584,1450.6467027153544,0.05566240847110748,17.52724276951217,17.530023019227023
3585,1450.6546324870183,0.05561297386884689,17.530023019227023,17.532800804848605
3586,1450.6827658930665,0.05554494261741638,17.532800804848605,17.53557519933843
3587,1450.657067973907,0.05546166002750397,17.524472518625583,17.527242761838163
3588,1450.6467025390855,0.05566240847110748,17.527242761838163,17.530023011553016
3589,1450.654632380704,0.05561297386884689,17.530023011553016,17.5328007971746
3590,1450.6827658376899,0.05554494261741638,17.5328007971746,17.535575191664424
3591,1450.6570679995502,0.05546166002750397,17.524472513365932,17.527242756578513
3592,1450.6467026328037,0.05566240847110748,17.527242756578513,17.530023006293366
3593,1450.6546325317388,0.05561297386884689,17.530023006293366,17.532800791914948
3594,1450.6827660370896,0.05554494261741638,17.532800791914948,17.535575186404774
3595,1450.657068234036,0.05546166002750397,17.524472532578752,17.527242775791333
3596,1450.646702925769,0.05566240847110748,17.527242775791333,17.530023025506186
3597,1450.6546328997242,0.05561297386884689,17.530023025506186,17.532800811127768
3598,1450.6827664912475,0.05554494261741638,17.532800811127768,17.535575205617594
3599,1450.6570686497334,0.05546166002750397,17.52447251708131,17.52724276029389
3600,1450.64670327714,0.05566240847110748,17.52724276029389,17.530023010008744
3601,1450.6546331684733,0.05561297386884689,17.530023010008744,17.532800795630326
3602,1450.682766665032,0.05554494261741638,17.532800795630326,17.535575190120152
3603,1450.6570687418916,0.05546166002750397,17.524472509721758,17.527242752934338
3604,1450.6467032913736,0.05566240847110748,17.527242752934338,17.53002300264919
3605,1450.6546331087973,0.05561297386884689,17.53002300264919,17.532800788270773
3606,1450.682766535631,0.05554494261741638,17.532800788270773,17.5355751827606
3607,1450.6570686802927,0.05546166002750397,17.524472487590145,17.527242730802726
3608,1450.646703272347,0.05566240847110748,17.527242730802726,17.53002298051758
3609,1450.6546331128195,0.05561297386884689,17.53002298051758,17.53280076613916
3610,1450.6827665477565,0.05554494261741638,17.53280076613916,17.535575160628987
3611,1450.657068529475,0.05546166002750397,17.524472521983753,17.527242765196334
3612,1450.646703031657,0.05566240847110748,17.527242765196334,17.530023014911187
3613,1450.6546328382833,0.05561297386884689,17.530023014911187,17.53280080053277
3614,1450.6827662814571,0.055544935166835785,17.53280080053277,17.535575194650065
3615,1450.6570683357716,0.05546166002750397,17.52447253760616,17.527242780818742
3616,1450.6467029083224,0.05566240847110748,17.527242780818742,17.530023030533595
3617,1450.6546327825206,0.05561297386884689,17.530023030533595,17.532800816155177
3618,1450.682766290394,0.05554494261741638,17.532800816155177,17.535575210645003
3619,1450.6570683001494,0.05546166002750397,17.524472531171583,17.527242774384163
3620,1450.6467028077166,0.05566240847110748,17.527242774384163,17.530023024099016
3621,1450.6546326027074,0.05561297386884689,17.530023024099016,17.532800809720598
3622,1450.6827660217054,0.055544935166835785,17.532800809720598,17.535575203837894
3623,1450.657068252669,0.05546166002750397,17.52447250024524,17.52724274345782
3624,1450.6467029216512,0.05566240847110748,17.52724274345782,17.530022993172672
3625,1450.6546328308093,0.05561297386884689,17.530022993172672,17.532800778794254
3626,1450.6827663249535,0.05554494261741638,17.532800778794254,17.53557517328408
3627,1450.6570685253516,0.05546166002750397,17.52447250855715,17.52724275176973
3628,1450.646703194949,0.05566240847110748,17.52724275176973,17.530023001484583
3629,1450.6546331280124,0.05561297386884689,17.530023001484583,17.532800787106165
3630,1450.682766665295,0.05554494261741638,17.532800787106165,17.53557518159599
3631,1450.6570687734643,0.05546166002750397,17.524472499947244,17.527242743159825
3632,1450.646703351789,0.05566240847110748,17.527242743159825,17.530022992874677
3633,1450.6546331957572,0.05561297386884689,17.530022992874677,17.53280077849626
3634,1450.6827666447857,0.05554494261741638,17.53280077849626,17.535575172986086
3635,1450.6570685376114,0.05546166002750397,17.52447250639692,17.5272427496095
3636,1450.6467029344058,0.05566240847110748,17.5272427496095,17.530022999324352
3637,1450.654632625008,0.05561297386884689,17.530022999324352,17.532800784945934
3638,1450.6827659463763,0.05554494261741638,17.532800784945934,17.53557517943576
3639,1450.6570679625909,0.05546166002750397,17.524472513585795,17.527242756798376
3640,1450.6467024792796,0.05566240847110748,17.527242756798376,17.53002300651323
3641,1450.6546322852453,0.05561297386884689,17.53002300651323,17.53280079213481
3642,1450.6827657167437,0.05554494261741638,17.53280079213481,17.535575186624637
3643,1450.6570677283187,0.05546166002750397,17.524472510424527,17.527242753637108
3644,1450.646702231862,0.05566240847110748,17.527242753637108,17.53002300335196
3645,1450.6546320185364,0.05561297386884689,17.53002300335196,17.532800788973542
3646,1450.6827654264594,0.05554494261741638,17.532800788973542,17.53557518346337
3647,1450.657067511222,0.05546166002750397,17.524472519508144,17.527242762720725
3648,1450.6467020919658,0.05566240847110748,17.527242762720725,17.530023012435578
3649,1450.6546319576012,0.05561297386884689,17.530023012435578,17.53280079805716
3650,1450.6827654445349,0.05554494261741638,17.53280079805716,17.535575192546986
3651,1450.65706759668,0.05546166002750397,17.5244725106269,17.52724275383948
3652,1450.6467022221987,0.05566240847110748,17.52724275383948,17.530023003554334
3653,1450.654632115003,0.05561297386884689,17.530023003554334,17.532800789175916
3654,1450.68276561552,0.05554494261741638,17.532800789175916,17.535575183665742
3655,1450.657067708158,0.05546166002750397,17.52447250028903,17.52724274350161
3656,1450.646702270226,0.05566240847110748,17.52724274350161,17.530022993216463
3657,1450.6546320976515,0.05561297386884689,17.530022993216463,17.532800778838045
3658,1450.682765532399,0.05554494261741638,17.532800778838045,17.53557517332787
3659,1450.6570676658819,0.05546166002750397,17.52447253011679,17.52724277332937
3660,1450.6467023087519,0.05566240847110748,17.52724277332937,17.530023023044222
3661,1450.6546322455358,0.05561297386884689,17.530023023044222,17.532800808665804
3662,1450.6827658092188,0.05554494261741638,17.532800808665804,17.53557520315563
3663,1450.657067964836,0.05546166002750397,17.52447254463636,17.52724278784894
3664,1450.646702629382,0.05566240847110748,17.52724278784894,17.530023037563794
3665,1450.6546325871457,0.05561297386884689,17.530023037563794,17.532800823185376
3666,1450.6827661709458,0.05554494261741638,17.532800823185376,17.535575217675202
3667,1450.6570683121654,0.05546166002750397,17.52447252893639,17.52724277214897
3668,1450.6467029283383,0.05566240847110748,17.52724277214897,17.530023021863823
3669,1450.6546328131185,0.05561297386884689,17.530023021863823,17.532800807485405
3670,1450.6827663067186,0.05554494261741638,17.532800807485405,17.53557520197523
3671,1450.6570685844442,0.05546166002750397,17.524472512533915,17.527242755746496
3672,1450.6467033081783,0.05566240847110748,17.527242755746496,17.53002300546135
3673,1450.6546332771798,0.05561297386884689,17.53002300546135,17.53280079108293
3674,1450.6827668362248,0.05554494261741638,17.53280079108293,17.535575185572757
3675,1450.6570690774727,0.05546166002750397,17.524472501166276,17.527242744378857
3676,1450.6467037663708,0.05566240847110748,17.527242744378857,17.53002299409371
3677,1450.6546337023274,0.05561297386884689,17.53002299409371,17.53280077971529
3678,1450.682767230201,0.05554494261741638,17.53280077971529,17.535575174205118
3679,1450.657069275964,0.05546166002750397,17.524472506059954,17.527242749272535
3680,1450.6467038054038,0.05566240847110748,17.527242749272535,17.530022998987388
3681,1450.6546336113709,0.05561297386884689,17.530022998987388,17.53280078460897
3682,1450.6827670333505,0.05554494261741638,17.53280078460897,17.535575179098796
3683,1450.657068991269,0.05546166002750397,17.524472514005325,17.527242757217905
3684,1450.6467034527384,0.05566240847110748,17.527242757217905,17.53002300693276
3685,1450.6546332066682,0.05561297386884689,17.53002300693276,17.53280079255434
3686,1450.682766589343,0.05554494261741638,17.53280079255434,17.535575187044167
3687,1450.6570685477002,0.05546166002750397,17.524472521549374,17.527242764761954
3688,1450.6467030145438,0.05566240847110748,17.527242764761954,17.530023014476807
3689,1450.6546327774452,0.05561297386884689,17.530023014476807,17.53280080009839
3690,1450.6827661713248,0.055544935166835785,17.53280080009839,17.535575194215685
3691,1450.6570682416843,0.05546166002750397,17.524472532182838,17.52724277539542
3692,1450.6467028165603,0.05566240847110748,17.52724277539542,17.53002302511027
3693,1450.6546326827954,0.05561297386884689,17.53002302511027,17.532800810731853
3694,1450.682766175147,0.05554494261741638,17.532800810731853,17.53557520522168
3695,1450.6570683496286,0.05546166002750397,17.524472534119067,17.527242777331647
3696,1450.6467030116455,0.05566240847110748,17.527242777331647,17.5300230270465
3697,1450.6546329509385,0.05561297386884689,17.5300230270465,17.532800812668082
3698,1450.6827665046567,0.05554494261741638,17.532800812668082,17.53557520715791
3699,1450.6570687148471,0.05546166002750397,17.5244725196062,17.52724276281878
3700,1450.6467033863407,0.05566240847110748,17.52724276281878,17.530023012533633
3701,1450.6546333153628,0.05561297386884689,17.530023012533633,17.532800798155215
3702,1450.6827668420117,0.05554494261741638,17.532800798155215,17.53557519264504
3703,1450.657069054248,0.05546166002750397,17.524472527983527,17.527242771196107
3704,1450.6467037444056,0.05566240847110748,17.527242771196107,17.53002302091096
3705,1450.6546337042103,0.05561297386884689,17.53002302091096,17.532800806532542
3706,1450.6827672724164,0.05554494261741638,17.532800806532542,17.535575201022368
3707,1450.6570694683567,0.05546166002750397,17.524472524797776,17.527242768010357
3708,1450.6467041375138,0.05566240847110748,17.527242768010357,17.53002301772521
3709,1450.65463407314,0.05561297386884689,17.53002301772521,17.53280080334679
3710,1450.682767615182,0.05554494261741638,17.53280080334679,17.535575197836618
3711,1450.6570696787774,0.05546166002750397,17.52447251268755,17.52724275590013
3712,1450.6467042139784,0.05566240847110748,17.52724275590013,17.530023005614982
3713,1450.6546340165903,0.05561297386884689,17.530023005614982,17.532800791236564
3714,1450.6827674284527,0.05554494261741638,17.532800791236564,17.53557518572639
3715,1450.6570695059625,0.05546166002750397,17.524472505250323,17.527242748462903
3716,1450.6467040533335,0.05566240847110748,17.527242748462903,17.530022998177756
3717,1450.6546338666208,0.05561297386884689,17.530022998177756,17.53280078379934
3718,1450.6827672878753,0.05554494261741638,17.53280078379934,17.535575178289164
3719,1450.657069324258,0.05546166002750397,17.52447252126258,17.52724276447516
3720,1450.6467038618289,0.05566240847110748,17.52724276447516,17.530023014190014
3721,1450.6546336888764,0.05561297386884689,17.530023014190014,17.532800799811596
3722,1450.6827671412684,0.05554494261741638,17.532800799811596,17.535575194301423
3723,1450.6570691457853,0.05546166002750397,17.524472510004202,17.527242753216782
3724,1450.6467036344038,0.05566240847110748,17.527242753216782,17.530023002931635
3725,1450.6546334005159,0.05561297386884689,17.530023002931635,17.532800788553217
3726,1450.6827667839964,0.05554494261741638,17.532800788553217,17.535575183043044
3727,1450.6570687510753,0.05546166002750397,17.52447250914263,17.52724275235521
3728,1450.6467032089456,0.05566240847110748,17.52724275235521,17.530023002070063
3729,1450.6546329497996,0.05561297386884689,17.530023002070063,17.532800787691645
3730,1450.6827663122212,0.055544935166835785,17.532800787691645,17.53557518180894
3731,1450.657068402486,0.05546166002750397,17.524472509839146,17.527242753051727
3732,1450.646702976018,0.05566240847110748,17.527242753051727,17.53002300276658
3733,1450.6546328250631,0.05561297386884689,17.53002300276658,17.532800788388162
3734,1450.6827662886703,0.05554494261741638,17.532800788388162,17.535575182877988
3735,1450.6570683049335,0.05546166002750397,17.52447250308242,17.527242746295002
3736,1450.6467028036707,0.05566240847110748,17.527242746295002,17.530022996009855
3737,1450.654632578525,0.05561297386884689,17.530022996009855,17.532800781631437
3738,1450.682765969275,0.055544935166835785,17.532800781631437,17.535575175748733
3739,1450.6570679980107,0.05546166002750397,17.524472522140826,17.527242765353407
3740,1450.6467025355564,0.05566240847110748,17.527242765353407,17.53002301506826
3741,1450.654632368271,0.05561297386884689,17.53002301506826,17.53280080068984
3742,1450.6827658282755,0.05554494261741638,17.53280080068984,17.535575195179668
3743,1450.6570679295828,0.05546166002750397,17.524472520224787,17.527242763437368
3744,1450.6467025206225,0.05566240847110748,17.527242763437368,17.53002301315222
3745,1450.6546323917203,0.05561297386884689,17.53002301315222,17.532800798773803
3746,1450.6827658804175,0.05554494261741638,17.532800798773803,17.53557519326363
3747,1450.6570679565393,0.05546166002750397,17.524472520926953,17.527242764139533
3748,1450.6467025220484,0.05566240847110748,17.527242764139533,17.530023013854386
3749,1450.6546323677646,0.05561297386884689,17.530023013854386,17.532800799475968
3750,1450.6827658293828,0.05554494261741638,17.532800799475968,17.535575193965794
3751,1450.65706803329,0.05546166002750397,17.524472519493564,17.527242762706145
3752,1450.6467027114898,0.05566240847110748,17.527242762706145,17.530023012420997
3753,1450.6546326568175,0.05561297386884689,17.530023012420997,17.53280079804258
3754,1450.6827662088976,0.05554494261741638,17.53280079804258,17.535575192532406
3755,1450.6570683551004,0.05546166002750397,17.52447250447539,17.52724274768797
3756,1450.646702962897,0.05566240847110748,17.52724274768797,17.530022997402824
3757,1450.6546328294642,0.05561297386884689,17.530022997402824,17.532800783024406
3758,1450.682766297805,0.05554494261741638,17.532800783024406,17.535575177514232
3759,1450.657068403469,0.05546166002750397,17.524472525913335,17.527242769125916
3760,1450.6467030096335,0.05566240847110748,17.527242769125916,17.53002301884077
3761,1450.6546329036603,0.05561297386884689,17.53002301884077,17.53280080446235
3762,1450.682766420751,0.05554494261741638,17.53280080446235,17.535575198952177
3763,1450.6570685600504,0.05546166002750397,17.524472526026223,17.527242769238804
3764,1450.6467031874533,0.05566240847110748,17.527242769238804,17.530023018953656
3765,1450.6546330931149,0.05561297386884689,17.530023018953656,17.53280080457524
3766,1450.6827666144775,0.05554494261741638,17.53280080457524,17.535575199065065
3767,1450.6570686509501,0.05546166002750397,17.524472500902085,17.527242744114666
3768,1450.6467031504153,0.05566240847110748,17.527242744114666,17.53002299382952
3769,1450.654632911428,0.05561297386884689,17.53002299382952,17.5328007794511
3770,1450.6827662776716,0.055544935166835785,17.5328007794511,17.535575173568397
3771,1450.6570684060075,0.05546166002750397,17.52447251893765,17.52724276215023
3772,1450.6467030250676,0.05566240847110748,17.52724276215023,17.530023011865083
3773,1450.6546329244818,0.05561297386884689,17.530023011865083,17.532800797486665
3774,1450.6827664412667,0.05554494261741638,17.532800797486665,17.53557519197649
3775,1450.6570685678594,0.05546166002750397,17.524472497997095,17.527242741209676
3776,1450.6467031551329,0.05566240847110748,17.527242741209676,17.53002299092453
3777,1450.6546330008262,0.05561297386884689,17.53002299092453,17.53280077654611
3778,1450.6827664483687,0.05554494261741638,17.53280077654611,17.535575171035937
3779,1450.657068367468,0.05546166002750397,17.52447250406238,17.52724274727496
3780,1450.6467027841957,0.05566240847110748,17.52724274727496,17.530022996989814
3781,1450.6546324896754,0.05561297386884689,17.530022996989814,17.532800782611396
3782,1450.6827658196921,0.05554494261741638,17.532800782611396,17.535575177101222
3783,1450.657067899509,0.05546166002750397,17.524472508734174,17.527242751946755
3784,1450.6467024693304,0.05566240847110748,17.527242751946755,17.530023001661608
3785,1450.6546323197583,0.05561297386884689,17.530023001661608,17.53280078728319
3786,1450.6827657885322,0.05554494261741638,17.53280078728319,17.535575181773016
3787,1450.657067767208,0.05546166002750397,17.524472516598777,17.527242759811358
3788,1450.646702251725,0.05566240847110748,17.527242759811358,17.53002300952621
3789,1450.6546320300413,0.05561297386884689,17.53002300952621,17.532800795147793
3790,1450.682765437709,0.05554494261741638,17.532800795147793,17.53557518963762
3791,1450.6570675141122,0.05546166002750397,17.5244725112546,17.52724275446718
3792,1450.6467020750283,0.05566240847110748,17.52724275446718,17.530023004182034
3793,1450.6546319125862,0.05561297386884689,17.530023004182034,17.532800789803616
3794,1450.68276536573,0.05554494261741638,17.532800789803616,17.535575184293442
3795,1450.6570674701654,0.05546166002750397,17.524472508166514,17.527242751379095
3796,1450.6467020535906,0.05566240847110748,17.527242751379095,17.530023001093948
3797,1450.6546319091722,0.05561297386884689,17.530023001093948,17.53280078671553
3798,1450.6827653767016,0.05554494261741638,17.53280078671553,17.535575181205356
3799,1450.6570675217395,0.05546166002750397,17.524472517452814,17.527242760665395
3800,1450.6467021555006,0.05566240847110748,17.527242760665395,17.530023010380248
3801,1450.6546320678842,0.05561297386884689,17.530023010380248,17.53280079600183
3802,1450.6827655961358,0.05554494261741638,17.53280079600183,17.535575190491656
3803,1450.6570677087905,0.05546166002750397,17.52447250663013,17.52724274984271
3804,1450.6467022951722,0.05566240847110748,17.52724274984271,17.530022999557563
3805,1450.6546321497312,0.05561297386884689,17.530022999557563,17.532800785179145
3806,1450.6827656132825,0.05554494261741638,17.532800785179145,17.53557517966897
3807,1450.6570676645424,0.05546166002750397,17.524472488527646,17.527242731740227
3808,1450.6467021782498,0.05566240847110748,17.527242731740227,17.53002298145508
3809,1450.6546319528745,0.05561297386884689,17.53002298145508,17.53280076707666
3810,1450.6827653323526,0.05554494261741638,17.53280076707666,17.535575161566488
3811,1450.6570674003094,0.05546166002750397,17.52447250560628,17.52724274881886
3812,1450.6467019634963,0.05566240847110748,17.52724274881886,17.530022998533713
3813,1450.6546318113017,0.05561297386884689,17.530022998533713,17.532800784155295
3814,1450.6827652804934,0.05554494261741638,17.532800784155295,17.53557517864512
3815,1450.6570673418141,0.05546166002750397,17.524472537540756,17.527242780753337
3816,1450.6467019321303,0.05566240847110748,17.527242780753337,17.53002303046819
3817,1450.6546318318492,0.05561297386884689,17.53002303046819,17.53280081608977
3818,1450.6827653706287,0.05554494261741638,17.53280081608977,17.535575210579598
3819,1450.6570674277843,0.05546166002750397,17.52447251776345,17.52724276097603
3820,1450.646701967805,0.05566240847110748,17.52724276097603,17.530023010690883
3821,1450.6546317835655,0.05561297386884689,17.530023010690883,17.532800796312465
3822,1450.6827652145819,0.05554494261741638,17.532800796312465,17.53557519080229
3823,1450.657067362738,0.05546166002750397,17.52447250496581,17.52724274817839
3824,1450.6467019729216,0.05566240847110748,17.52724274817839,17.530022997893244
3825,1450.6546318421588,0.05561297386884689,17.530022997893244,17.532800783514826
3826,1450.6827653133357,0.05554494261741638,17.532800783514826,17.535575178004652
3827,1450.6570675991268,0.05546166002750397,17.524472516185764,17.527242759398344
3828,1450.6467023574924,0.05566240847110748,17.527242759398344,17.530023009113197
3829,1450.6546323804232,0.05561297386884689,17.530023009113197,17.53280079473478
3830,1450.682766006953,0.05554494261741638,17.53280079473478,17.535575189224605
3831,1450.6570681404269,0.05546166002750397,17.52447252851671,17.52724277172929
3832,1450.6467027716824,0.05566240847110748,17.52724277172929,17.530023021444144
3833,1450.6546326883656,0.05561297386884689,17.530023021444144,17.532800807065726
3834,1450.6827662259293,0.05554494261741638,17.532800807065726,17.535575201555552
3835,1450.6570683148332,0.05546166002750397,17.524472526969685,17.527242770182266
3836,1450.646702894248,0.05566240847110748,17.527242770182266,17.53002301989712
3837,1450.6546327544854,0.05561297386884689,17.53002301989712,17.5328008055187
3838,1450.6827662330643,0.05554494261741638,17.5328008055187,17.535575200008527
3839,1450.6570684090252,0.05546166002750397,17.524472530587325,17.527242773799905
3840,1450.646703068802,0.05566240847110748,17.527242773799905,17.530023023514758
3841,1450.6546330031133,0.05561297386884689,17.530023023514758,17.53280080913634
3842,1450.6827665498822,0.05554494261741638,17.53280080913634,17.535575203626166
3843,1450.6570687816106,0.05546166002750397,17.52447251777067,17.52724276098325
3844,1450.6467034731174,0.05566240847110748,17.52724276098325,17.530023010698102
3845,1450.654633420695,0.05561297386884689,17.530023010698102,17.532800796319684
3846,1450.682766966729,0.05554494261741638,17.532800796319684,17.53557519080951
3847,1450.657069124507,0.05546166002750397,17.524472528904614,17.527242772117194
3848,1450.6467037685138,0.05566240847110748,17.527242772117194,17.530023021832047
3849,1450.654633689113,0.05561297386884689,17.530023021832047,17.53280080745363
3850,1450.6827672239301,0.05554494261741638,17.53280080745363,17.535575201943455
3851,1450.6570693944238,0.05546166002750397,17.524472517300026,17.527242760512607
3852,1450.6467040319499,0.05566240847110748,17.527242760512607,17.53002301022746
3853,1450.6546339318318,0.05561297386884689,17.53002301022746,17.53280079584904
3854,1450.6827674356305,0.05554494261741638,17.53280079584904,17.535575190338868
3855,1450.6570694676802,0.05546166002750397,17.524472502607527,17.527242745820107
3856,1450.6467039672502,0.05566240847110748,17.527242745820107,17.53002299553496
3857,1450.6546337317511,0.05561297386884689,17.53002299553496,17.532800781156542
3858,1450.6827671042633,0.05554494261741638,17.532800781156542,17.53557517564637
3859,1450.6570691561672,0.05546166002750397,17.52447249232524,17.527242735537822
3860,1450.6467036737072,0.05566240847110748,17.527242735537822,17.530022985252675
3861,1450.6546334544885,0.05561297386884689,17.530022985252675,17.532800770874257
3862,1450.6827668417632,0.05554494261741638,17.532800770874257,17.535575165364083
3863,1450.6570687989995,0.05546166002750397,17.524472514925968,17.52724275813855
3864,1450.6467032693658,0.05566240847110748,17.52724275813855,17.5300230078534
3865,1450.6546330392086,0.05561297386884689,17.5300230078534,17.532800793474983
3866,1450.6827664427847,0.05554494261741638,17.532800793474983,17.53557518796481
3867,1450.6570684207845,0.05546166002750397,17.524472540811093,17.527242784023674
3868,1450.646702931643,0.05566240847110748,17.527242784023674,17.530023033738527
3869,1450.6546327560607,0.05561297386884689,17.530023033738527,17.53280081936011
3870,1450.6827662238484,0.05554494261741638,17.53280081936011,17.535575213849935
3871,1450.6570682511315,0.05546166002750397,17.52447250924033,17.52724275245291
3872,1450.6467027483027,0.05566240847110748,17.52724275245291,17.530023002167763
3873,1450.654632512206,0.05561297386884689,17.530023002167763,17.532800787789345
3874,1450.682765885469,0.05554494261741638,17.532800787789345,17.53557518227917
3875,1450.6570680281748,0.05546166002750397,17.524472524335508,17.52724276754809
3876,1450.6467026594992,0.05566240847110748,17.52724276754809,17.53002301726294
3877,1450.654632569404,0.05561297386884689,17.53002301726294,17.532800802884523
3878,1450.6827660951824,0.05554494261741638,17.532800802884523,17.53557519737435
3879,1450.6570683780537,0.05546166002750397,17.524472497778508,17.52724274099109
3880,1450.6467031006318,0.05566240847110748,17.52724274099109,17.53002299070594
3881,1450.654633063794,0.05561297386884689,17.53002299070594,17.532800776327523
3882,1450.682766613601,0.05554494261741638,17.532800776327523,17.53557517081735
3883,1450.6570685887004,0.05546166002750397,17.5244725099822,17.52724275319478
3884,1450.6467030605525,0.05566240847110748,17.52724275319478,17.530023002909633
3885,1450.654632819619,0.05561297386884689,17.530023002909633,17.532800788531215
3886,1450.6827662031235,0.055544935166835785,17.532800788531215,17.53557518264851
3887,1450.657068317304,0.05546166002750397,17.524472518538957,17.527242761751538
3888,1450.6467029249902,0.05566240847110748,17.527242761751538,17.53002301146639
3889,1450.6546328152908,0.05561297386884689,17.53002301146639,17.532800797087972
3890,1450.6827663247968,0.05554494261741638,17.532800797087972,17.5355751915778
3891,1450.657068297339,0.05546166002750397,17.524472510042223,17.527242753254804
3892,1450.6467027597764,0.05566240847110748,17.527242753254804,17.530023002969656
3893,1450.6546325044528,0.05561297386884689,17.530023002969656,17.53280078859124
3894,1450.682765870384,0.05554494261741638,17.53280078859124,17.535575183081065
3895,1450.6570679374283,0.05546166002750397,17.524472506257034,17.527242749469615
3896,1450.6467024842136,0.05566240847110748,17.527242749469615,17.530022999184467
3897,1450.6546323043037,0.05561297386884689,17.530022999184467,17.53280078480605
3898,1450.682765735555,0.05554494261741638,17.53280078480605,17.535575179295876
3899,1450.6570678501985,0.05546166002750397,17.52447251280917,17.52724275602175
3900,1450.646702451853,0.05566240847110748,17.52724275602175,17.530023005736602
3901,1450.654632331366,0.05561297386884689,17.530023005736602,17.532800791358184
3902,1450.6827658267046,0.05554494261741638,17.532800791358184,17.53557518584801
3903,1450.6570678953578,0.05546166002750397,17.524472510674084,17.527242753886664
3904,1450.646702449992,0.05566240847110748,17.527242753886664,17.530023003601517
3905,1450.6546322824668,0.05561297386884689,17.530023003601517,17.5328007892231
3906,1450.6827657315057,0.05554494261741638,17.5328007892231,17.535575183712925
3907,1450.657067790271,0.05546166002750397,17.5244725171799,17.52724276039248
3908,1450.6467023438581,0.05566240847110748,17.52724276039248,17.53002301010733
3909,1450.6546321819062,0.05561297386884689,17.53002301010733,17.532800795728914
3910,1450.6827656413732,0.05554494261741638,17.532800795728914,17.53557519021874
3911,1450.657067763201,0.05546166002750397,17.52447250879059,17.527242752003172
3912,1450.646702360116,0.05566240847110748,17.527242752003172,17.530023001718025
3913,1450.6546322260556,0.05561297386884689,17.530023001718025,17.532800787339607
3914,1450.6827657014376,0.05554494261741638,17.532800787339607,17.535575181829433
3915,1450.6570678035573,0.05546166002750397,17.524472531021562,17.527242774234143
3916,1450.6467024125582,0.05566240847110748,17.527242774234143,17.530023023948996
3917,1450.6546323141406,0.05561297386884689,17.530023023948996,17.532800809570578
3918,1450.6827658421882,0.05554494261741638,17.532800809570578,17.535575204060404
3919,1450.6570680227046,0.05546166002750397,17.524472507705532,17.527242750918113
3920,1450.6467026625276,0.05566240847110748,17.527242750918113,17.530023000632966
3921,1450.6546325588974,0.05561297386884689,17.530023000632966,17.532800786254548
3922,1450.6827660549006,0.05554494261741638,17.532800786254548,17.535575180744374
3923,1450.6570681198386,0.05546166002750397,17.524472514193633,17.527242757406214
3924,1450.646702671471,0.05566240847110748,17.527242757406214,17.530023007121066
3925,1450.6546325015238,0.05561297386884689,17.530023007121066,17.53280079274265
3926,1450.6827659486114,0.05554494261741638,17.53280079274265,17.535575187232475
3927,1450.657068150807,0.05546166002750397,17.524472509014284,17.527242752226865
3928,1450.6467028213203,0.05566240847110748,17.527242752226865,17.530023001941718
3929,1450.6546327546253,0.05561297386884689,17.530023001941718,17.5328007875633
3930,1450.68276629164,0.05554494261741638,17.5328007875633,17.535575182053126
3931,1450.6570683148934,0.05546166002750397,17.52447251990445,17.52724276311703
3932,1450.6467028387387,0.05566240847110748,17.52724276311703,17.530023012831883
3933,1450.6546326518321,0.05561297386884689,17.530023012831883,17.532800798453465
3934,1450.68276609032,0.05554494261741638,17.532800798453465,17.53557519294329
3935,1450.6570682100382,0.05546166002750397,17.524472530873744,17.527242774086325
3936,1450.646702829239,0.05566240847110748,17.527242774086325,17.530023023801178
3937,1450.65463273533,0.05561297386884689,17.530023023801178,17.53280080942276
3938,1450.6827662635624,0.05554494261741638,17.53280080942276,17.535575203912586
3939,1450.6570683690848,0.05546166002750397,17.52447250453239,17.52724274774497
3940,1450.6467029343592,0.05566240847110748,17.52724274774497,17.530022997459824
3941,1450.654632757706,0.05561297386884689,17.530022997459824,17.532800783081406
3942,1450.6827661829946,0.05554494261741638,17.532800783081406,17.535575177571232
3943,1450.6570682801764,0.05546166002750397,17.52447249343577,17.52724273664835
3944,1450.6467028374411,0.05566240847110748,17.52724273664835,17.530022986363203
3945,1450.6546326531595,0.05561297386884689,17.530022986363203,17.532800771984785
3946,1450.6827660712327,0.05554494261741638,17.532800771984785,17.53557516647461
3947,1450.6570681748713,0.05546166002750397,17.52447249785229,17.52724274106487
3948,1450.6467027562803,0.05566240847110748,17.52724274106487,17.530022990779724
3949,1450.6546326089742,0.05561297386884689,17.530022990779724,17.532800776401306
3950,1450.6827660730187,0.05554494261741638,17.532800776401306,17.535575170891132
3951,1450.6570680252391,0.05546166002750397,17.524472524571568,17.52724276778415
3952,1450.6467025035092,0.05566240847110748,17.52724276778415,17.530023017499
3953,1450.654632290778,0.05561297386884689,17.530023017499,17.532800803120583
3954,1450.68276571861,0.05554494261741638,17.532800803120583,17.53557519761041
3955,1450.657067741174,0.05546166002750397,17.52447254343199,17.52724278664457
3956,1450.6467022899146,0.05566240847110748,17.52724278664457,17.530023036359424
3957,1450.6546321466126,0.05561297386884689,17.530023036359424,17.532800821981006
3958,1450.6827656419755,0.05554494261741638,17.532800821981006,17.535575216470832
3959,1450.657067792022,0.05546166002750397,17.524472526171728,17.52724276938431
3960,1450.6467024168192,0.05566240847110748,17.52724276938431,17.53002301909916
3961,1450.6546323099346,0.05561297386884689,17.53002301909916,17.532800804720743
3962,1450.6827658115212,0.05554494261741638,17.532800804720743,17.53557519921057
3963,1450.6570680708305,0.05546166002750397,17.524472500612223,17.527242743824804
3964,1450.6467027671592,0.05566240847110748,17.527242743824804,17.530022993539657
3965,1450.6546327024803,0.05561297386884689,17.530022993539657,17.53280077916124
3966,1450.6827662236983,0.05554494261741638,17.53280077916124,17.535575173651065
3967,1450.657068460307,0.05546166002750397,17.52447250124371,17.52724274445629
3968,1450.6467031544428,0.05566240847110748,17.52724274445629,17.530022994171144
3969,1450.6546331029333,0.05561297386884689,17.530022994171144,17.532800779792726
3970,1450.682766648592,0.05554494261741638,17.532800779792726,17.535575174282553
3971,1450.657068718699,0.05546166002750397,17.524472520936055,17.527242764148635
3972,1450.646703292198,0.05566240847110748,17.527242764148635,17.530023013863488
3973,1450.6546331562454,0.05561297386884689,17.530023013863488,17.53280079948507
3974,1450.6827666458462,0.05554494261741638,17.53280079948507,17.535575193974896
3975,1450.657068621585,0.05546166002750397,17.524472527142517,17.527242770355098
3976,1450.6467031071202,0.05566240847110748,17.527242770355098,17.53002302006995
3977,1450.6546328893905,0.05561297386884689,17.53002302006995,17.532800805691533
3978,1450.6827663028332,0.055544935166835785,17.532800805691533,17.53557519980883
3979,1450.657068359891,0.05546166002750397,17.52447252883328,17.52724277204586
3980,1450.6467029133064,0.05566240847110748,17.52724277204586,17.530023021760712
3981,1450.6546327523286,0.05561297386884689,17.530023021760712,17.532800807382294
3982,1450.682766213605,0.05554494261741638,17.532800807382294,17.53557520187212
3983,1450.6570684118872,0.05546166002750397,17.52447251553277,17.527242758745352
3984,1450.6467030732333,0.05566240847110748,17.527242758745352,17.530023008460205
3985,1450.6546329935875,0.05561297386884689,17.530023008460205,17.532800794081787
3986,1450.682766515028,0.05554494261741638,17.532800794081787,17.535575188571613
3987,1450.6570686778496,0.05546166002750397,17.524472503832364,17.527242747044944
3988,1450.6467032994258,0.05566240847110748,17.527242747044944,17.530022996759797
3989,1450.6546331774316,0.05561297386884689,17.530022996759797,17.53280078238138
3990,1450.6827666530664,0.05554494261741638,17.53280078238138,17.535575176871205
3991,1450.6570687606595,0.05546166002750397,17.524472510632982,17.527242753845563
3992,1450.6467033505537,0.05566240847110748,17.527242753845563,17.530023003560416
3993,1450.6546332149778,0.05561297386884689,17.530023003560416,17.532800789181998
3994,1450.6827666929846,0.05554494261741638,17.532800789181998,17.535575183671824
3995,1450.65706872039,0.05546166002750397,17.52447251582848,17.527242759041062
3996,1450.6467032437556,0.05566240847110748,17.527242759041062,17.530023008755915
3997,1450.6546330529186,0.05561297386884689,17.530023008755915,17.532800794377497
3998,1450.6827664849636,0.05554494261741638,17.532800794377497,17.535575188867323
3999,1450.6570684830624,0.05546166002750397,17.524472520363876,17.527242763576456
4000,1450.6467029818955,0.05566240847110748,17.527242763576456,17.53002301329131
4001,1450.6546327704825,0.05561297386884689,17.53002301329131,17.53280079891289
4002,1450.6827661849272,0.055544935166835785,17.53280079891289,17.535575193030187
4003,1450.6570682662045,0.05546166002750397,17.52447251057026,17.52724275378284
4004,1450.6467028248212,0.05566240847110748,17.52724275378284,17.530023003497693
4005,1450.6546326547573,0.05561297386884689,17.530023003497693,17.532800789119275
4006,1450.6827660964263,0.05554494261741638,17.532800789119275,17.5355751836091
4007,1450.6570681988649,0.05546166002750397,17.52447251849019,17.52724276170277
4008,1450.6467027905176,0.05566240847110748,17.52724276170277,17.530023011417622
4009,1450.6546326618327,0.05561297386884689,17.530023011417622,17.532800797039204
4010,1450.68276615045,0.05554494261741638,17.532800797039204,17.53557519152903
4011,1450.6570682796598,0.05546166002750397,17.524472502528454,17.527242745741034
4012,1450.6467028735144,0.05566240847110748,17.527242745741034,17.530022995455887
4013,1450.654632728643,0.05561297386884689,17.530022995455887,17.53280078107747
4014,1450.6827661853856,0.05554494261741638,17.53280078107747,17.535575175567296
4015,1450.6570682085855,0.05546166002750397,17.524472508686696,17.527242751899276
4016,1450.6467027221504,0.05566240847110748,17.527242751899276,17.53002300161413
4017,1450.65463251749,0.05561297386884689,17.53002300161413,17.53280078723571
4018,1450.6827659329288,0.05554494261741638,17.53280078723571,17.535575181725537
4019,1450.657068023282,0.05546166002750397,17.524472506013776,17.527242749226357
4020,1450.6467025948743,0.05566240847110748,17.527242749226357,17.53002299894121
4021,1450.654632440496,0.05561297386884689,17.53002299894121,17.53280078456279
4022,1450.682765899627,0.05554494261741638,17.53280078456279,17.535575179052618
4023,1450.6570679004833,0.05546166002750397,17.524472520794085,17.527242764006665
4024,1450.6467024098915,0.05566240847110748,17.527242764006665,17.530023013721518
4025,1450.6546322147256,0.05561297386884689,17.530023013721518,17.5328007993431
4026,1450.6827656497012,0.05554494261741638,17.5328007993431,17.535575193832926
4027,1450.6570677475988,0.05546166002750397,17.524472507533297,17.527242750745877
4028,1450.6467023207974,0.05566240847110748,17.527242750745877,17.53002300046073
4029,1450.6546321635597,0.05561297386884689,17.53002300046073,17.532800786082312
4030,1450.682765616538,0.05554494261741638,17.532800786082312,17.53557518057214
4031,1450.6570677036243,0.05546166002750397,17.524472541457015,17.527242784669596
4032,1450.6467023119728,0.05566240847110748,17.527242784669596,17.53002303438445
4033,1450.6546322236552,0.05561297386884689,17.53002303438445,17.53280082000603
4034,1450.6827657696708,0.05554494261741638,17.53280082000603,17.535575214495857
4035,1450.657068019825,0.05546166002750397,17.52447251437126,17.527242757583842
4036,1450.6467027244987,0.05566240847110748,17.527242757583842,17.530023007298695
4037,1450.6546326811028,0.05561297386884689,17.530023007298695,17.532800792920277
4038,1450.682766232925,0.05554494261741638,17.532800792920277,17.535575187410103
4039,1450.6570683127563,0.05546166002750397,17.524472511415578,17.52724275462816
4040,1450.6467028673644,0.05566240847110748,17.52724275462816,17.53002300434301
4041,1450.6546326914404,0.05561297386884689,17.53002300434301,17.532800789964593
4042,1450.6827661259586,0.05554494261741638,17.532800789964593,17.53557518445442
4043,1450.6570683817022,0.05546166002750397,17.524472507879686,17.527242751092267
4044,1450.646703098158,0.05566240847110748,17.527242751092267,17.53002300080712
4045,1450.6546330709893,0.05561297386884689,17.53002300080712,17.5328007864287
4046,1450.682766642106,0.05554494261741638,17.5328007864287,17.535575180918528
4047,1450.6570686785906,0.05546166002750397,17.524472526221423,17.527242769434004
4048,1450.6467032220696,0.05566240847110748,17.527242769434004,17.530023019148857
4049,1450.6546330592657,0.05561297386884689,17.530023019148857,17.53280080477044
4050,1450.6827665248088,0.05554494261741638,17.53280080477044,17.535575199260265
4051,1450.6570685961085,0.05546166002750397,17.524472511546918,17.5272427547595
4052,1450.6467031441289,0.05566240847110748,17.5272427547595,17.53002300447435
4053,1450.654632963176,0.05561297386884689,17.53002300447435,17.532800790095934
4054,1450.6827663939112,0.05554494261741638,17.532800790095934,17.53557518458576
4055,1450.657068428415,0.05546166002750397,17.524472513095354,17.527242756307935
4056,1450.6467029499242,0.05566240847110748,17.527242756307935,17.530023006022788
4057,1450.6546327505687,0.05561297386884689,17.530023006022788,17.53280079164437
4058,1450.682766168947,0.055544935166835785,17.53280079164437,17.535575185761665
4059,1450.6570683251862,0.05546166002750397,17.524472513711604,17.527242756924185
4060,1450.6467029597256,0.05566240847110748,17.527242756924185,17.530023006639038
4061,1450.6546328650893,0.05561297386884689,17.530023006639038,17.53280079226062
4062,1450.6827663806096,0.05554494261741638,17.53280079226062,17.535575186750446
4063,1450.6570684308424,0.05546166002750397,17.52447251482811,17.52724275804069
4064,1450.6467029703015,0.05566240847110748,17.52724275804069,17.530023007755542
4065,1450.6546327902681,0.05561297386884689,17.530023007755542,17.532800793377124
4066,1450.6827662289909,0.05554494261741638,17.532800793377124,17.53557518786695
4067,1450.657068312856,0.05546166002750397,17.524472523658513,17.527242766871094
4068,1450.6467028927989,0.05566240847110748,17.527242766871094,17.530023016585947
4069,1450.6546327577182,0.05561297386884689,17.530023016585947,17.53280080220753
4070,1450.6827662417963,0.05554494261741638,17.53280080220753,17.535575196697355
4071,1450.6570683477155,0.05546166002750397,17.52447250654299,17.52724274975557
4072,1450.6467029213393,0.05566240847110748,17.52724274975557,17.53002299947042
4073,1450.6546327588446,0.05561297386884689,17.53002299947042,17.532800785092004
4074,1450.6827662024061,0.05554494261741638,17.532800785092004,17.53557517958183
4075,1450.6570682691536,0.05546166002750397,17.52447250345596,17.52724274666854
4076,1450.6467028118357,0.05566240847110748,17.52724274666854,17.530022996383394
4077,1450.654632625046,0.05561297386884689,17.530022996383394,17.532800782004976
4078,1450.6827660496685,0.05554494261741638,17.532800782004976,17.535575176494802
4079,1450.6570681617386,0.05546166002750397,17.52447251749633,17.527242760708912
4080,1450.646702768222,0.05566240847110748,17.527242760708912,17.530023010423765
4081,1450.6546326580174,0.05561297386884689,17.530023010423765,17.532800796045347
4082,1450.6827661675477,0.05554494261741638,17.532800796045347,17.535575190535173
4083,1450.6570682031781,0.05546166002750397,17.52447251695674,17.527242760169322
4084,1450.646702732874,0.05566240847110748,17.527242760169322,17.530023009884175
4085,1450.654632546848,0.05561297386884689,17.530023009884175,17.532800795505757
4086,1450.6827659824899,0.05554494261741638,17.532800795505757,17.535575189995583
4087,1450.6570680262,0.05546166002750397,17.524472511518756,17.527242754731336
4088,1450.646702554193,0.05566240847110748,17.527242754731336,17.53002300444619
4089,1450.6546323591829,0.05561297386884689,17.53002300444619,17.53280079006777
4090,1450.682765780545,0.05554494261741638,17.53280079006777,17.535575184557597
4091,1450.6570679050049,0.05546166002750397,17.524472502397128,17.52724274560971
4092,1450.646702498072,0.05566240847110748,17.52724274560971,17.53002299532456
4093,1450.6546323553866,0.05561297386884689,17.53002299532456,17.532800780946143
4094,1450.6827658187153,0.05554494261741638,17.532800780946143,17.53557517543597
4095,1450.6570679124798,0.05546166002750397,17.524472520483393,17.527242763695973
4096,1450.6467025061127,0.05566240847110748,17.527242763695973,17.530023013410826
4097,1450.6546323873374,0.05561297386884689,17.530023013410826,17.532800799032408
4098,1450.68276589163,0.05554494261741638,17.532800799032408,17.535575193522234
4099,1450.6570680034906,0.05546166002750397,17.52447253146418,17.52724277467676
4100,1450.6467026180608,0.05566240847110748,17.52724277467676,17.530023024391614
4101,1450.6546325220058,0.05561297386884689,17.530023024391614,17.532800810013196
4102,1450.6827660499825,0.05554494261741638,17.532800810013196,17.535575204503022
4103,1450.6570681399842,0.05546166002750397,17.52447251331506,17.52724275652764
4104,1450.6467027020087,0.05566240847110748,17.52724275652764,17.530023006242494
4105,1450.654632531323,0.05561297386884689,17.530023006242494,17.532800791864076
4106,1450.6827659693665,0.05554494261741638,17.532800791864076,17.535575186353903
4107,1450.657068130849,0.05546166002750397,17.52447250695964,17.52724275017222
4108,1450.646702757253,0.05566240847110748,17.52724275017222,17.530022999887073
4109,1450.6546326446155,0.05561297386884689,17.530022999887073,17.532800785508655
4110,1450.6827661350528,0.05554494261741638,17.532800785508655,17.53557517999848
4111,1450.6570683154284,0.05546166002750397,17.52447251735488,17.52724276056746
4112,1450.6467029786338,0.05566240847110748,17.52724276056746,17.530023010282314
4113,1450.6546329155888,0.05561297386884689,17.530023010282314,17.532800795903896
4114,1450.6827664643804,0.05554494261741638,17.532800795903896,17.535575190393722
4115,1450.657068527186,0.05546166002750397,17.524472517534473,17.527242760747054
4116,1450.6467030800052,0.05566240847110748,17.527242760747054,17.530023010461907
4117,1450.6546329137052,0.05561297386884689,17.530023010461907,17.53280079608349
4118,1450.6827663662202,0.05554494261741638,17.53280079608349,17.535575190573315
4119,1450.6570684002315,0.05546166002750397,17.524472506338586,17.527242749551167
4120,1450.6467029118025,0.05566240847110748,17.527242749551167,17.53002299926602
4121,1450.6546326956113,0.05561297386884689,17.53002299926602,17.532800784887602
4122,1450.682766092272,0.055544935166835785,17.532800784887602,17.535575179004898
4123,1450.6570681995906,0.05546166002750397,17.524472535280957,17.527242778493537
4124,1450.6467028189702,0.05566240847110748,17.527242778493537,17.53002302820839
4125,1450.6546327346352,0.05561297386884689,17.53002302820839,17.532800813829972
4126,1450.6827662793075,0.05554494261741638,17.532800813829972,17.5355752083198
4127,1450.657068455253,0.05546166002750397,17.524472529898638,17.52724277311122
4128,1450.6467031147981,0.05566240847110748,17.52724277311122,17.53002302282607
4129,1450.6546330487201,0.05561297386884689,17.53002302282607,17.532800808447654
4130,1450.682766594989,0.05554494261741638,17.532800808447654,17.53557520293748
4131,1450.657068687086,0.05546166002750397,17.52447251801893,17.52724276123151
4132,1450.6467032524165,0.05566240847110748,17.52724276123151,17.530023010946362
4133,1450.6546330858878,0.05561297386884689,17.530023010946362,17.532800796567944
4134,1450.6827665264427,0.05554494261741638,17.532800796567944,17.53557519105777
4135,1450.6570687637065,0.05546166002750397,17.52447251893666,17.52724276214924
4136,1450.646703468426,0.05566240847110748,17.52724276214924,17.530023011864092
4137,1450.6546334347424,0.05561297386884689,17.530023011864092,17.532800797485674
4138,1450.6827670033451,0.05554494261741638,17.532800797485674,17.5355751919755
4139,1450.657069159105,0.05546166002750397,17.524472524854893,17.527242768067474
4140,1450.6467037987638,0.05566240847110748,17.527242768067474,17.530023017782327
4141,1450.6546337133452,0.05561297386884689,17.530023017782327,17.53280080340391
4142,1450.6827672409947,0.05554494261741638,17.53280080340391,17.535575197893735
4143,1450.6570693054653,0.05546166002750397,17.524472505959245,17.527242749171826
4144,1450.6467038366038,0.05566240847110748,17.527242749171826,17.53002299888668
4145,1450.65463363153,0.05561297386884689,17.53002299888668,17.53280078450826
4146,1450.682767033125,0.05554494261741638,17.53280078450826,17.535575178998087
4147,1450.657069056369,0.05546166002750397,17.52447250107351,17.52724274428609
4148,1450.646703555144,0.05566240847110748,17.52724274428609,17.530022994000944
4149,1450.65463332485,0.05561297386884689,17.530022994000944,17.532800779622526
4150,1450.6827667069672,0.05554494261741638,17.532800779622526,17.535575174112353
4151,1450.6570687678407,0.05546166002750397,17.52447252384765,17.52724276706023
4152,1450.6467033361414,0.05566240847110748,17.52724276706023,17.530023016775083
4153,1450.654633198088,0.05561297386884689,17.530023016775083,17.532800802396665
4154,1450.6827666879349,0.05554494261741638,17.532800802396665,17.53557519688649
4155,1450.6570686942216,0.05546166002750397,17.5244725166319,17.52724275984448
4156,1450.6467031930704,0.05566240847110748,17.52724275984448,17.530023009559333
4157,1450.6546329755674,0.05561297386884689,17.530023009559333,17.532800795180915
4158,1450.6827663794593,0.055544935166835785,17.532800795180915,17.53557518929821
4159,1450.6570683735163,0.05546166002750397,17.524472501930212,17.527242745142793
4160,1450.6467028434772,0.05566240847110748,17.527242745142793,17.530022994857646
4161,1450.6546325851052,0.05561297386884689,17.530022994857646,17.532800780479228
4162,1450.6827659398343,0.055544935166835785,17.532800780479228,17.535575174596524
4163,1450.6570680832408,0.05546166002750397,17.524472535231705,17.527242778444286
4164,1450.6467027383192,0.05566240847110748,17.527242778444286,17.53002302815914
4165,1450.6546326888224,0.05561297386884689,17.53002302815914,17.53280081378072
4166,1450.682766267133,0.05554494261741638,17.53280081378072,17.535575208270547
4167,1450.65706842637,0.05546166002750397,17.52447252382774,17.52724276704032
4168,1450.6467030648096,0.05566240847110748,17.52724276704032,17.530023016755173
4169,1450.65463297468,0.05561297386884689,17.530023016755173,17.532800802376755
4170,1450.682766492869,0.05554494261741638,17.532800802376755,17.53557519686658
4171,1450.6570685279066,0.05546166002750397,17.52447250027738,17.52724274348996
4172,1450.6467030247145,0.05566240847110748,17.52724274348996,17.530022993204813
4173,1450.654632782199,0.05561297386884689,17.530022993204813,17.532800778826395
4174,1450.682766142106,0.055544935166835785,17.532800778826395,17.53557517294369
4175,1450.6570683109983,0.05546166002750397,17.524472487169596,17.527242730382177
4176,1450.6467029293442,0.05566240847110748,17.527242730382177,17.53002298009703
4177,1450.6546327972283,0.05561297386884689,17.53002298009703,17.532800765718612
4178,1450.6827662599756,0.05554494261741638,17.532800765718612,17.535575160208438
4179,1450.6570682747572,0.05546166002750397,17.524472498577087,17.527242741789667
4180,1450.646702781621,0.05566240847110748,17.527242741789667,17.53002299150452
4181,1450.6546325716554,0.05561297386884689,17.53002299150452,17.532800777126102
4182,1450.6827659829232,0.05554494261741638,17.532800777126102,17.53557517161593
4183,1450.657067906804,0.05546166002750397,17.524472524828894,17.527242768041475
4184,1450.6467023615955,0.05566240847110748,17.527242768041475,17.530023017756328
4185,1450.654632129393,0.05561297386884689,17.530023017756328,17.53280080337791
4186,1450.6827655388445,0.05554494261741638,17.53280080337791,17.535575197867736
4187,1450.657067530646,0.05546166002750397,17.52447253692487,17.52724278013745
4188,1450.6467020443745,0.05566240847110748,17.52724278013745,17.530023029852302
4189,1450.6546318634464,0.05561297386884689,17.530023029852302,17.532800815473884
4190,1450.6827653198338,0.05554494261741638,17.532800815473884,17.53557520996371
4191,1450.6570674729526,0.05546166002750397,17.52447252073664,17.52724276394922
4192,1450.6467020986609,0.05566240847110748,17.52724276394922,17.530023013664074
4193,1450.65463199106,0.05561297386884689,17.530023013664074,17.532800799285656
4194,1450.6827654907274,0.05554494261741638,17.532800799285656,17.535575193775482
4195,1450.6570677651605,0.05546166002750397,17.52447252029706,17.52724276350964
4196,1450.6467025042923,0.05566240847110748,17.52724276350964,17.530023013224493
4197,1450.654632502408,0.05561297386884689,17.530023013224493,17.532800798846075
4198,1450.682766100346,0.05554494261741638,17.532800798846075,17.5355751933359
4199,1450.65706837141,0.05546166002750397,17.52447250727074,17.52724275048332
4200,1450.6467030938175,0.05566240847110748,17.52724275048332,17.530023000198174
4201,1450.6546330655028,0.05561297386884689,17.530023000198174,17.532800785819756
4202,1450.6827666301886,0.05554494261741638,17.532800785819756,17.535575180309582
4203,1450.6570686914165,0.05546166002750397,17.52447248949707,17.527242732709652
4204,1450.6467032108535,0.05566240847110748,17.527242732709652,17.530022982424505
4205,1450.654632987951,0.05561297386884689,17.530022982424505,17.532800768046087
4206,1450.6827663671238,0.055544935166835785,17.532800768046087,17.535575162163383
4207,1450.6570683791629,0.05546166002750397,17.524472511618228,17.52724275483081
4208,1450.646702895976,0.05566240847110748,17.52724275483081,17.53002300454566
4209,1450.6546327052797,0.05561297386884689,17.53002300454566,17.532800790167244
4210,1450.6827661424668,0.05554494261741638,17.532800790167244,17.53557518465707
4211,1450.6570681584906,0.05546166002750397,17.524472536799664,17.527242780012244
4212,1450.6467027015765,0.05566240847110748,17.527242780012244,17.530023029727097
4213,1450.6546325533766,0.05561297386884689,17.530023029727097,17.53280081534868
4214,1450.6827660444903,0.05554494261741638,17.53280081534868,17.535575209838505
4215,1450.6570680612938,0.05546166002750397,17.52447252237759,17.52724276559017
4216,1450.6467025682277,0.05566240847110748,17.52724276559017,17.530023015305023
4217,1450.6546323568589,0.05561297386884689,17.530023015305023,17.532800800926605
4218,1450.682765763416,0.05554494261741638,17.532800800926605,17.53557519541643
4219,1450.6570679342453,0.05546166002750397,17.52447252262794,17.52724276584052
4220,1450.6467025822649,0.05566240847110748,17.52724276584052,17.530023015555372
4221,1450.654632500058,0.05561297386884689,17.530023015555372,17.532800801176954
4222,1450.6827660270178,0.05554494261741638,17.532800801176954,17.53557519566678
4223,1450.6570683148789,0.05546166002750397,17.524472511886135,17.527242755098715
4224,1450.6467030567806,0.05566240847110748,17.527242755098715,17.530023004813568
4225,1450.6546330496624,0.05561297386884689,17.530023004813568,17.53280079043515
4226,1450.6827666364752,0.05554494261741638,17.53280079043515,17.535575184924976
4227,1450.6570687421604,0.05546166002750397,17.524472508065088,17.52724275127767
4228,1450.64670332059,0.05566240847110748,17.52724275127767,17.53002300099252
4229,1450.654633166591,0.05561297386884689,17.53002300099252,17.532800786614104
4230,1450.6827666212705,0.05554494261741638,17.532800786614104,17.53557518110393
4231,1450.657068707661,0.05546166002750397,17.52447251941661,17.52724276262919
4232,1450.646703287681,0.05566240847110748,17.52724276262919,17.530023012344042
4233,1450.6546331508503,0.05561297386884689,17.530023012344042,17.532800797965624
4234,1450.682766634058,0.05554494261741638,17.532800797965624,17.53557519245545
4235,1450.6570686872556,0.05546166002750397,17.524472525388646,17.527242768601226
4236,1450.6467032393111,0.05566240847110748,17.527242768601226,17.53002301831608
4237,1450.6546330788663,0.05561297386884689,17.53002301831608,17.53280080393766
4238,1450.682766542085,0.05554494261741638,17.53280080393766,17.535575198427487
4239,1450.6570686068396,0.05546166002750397,17.524472516042287,17.527242759254868
4240,1450.6467031522307,0.05566240847110748,17.527242759254868,17.53002300896972
4241,1450.654632971614,0.05561297386884689,17.53002300896972,17.532800794591303
4242,1450.682766404894,0.05554494261741638,17.532800794591303,17.53557518908113
4243,1450.6570685326262,0.05546166002750397,17.524472518310098,17.52724276152268
4244,1450.646703141423,0.05566240847110748,17.52724276152268,17.53002301123753
4245,1450.6546330235185,0.05561297386884689,17.53002301123753,17.532800796859114
4246,1450.6827665179896,0.05554494261741638,17.532800796859114,17.53557519134894
4247,1450.657068672087,0.05546166002750397,17.524472519681108,17.52724276289369
4248,1450.646703306564,0.05566240847110748,17.52724276289369,17.53002301260854
4249,1450.6546332134178,0.05561297386884689,17.53002301260854,17.532800798230124
4250,1450.6827667315624,0.05554494261741638,17.532800798230124,17.53557519271995
4251,1450.6570688020486,0.05546166002750397,17.524472502775804,17.527242745988385
4252,1450.6467033393747,0.05566240847110748,17.527242745988385,17.530022995703238
4253,1450.6546331405189,0.05561297386884689,17.530022995703238,17.53280078132482
4254,1450.6827665482556,0.05554494261741638,17.53280078132482,17.535575175814646
4255,1450.6570686097439,0.05546166002750397,17.52447252731267,17.527242770525252
4256,1450.6467031786758,0.05566240847110748,17.527242770525252,17.530023020240105
4257,1450.6546330412534,0.05561297386884689,17.530023020240105,17.532800805861687
4258,1450.6827665317185,0.05554494261741638,17.532800805861687,17.535575200351513
4259,1450.6570686843665,0.05546166002750397,17.5244725508292,17.52724279404178
4260,1450.6467033531296,0.05566240847110748,17.52724279404178,17.530023043756632
4261,1450.6546333204128,0.05561297386884689,17.530023043756632,17.532800829378214
4262,1450.6827669175411,0.05554494261741638,17.532800829378214,17.53557522386804
4263,1450.6570690241224,0.05546166002750397,17.524472521085276,17.527242764297856
4264,1450.6467035951678,0.05566240847110748,17.527242764297856,17.53002301401271
4265,1450.6546334277077,0.05561297386884689,17.53002301401271,17.53280079963429
4266,1450.6827668645926,0.05554494261741638,17.53280079963429,17.535575194124117
4267,1450.6570690620345,0.05546166002750397,17.524472517212022,17.527242760424603
4268,1450.6467037213997,0.05566240847110748,17.527242760424603,17.530023010139455
4269,1450.654633638953,0.05561297386884689,17.530023010139455,17.532800795761037
4270,1450.6827671570256,0.05554494261741638,17.532800795761037,17.535575190250864
4271,1450.6570694106526,0.05546166002750397,17.524472495392846,17.527242738605427
4272,1450.646704102358,0.05566240847110748,17.527242738605427,17.53002298832028
4273,1450.654634033927,0.05561297386884689,17.53002298832028,17.53280077394186
4274,1450.6827675521113,0.05554494261741638,17.53280077394186,17.535575168431688
4275,1450.6570695061055,0.05546166002750397,17.524472506600638,17.52724274981322
4276,1450.6467039556312,0.05566240847110748,17.52724274981322,17.53002299952807
4277,1450.6546336918198,0.05561297386884689,17.53002299952807,17.532800785149654
4278,1450.6827670527096,0.05554494261741638,17.532800785149654,17.53557517963948
4279,1450.6570690310448,0.05546166002750397,17.524472514020808,17.527242757233388
4280,1450.6467035121514,0.05566240847110748,17.527242757233388,17.53002300694824
4281,1450.6546332848222,0.05561297386884689,17.53002300694824,17.532800792569823
4282,1450.6827666852691,0.05554494261741638,17.532800792569823,17.53557518705965
4283,1450.6570686071516,0.05546166002750397,17.52447253234575,17.52724277555833
4284,1450.6467030540643,0.05566240847110748,17.52724277555833,17.530023025273184
4285,1450.6546328097113,0.05561297386884689,17.530023025273184,17.532800810894766
4286,1450.6827662059195,0.055544935166835785,17.532800810894766,17.535575205012062
4287,1450.6570683100608,0.05546166002750397,17.524472526948706,17.527242770161287
4288,1450.646702902655,0.05566240847110748,17.527242770161287,17.53002301987614
4289,1450.6546327743233,0.05561297386884689,17.53002301987614,17.532800805497722
4290,1450.6827662628439,0.05554494261741638,17.532800805497722,17.535575199987548
4291,1450.6570684133414,0.05546166002750397,17.52447251654317,17.52724275975575
4292,1450.6467030329252,0.05566240847110748,17.52724275975575,17.530023009470604
4293,1450.6546329166838,0.05561297386884689,17.530023009470604,17.532800795092186
4294,1450.6827664059738,0.05554494261741638,17.532800795092186,17.535575189582012
4295,1450.6570686103137,0.05546166002750397,17.52447250217953,17.527242745392112
4296,1450.6467032673402,0.05566240847110748,17.527242745392112,17.530022995106965
4297,1450.6546331756963,0.05561297386884689,17.530022995106965,17.532800780728547
4298,1450.6827666773859,0.05554494261741638,17.532800780728547,17.535575175218373
4299,1450.6570687817411,0.05546166002750397,17.524472528967625,17.527242772180205
4300,1450.6467033913905,0.05566240847110748,17.527242772180205,17.530023021895058
4301,1450.6546332924286,0.05561297386884689,17.530023021895058,17.53280080751664
4302,1450.682766819053,0.05554494261741638,17.53280080751664,17.535575202006466
4303,1450.6570689143903,0.05546166002750397,17.52447252676877,17.52724276998135
4304,1450.646703501113,0.05566240847110748,17.52724276998135,17.530023019696202
4305,1450.654633369197,0.05561297386884689,17.530023019696202,17.532800805317784
4306,1450.6827668559013,0.05554494261741638,17.532800805317784,17.53557519980761
4307,1450.6570688723546,0.05546166002750397,17.524472511374324,17.527242754586904
4308,1450.6467033648714,0.05566240847110748,17.527242754586904,17.530023004301757
4309,1450.6546331288102,0.05561297386884689,17.530023004301757,17.53280078992334
4310,1450.6827665056135,0.05554494261741638,17.53280078992334,17.535575184413165
4311,1450.6570686482144,0.05546166002750397,17.524472488714093,17.527242731926673
4312,1450.6467032368862,0.05566240847110748,17.527242731926673,17.530022981641526
4313,1450.654633073042,0.05561297386884689,17.530022981641526,17.532800767263108
4314,1450.6827665030323,0.05554494261741638,17.532800767263108,17.535575161752934
4315,1450.657068533591,0.05546166002750397,17.524472492923422,17.527242736136003
4316,1450.6467030436756,0.05566240847110748,17.527242736136003,17.530022985850856
4317,1450.6546328274994,0.05561297386884689,17.530022985850856,17.532800771472438
4318,1450.6827662253047,0.055544935166835785,17.532800771472438,17.535575165589734
4319,1450.6570681763283,0.05546166002750397,17.524472515806256,17.527242759018836
4320,1450.646702646872,0.05566240847110748,17.527242759018836,17.53002300873369
4321,1450.654632421663,0.05561297386884689,17.53002300873369,17.53280079435527
4322,1450.6827658336713,0.05554494261741638,17.53280079435527,17.535575188845097
4323,1450.6570677537682,0.05546166002750397,17.524472515642536,17.527242758855117
4324,1450.6467021835351,0.05566240847110748,17.527242758855117,17.53002300856997
4325,1450.6546319108377,0.05561297386884689,17.53002300856997,17.53280079419155
4326,1450.6827652710988,0.05554494261741638,17.53280079419155,17.535575188681378
4327,1450.6570673145607,0.05546166002750397,17.524472537059896,17.527242780272477
4328,1450.6467018766766,0.05566240847110748,17.527242780272477,17.53002302998733
4329,1450.6546317409163,0.05561297386884689,17.53002302998733,17.532800815608912
4330,1450.6827652371298,0.05554494261741638,17.532800815608912,17.535575210098738
4331,1450.6570674962773,0.05546166002750397,17.524472519171255,17.527242762383835
4332,1450.6467022171464,0.05566240847110748,17.527242762383835,17.530023012098688
4333,1450.654632195066,0.05561297386884689,17.530023012098688,17.53280079772027
4334,1450.6827657716851,0.05554494261741638,17.53280079772027,17.535575192210096
4335,1450.6570679661295,0.05546166002750397,17.524472528074337,17.527242771286918
4336,1450.646702642868,0.05566240847110748,17.527242771286918,17.53002302100177
4337,1450.654632592733,0.05561297386884689,17.53002302100177,17.532800806623353
4338,1450.6827661537554,0.05554494261741638,17.532800806623353,17.53557520111318
4339,1450.6570684621388,0.05546166002750397,17.524472526909275,17.527242770121855
4340,1450.6467032373876,0.05566240847110748,17.527242770121855,17.530023019836708
4341,1450.6546332726612,0.05561297386884689,17.530023019836708,17.53280080545829
4342,1450.6827669076335,0.055544935166835785,17.53280080545829,17.535575199575586
4343,1450.6570690375481,0.05546166002750397,17.524472514608853,17.527242757821433
4344,1450.6467036346728,0.05566240847110748,17.527242757821433,17.530023007536286
4345,1450.6546334949314,0.05561297386884689,17.530023007536286,17.532800793157868
4346,1450.6827669603215,0.05554494261741638,17.532800793157868,17.535575187647694
4347,1450.6570691045115,0.05546166002750397,17.52447252412442,17.527242767337
4348,1450.646703733474,0.05566240847110748,17.527242767337,17.530023017051853
4349,1450.654633638183,0.05561297386884689,17.530023017051853,17.532800802673435
4350,1450.682767156734,0.05554494261741638,17.532800802673435,17.53557519716326
4351,1450.6570692832163,0.05546166002750397,17.52447251337039,17.52724275658297
4352,1450.646703880456,0.05566240847110748,17.52724275658297,17.530023006297824
4353,1450.6546337434804,0.05561297386884689,17.530023006297824,17.532800791919406
4354,1450.6827672113602,0.05554494261741638,17.532800791919406,17.535575186409233
4355,1450.657069225454,0.05546166002750397,17.524472510317484,17.527242753530064
4356,1450.6467037224238,0.05566240847110748,17.527242753530064,17.530023003244917
4357,1450.6546334958377,0.05561297386884689,17.530023003244917,17.5328007888665
4358,1450.6827668857195,0.05554494261741638,17.5328007888665,17.535575183356325
4359,1450.6570689576556,0.05546166002750397,17.524472507605335,17.527242750817916
4360,1450.6467035086719,0.05566240847110748,17.527242750817916,17.53002300053277
4361,1450.6546333324336,0.05561297386884689,17.53002300053277,17.53280078615435
4362,1450.682766769096,0.05554494261741638,17.53280078615435,17.535575180644177
4363,1450.6570687610042,0.05546166002750397,17.524472501341933,17.527242744554513
4364,1450.6467032355101,0.05566240847110748,17.527242744554513,17.530022994269366
4365,1450.6546329866146,0.05561297386884689,17.530022994269366,17.532800779890948
4366,1450.6827663543556,0.055544935166835785,17.532800779890948,17.535575174008244
4367,1450.6570683416967,0.05546166002750397,17.524472512771812,17.527242755984393
4368,1450.6467028315342,0.05566240847110748,17.527242755984393,17.530023005699245
4369,1450.6546326125901,0.05561297386884689,17.530023005699245,17.532800791320827
4370,1450.6827660207223,0.055544935166835785,17.532800791320827,17.535575185438123
4371,1450.6570680665254,0.05546166002750397,17.524472534988227,17.527242778200808
4372,1450.6467026312666,0.05566240847110748,17.527242778200808,17.53002302791566
4373,1450.6546324983053,0.05561297386884689,17.53002302791566,17.532800813537243
4374,1450.68276599962,0.05554494261741638,17.532800813537243,17.53557520802707
4375,1450.6570680952073,0.05546166002750397,17.52447252554883,17.52724276876141
4376,1450.6467026773591,0.05566240847110748,17.52724276876141,17.530023018476264
4377,1450.6546325373406,0.05561297386884689,17.530023018476264,17.532800804097846
4378,1450.6827660112172,0.05554494261741638,17.532800804097846,17.535575198587672
4379,1450.6570681801388,0.05546166002750397,17.524472523863786,17.527242767076366
4380,1450.6467028256804,0.05566240847110748,17.527242767076366,17.53002301679122
4381,1450.6546327406083,0.05561297386884689,17.53002301679122,17.5328008024128
4382,1450.6827662622457,0.05554494261741638,17.5328008024128,17.535575196902627
4383,1450.6570685328697,0.05546166002750397,17.52447251728651,17.527242760499092
4384,1450.6467032636895,0.05566240847110748,17.527242760499092,17.530023010213945
4385,1450.6546332502642,0.05561297386884689,17.530023010213945,17.532800795835527
4386,1450.6827668341298,0.055544935166835785,17.532800795835527,17.535575189952823
4387,1450.657068964156,0.05546166002750397,17.524472507395974,17.527242750608554
4388,1450.6467035597084,0.05566240847110748,17.527242750608554,17.530023000323407
4389,1450.6546334171655,0.05561297386884689,17.530023000323407,17.53280078594499
4390,1450.682766878884,0.05554494261741638,17.53280078594499,17.535575180434815
4391,1450.6570689546925,0.05546166002750397,17.524472515466762,17.527242758679343
4392,1450.6467035188869,0.05566240847110748,17.527242758679343,17.530023008394195
4393,1450.6546333625665,0.05561297386884689,17.530023008394195,17.532800794015778
4394,1450.6827668238611,0.05554494261741638,17.532800794015778,17.535575188505604
4395,1450.6570688570448,0.05546166002750397,17.524472495467688,17.52724273868027
4396,1450.646703357176,0.05566240847110748,17.52724273868027,17.53002298839512
4397,1450.6546331218037,0.05561297386884689,17.53002298839512,17.532800774016703
4398,1450.6827664919042,0.05554494261741638,17.532800774016703,17.53557516850653
4399,1450.6570684494404,0.05546166002750397,17.524472522613905,17.527242765826486
4400,1450.6467029253283,0.05566240847110748,17.527242765826486,17.53002301554134
4401,1450.6546327045016,0.05561297386884689,17.53002301554134,17.53280080116292
4402,1450.6827661197938,0.055544935166835785,17.53280080116292,17.535575195280217
4403,1450.6570682367183,0.05546166002750397,17.524472536607174,17.527242779819755
4404,1450.646702862435,0.05566240847110748,17.527242779819755,17.530023029534608
4405,1450.6546327818926,0.05561297386884689,17.530023029534608,17.53280081515619
4406,1450.6827663283946,0.05554494261741638,17.53280081515619,17.535575209646016
4407,1450.657068376887,0.05546166002750397,17.524472521685528,17.52724276489811
4408,1450.6467029078956,0.05566240847110748,17.52724276489811,17.53002301461296
4409,1450.6546327145275,0.05561297386884689,17.53002301461296,17.532800800234543
4410,1450.6827661361679,0.055544935166835785,17.532800800234543,17.53557519435184
4411,1450.6570683216096,0.05546166002750397,17.524472492800076,17.527242736012656
4412,1450.6467029461933,0.05566240847110748,17.527242736012656,17.53002298572751
4413,1450.6546328125057,0.05561297386884689,17.53002298572751,17.53280077134909
4414,1450.6827662656528,0.05554494261741638,17.53280077134909,17.535575165838917
4415,1450.657068409599,0.05546166002750397,17.52447249162767,17.52724273484025
4416,1450.6467030151625,0.05566240847110748,17.52724273484025,17.530022984555103
4417,1450.6546328795569,0.05561297386884689,17.530022984555103,17.532800770176685
4418,1450.6827663458123,0.05554494261741638,17.532800770176685,17.53557516466651
4419,1450.6570683486434,0.05546166002750397,17.52447250336431,17.527242746576892
4420,1450.6467028495092,0.05566240847110748,17.527242746576892,17.530022996291745
4421,1450.6546326380883,0.05561297386884689,17.530022996291745,17.532800781913327
4422,1450.6827660487954,0.055544935166835785,17.532800781913327,17.535575176030623
4423,1450.6570679345873,0.05546166002750397,17.524472516692693,17.527242759905274
4424,1450.646702341602,0.05566240847110748,17.527242759905274,17.530023009620127
4425,1450.6546320551488,0.05561297386884689,17.530023009620127,17.53280079524171
4426,1450.6827654085973,0.05554494261741638,17.53280079524171,17.535575189731535
4427,1450.657067404621,0.05546166002750397,17.52447252118283,17.52724276439541
4428,1450.6467019072304,0.05566240847110748,17.52724276439541,17.530023014110263
4429,1450.654631703903,0.05561297386884689,17.530023014110263,17.532800799731845
4430,1450.6827651298279,0.05554494261741638,17.532800799731845,17.53557519422167
4431,1450.6570672740843,0.05546166002750397,17.52447253557495,17.52724277878753
4432,1450.6467019213242,0.05566240847110748,17.52724277878753,17.530023028502384
4433,1450.6546318576181,0.05561297386884689,17.530023028502384,17.532800814123966
4434,1450.6827654149688,0.05554494261741638,17.532800814123966,17.535575208613793
4435,1450.657067670973,0.05546166002750397,17.52447251968516,17.52724276289774
4436,1450.6467023883301,0.05566240847110748,17.52724276289774,17.53002301261259
4437,1450.6546323625184,0.05561297386884689,17.53002301261259,17.532800798234174
4438,1450.6827659353023,0.05554494261741638,17.532800798234174,17.535575192724
4439,1450.6570681373712,0.05546166002750397,17.52447250893921,17.52724275215179
4440,1450.6467027973877,0.05566240847110748,17.52724275215179,17.530023001866642
4441,1450.6546327126125,0.05561297386884689,17.530023001866642,17.532800787488224
4442,1450.6827662261694,0.05554494261741638,17.532800787488224,17.53557518197805
4443,1450.6570684335184,0.05546166002750397,17.52447250415187,17.52724274736445
4444,1450.6467031017155,0.05566240847110748,17.52724274736445,17.530022997079303
4445,1450.654633027162,0.05561297386884689,17.530022997079303,17.532800782700885
4446,1450.6827665523058,0.05554494261741638,17.532800782700885,17.53557517719071
4447,1450.6570686052976,0.05546166002750397,17.524472515387643,17.527242758600224
4448,1450.646703153471,0.05566240847110748,17.527242758600224,17.530023008315077
4449,1450.6546329864636,0.05561297386884689,17.530023008315077,17.53280079393666
4450,1450.682766441227,0.05554494261741638,17.53280079393666,17.535575188426485
4451,1450.6570684703383,0.05546166002750397,17.52447252455578,17.52724276776836
4452,1450.6467030036108,0.05566240847110748,17.52724276776836,17.530023017483213
4453,1450.6546328286458,0.05561297386884689,17.530023017483213,17.532800803104795
4454,1450.6827662807616,0.05554494261741638,17.532800803104795,17.53557519759462
4455,1450.657068338784,0.05546166002750397,17.524472524169543,17.527242767382123
4456,1450.6467028901284,0.05566240847110748,17.527242767382123,17.530023017096976
4457,1450.6546327248461,0.05561297386884689,17.530023017096976,17.53280080271856
4458,1450.6827661802206,0.05554494261741638,17.53280080271856,17.535575197208384
4459,1450.657068309658,0.05546166002750397,17.524472496805185,17.527242740017765
4460,1450.6467028902266,0.05566240847110748,17.527242740017765,17.53002298973262
4461,1450.654632722185,0.05561297386884689,17.53002298973262,17.5328007753542
4462,1450.682766150958,0.05554494261741638,17.5328007753542,17.535575169844027
4463,1450.6570682434717,0.05546166002750397,17.524472492958886,17.527242736171466
4464,1450.646702802171,0.05566240847110748,17.527242736171466,17.53002298588632
4465,1450.6546326238624,0.05561297386884689,17.53002298588632,17.5328007715079
4466,1450.6827660512051,0.05554494261741638,17.5328007715079,17.535575165997727
4467,1450.6570681243295,0.05546166002750397,17.524472528202864,17.527242771415445
4468,1450.6467027171852,0.05566240847110748,17.527242771415445,17.530023021130297
4469,1450.6546326124865,0.05561297386884689,17.530023021130297,17.53280080675188
4470,1450.6827661417274,0.05554494261741638,17.53280080675188,17.535575201241706
4471,1450.6570681375892,0.05546166002750397,17.524472516888913,17.527242760101494
4472,1450.646702628126,0.05566240847110748,17.527242760101494,17.530023009816347
4473,1450.654632404021,0.05561297386884689,17.530023009816347,17.53280079543793
4474,1450.682765802999,0.05554494261741638,17.53280079543793,17.535575189927755
4475,1450.6570678207936,0.05546166002750397,17.524472527984344,17.527242771196924
4476,1450.6467023435216,0.05566240847110748,17.527242771196924,17.530023020911777
4477,1450.6546321587543,0.05561297386884689,17.530023020911777,17.53280080653336
4478,1450.6827656017751,0.05554494261741638,17.53280080653336,17.535575201023185
4479,1450.6570678869339,0.05546166002750397,17.524472524726775,17.527242767939356
4480,1450.6467026416599,0.05566240847110748,17.527242767939356,17.53002301765421
4481,1450.6546326587572,0.05561297386884689,17.53002301765421,17.53280080327579
4482,1450.6827662779033,0.05554494261741638,17.53280080327579,17.535575197765617
4483,1450.6570684226917,0.05546166002750397,17.524472499952054,17.527242743164635
4484,1450.6467030187323,0.05566240847110748,17.527242743164635,17.530022992879488
4485,1450.6546328660045,0.05561297386884689,17.530022992879488,17.53280077850107
4486,1450.6827663097272,0.05554494261741638,17.53280077850107,17.535575172990896
4487,1450.6570684600163,0.05546166002750397,17.524472534818983,17.527242778031564
4488,1450.6467031180703,0.05566240847110748,17.527242778031564,17.530023027746417
4489,1450.6546330685828,0.05561297386884689,17.530023027746417,17.532800813368
4490,1450.682766644687,0.05554494261741638,17.532800813368,17.535575207857825
4491,1450.657068809565,0.05546166002750397,17.524472506349866,17.527242749562447
4492,1450.6467034313528,0.05566240847110748,17.527242749562447,17.5300229992773
4493,1450.654633308187,0.05561297386884689,17.5300229992773,17.532800784898882
4494,1450.682766783848,0.05554494261741638,17.532800784898882,17.535575179388708
4495,1450.6570687214412,0.05546166002750397,17.524472501499986,17.527242744712566
4496,1450.6467031418713,0.05566240847110748,17.527242744712566,17.53002299442742
4497,1450.6546328399418,0.05561297386884689,17.53002299442742,17.532800780049
4498,1450.6827661565803,0.05554494261741638,17.532800780049,17.535575174538828
4499,1450.6570683269426,0.05546166002750397,17.52447252095107,17.52724276416365
4500,1450.6467029908795,0.05566240847110748,17.52724276416365,17.530023013878502
4501,1450.6546329365829,0.05561297386884689,17.530023013878502,17.532800799500084
4502,1450.682766499972,0.05554494261741638,17.532800799500084,17.53557519398991
4503,1450.657068528094,0.05546166002750397,17.524472530738674,17.527242773951254
4504,1450.6467030652047,0.05566240847110748,17.527242773951254,17.530023023666107
4505,1450.654632897622,0.05561297386884689,17.530023023666107,17.53280080928769
4506,1450.6827663596468,0.05554494261741638,17.53280080928769,17.535575203777515
4507,1450.6570684095432,0.05546166002750397,17.524472506803907,17.527242750016487
4508,1450.6467029276187,0.05566240847110748,17.527242750016487,17.53002299973134
4509,1450.6546327108172,0.05561297386884689,17.53002299973134,17.532800785352922
4510,1450.68276610156,0.055544935166835785,17.532800785352922,17.535575179470218
4511,1450.657068214487,0.05546166002750397,17.524472489095132,17.527242732307712
4512,1450.6467027798792,0.05566240847110748,17.527242732307712,17.530022982022565
4513,1450.6546325979045,0.05561297386884689,17.530022982022565,17.532800767644147
4514,1450.6827660139002,0.05554494261741638,17.532800767644147,17.535575162133973
4515,1450.6570681135192,0.05546166002750397,17.524472503621755,17.527242746834336
4516,1450.6467027004817,0.05566240847110748,17.527242746834336,17.53002299654919
4517,1450.6546325657916,0.05561297386884689,17.53002299654919,17.53280078217077
4518,1450.682766047525,0.05554494261741638,17.53280078217077,17.535575176660597
4519,1450.6570680305279,0.05546166002750397,17.524472524609145,17.527242767821726
4520,1450.6467025341883,0.05566240847110748,17.527242767821726,17.53002301753658
4521,1450.6546323424122,0.05561297386884689,17.53002301753658,17.53280080315816
4522,1450.6827657853364,0.05554494261741638,17.53280080315816,17.535575197647987
4523,1450.6570677691022,0.05546166002750397,17.524472526473375,17.527242769685955
4524,1450.646702261085,0.05566240847110748,17.527242769685955,17.530023019400808
4525,1450.6546320485177,0.05561297386884689,17.530023019400808,17.53280080502239
4526,1450.6827654663844,0.05554494261741638,17.53280080502239,17.535575199512216
4527,1450.6570676003435,0.05546166002750397,17.52447251678538,17.52724275999796
4528,1450.646702209804,0.05566240847110748,17.52724275999796,17.530023009712814
4529,1450.6546320883938,0.05561297386884689,17.530023009712814,17.532800795334396
4530,1450.6827655762972,0.05554494261741638,17.532800795334396,17.535575189824222
4531,1450.657067802435,0.05546166002750397,17.524472507894227,17.527242751106808
4532,1450.6467024880633,0.05566240847110748,17.527242751106808,17.53002300082166
4533,1450.6546324296442,0.05561297386884689,17.53002300082166,17.532800786443243
4534,1450.6827659696917,0.05554494261741638,17.532800786443243,17.53557518093307
4535,1450.6570681278508,0.05546166002750397,17.524472502012028,17.52724274522461
4536,1450.6467027516048,0.05566240847110748,17.52724274522461,17.53002299493946
4537,1450.6546326368655,0.05561297386884689,17.53002299493946,17.532800780561043
4538,1450.6827661256468,0.05554494261741638,17.532800780561043,17.53557517505087
4539,1450.657068186651,0.05546166002750397,17.524472518193644,17.527242761406225
4540,1450.646702748171,0.05566240847110748,17.527242761406225,17.530023011121077
4541,1450.6546325982813,0.05561297386884689,17.530023011121077,17.53280079674266
4542,1450.6827660727042,0.05554494261741638,17.53280079674266,17.535575191232486
4543,1450.6570681348999,0.05546166002750397,17.524472528348653,17.527242771561234
4544,1450.646702702219,0.05566240847110748,17.527242771561234,17.530023021276087
4545,1450.654632561474,0.05561297386884689,17.530023021276087,17.53280080689767
4546,1450.6827660473898,0.05554494261741638,17.53280080689767,17.535575201387495
4547,1450.6570681272742,0.05546166002750397,17.524472522405095,17.527242765617675
4548,1450.646702693692,0.05566240847110748,17.527242765617675,17.530023015332528
4549,1450.6546325381694,0.05561297386884689,17.530023015332528,17.53280080095411
4550,1450.6827659991768,0.05554494261741638,17.53280080095411,17.535575195443936
4551,1450.657068189972,0.05546166002750397,17.524472530866618,17.5272427740792
4552,1450.6467028668606,0.05566240847110748,17.5272427740792,17.53002302379405
4553,1450.6546328197114,0.05561297386884689,17.53002302379405,17.532800809415633
4554,1450.6827663857907,0.05554494261741638,17.532800809415633,17.53557520390546
4555,1450.657068610135,0.05546166002750397,17.524472501013772,17.527242744226353
4556,1450.6467032762769,0.05566240847110748,17.527242744226353,17.530022993941206
4557,1450.6546331854654,0.05561297386884689,17.530022993941206,17.532800779562788
4558,1450.682766683999,0.05554494261741638,17.532800779562788,17.535575174052614
4559,1450.6570687511578,0.05546166002750397,17.524472498869063,17.527242742081643
4560,1450.6467032883888,0.05566240847110748,17.527242742081643,17.530022991796496
4561,1450.6546330918575,0.05561297386884689,17.530022991796496,17.53280077741808
4562,1450.6827665036917,0.05554494261741638,17.53280077741808,17.535575171907904
4563,1450.6570685988197,0.05546166002750397,17.524472513048146,17.527242756260726
4564,1450.6467031873985,0.05566240847110748,17.527242756260726,17.53002300597558
4565,1450.6546330588596,0.05561297386884689,17.53002300597558,17.53280079159716
4566,1450.6827665500311,0.05554494261741638,17.53280079159716,17.535575186086987
4567,1450.6570685045615,0.05546166002750397,17.524472527913623,17.527242771126204
4568,1450.6467029775877,0.05566240847110748,17.527242771126204,17.530023020841057
4569,1450.65463275405,0.05561297386884689,17.530023020841057,17.53280080646264
4570,1450.6827661667842,0.055544935166835785,17.53280080646264,17.535575200579935
4571,1450.6570682153879,0.05546166002750397,17.524472535589187,17.527242778801767
4572,1450.6467027713018,0.05566240847110748,17.527242778801767,17.53002302851662
4573,1450.6546326209634,0.05561297386884689,17.53002302851662,17.532800814138202
4574,1450.6827660987894,0.05554494261741638,17.532800814138202,17.53557520862803
4575,1450.657068272208,0.05546166002750397,17.524472506745294,17.527242749957875
4576,1450.64670289703,0.05566240847110748,17.527242749957875,17.530022999672727
4577,1450.654632772733,0.05561297386884689,17.530022999672727,17.53280078529431
4578,1450.6827662441663,0.05554494261741638,17.53280078529431,17.535575179784136
4579,1450.6570684204935,0.05546166002750397,17.52447251356706,17.52724275677964
4580,1450.6467030701288,0.05566240847110748,17.52724275677964,17.530023006494492
4581,1450.6546329866167,0.05561297386884689,17.530023006494492,17.532800792116074
4582,1450.6827665079018,0.05554494261741638,17.532800792116074,17.5355751866059
4583,1450.6570686855457,0.05546166002750397,17.524472501182448,17.52724274439503
4584,1450.6467033235563,0.05566240847110748,17.52724274439503,17.53002299410988
4585,1450.6546332189407,0.05561297386884689,17.53002299410988,17.532800779731463
4586,1450.6827667145976,0.05554494261741638,17.532800779731463,17.53557517422129
4587,1450.6570686563582,0.05546166002750397,17.524472505552243,17.527242748764824
4588,1450.6467030936267,0.05566240847110748,17.527242748764824,17.530022998479676
4589,1450.6546328177342,0.05561297386884689,17.530022998479676,17.53280078410126
4590,1450.6827661665595,0.055544935166835785,17.53280078410126,17.535575178218554
4591,1450.6570681980622,0.05546166002750397,17.52447251460556,17.52724275781814
4592,1450.6467027291196,0.05566240847110748,17.52724275781814,17.530023007532993
4593,1450.6546325485374,0.05561297386884689,17.530023007532993,17.532800793154575
4594,1450.682765992588,0.05554494261741638,17.532800793154575,17.5355751876444
4595,1450.6570680144373,0.05546166002750397,17.524472536980213,17.527242780192793
4596,1450.6467025579166,0.05566240847110748,17.527242780192793,17.530023029907646
4597,1450.6546324060432,0.05561297386884689,17.530023029907646,17.532800815529228
4598,1450.6827658905027,0.05554494261741638,17.532800815529228,17.535575210019054
4599,1450.6570680158882,0.05546166002750397,17.524472505258625,17.527242748471206
4600,1450.6467025989307,0.05566240847110748,17.527242748471206,17.53002299818606
4601,1450.654632438195,0.05561297386884689,17.53002299818606,17.53280078380764
4602,1450.682765875549,0.05554494261741638,17.53280078380764,17.535575178297467
4603,1450.6570680009545,0.05546166002750397,17.524472525873392,17.527242769085973
4604,1450.646702621505,0.05566240847110748,17.527242769085973,17.530023018800826
4605,1450.654632525685,0.05561297386884689,17.530023018800826,17.532800804422408
4606,1450.682766049602,0.05554494261741638,17.532800804422408,17.535575198912234
4607,1450.6570683236955,0.05546166002750397,17.524472512707852,17.527242755920433
4608,1450.646703056463,0.05566240847110748,17.527242755920433,17.530023005635286
4609,1450.6546330438186,0.05561297386884689,17.530023005635286,17.532800791256868
4610,1450.6827666278894,0.05554494261741638,17.532800791256868,17.535575185746694
4611,1450.657068640214,0.05546166002750397,17.524472521117367,17.527242764329948
4612,1450.64670314969,0.05566240847110748,17.527242764329948,17.5300230140448
4613,1450.654632946072,0.05561297386884689,17.5300230140448,17.532800799666383
4614,1450.682766366059,0.055544935166835785,17.532800799666383,17.53557519378368
4615,1450.6570685375918,0.05546166002750397,17.52447251664808,17.52724275986066
4616,1450.6467031837099,0.05566240847110748,17.52724275986066,17.530023009575512
4617,1450.6546330976898,0.05561297386884689,17.530023009575512,17.532800795197094
4618,1450.682766619474,0.05554494261741638,17.532800795197094,17.53557518968692
4619,1450.6570686765078,0.05546166002750397,17.524472509786353,17.527242752998934
4620,1450.6467032116088,0.05566240847110748,17.527242752998934,17.530023002713786
4621,1450.6546330189503,0.05561297386884689,17.530023002713786,17.53280078833537
4622,1450.682766439075,0.05554494261741638,17.53280078833537,17.535575182825195
4623,1450.6570685308222,0.05546166002750397,17.52447250631984,17.52724274953242
4624,1450.646703098543,0.05566240847110748,17.52724274953242,17.530022999247272
4625,1450.6546329364203,0.05561297386884689,17.530022999247272,17.532800784868854
4626,1450.6827663828235,0.05554494261741638,17.532800784868854,17.53557517935868
4627,1450.657068429427,0.05546166002750397,17.524472508550918,17.5272427517635
4628,1450.6467029632533,0.05566240847110748,17.5272427517635,17.53002300147835
4629,1450.6546327761835,0.05561297386884689,17.53002300147835,17.532800787099934
4630,1450.6827662069365,0.05554494261741638,17.532800787099934,17.53557518158976
4631,1450.6570682377067,0.05546166002750397,17.524472523973497,17.527242767186078
4632,1450.6467027760716,0.05566240847110748,17.527242767186078,17.53002301690093
4633,1450.654632608684,0.05561297386884689,17.53002301690093,17.532800802522512
4634,1450.6827660701133,0.05554494261741638,17.532800802522512,17.53557519701234
4635,1450.6570681363987,0.05546166002750397,17.524472511384033,17.527242754596614
4636,1450.646702682373,0.05566240847110748,17.527242754596614,17.530023004311467
4637,1450.6546325016236,0.05561297386884689,17.530023004311467,17.53280078993305
4638,1450.6827659342393,0.05554494261741638,17.53280078993305,17.535575184422875
4639,1450.657068017049,0.05546166002750397,17.524472526197425,17.527242769410005
4640,1450.6467025994805,0.05566240847110748,17.527242769410005,17.530023019124858
4641,1450.654632469496,0.05561297386884689,17.530023019124858,17.53280080474644
4642,1450.6827659627488,0.05554494261741638,17.53280080474644,17.535575199236266
4643,1450.6570681786848,0.05546166002750397,17.524472526044633,17.527242769257214
4644,1450.646702874264,0.05566240847110748,17.527242769257214,17.530023018972066
4645,1450.6546328406896,0.05561297386884689,17.530023018972066,17.53280080459365
4646,1450.682766416306,0.05554494261741638,17.53280080459365,17.535575199083475
4647,1450.6570685302745,0.05546166002750397,17.524472518577614,17.527242761790195
4648,1450.6467031205975,0.05566240847110748,17.527242761790195,17.530023011505047
4649,1450.6546329809944,0.05561297386884689,17.530023011505047,17.53280079712663
4650,1450.6827664517027,0.05554494261741638,17.53280079712663,17.535575191616456
4651,1450.6570686142236,0.05546166002750397,17.524472496639103,17.527242739851683
4652,1450.6467032259618,0.05566240847110748,17.527242739851683,17.530022989566536
4653,1450.6546330871627,0.05561297386884689,17.530022989566536,17.532800775188118
4654,1450.6827665432722,0.05554494261741638,17.532800775188118,17.535575169677944
4655,1450.6570686035786,0.05546166002750397,17.524472490020997,17.527242733233578
4656,1450.6467031301092,0.05566240847110748,17.527242733233578,17.53002298294843
4657,1450.6546329201767,0.05561297386884689,17.53002298294843,17.532800768570013
4658,1450.6827663165038,0.055544935166835785,17.532800768570013,17.53557516268731
4659,1450.6570683062994,0.05546166002750397,17.52447251155154,17.52724275476412
4660,1450.646702805735,0.05566240847110748,17.52724275476412,17.530023004478974
4661,1450.6546326015753,0.05561297386884689,17.530023004478974,17.532800790100556
4662,1450.6827660281322,0.055544935166835785,17.532800790100556,17.53557518421785
4663,1450.6570679752042,0.05546166002750397,17.524472527313915,17.527242770526495
4664,1450.6467024456606,0.05566240847110748,17.527242770526495,17.530023020241348
4665,1450.6546322232466,0.05561297386884689,17.530023020241348,17.53280080586293
4666,1450.682765640152,0.05554494261741638,17.53280080586293,17.535575200352756
4667,1450.6570676545211,0.05546166002750397,17.52447251809002,17.5272427613026
4668,1450.6467021609778,0.05566240847110748,17.5272427613026,17.53002301101745
4669,1450.6546319506033,0.05561297386884689,17.53002301101745,17.532800796639034
4670,1450.68276535924,0.05554494261741638,17.532800796639034,17.53557519112886
4671,1450.6570675222797,0.05546166002750397,17.524472509672044,17.527242752884625
4672,1450.6467021536773,0.05566240847110748,17.527242752884625,17.530023002599478
4673,1450.6546320485188,0.05561297386884689,17.530023002599478,17.53280078822106
4674,1450.6827655459558,0.05554494261741638,17.53280078822106,17.535575182710886
4675,1450.6570677584007,0.05546166002750397,17.52447251167448,17.527242754887062
4676,1450.6467024424528,0.05566240847110748,17.527242754887062,17.530023004601915
4677,1450.6546323915363,0.05561297386884689,17.530023004601915,17.532800790223497
4678,1450.6827659457492,0.05554494261741638,17.532800790223497,17.535575184713323
4679,1450.6570680698815,0.05546166002750397,17.52447252151918,17.52724276473176
4680,1450.6467026862767,0.05566240847110748,17.52724276473176,17.530023014446613
4681,1450.6546325842162,0.05561297386884689,17.530023014446613,17.532800800068195
4682,1450.682766100437,0.05554494261741638,17.532800800068195,17.53557519455802
4683,1450.6570681946987,0.05546166002750397,17.524472522731248,17.52724276594383
4684,1450.6467027794017,0.05566240847110748,17.52724276594383,17.53002301565868
4685,1450.654632644793,0.05561297386884689,17.53002301565868,17.532800801280263
4686,1450.6827661283453,0.05554494261741638,17.532800801280263,17.53557519577009
4687,1450.657068259342,0.05546166002750397,17.524472532491224,17.527242775703805
4688,1450.6467028856496,0.05566240847110748,17.527242775703805,17.530023025418657
4689,1450.6546327956155,0.05561297386884689,17.530023025418657,17.53280081104024
4690,1450.6827663252448,0.05554494261741638,17.53280081104024,17.535575205530066
4691,1450.657068528463,0.05546166002750397,17.52447251693416,17.52724276014674
4692,1450.646703194127,0.05566240847110748,17.52724276014674,17.530023009861594
4693,1450.6546331182678,0.05561297386884689,17.530023009861594,17.532800795483176
4694,1450.682766643037,0.05554494261741638,17.532800795483176,17.535575189973002
4695,1450.6570687758585,0.05546166002750397,17.524472501288802,17.527242744501383
4696,1450.6467033653344,0.05566240847110748,17.527242744501383,17.530022994216235
4697,1450.654633210184,0.05561297386884689,17.530022994216235,17.532800779837817
4698,1450.6827666546192,0.05554494261741638,17.532800779837817,17.535575174327644
4699,1450.6570687703304,0.05546166002750397,17.52447250011214,17.52724274332472
4700,1450.646703355971,0.05566240847110748,17.52724274332472,17.530022993039573
4701,1450.6546332069693,0.05561297386884689,17.530022993039573,17.532800778661155
4702,1450.6827666649158,0.05554494261741638,17.532800778661155,17.53557517315098
4703,1450.6570686612838,0.05546166002750397,17.524472513897276,17.527242757109857
4704,1450.6467031613236,0.05566240847110748,17.527242757109857,17.53002300682471
4705,1450.6546329532976,0.05561297386884689,17.53002300682471,17.53280079244629
4706,1450.6827663727086,0.055544935166835785,17.53280079244629,17.535575186563587
4707,1450.6570683361479,0.05546166002750397,17.52447251563631,17.527242758848892
4708,1450.6467028023985,0.05566240847110748,17.527242758848892,17.530023008563745
4709,1450.6546325604777,0.05561297386884689,17.530023008563745,17.532800794185327
4710,1450.6827659467606,0.05554494261741638,17.532800794185327,17.535575188675153
4711,1450.6570679696276,0.05546166002750397,17.5244725241439,17.52724276735648
4712,1450.6467024962699,0.05566240847110748,17.52724276735648,17.530023017071333
4713,1450.6546323144912,0.05561297386884689,17.530023017071333,17.532800802692915
4714,1450.682765759764,0.05554494261741638,17.532800802692915,17.53557519718274
4715,1450.6570679231743,0.05546166002750397,17.52447252589401,17.52724276910659
4716,1450.6467025726338,0.05566240847110748,17.52724276910659,17.530023018821442
4717,1450.654632498463,0.05561297386884689,17.530023018821442,17.532800804443024
4718,1450.682766036044,0.05554494261741638,17.532800804443024,17.53557519893285
4719,1450.6570681981505,0.05546166002750397,17.524472511698242,17.527242754910823
4720,1450.6467028251,0.05566240847110748,17.527242754910823,17.530023004625676
4721,1450.654632712938,0.05561297386884689,17.530023004625676,17.532800790247258
4722,1450.6827662037886,0.05554494261741638,17.532800790247258,17.535575184737084
4723,1450.6570683587872,0.05546166002750397,17.52447250869217,17.52724275190475
4724,1450.6467029829264,0.05566240847110748,17.52724275190475,17.530023001619604
4725,1450.6546328712127,0.05561297386884689,17.530023001619604,17.532800787241186
4726,1450.6827663649417,0.05554494261741638,17.532800787241186,17.535575181731012
4727,1450.6570684899445,0.05546166002750397,17.524472512384122,17.527242755596703
4728,1450.6467030963827,0.05566240847110748,17.527242755596703,17.530023005311556
4729,1450.654632976438,0.05561297386884689,17.530023005311556,17.532800790933138
4730,1450.6827664691425,0.05554494261741638,17.532800790933138,17.535575185422964
4731,1450.657068504621,0.05546166002750397,17.52447251712871,17.52724276034129
4732,1450.646703035115,0.05566240847110748,17.52724276034129,17.530023010056144
4733,1450.654632850585,0.05561297386884689,17.530023010056144,17.532800795677726
4734,1450.6827662882213,0.05554494261741638,17.532800795677726,17.535575190167553
4735,1450.65706834152,0.05546166002750397,17.524472519914855,17.527242763127436
4736,1450.6467028884535,0.05566240847110748,17.527242763127436,17.53002301284229
4737,1450.654632719067,0.05561297386884689,17.53002301284229,17.53280079846387
4738,1450.6827661706343,0.05554494261741638,17.53280079846387,17.535575192953697
4739,1450.6570682613117,0.05546166002750397,17.52447250420608,17.52724274741866
4740,1450.6467028203879,0.05566240847110748,17.52724274741866,17.530022997133514
4741,1450.6546326440978,0.05561297386884689,17.530022997133514,17.532800782755096
4742,1450.6827660746471,0.05554494261741638,17.532800782755096,17.535575177244922
4743,1450.6570681681892,0.05546166002750397,17.524472522306212,17.527242765518793
4744,1450.6467027601814,0.05566240847110748,17.527242765518793,17.530023015233645
4745,1450.6546326387315,0.05561297386884689,17.530023015233645,17.532800800855227
4746,1450.682766139619,0.05554494261741638,17.532800800855227,17.535575195345054
4747,1450.65706828141,0.05546166002750397,17.524472515011986,17.527242758224567
4748,1450.6467029008547,0.05566240847110748,17.527242758224567,17.53002300793942
4749,1450.654632790881,0.05561297386884689,17.53002300793942,17.532800793561
4750,1450.6827662911262,0.05554494261741638,17.532800793561,17.535575188050828
4751,1450.6570683163668,0.05546166002750397,17.524472511440436,17.527242754653017
4752,1450.6467028266102,0.05566240847110748,17.527242754653017,17.53002300436787
4753,1450.6546326146724,0.05561297386884689,17.53002300436787,17.53280078998945
4754,1450.6827660196861,0.055544935166835785,17.53280078998945,17.535575184106747
4755,1450.6570681530047,0.05546166002750397,17.52447250264726,17.52724274585984
4756,1450.6467027541933,0.05566240847110748,17.52724274585984,17.530022995574694
4757,1450.6546326189487,0.05561297386884689,17.530022995574694,17.532800781196276
4758,1450.6827660890915,0.05554494261741638,17.532800781196276,17.535575175686102
4759,1450.6570681514095,0.05546166002750397,17.524472523724093,17.527242766936673
4760,1450.6467027199778,0.05566240847110748,17.527242766936673,17.530023016651526
4761,1450.654632581307,0.05561297386884689,17.530023016651526,17.53280080227311
4762,1450.6827660698827,0.05554494261741638,17.53280080227311,17.535575196762935
4763,1450.6570681596172,0.05546166002750397,17.52447250935467,17.52724275256725
4764,1450.6467027254967,0.05566240847110748,17.52724275256725,17.530023002282103
4765,1450.6546325616875,0.05561297386884689,17.530023002282103,17.532800787903685
4766,1450.6827660065442,0.05554494261741638,17.532800787903685,17.53557518239351
4767,1450.6570680352672,0.05546166002750397,17.52447252279824,17.527242766010822
4768,1450.6467025661427,0.05566240847110748,17.527242766010822,17.530023015725675
4769,1450.6546323873176,0.05561297386884689,17.530023015725675,17.532800801347257
4770,1450.6827658345417,0.05554494261741638,17.532800801347257,17.535575195837083
4771,1450.6570680418442,0.05546166002750397,17.524472523801357,17.527242767013938
4772,1450.6467027298986,0.05566240847110748,17.527242767013938,17.53002301672879
4773,1450.6546326897487,0.05561297386884689,17.53002301672879,17.532800802350373
4774,1450.6827662596052,0.05554494261741638,17.532800802350373,17.5355751968402
4775,1450.6570683510718,0.05546166002750397,17.52447250799847,17.527242751211052
4776,1450.6467029111343,0.05566240847110748,17.527242751211052,17.530023000925905
4777,1450.6546327359601,0.05561297386884689,17.530023000925905,17.532800786547487
4778,1450.6827661677028,0.05554494261741638,17.532800786547487,17.535575181037313
4779,1450.6570682935276,0.05546166002750397,17.52447250102587,17.52724274423845
4780,1450.6467028852235,0.05566240847110748,17.52724274423845,17.530022993953303
4781,1450.6546327391452,0.05561297386884689,17.530022993953303,17.532800779574885
4782,1450.6827661976265,0.05554494261741638,17.532800779574885,17.53557517406471
4783,1450.6570683002499,0.05546166002750397,17.52447252584977,17.52724276906235
4784,1450.6467029087837,0.05566240847110748,17.52724276906235,17.530023018777204
4785,1450.6546328091856,0.05561297386884689,17.530023018777204,17.532800804398786
4786,1450.6827663355425,0.05554494261741638,17.532800804398786,17.535575198888612
4787,1450.6570683809782,0.05546166002750397,17.524472501992253,17.527242745204834
4788,1450.646702896689,0.05566240847110748,17.527242745204834,17.530022994919687
4789,1450.6546326791295,0.05561297386884689,17.530022994919687,17.53280078054127
4790,1450.6827660703298,0.055544935166835785,17.53280078054127,17.535575174658565
4791,1450.6570680370464,0.05546166002750397,17.524472495788018,17.5272427390006
4792,1450.6467024837052,0.05566240847110748,17.5272427390006,17.53002298871545
4793,1450.6546322054235,0.05561297386884689,17.53002298871545,17.532800774337034
4794,1450.6827655434051,0.05554494261741638,17.532800774337034,17.53557516882686
4795,1450.6570676777778,0.05546166002750397,17.52447252060398,17.52724276381656
4796,1450.6467023151756,0.05566240847110748,17.52724276381656,17.530023013531412
4797,1450.6546322418253,0.05561297386884689,17.530023013531412,17.532800799152994
4798,1450.6827657920574,0.05554494261741638,17.532800799152994,17.53557519364282
4799,1450.6570678324142,0.05546166002750397,17.524472522331095,17.527242765543676
4800,1450.6467023739058,0.05566240847110748,17.527242765543676,17.53002301525853
4801,1450.6546322047664,0.05561297386884689,17.53002301525853,17.53280080088011
4802,1450.6827656586117,0.05554494261741638,17.53280080088011,17.535575195369937
4803,1450.6570677039085,0.05546166002750397,17.52447251347337,17.52724275668595
4804,1450.646702232668,0.05566240847110748,17.52724275668595,17.530023006400803
4805,1450.6546320377972,0.05561297386884689,17.530023006400803,17.532800792022385
4806,1450.682765458826,0.05554494261741638,17.532800792022385,17.53557518651221
4807,1450.6570676469676,0.05546166002750397,17.524472504739478,17.52724274795206
4808,1450.646702298199,0.05566240847110748,17.52724274795206,17.53002299766691
4809,1450.6546322086235,0.05561297386884689,17.53002299766691,17.532800783288494
4810,1450.6827657204353,0.05554494261741638,17.532800783288494,17.53557517777832
4811,1450.657067883709,0.05546166002750397,17.52447253714026,17.52724278035284
4812,1450.6467025577583,0.05566240847110748,17.52724278035284,17.530023030067692
4813,1450.654632526258,0.05561297386884689,17.530023030067692,17.532800815689274
4814,1450.682766121548,0.05554494261741638,17.532800815689274,17.5355752101791
4815,1450.657068284366,0.05546166002750397,17.524472522569706,17.527242765782287
4816,1450.6467029226967,0.05566240847110748,17.527242765782287,17.53002301549714
4817,1450.6546328297025,0.05561297386884689,17.53002301549714,17.53280080111872
4818,1450.6827663452275,0.05554494261741638,17.53280080111872,17.535575195608548
4819,1450.6570684253513,0.05546166002750397,17.524472518592244,17.527242761804825
4820,1450.6467029849878,0.05566240847110748,17.527242761804825,17.530023011519678
4821,1450.6546328175475,0.05561297386884689,17.530023011519678,17.53280079714126
4822,1450.6827662629926,0.05554494261741638,17.53280079714126,17.535575191631086
4823,1450.6570685239228,0.05546166002750397,17.52447251707158,17.52724276028416
4824,1450.6467032496569,0.05566240847110748,17.52724276028416,17.530023009999013
4825,1450.6546332346709,0.05561297386884689,17.530023009999013,17.532800795620595
4826,1450.6827668196354,0.055544935166835785,17.532800795620595,17.53557518973789
4827,1450.6570689260225,0.05546166002750397,17.524472511778878,17.52724275499146
4828,1450.646703507204,0.05566240847110748,17.52724275499146,17.53002300470631
4829,1450.6546333574438,0.05561297386884689,17.53002300470631,17.532800790327894
4830,1450.6827668174037,0.05554494261741638,17.532800790327894,17.53557518481772
4831,1450.657068869199,0.05546166002750397,17.52447250438017,17.52724274759275
4832,1450.6467033963577,0.05566240847110748,17.52724274759275,17.530022997307604
4833,1450.6546331938664,0.05561297386884689,17.530022997307604,17.532800782929186
4834,1450.6827666029064,0.05554494261741638,17.532800782929186,17.535575177419013
4835,1450.6570686330076,0.05546166002750397,17.524472512104328,17.52724275531691
4836,1450.64670315645,0.05566240847110748,17.52724275531691,17.53002300503176
4837,1450.6546329637333,0.05561297386884689,17.53002300503176,17.532800790653344
4838,1450.6827663899478,0.055544935166835785,17.532800790653344,17.53557518477064
4839,1450.6570684130959,0.05546166002750397,17.524472506332096,17.527242749544676
4840,1450.646702921488,0.05566240847110748,17.527242749544676,17.53002299925953
4841,1450.6546327079118,0.05561297386884689,17.53002299925953,17.53280078488111
4842,1450.6827661114755,0.055544935166835785,17.53280078488111,17.535575178998407
4843,1450.6570681100127,0.05546166002750397,17.52447251945872,17.5272427626713
4844,1450.6467026145247,0.05566240847110748,17.5272427626713,17.530023012386152
4845,1450.654632412616,0.05561297386884689,17.530023012386152,17.532800798007734
4846,1450.6827658395778,0.05554494261741638,17.532800798007734,17.53557519249756
4847,1450.6570679470576,0.05546166002750397,17.52447251726222,17.527242760474802
4848,1450.646702540887,0.05566240847110748,17.527242760474802,17.530023010189655
4849,1450.6546324122032,0.05561297386884689,17.530023010189655,17.532800795811237
4850,1450.682765896982,0.05554494261741638,17.532800795811237,17.535575190301063
4851,1450.6570679673164,0.05546166002750397,17.524472507375748,17.52724275058833
4852,1450.6467025136756,0.05566240847110748,17.52724275058833,17.53002300030318
4853,1450.6546323305683,0.05561297386884689,17.53002300030318,17.532800785924763
4854,1450.6827657566018,0.05554494261741638,17.532800785924763,17.53557518041459
4855,1450.6570678899259,0.05546166002750397,17.524472511700907,17.527242754913487
4856,1450.6467025044003,0.05566240847110748,17.527242754913487,17.53002300462834
4857,1450.6546323921493,0.05561297386884689,17.53002300462834,17.532800790249922
4858,1450.6827658921675,0.05554494261741638,17.532800790249922,17.53557518473975
4859,1450.6570680126274,0.05546166002750397,17.524472524642547,17.527242767855128
4860,1450.6467026304895,0.05566240847110748,17.527242767855128,17.53002301756998
4861,1450.6546325337115,0.05561297386884689,17.53002301756998,17.532800803191563
4862,1450.6827660579802,0.05554494261741638,17.532800803191563,17.53557519768139
4863,1450.6570681523442,0.05546166002750397,17.524472524449852,17.527242767662432
4864,1450.6467027376466,0.05566240847110748,17.527242767662432,17.530023017377285
4865,1450.654632603998,0.05561297386884689,17.530023017377285,17.532800802998867
4866,1450.6827660887634,0.05554494261741638,17.532800802998867,17.535575197488694
4867,1450.6570682208255,0.05546166002750397,17.52447251706226,17.52724276027484
4868,1450.6467028279353,0.05566240847110748,17.52724276027484,17.530023009989694
4869,1450.6546327038739,0.05561297386884689,17.530023009989694,17.532800795611276
4870,1450.6827661889454,0.05554494261741638,17.532800795611276,17.535575190101103
4871,1450.6570683751024,0.05546166002750397,17.524472521237872,17.527242764450452
4872,1450.6467030395731,0.05566240847110748,17.527242764450452,17.530023014165305
4873,1450.6546329743962,0.05561297386884689,17.530023014165305,17.532800799786887
4874,1450.6827665185488,0.05554494261741638,17.532800799786887,17.535575194276714
4875,1450.657068676468,0.05546166002750397,17.524472515143017,17.527242758355598
4876,1450.646703306656,0.05566240847110748,17.527242758355598,17.53002300807045
4877,1450.6546332032299,0.05561297386884689,17.53002300807045,17.532800793692033
4878,1450.6827667067842,0.05554494261741638,17.532800793692033,17.53557518818186
4879,1450.6570687841715,0.05546166002750397,17.5244725138282,17.52724275704078
4880,1450.6467033428148,0.05566240847110748,17.52724275704078,17.530023006755634
4881,1450.6546331757038,0.05561297386884689,17.530023006755634,17.532800792377216
4882,1450.682766622465,0.05554494261741638,17.532800792377216,17.535575186867042
4883,1450.657068724634,0.05546166002750397,17.524472520757026,17.527242763969607
4884,1450.646703316477,0.05566240847110748,17.527242763969607,17.53002301368446
4885,1450.6546331883235,0.05561297386884689,17.53002301368446,17.53280079930604
4886,1450.6827666777185,0.05554494261741638,17.53280079930604,17.535575193795868
4887,1450.657068741944,0.05546166002750397,17.524472501453598,17.52724274466618
4888,1450.6467032728258,0.05566240847110748,17.52724274466618,17.53002299438103
4889,1450.654633067492,0.05561297386884689,17.53002299438103,17.532800780002614
4890,1450.6827664688294,0.05554494261741638,17.532800780002614,17.53557517449244
4891,1450.6570684827636,0.05546166002750397,17.524472501677455,17.527242744890035
4892,1450.6467029791202,0.05566240847110748,17.527242744890035,17.530022994604888
4893,1450.6546327515946,0.05561297386884689,17.530022994604888,17.53280078022647
4894,1450.6827661400043,0.055544935166835785,17.53280078022647,17.535575174343766
4895,1450.6570681978494,0.05546166002750397,17.524472502621627,17.527242745834208
4896,1450.6467027402448,0.05566240847110748,17.527242745834208,17.53002299554906
4897,1450.6546325596123,0.05561297386884689,17.53002299554906,17.532800781170643
4898,1450.6827659951098,0.05554494261741638,17.532800781170643,17.53557517566047
4899,1450.6570679457816,0.05546166002750397,17.524472506440144,17.527242749652725
4900,1450.6467023966222,0.05566240847110748,17.527242749652725,17.530022999367578
4901,1450.6546321375668,0.05561297386884689,17.530022999367578,17.53280078498916
4902,1450.6827655057039,0.05554494261741638,17.53280078498916,17.535575179478986
4903,1450.6570675135133,0.05546166002750397,17.524472509154055,17.527242752366636
4904,1450.646702017835,0.05566240847110748,17.527242752366636,17.53002300208149
4905,1450.654631808671,0.05561297386884689,17.53002300208149,17.53280078770307
4906,1450.6827652210038,0.05554494261741638,17.53280078770307,17.535575182192897
4907,1450.657067290616,0.05546166002750397,17.524472529181143,17.527242772393723
4908,1450.646701872479,0.05566240847110748,17.527242772393723,17.530023022108576
4909,1450.6546317513698,0.05561297386884689,17.530023022108576,17.53280080773016
4910,1450.6827652604106,0.05554494261741638,17.53280080773016,17.535575202219984
4911,1450.6570674393927,0.05546166002750397,17.524472542756346,17.527242785968927
4912,1450.6467021228214,0.05566240847110748,17.527242785968927,17.53002303568378
4913,1450.6546320958162,0.05561297386884689,17.53002303568378,17.53280082130536
4914,1450.6827656918751,0.05554494261741638,17.53280082130536,17.535575215795188
4915,1450.6570679042065,0.05546166002750397,17.52447250726287,17.52724275047545
4916,1450.6467025605248,0.05566240847110748,17.52724275047545,17.530023000190305
4917,1450.6546324616768,0.05561297386884689,17.530023000190305,17.532800785811887
4918,1450.6827659536325,0.05554494261741638,17.532800785811887,17.535575180301713
4919,1450.6570681683056,0.05546166002750397,17.524472503348008,17.52724274656059
4920,1450.6467028383133,0.05566240847110748,17.52724274656059,17.53002299627544
4921,1450.6546327614203,0.05561297386884689,17.53002299627544,17.532800781897024
4922,1450.6827662811604,0.05554494261741638,17.532800781897024,17.53557517638685
4923,1450.6570684944543,0.05546166002750397,17.52447250582821,17.52724274904079
4924,1450.6467031760353,0.05566240847110748,17.52724274904079,17.530022998755644
4925,1450.6546331202112,0.05561297386884689,17.530022998755644,17.532800784377226
4926,1450.6827666677793,0.05554494261741638,17.532800784377226,17.535575178867052
4927,1450.6570686260934,0.05546166002750397,17.524472513427284,17.527242756639865
4928,1450.6467030873011,0.05566240847110748,17.527242756639865,17.530023006354718
4929,1450.6546328404813,0.05561297386884689,17.530023006354718,17.5328007919763
4930,1450.6827662217468,0.055544935166835785,17.5328007919763,17.535575186093595
4931,1450.6570682178963,0.05546166002750397,17.524472515218413,17.527242758430994
4932,1450.6467027121205,0.05566240847110748,17.527242758430994,17.530023008145847
4933,1450.6546324941864,0.05561297386884689,17.530023008145847,17.53280079376743
4934,1450.682765901094,0.05554494261741638,17.53280079376743,17.535575188257255
4935,1450.6570679461086,0.05546166002750397,17.524472502638275,17.527242745850856
4936,1450.6467024670158,0.05566240847110748,17.527242745850856,17.53002299556571
4937,1450.6546322587667,0.05561297386884689,17.53002299556571,17.53280078118729
4938,1450.682765662508,0.05554494261741638,17.53280078118729,17.535575175677117
4939,1450.657067746953,0.05546166002750397,17.52447251644477,17.52724275965735
4940,1450.6467023271002,0.05566240847110748,17.52724275965735,17.530023009372204
4941,1450.6546321919425,0.05561297386884689,17.530023009372204,17.532800794993786
4942,1450.682765675737,0.05554494261741638,17.532800794993786,17.535575189483612
4943,1450.6570678029263,0.05546166002750397,17.52447251720042,17.527242760413
4944,1450.6467024170354,0.05566240847110748,17.527242760413,17.530023010127852
4945,1450.6546323087334,0.05561297386884689,17.530023010127852,17.532800795749434
4946,1450.6827658158584,0.05554494261741638,17.532800795749434,17.53557519023926
4947,1450.6570678763599,0.05546166002750397,17.52447252091485,17.52724276412743
4948,1450.6467024309927,0.05566240847110748,17.52724276412743,17.530023013842282
4949,1450.6546322695522,0.05561297386884689,17.530023013842282,17.532800799463864
4950,1450.6827657291208,0.05554494261741638,17.532800799463864,17.53557519395369
4951,1450.657067911128,0.05546166002750397,17.524472533496198,17.52724277670878
4952,1450.6467025875663,0.05566240847110748,17.52724277670878,17.53002302642363
4953,1450.6546325462039,0.05561297386884689,17.53002302642363,17.532800812045213
4954,1450.6827661226357,0.05554494261741638,17.532800812045213,17.53557520653504
4955,1450.6570683194604,0.05546166002750397,17.52447252154291,17.527242764755492
4956,1450.646702985245,0.05566240847110748,17.527242764755492,17.530023014470345
4957,1450.6546329143696,0.05561297386884689,17.530023014470345,17.532800800091927
4958,1450.682766447674,0.05554494261741638,17.532800800091927,17.535575194581753
4959,1450.6570686124362,0.05546166002750397,17.524472513198685,17.527242756411265
4960,1450.6467032423825,0.05566240847110748,17.527242756411265,17.530023006126118
4961,1450.6546331334246,0.05561297386884689,17.530023006126118,17.5328007917477
4962,1450.6827666275829,0.05554494261741638,17.5328007917477,17.535575186237526
4963,1450.6570688132667,0.05546166002750397,17.524472514007833,17.527242757220414
4964,1450.6467034701568,0.05566240847110748,17.527242757220414,17.530023006935266
4965,1450.6546333922136,0.05561297386884689,17.530023006935266,17.53280079255685
4966,1450.6827669199338,0.05554494261741638,17.53280079255685,17.535575187046675
4967,1450.6570689817988,0.05546166002750397,17.524472499116143,17.527242742328724
4968,1450.646703510789,0.05566240847110748,17.527242742328724,17.530022992043577
4969,1450.654633303946,0.05561297386884689,17.530022992043577,17.53280077766516
4970,1450.6827667040864,0.05554494261741638,17.53280077766516,17.535575172154985
4971,1450.6570686907917,0.05546166002750397,17.52447251815374,17.52724276136632
4972,1450.6467031848408,0.05566240847110748,17.52724276136632,17.530023011081173
4973,1450.6546329736618,0.05561297386884689,17.530023011081173,17.532800796702755
4974,1450.6827663920885,0.055544935166835785,17.532800796702755,17.53557519082005
4975,1450.6570684425017,0.05546166002750397,17.52447250596118,17.527242749173762
4976,1450.646702972678,0.05566240847110748,17.527242749173762,17.530022998888615
4977,1450.6546327764427,0.05561297386884689,17.530022998888615,17.532800784510197
4978,1450.68276619375,0.055544935166835785,17.532800784510197,17.535575178627493
4979,1450.6570681540663,0.05546166002750397,17.524472513598116,17.527242756810697
4980,1450.6467026158518,0.05566240847110748,17.527242756810697,17.53002300652555
4981,1450.6546323685347,0.05561297386884689,17.53002300652555,17.532800792147132
4982,1450.6827657488125,0.05554494261741638,17.532800792147132,17.535575186636958
4983,1450.6570678894732,0.05546166002750397,17.524472526983093,17.527242770195674
4984,1450.6467025284837,0.05566240847110748,17.527242770195674,17.530023019910526
4985,1450.6546324532233,0.05561297386884689,17.530023019910526,17.53280080553211
4986,1450.6827659967257,0.05554494261741638,17.53280080553211,17.535575200021935
4987,1450.6570681095948,0.05546166002750397,17.524472540098536,17.527242783311117
4988,1450.6467027288277,0.05566240847110748,17.527242783311117,17.53002303302597
4989,1450.6546326400878,0.05561297386884689,17.53002303302597,17.53280081864755
4990,1450.682766175026,0.05554494261741638,17.53280081864755,17.535575213137378
4991,1450.6570683803013,0.05546166002750397,17.524472528087518,17.5272427713001
4992,1450.6467030563283,0.05566240847110748,17.5272427713001,17.53002302101495
4993,1450.6546329968678,0.05561297386884689,17.53002302101495,17.532800806636534
4994,1450.6827665422772,0.05554494261741638,17.532800806636534,17.53557520112636
4995,1450.6570687775884,0.05546166002750397,17.524472520528413,17.527242763740993
4996,1450.6467034738857,0.05566240847110748,17.527242763740993,17.530023013455846
4997,1450.6546334270788,0.05561297386884689,17.530023013455846,17.532800799077428
4998,1450.6827669792533,0.05554494261741638,17.532800799077428,17.535575193567254
4999,1450.657069210563,0.05546166002750397,17.52447250732074,17.527242750533322
