step,temp,fuel,u_mpc,u_rl_residual,error
0,1398.873232028878,16.047761999443175,16.05,-0.0022380005568265918,-51.126767971122035
1,1395.446692013976,16.10125566273928,16.097761999443176,0.003493663296103478,-54.55330798602404
2,1390.368708119502,16.162857620418077,16.15125566273928,0.011601957678794862,-59.63129188049811
3,1384.19836836978,16.228134131431585,16.212857620418077,0.015276511013507844,-65.80163163022007
4,1377.391194344381,16.29505210369826,16.278134131431585,0.016917972266674044,-72.60880565561911
5,1370.3052395019454,16.36258957982064,16.34505210369826,0.017537476122379304,-79.69476049805462
6,1363.2144498912132,16.430187310278423,16.41258957982064,0.017597730457782745,-86.78555010878677
7,1356.3233171495513,16.497525967657573,16.480187310278424,0.017338657379150392,-93.67668285044874
8,1349.780395690981,16.564423647522933,16.547525967657574,0.01689767986536026,-100.2196043090189
9,1343.6898939467706,16.630782090127475,16.614423647522933,0.01635844260454178,-106.31010605322945
10,1338.1212589921302,16.696555405855186,16.680782090127476,0.015773315727710725,-111.87874100786985
11,1333.116948510563,16.761730496585376,16.746555405855187,0.015175090730190278,-116.8830514894371
12,1328.9684484040952,16.82631425708533,16.811730496585376,0.014583760499954225,-121.03155159590483
13,1325.6908050721656,16.890134951472287,16.87631425708533,0.013820694386959077,-124.30919492783437
14,1323.3002232780434,16.953204521536833,16.940134951472288,0.013069570064544678,-126.6997767219566
15,1321.7774077485485,17.015512123703964,17.003204521536833,0.012307602167129518,-128.2225922514515
16,1321.0857908539685,17.077047382295138,17.065512123703964,0.01153525859117508,-128.91420914603145
17,1321.1800100431356,17.137784898281105,17.12704738229514,0.010737515985965729,-128.81998995686445
18,1322.010289839355,17.197675427794465,17.187784898281105,0.00989052951335907,-127.98971016064502
19,1323.524968156091,17.25663911551238,17.247675427794466,0.008963687717914582,-126.47503184390894
20,1325.6720418752125,17.314558993279945,17.306639115512382,0.007919877767562866,-124.32795812478753
21,1328.4001182893287,17.37127399593593,17.364558993279946,0.006715002655982971,-121.5998817106713
22,1331.6589713556857,17.42657142914833,17.42127399593593,0.005297433212399483,-118.34102864431429
23,1335.3980102773025,17.478036961310707,17.474429102965793,0.0036078583449125293,-114.60198972269745
24,1339.565403703375,17.524746234304,17.52315787669151,0.001588357612490654,-110.43459629662493
25,1344.1077479213304,17.566695696480405,17.56751214861108,-0.0008164521306753159,-105.89225207866957
26,1348.9719687222782,17.603584124525906,17.607234879588606,-0.0036507550626993183,-101.02803127772177
27,1354.1055978809088,17.63510671698113,17.642052328517632,-0.006945611536502839,-95.89440211909118
28,1359.4570841390032,17.660955206699246,17.671662005431525,-0.010706798732280733,-90.5429158609968
29,1364.975959371157,17.680874029927594,17.695781693988188,-0.014907664060592652,-85.02404062884307
30,1370.6129557354038,17.694685948379473,17.714170198626952,-0.019484250247478487,-79.38704426459617
31,1376.320118741213,17.702326089761655,17.726661547146243,-0.024335457384586336,-73.67988125878696
32,1382.0511068358428,17.704081123380703,17.733410539536518,-0.029329416155815125,-67.9488931641572
33,1387.7612389196952,17.69994441916465,17.73426197816848,-0.034317559003829955,-62.23876108030481
34,1393.4075340728868,17.69029783101634,17.729444772916594,-0.0391469419002533,-56.59246592711315
35,1398.936094648408,17.675654950674456,17.71933155351488,-0.04367660284042359,-51.063905351591984
36,1404.2927844704639,17.656764822834905,17.704424786204275,-0.04765996336936951,-45.70721552953614
37,1409.4296532288392,17.6344748299213,17.68545504022556,-0.050980210304260254,-40.57034677116076
38,1414.3034164027222,17.609626494843813,17.66324756046042,-0.05362106561660767,-35.69658359727782
39,1418.875690395479,17.58303917762218,17.638620729412416,-0.05558155179023743,-31.12430960452093
40,1423.1130733249597,17.555489326351086,17.612370748155513,-0.0568814218044281,-26.886926675040286
41,1426.9874245725202,17.52770075210778,17.585251057235876,-0.057550305128097536,-23.01257542747976
42,1430.476152168723,17.50034021102095,17.55796328149939,-0.057623070478439335,-19.523847831276953
43,1433.5625678310068,17.474016286442186,17.53115273267975,-0.05713644623756409,-16.437432168993155
44,1436.2375323018562,17.449278266994874,17.505407382814806,-0.05612911581993103,-13.762467698143837
45,1438.4970075669,17.426600280192694,17.481256672528588,-0.05465639233589173,-11.502992433099962
46,1440.3436226830795,17.406192527918787,17.45894607773301,-0.05275354981422425,-9.656377316920498
47,1441.7867687739229,17.38861288702622,17.439089819551853,-0.05047693252563477,-8.213231226077141
48,1442.8432249434272,17.374123965958038,17.422019236544052,-0.0478952705860138,-7.156775056572769
49,1443.5366848369267,17.362886859983885,17.407983430237255,-0.045096570253372194,-6.4633151630732755
50,1443.8966164411547,17.3549547502062,17.39713260021421,-0.042177850008010866,-6.10338355884528
51,1443.9570563711143,17.350276685577626,17.389512244683498,-0.03923555910587311,-6.042943628885723
52,1443.7553452685877,17.348706540244674,17.385066774266814,-0.0363602340221405,-6.244654731412311
53,1443.330904842656,17.35001756048464,17.383648691537612,-0.033631131052970886,-6.669095157343918
54,1442.7241139518221,17.35392000580267,17.385032727365058,-0.03111272156238556,-7.275886048177881
55,1441.9753202175386,17.36007964072109,17.38893293795467,-0.028853297233581543,-8.024679782461362
56,1441.123994733831,17.368135255518496,17.395020767989696,-0.02688551247119904,-8.876005266168931
57,1440.2079427381725,17.377713878268658,17.402942143196523,-0.025228264927864077,-9.792057261827495
58,1439.2615528869374,17.38844384731494,17.412332271353826,-0.023888424038887024,-10.738447113062648
59,1438.317894097863,17.39997506964366,17.42282804924409,-0.022852979600429535,-11.682105902136982
60,1437.4069051977767,17.411960921364013,17.43408795811433,-0.02212703675031662,-12.593094802223277
61,1436.5549464985709,17.424075787982034,17.4457741734591,-0.02169838547706604,-13.445053501429129
62,1435.7844125462098,17.43601939740426,17.457569939520425,-0.021550542116165163,-14.21558745379025
63,1435.1134527871234,17.447519964511468,17.4691833113981,-0.021663346886634828,-14.886547212876621
64,1434.555814185301,17.45833723609536,17.480350800503185,-0.02201356440782547,-15.44418581469904
65,1434.1208216053856,17.468264389780877,17.49083961322677,-0.022575223445892335,-15.879178394614428
66,1433.8134966615364,17.477129915290657,17.50044992410499,-0.02332000881433487,-16.18650333846358
67,1433.6349779656616,17.485007024059453,17.50922466541306,-0.02421764135360718,-16.36502203433838
68,1433.5827439327772,17.49157773846739,17.516816231552298,-0.025238493084907533,-16.417256067222752
69,1433.650916471569,17.496779921690905,17.523130080143893,-0.026350158452987674,-16.349083528431038
70,1433.8307625691205,17.50058860338911,17.528107850324957,-0.027519246935844423,-16.169237430879548
71,1434.1112821581771,17.503014288016658,17.531727308698994,-0.028713020682334903,-15.888717841822881
72,1434.4796426338198,17.504099878055865,17.53400069711905,-0.029900819063186646,-15.520357366180178
73,1434.9216806754525,17.50391840661663,17.53497169638771,-0.031053289771080017,-15.078319324547465
74,1435.42238319869,17.50256925093675,17.53471306430841,-0.03214381337165833,-14.577616801309887
75,1435.9663378880086,17.500174043416514,17.53332311892463,-0.03314907550811768,-14.033662111991362
76,1436.5381511655582,17.496872035930544,17.530921585629372,-0.03404954969882965,-13.461848834441753
77,1437.1228256248498,17.492815238148882,17.527645033509447,-0.034829795360565186,-12.877174375150162
78,1437.7060968606652,17.48816359575963,17.523642187678576,-0.03547859191894531,-12.293903139334816
79,1438.2759609072125,17.48308042946826,17.519069374237166,-0.03598894476890564,-11.724039092787507
80,1438.8202606367481,17.477714728659507,17.514085739201423,-0.036371010541915896,-11.179739363251883
81,1439.3283060615497,17.472224594444484,17.508836371988505,-0.03661177754402161,-10.67169393845029
82,1439.7910360455357,17.46675960674506,17.503475084450063,-0.03671547770500183,-10.208963954464252
83,1440.201129013166,17.461457473013517,17.498147094223615,-0.03668962121009827,-9.79887098683389
84,1440.5530594852603,17.456441391010337,17.49298593451505,-0.03654454350471497,-9.446940514739708
85,1440.84311121034,17.451817848173665,17.488110767690227,-0.03629291951656342,-9.156888789659888
86,1441.069343566527,17.447675136222006,17.48362440813935,-0.035949271917343144,-8.930656433472905
87,1441.2315158944991,17.444082300326983,17.479611800573032,-0.03552950024604797,-8.768484105500875
88,1441.3309730799783,17.441088822986956,17.476139134671563,-0.03505031168460846,-8.669026920021679
89,1441.3704976938025,17.438724810660865,17.47325355786183,-0.03452874720096588,-8.629502306197537
90,1441.3541351484726,17.437001517555817,17.470983159682856,-0.03398164212703705,-8.645864851527449
91,1441.286999549695,17.43591284967507,17.469338025818715,-0.03342517614364624,-8.71300045030489
92,1441.1749877002776,17.435436731263177,17.468311196251886,-0.032874464988708496,-8.825012299722403
93,1441.0244783058176,17.435328154258297,17.467670570306346,-0.03234241604804993,-8.975521694182362
94,1440.8422477431304,17.43575798467034,17.467596887501415,-0.03183890283107758,-9.157752256869571
95,1440.63538758753,17.436671730873655,17.4680457651592,-0.03137403428554535,-9.364612412470024
96,1440.4110902887974,17.438006586307917,17.468963417882357,-0.030956831574440003,-9.588909711202632
97,1440.1764501446248,17.439693924577906,17.470288193019105,-0.030594268441200258,-9.823549855375177
98,1439.9382840378626,17.44166159775005,17.471952854058603,-0.030291256308555604,-10.061715962137441
99,1439.7029738137776,17.44383611026215,17.473886835006947,-0.030050724744796753,-10.29702618622241
100,1439.4765112909959,17.44635426558642,17.476228042022274,-0.029873776435852054,-10.523488709004141
101,1439.2642613072353,17.448926399927714,17.478688417654613,-0.029762017726898196,-10.735738692764698
102,1439.0707525940086,17.45148376360266,17.481197298911496,-0.029713535308837892,-10.929247405991418
103,1438.8996392440215,17.45396367686637,17.483687875446158,-0.02972419857978821,-11.1003607559785
104,1438.7536846998426,17.456310595532308,17.48609944130982,-0.029788845777511598,-11.246315300157448
105,1438.6335331813314,17.4584768567859,17.488378310638552,-0.029901453852653505,-11.366466818668641
106,1438.5403885667197,17.460435893266197,17.49047852072,-0.030042627453804018,-11.459611433280315
107,1438.474662818515,17.46215585561078,17.492374576046878,-0.03021872043609619,-11.525337181484929
108,1438.436027117892,17.46361332261869,17.49403599822828,-0.030422675609588626,-11.563972882107919
109,1438.4234787961595,17.464793009121074,17.495440275032177,-0.030647265911102298,-11.576521203840457
110,1438.4354204088531,17.46568784354862,17.496573128687704,-0.030885285139083864,-11.564579591146867
111,1438.4697477649627,17.466298239812247,17.497427969560018,-0.031129729747772217,-11.530252235037324
112,1438.5251848232608,17.46663181416947,17.498005770968977,-0.03137395679950714,-11.474815176739185
113,1438.598720627735,17.466689429222626,17.498314130841774,-0.03162470161914826,-11.40127937226498
114,1438.6871128156633,17.46649154738973,17.49835436062406,-0.031862813234329226,-11.31288718433666
115,1438.786992235211,17.466063528194773,17.4981467057613,-0.03208317756652832,-11.213007764788927
116,1438.8949617361993,17.46543470700411,17.49771624882845,-0.03228154182434082,-11.10503826380068
117,1439.0076867795747,17.464637153502213,17.497091724630106,-0.03245457112789154,-10.99231322042533
118,1439.122051726197,17.463704776795478,17.49630463424501,-0.032599857449531554,-10.877948273802986
119,1439.2351402761612,17.462671362573634,17.49538803916646,-0.03271667659282684,-10.764859723838754
120,1439.3442930772326,17.46157055454529,17.494374876788026,-0.03280432224273682,-10.655706922767422
121,1439.4471532102748,17.460435210223725,17.493298082109025,-0.03286287188529968,-10.552846789725209
122,1439.541702526058,17.459296327053195,17.492189457236414,-0.03289313018321991,-10.458297473941911
123,1439.6262850104813,17.458182670020303,17.491079224490367,-0.032896554470062254,-10.373714989518703
124,1439.6996211032747,17.457120015457242,17.48999518378076,-0.03287516832351685,-10.300378896725306
125,1439.76073315789,17.456130856656454,17.488962340735814,-0.03283148407936096,-10.239266842110055
126,1439.8090297129045,17.455234908610816,17.488002469688887,-0.0327675610780716,-10.190970287095524
127,1439.84429131594,17.45444790192698,17.487134522877678,-0.03268662095069885,-10.155708684060073
128,1439.8666483114591,17.453781549112225,17.486373625175382,-0.03259207606315613,-10.13335168854087
129,1439.8765500518093,17.453243505033385,17.48573093620194,-0.032487431168556215,-10.123449948190682
130,1439.8747290536392,17.452837542666597,17.48521372176568,-0.03237617909908295,-10.125270946360843
131,1439.8621549287413,17.4525637378947,17.48482544627349,-0.03226170837879181,-10.137845071258653
132,1439.8399912499153,17.452418849426664,17.484566012579357,-0.032147163152694704,-10.160008750084671
133,1439.809551979714,17.45239656041356,17.484431997639856,-0.032035437226295475,-10.190448020286112
134,1439.772255583938,17.45248796618745,17.484417092569327,-0.03192912638187408,-10.227744416062023
135,1439.7295818081304,17.452682045073445,17.484512528748446,-0.03183048367500305,-10.270418191869567
136,1439.6830290211535,17.45296602552453,17.484707412176522,-0.031741386651992796,-10.316970978846484
137,1439.6340751544035,17.45332582640705,17.48498913693485,-0.03166331052780152,-10.36592484559651
138,1439.5841470865935,17.45374664266173,17.485343985748926,-0.031597343087196354,-10.415852913406525
139,1439.5345877642837,17.454213212676823,17.485757451005757,-0.031544238328933716,-10.465412235716258
140,1439.4866283704032,17.45471032232064,17.486214664280592,-0.03150434195995331,-10.513371629596804
141,1439.4413651381747,17.45522309819458,17.486700764095765,-0.03147766590118408,-10.55863486182534
142,1439.3997417502296,17.455737442108934,17.487201303574388,-0.0314638614654541,-10.600258249770377
143,1439.3625368735995,17.456240298997347,17.487702583919948,-0.031462284922599795,-10.637463126400462
144,1439.3303573956412,17.45671987284107,17.488191918024253,-0.031472045183181765,-10.669642604358842
145,1439.3036359512078,17.457165902356063,17.48865792403594,-0.03149202167987824,-10.696364048792248
146,1439.2826336068697,17.45756973555842,17.48909065953055,-0.03152092397212982,-10.717366393130305
147,1439.2674468673983,17.457924399024265,17.489481744414583,-0.031557345390319826,-10.732553132601652
148,1439.2580178561125,17.458224759222738,17.489824552060835,-0.03159979283809662,-10.741982143887526
149,1439.254147535874,17.458467438571127,17.490114181987913,-0.031646743416786194,-10.745852464126074
150,1439.2555121894814,17.45865071233565,17.49034738358313,-0.0316966712474823,-10.744487810518649
151,1439.2616807649542,17.458774514768322,17.49052261588355,-0.031748101115226746,-10.738319235045765
152,1439.2721341307679,17.458840264679406,17.490639888049575,-0.031799623370170595,-10.727865869232119
153,1439.2862845275422,17.458850717545488,17.490700653196313,-0.0318499356508255,-10.713715472457807
154,1439.3034958009682,17.458809812789266,17.490707679515186,-0.03189786672592163,-10.696504199031779
155,1439.3231031770329,17.458722533154106,17.490664924549673,-0.03194239139556885,-10.676896822967137
156,1439.3444320272838,17.45859459758986,17.490577240002047,-0.03198264241218567,-10.655567972716199
157,1439.3668159344031,17.458432372456265,17.490450309758856,-0.032017937302589415,-10.633184065596879
158,1439.3896126459865,17.45824244649996,17.49029020698656,-0.03204776048660279,-10.610387354013483
159,1439.4122182179376,17.458031853098102,17.490103631276316,-0.03207177817821503,-10.587781782062393
160,1439.434079705698,17.45780735612891,17.489897185573795,-0.032089829444885254,-10.565920294302032
161,1439.4547051408388,17.457575700689524,17.48967760305521,-0.03210190236568451,-10.545294859161231
162,1439.4736709983574,17.45734332412888,17.489451487962498,-0.03210816383361816,-10.52632900164258
163,1439.490627825246,17.457116077045637,17.489224974016384,-0.0321088969707489,-10.509372174753935
164,1439.5053032791864,17.456899313791794,17.48900381193976,-0.032104498147964476,-10.494696720813636
165,1439.517503012758,17.456697670897896,17.48879314490264,-0.03209547400474549,-10.48249698724203
166,1439.5271096583847,17.456515093115602,17.488597492841517,-0.032082399725914,-10.472890341615312
167,1439.5340802820915,17.456354773879788,17.488420695901652,-0.032065922021865846,-10.465919717908491
168,1439.538441451829,17.45621901646997,17.48826572195436,-0.03204670548439026,-10.46155854817107
169,1439.5402836135315,17.456109370551562,17.488134829960323,-0.032025459408760074,-10.459716386468472
170,1439.5397529627746,17.456026559171065,17.488029425439223,-0.03200286626815796,-10.460247037225372
171,1439.5370450614555,17.455970649468888,17.487950246083727,-0.031979596614837645,-10.462954938544499
172,1439.5323945737234,17.4559409721846,17.487897269343794,-0.03195629715919495,-10.467605426276577
173,1439.526067336266,17.45593631062052,17.48786985370657,-0.031933543086051945,-10.473932663734104
174,1439.5183513966408,17.45595481639729,17.487866690214734,-0.03191187381744385,-10.48164860335919
175,1439.5095473523086,17.455994267985833,17.4878860192752,-0.03189175128936768,-10.490452647691427
176,1439.4999603839306,17.456052121030474,17.48792568694272,-0.03187356591224671,-10.500039616069444
177,1439.489891939503,17.456125487578223,17.487983112228225,-0.031857624650001526,-10.510108060497032
178,1439.4796326970622,17.45621135737849,17.488055514359004,-0.03184415698051453,-10.520367302937757
179,1439.4694561438566,17.456306498867605,17.488139813763233,-0.031833314895629884,-10.530543856143368
180,1439.459612492483,17.456407880090985,17.48823305299214,-0.03182517290115357,-10.540387507516925
181,1439.4503244923758,17.456512495495307,17.488332220531927,-0.031819725036621095,-10.549675507624215
182,1439.4417835934003,17.456617425825733,17.488434331562658,-0.031816905736923216,-10.55821640659974
183,1439.4341479916259,17.456720031385217,17.488536612276825,-0.03181658089160919,-10.565852008374122
184,1439.427540868155,17.456817909137673,17.488636474863952,-0.03181856572628022,-10.572459131845108
185,1439.4220503422105,17.456908957421714,17.488731594145232,-0.03182263672351837,-10.577949657789532
186,1439.4177293455007,17.456991403318618,17.488819943882202,-0.03182854056358338,-10.582270654499325
187,1439.4145974022008,17.457063814667627,17.488899787930414,-0.031835973262786865,-10.585402597799202
188,1439.412642869066,17.45712511896296,17.48896976172133,-0.03184464275836945,-10.587357130933924
189,1439.4118251695766,17.457174655317143,17.489028885482625,-0.03185423016548157,-10.58817483042344
190,1439.4120783354492,17.45721206945916,17.48907649797936,-0.03186442852020264,-10.587921664550777
191,1439.4133137749138,17.457237336658412,17.489112273477488,-0.03187493681907654,-10.586686225086169
192,1439.4154254152552,17.457250777566745,17.48913623162539,-0.03188545405864716,-10.584574584744814
193,1439.4182933726818,17.45725293486999,17.489148658808933,-0.03189572393894196,-10.581706627318226
194,1439.4217875935353,17.457244569824915,17.489150080846528,-0.031905511021614076,-10.578212406464672
195,1439.4257723452718,17.457226754858663,17.489141352608375,-0.03191459774971008,-10.574227654728247
196,1439.4301099393244,17.45720065381184,17.489123465081597,-0.03192281126976013,-10.569890060675561
197,1439.43466428949,17.457167507745314,17.489097519256163,-0.031930011510849,-10.565335710509999
198,1439.439304217869,17.457128737445125,17.489064834590206,-0.03193609714508057,-10.560695782131006
199,1439.443906336445,17.457085739301927,17.48902673594881,-0.031940996646881104,-10.556093663554975
200,1439.4483575593483,17.45703993582804,17.488984613061735,-0.031944677233695984,-10.551642440651676
201,1439.4525574469367,17.456992665421602,17.488939804327128,-0.03194713890552521,-10.54744255306332
202,1439.4564195597168,17.45694530289428,17.488893720319435,-0.03194841742515564,-10.543580440283222
203,1439.4598724864734,17.45689893992008,17.488847503376615,-0.031948563456535344,-10.540127513526613
204,1439.462860702223,17.456854701436555,17.488802367843185,-0.03194766640663147,-10.537139297777003
205,1439.465344481439,17.456813561451437,17.48875939203501,-0.031945830583572386,-10.534655518561067
206,1439.467299591001,17.456776341063684,17.488719507319633,-0.03194316625595093,-10.532700408999062
207,1439.46871733785,17.456743649964565,17.48868345451855,-0.031939804553985596,-10.531282662150034
208,1439.4696031231247,17.456715911767503,17.488651800296328,-0.031935888528823855,-10.53039687687533
209,1439.4699750221077,17.456693509717695,17.488625064988845,-0.03193155527114868,-10.530024977892253
210,1439.4698630088428,17.456676614098647,17.488603561930756,-0.03192694783210755,-10.530136991157178
211,1439.4693069155426,17.45666522084552,17.48858742116767,-0.031922200322151185,-10.530693084457425
212,1439.4683548125463,17.45665918006267,17.48857662393417,-0.031917443871498107,-10.531645187453705
213,1439.4670608607148,17.456658214334503,17.488571017984405,-0.031912803649902344,-10.53293913928519
214,1439.465484120865,17.456661988940343,17.488570369925604,-0.03190838098526001,-10.534515879134915
215,1439.4636855920055,17.456670035462608,17.488574312668074,-0.03190427720546723,-10.536314407994496
216,1439.4617274048499,17.456681806436073,17.488582376232635,-0.031900569796562195,-10.538272595150147
217,1439.459671082899,17.456696725747374,17.48859404113033,-0.03189731538295746,-10.540328917101078
218,1439.4575760756586,17.456714228159186,17.48860879576802,-0.031894567608833316,-10.542423924341392
219,1439.455498109759,17.45673365029539,17.48862600359167,-0.03189235329627991,-10.544501890241008
220,1439.4534879064345,17.45675434521965,17.488645038526574,-0.031890693306922915,-10.546512093565525
221,1439.4515910035454,17.456775698478456,17.488665277178523,-0.03188957870006561,-10.548408996454555
222,1439.4498467018043,17.456797147771987,17.488686148306996,-0.03188900053501129,-10.55015329819571
223,1439.4482873698025,17.456818088597434,17.488707023567336,-0.03188893496990204,-10.551712630197471
224,1439.4469381351485,17.456838078794735,17.48872741609599,-0.031889337301254275,-10.553061864851543
225,1439.4458167852717,17.456856653725897,17.48874682549218,-0.03189017176628113,-10.554183214728255
226,1439.4449342134062,17.4568735072878,17.488764883067905,-0.03189137578010559,-10.555065786593786
227,1439.4442943952702,17.456888293892316,17.488781189590863,-0.03189289569854736,-10.555705604729837
228,1439.4438947780905,17.456900826918382,17.48879549287488,-0.0318946659564972,-10.556105221909547
229,1439.4437269580687,17.456910906111958,17.488807527100803,-0.031896620988845825,-10.556273041931263
230,1439.4437776333268,17.456918516468317,17.4888172116988,-0.03189869523048401,-10.556222366673182
231,1439.4440288651874,17.45692365670105,17.488824497698747,-0.031900840997695926,-10.55597113481258
232,1439.4444589802658,17.45692638730788,17.48882937407279,-0.03190298676490784,-10.555541019734164
233,1439.445043485299,17.45692681340423,17.488831898252634,-0.03190508484840393,-10.554956514700962
234,1439.4457560228777,17.456925103775408,17.48883218537941,-0.031907081604003906,-10.554243977122269
235,1439.4465686784035,17.456921467518168,17.488830405806855,-0.03190893828868866,-10.553431321596463
236,1439.4474534463504,17.456916144891032,17.48882675807024,-0.03191061317920685,-10.552546553649563
237,1439.4483824313766,17.45690938746725,17.48882147288118,-0.031912085413932804,-10.551617568623442
238,1439.4493290960925,17.45690150174838,17.488814826938924,-0.03191332519054413,-10.55067090390753
239,1439.4502681477722,17.45689273725695,17.488807063805528,-0.03191432654857636,-10.549731852227751
240,1439.4511765809002,17.45688339485599,17.48879847242309,-0.031915077567100526,-10.54882341909979
241,1439.4520335581587,17.45687373426434,17.488789315490692,-0.031915581226348876,-10.547966441841254
242,1439.4528214553216,17.456864046910503,17.488779887417056,-0.031915840506553654,-10.547178544678445
243,1439.453525762357,17.456854593410082,17.488770460738724,-0.0319158673286438,-10.546474237642997
244,1439.4541351761893,17.456845555064692,17.488761237618938,-0.031915682554245,-10.545864823810689
245,1439.4546415922873,17.456837171456424,17.488752478501407,-0.03191530704498291,-10.545358407712683
246,1439.4550401487227,17.456829578211053,17.488744342853767,-0.031914764642715455,-10.544959851277326
247,1439.4553291046477,17.45682293471957,17.488737013908867,-0.03191407918930054,-10.544670895352283
248,1439.4555095865564,17.45681726592529,17.48873054343212,-0.03191327750682831,-10.544490413443555
249,1439.455585257549,17.456812663538457,17.488725061876774,-0.031912398338317875,-10.544414742450954
250,1439.4555623003669,17.456809180393673,17.488720636978602,-0.03191145658493042,-10.544437699633136
251,1439.4554487221633,17.4568068468985,17.488717337888183,-0.03191049098968506,-10.544551277836717
252,1439.4552542866634,17.456805588946093,17.488715108380067,-0.03190951943397522,-10.544745713336624
253,1439.4549899337674,17.456805383823262,17.488713955543385,-0.03190857172012329,-10.545010066232635
254,1439.454667700838,17.456806162223973,17.48871383093373,-0.03190766870975494,-10.545332299162055
255,1439.4543002232008,17.456807779657098,17.488714604961128,-0.031906825304031376,-10.54569977679921
256,1439.4539000933098,17.456810209213288,17.488716280518563,-0.031906071305274966,-10.546099906690188
257,1439.453480021295,17.456813246326753,17.488718653040237,-0.03190540671348572,-10.546519978704964
258,1439.4530520978026,17.45681684241404,17.488721682883398,-0.03190484046936035,-10.546947902197417
259,1439.4526278817405,17.456820836694863,17.488725227149157,-0.031904390454292296,-10.547372118259545
260,1439.4522175132327,17.456825075547044,17.488729132215326,-0.031904056668281555,-10.547782486767346
261,1439.4518301471264,17.45682943169162,17.48873325590179,-0.03190382421016693,-10.54816985287357
262,1439.4514737583663,17.45683378564303,17.488737496604372,-0.03190371096134186,-10.548526241633681
263,1439.451155106549,17.456838054805534,17.488741750865714,-0.03190369606018067,-10.548844893450905
264,1439.4508791990909,17.45684211080333,17.488745884349548,-0.03190377354621887,-10.549120800909122
265,1439.4506497705108,17.456845900820017,17.488749847219704,-0.03190394639968872,-10.549350229489164
266,1439.4504691463787,17.456849339800474,17.488753530579206,-0.0319041907787323,-10.549530853621263
267,1439.4503379274258,17.456852340479617,17.48875683822227,-0.031904497742652894,-10.549662072574165
268,1439.4502559130524,17.456854901127482,17.488759756498002,-0.03190485537052155,-10.549744086947612
269,1439.4502211954266,17.456856984984793,17.488762242686665,-0.03190525770187378,-10.549778804573407
270,1439.45023126608,17.456858541518567,17.48876422241342,-0.031905680894851685,-10.549768733920018
271,1439.4502825038035,17.456859614155295,17.488765736124517,-0.031906121969223024,-10.549717496196536
272,1439.450370384348,17.456860175912166,17.48876673895576,-0.03190656304359436,-10.549629615652066
273,1439.4504898187524,17.45686029606751,17.488767288264548,-0.03190699219703674,-10.54951018124757
274,1439.450635328326,17.456859980790462,17.488767378299084,-0.03190739750862122,-10.549364671674084
275,1439.450801342181,17.456859250137896,17.488767029116243,-0.03190777897834778,-10.549198657819034
276,1439.4509820039298,17.456858154837715,17.48876627654277,-0.03190812170505524,-10.549017996070233
277,1439.451171742116,17.456856775904193,17.48876519563247,-0.03190841972827912,-10.548828257883997
278,1439.4513651022478,17.456855138443235,17.488763811491253,-0.03190867304801941,-10.548634897752208
279,1439.4515568233867,17.456853372392814,17.488762248096627,-0.031908875703811644,-10.548443176613318
280,1439.4517423524778,17.45685147846738,17.48876050914327,-0.031909030675888066,-10.548257647522178
281,1439.4519176031108,17.456849543816997,17.48875867582078,-0.03190913200378418,-10.548082396889185
282,1439.4520788451046,17.456847591058427,17.488756779686625,-0.031909188628196715,-10.547921154895448
283,1439.4522232308198,17.456845671211713,17.488754868780607,-0.03190919756889343,-10.547776769180246
284,1439.4523483264747,17.456843847927953,17.488753009734058,-0.03190916180610657,-10.547651673525252
285,1439.4524526079688,17.45684210786504,17.48875119218511,-0.03190908432006836,-10.54754739203122
286,1439.4525350372674,17.456840555718085,17.488749532749793,-0.031908977031707766,-10.547464962732647
287,1439.452595065286,17.456839153620557,17.48874799356158,-0.03190883994102478,-10.547404934713995
288,1439.452632750739,17.456837960604236,17.48874663961272,-0.03190867900848389,-10.547367249261015
289,1439.4526488945178,17.456837007752767,17.488745501986852,-0.03190849423408509,-10.547351105482221
290,1439.4526446066266,17.456836290976746,17.488744594475968,-0.0319083034992218,-10.547355393373437
291,1439.4526218513313,17.45683580569052,17.48874390951418,-0.031908103823661806,-10.547378148668713
292,1439.452582547958,17.456835524728366,17.488743428876468,-0.03190790414810181,-10.547417452042055
293,1439.4525290607755,17.456835460698045,17.488743174111285,-0.031907713413238524,-10.547470939224468
294,1439.452463750364,17.45683559537384,17.48874312401268,-0.03190752863883972,-10.547536249636096
295,1439.452389105968,17.45683591247372,17.488743274219555,-0.031907361745834355,-10.547610894032005
296,1439.4523078027198,17.456836422368344,17.488743623181637,-0.03190720081329346,-10.547692197280185
297,1439.4522221722063,17.456837057748782,17.488744127431858,-0.031907069683074954,-10.547777827793652
298,1439.452134902556,17.45683781861784,17.48874476611139,-0.03190694749355316,-10.547865097443946
299,1439.4520481030959,17.456838622242525,17.488745483309344,-0.03190686106681824,-10.547951896904124
300,1439.4519639330001,17.45683949751268,17.48874628407369,-0.03190678656101227,-10.548036066999884
301,1439.4518844058387,17.456840373205353,17.488747109102416,-0.03190673589706421,-10.548115594161345
302,1439.4518112106825,17.456841281600752,17.48874799365596,-0.0319067120552063,-10.548188789317464
303,1439.4517457568772,17.45684220004434,17.488748912099545,-0.0319067120552063,-10.548254243122756
304,1439.451688967517,17.456843004476696,17.488749731433064,-0.031906726956367495,-10.54831103248307
305,1439.4516415899968,17.456843763616966,17.48875052335589,-0.03190675973892212,-10.548358410003175
306,1439.4516041028944,17.45684448809491,17.48875130147801,-0.03190681338310242,-10.548395897105593
307,1439.4515767394269,17.45684513731565,17.488752010303397,-0.03190687298774719,-10.548423260573145
308,1439.4515596506642,17.456845693344224,17.48875263487731,-0.031906941533088685,-10.548440349335806
309,1439.4515524357316,17.456846120039785,17.48875314799961,-0.03190702795982361,-10.548447564268372
310,1439.4515546003227,17.456846422031816,17.48875353939861,-0.03190711736679077,-10.548445399677348
311,1439.451565131303,17.45684663517806,17.48875384195182,-0.03190720677375793,-10.548434868697086
312,1439.4515832290897,17.4568467529257,17.488754049106426,-0.031907296180725096,-10.548416770910308
313,1439.4516077145317,17.45684679069571,17.488754176283404,-0.03190738558769226,-10.548392285468253
314,1439.4516376578179,17.456846712521056,17.48875418155525,-0.031907469034194946,-10.548362342182145
315,1439.4516720575632,17.45684656099589,17.488754107516122,-0.03190754652023316,-10.5483279424368
316,1439.4517092885958,17.456846355602845,17.488753976628885,-0.031907621026039126,-10.548290711404206
317,1439.4517482756262,17.456846062458805,17.488753746069722,-0.031907683610916136,-10.548251724373813
318,1439.4517881328916,17.456845739641096,17.488753470935727,-0.03190773129463196,-10.54821186710842
319,1439.4518278657922,17.45684538487661,17.488753160874722,-0.03190777599811554,-10.548172134207789
320,1439.4518665018563,17.456844995521898,17.488752804302568,-0.03190780878067017,-10.54813349814367
321,1439.4519029756225,17.456844575188065,17.488752407810594,-0.031907832622528075,-10.548097024377512
322,1439.4519363950667,17.456844149004354,17.488751996528045,-0.03190784752368927,-10.548063604933304
323,1439.4519662175953,17.45684372081913,17.488751565362588,-0.031907844543457034,-10.548033782404673
324,1439.4519920026125,17.456843341666772,17.48875117726953,-0.031907835602760316,-10.548007997387458
325,1439.452013520228,17.456842986483306,17.488750807184903,-0.03190782070159912,-10.547986479771907
326,1439.4520304168436,17.45684267354725,17.48875047040699,-0.03190779685974121,-10.547969583156373
327,1439.4520426973547,17.456842414082956,17.488750181140375,-0.03190776705741882,-10.547957302645273
328,1439.4520505581531,17.456842219403907,17.488749950698537,-0.03190773129463196,-10.547949441846868
329,1439.4520539926561,17.456842026216005,17.488749727708313,-0.03190770149230957,-10.547946007343853
330,1439.4520533562518,17.45684187843924,17.488749538208296,-0.03190765976905823,-10.547946643748219
331,1439.4520489741412,17.456841750494956,17.488749368540763,-0.031907618045806885,-10.547951025858765
332,1439.4520411770268,17.456841702370912,17.48874927869347,-0.031907576322555545,-10.547958822973214
333,1439.4520303011986,17.456841666047183,17.48874920660695,-0.03190754055976868,-10.547969698801353
334,1439.452016803101,17.456841670264886,17.488749169101403,-0.031907498836517334,-10.54798319689894
335,1439.4520011529512,17.45684173407059,17.48874919714432,-0.03190746307373047,-10.547998847048802
336,1439.451984063857,17.456841795072016,17.488749225363193,-0.03190743029117584,-10.548015936142974
337,1439.4519660568922,17.456841930421575,17.488749327930197,-0.03190739750862122,-10.54803394310784
338,1439.451947698486,17.45684205574373,17.488749429410493,-0.03190737366676331,-10.548052301513962
339,1439.451929581432,17.456842249296695,17.488749605082067,-0.03190735578536987,-10.548070418567931
340,1439.4519122739932,17.45684240881049,17.48874975267493,-0.03190734386444092,-10.54808772600677
341,1439.4518959075408,17.456842618597847,17.488749956501824,-0.03190733790397644,-10.548104092459198
342,1439.4518808389967,17.456842813228583,17.488750145172094,-0.03190733194351197,-10.548119161003342
343,1439.4518671972367,17.456843000372405,17.488750332315917,-0.03190733194351197,-10.548132802763348
344,1439.4518554349504,17.456843195738823,17.488750527682335,-0.03190733194351197,-10.548144565049597
345,1439.451845530617,17.456843371988416,17.488750709892393,-0.03190733790397644,-10.548154469383007
346,1439.4518375733255,17.456843503148495,17.4887508529734,-0.031907349824905396,-10.54816242667448
347,1439.4518317280779,17.456843630033745,17.48875099177958,-0.031907361745834355,-10.548168271922123
348,1439.4518277517407,17.45684372776977,17.488751104416764,-0.03190737664699555,-10.548172248259334
349,1439.4518258483456,17.456843797882748,17.488751189430904,-0.03190739154815674,-10.548174151654393
350,1439.4518257281359,17.456843897611737,17.488751307041287,-0.03190740942955017,-10.548174271864127
351,1439.4518275709117,17.45684394712958,17.488751374440525,-0.031907427310943606,-10.548172429088254
352,1439.4518309235348,17.456843998679297,17.488751443871635,-0.031907445192337035,-10.548169076465228
353,1439.451835812531,17.456843962106742,17.48875142518047,-0.03190746307373047,-10.548164187468956
354,1439.451841863211,17.456843934936764,17.488751415891887,-0.031907480955123906,-10.54815813678897
355,1439.4518488143708,17.456843911722917,17.488751410559434,-0.031907498836517334,-10.548151185629195
356,1439.4518565034887,17.456843841245075,17.48875135200252,-0.03190751075744629,-10.54814349651133
357,1439.451864641987,17.456843796052976,17.488751321711582,-0.03190752565860749,-10.548135358013042
358,1439.4518728280132,17.45684372990445,17.488751264503755,-0.0319075345993042,-10.548127171986835
359,1439.4518809361289,17.456843654882764,17.488751201402998,-0.03190754652023316,-10.548119063871127
360,1439.4518887154823,17.4568435772504,17.488751126750866,-0.03190754950046539,-10.548111284517745
361,1439.4518959490858,17.45684348594321,17.488751044384372,-0.03190755844116211,-10.548104050914162
362,1439.4519028176403,17.456843432017777,17.48875099045894,-0.03190755844116211,-10.548097182359697
363,1439.4519089688627,17.45684329406572,17.488750855487115,-0.03190756142139435,-10.548091031137346
364,1439.4519143962482,17.45684319349205,17.48875075193321,-0.03190755844116211,-10.548085603751815
365,1439.451918602329,17.45684310282645,17.488750655307147,-0.03190755248069763,-10.548081397671012
366,1439.4519217408606,17.45684303292416,17.48875057646416,-0.031907543540000916,-10.548078259139402
367,1439.4519239490712,17.45684298321641,17.48875052377618,-0.03190754055976868,-10.548076050928785
368,1439.451925060652,17.456842939461243,17.48875047406055,-0.0319075345993042,-10.548074939347998
369,1439.4519253728267,17.456842921628336,17.48875044430671,-0.031907522678375246,-10.548074627173264
370,1439.451924883449,17.456842899931257,17.488750416649168,-0.03190751671791077,-10.54807511655099
371,1439.45192366531,17.456842895152135,17.488750402929348,-0.03190750777721405,-10.548076334689995
372,1439.4519218360506,17.45684290870687,17.48875040754339,-0.031907498836517334,-10.548078163949413
373,1439.451919453672,17.45684294520673,17.488750438082782,-0.03190749287605286,-10.548080546328038
374,1439.451916871202,17.456842983797358,17.488750467732714,-0.03190748393535614,-10.548083128797998
375,1439.4519136475142,17.456842986353053,17.488750464327943,-0.031907477974891664,-10.548086352485825
376,1439.4519100896282,17.456843007114355,17.488750479128782,-0.03190747201442719,-10.5480899103718
377,1439.45190633262,17.456843044443985,17.488750507517715,-0.03190746307373047,-10.548093667380044
378,1439.4519025748627,17.456843095011916,17.488750552125182,-0.031907457113265994,-10.548097425137257
379,1439.4518989868052,17.456843141879858,17.488750598993125,-0.031907457113265994,-10.54810101319481
380,1439.451895567587,17.456843116767953,17.48875057388122,-0.031907457113265994,-10.548104432413083
381,1439.4518924686076,17.456843170129098,17.4887506212819,-0.03190745115280152,-10.548107531392361
382,1439.4518896732877,17.45684320547826,17.488750662591528,-0.031907457113265994,-10.548110326712276
383,1439.451887270031,17.456843235885685,17.48875069001872,-0.03190745413303375,-10.548112729969034
384,1439.4518853427555,17.45684326658782,17.488750723701088,-0.031907457113265994,-10.548114657244469
385,1439.451883998957,17.456843303774267,17.488750763867767,-0.03190746009349823,-10.5481160010429
386,1439.4518832176677,17.45684334546726,17.48875080854099,-0.03190746307373047,-10.548116782332272
387,1439.451882736765,17.45684336785513,17.488750836889324,-0.031907469034194946,-10.548117263235099
388,1439.451882645792,17.456843410645337,17.488750882659765,-0.03190747201442719,-10.548117354207989
389,1439.4518830091456,17.456843434305487,17.488750909300148,-0.03190747499465942,-10.548116990854396
390,1439.4518838389904,17.45684343784692,17.488750918802044,-0.031907480955123906,-10.548116161009602
391,1439.451885057978,17.456843461813957,17.488750945749313,-0.03190748393535614,-10.548114942022039
392,1439.4518861817817,17.45684345908827,17.48875095196432,-0.03190749287605286,-10.548113818218326
393,1439.4518876504494,17.456843456398545,17.488750949274596,-0.03190749287605286,-10.548112349550593
394,1439.4518892775166,17.456843427347255,17.48875092320354,-0.0319074958562851,-10.548110722483443
395,1439.4518909938895,17.45684343117021,17.488750930006727,-0.031907498836517334,-10.548109006110508
396,1439.4518927985678,17.456843446632924,17.48875094546944,-0.031907498836517334,-10.54810720143223
397,1439.4518947188462,17.45684344633743,17.48875094815418,-0.031907501816749576,-10.548105281153767
398,1439.451896742098,17.456843424193718,17.4887509289907,-0.03190750479698181,-10.548103257902085
399,1439.451898743641,17.456843441641816,17.48875094941903,-0.03190750777721405,-10.548101256358905
400,1439.451900821579,17.456843407774624,17.48875091853207,-0.03190751075744629,-10.548099178420898
401,1439.4519028033358,17.45684336597935,17.488750879717028,-0.03190751373767853,-10.54809719666423
402,1439.451904551291,17.45684334778395,17.488750861521627,-0.03190751373767853,-10.548095448709091
403,1439.4519061898538,17.45684332146235,17.48875083520003,-0.03190751373767853,-10.548093810146156
404,1439.451907554963,17.456843297979315,17.488750811716994,-0.03190751373767853,-10.5480924450369
405,1439.451908679439,17.4568432979507,17.48875081168838,-0.03190751373767853,-10.54809132056107
406,1439.4519094290301,17.456843276373043,17.48875078713049,-0.03190751075744629,-10.548090570969862
407,1439.451910006062,17.456843236982653,17.488750744759866,-0.03190750777721405,-10.548089993937992
408,1439.451910511428,17.456843252692025,17.488750757489008,-0.03190750479698181,-10.548089488572032
409,1439.4519108775492,17.456843242390853,17.488750747187837,-0.03190750479698181,-10.548089122450847
410,1439.451910989378,17.456843230978727,17.48875073577571,-0.03190750479698181,-10.548089010622107
411,1439.4519110763008,17.45684318584394,17.488750684680458,-0.031907498836517334,-10.548088923699197
412,1439.451910833886,17.4568431839073,17.488750682743817,-0.031907498836517334,-10.548089166114096
413,1439.4519102327129,17.456843145235112,17.48875064407163,-0.031907498836517334,-10.548089767287138
414,1439.4519094417492,17.456843136715825,17.488750629591877,-0.03190749287605286,-10.548090558250806
415,1439.4519084568856,17.45684314490638,17.48875063778243,-0.03190749287605286,-10.548091543114424
416,1439.4519073620354,17.456843175894736,17.488750662810325,-0.03190748691558838,-10.5480926379646
417,1439.4519063331356,17.456843177357122,17.48875066427271,-0.03190748691558838,-10.54809366686436
418,1439.451905275267,17.45684321532222,17.48875070223781,-0.03190748691558838,-10.548094724732891
419,1439.4519041220533,17.45684323743645,17.488750721371805,-0.03190748393535614,-10.548095877946707
420,1439.4519031890795,17.45684321114873,17.488750692103853,-0.031907480955123906,-10.54809681092047
421,1439.4519022923532,17.456843219600852,17.48875070353621,-0.03190748393535614,-10.548097707646775
422,1439.451901440652,17.456843239574283,17.48875072350964,-0.03190748393535614,-10.548098559348091
423,1439.4519004346228,17.456843239672168,17.488750723607524,-0.03190748393535614,-10.548099565377242
424,1439.4518995442247,17.456843248162855,17.488750729117978,-0.031907480955123906,-10.548100455775284
425,1439.4518985376778,17.456843246262707,17.48875072721783,-0.031907480955123906,-10.548101462322165
426,1439.4518975816582,17.456843228348582,17.488750709303705,-0.031907480955123906,-10.548102418341841
427,1439.4518967750755,17.456843246735826,17.488750724710716,-0.031907477974891664,-10.548103224924489
428,1439.4518962497843,17.45684325133433,17.488750732289454,-0.031907480955123906,-10.54810375021566
429,1439.4518958178119,17.456843268126438,17.48875074908156,-0.031907480955123906,-10.548104182188126
430,1439.4518956725312,17.45684324928727,17.488750733222627,-0.03190748393535614,-10.548104327468764
431,1439.4518956687325,17.456843234864348,17.48875071581947,-0.031907480955123906,-10.548104331267496
432,1439.4518954811213,17.45684321184229,17.488750695777647,-0.03190748393535614,-10.548104518878745
433,1439.451895314352,17.456843198946366,17.48875067990149,-0.031907480955123906,-10.548104685648013
434,1439.4518952494545,17.456843214226375,17.488750695181498,-0.031907480955123906,-10.548104750545463
435,1439.4518951815326,17.4568432243081,17.488750708243455,-0.03190748393535614,-10.548104818467436
436,1439.4518951912817,17.456843252725797,17.488750736661153,-0.03190748393535614,-10.548104808718335
437,1439.4518952029575,17.4568432317405,17.488750715675856,-0.03190748393535614,-10.54810479704247
438,1439.4518951064063,17.45684322917179,17.488750713107144,-0.03190748393535614,-10.548104893593745
439,1439.4518951212506,17.456843224725503,17.48875070866086,-0.03190748393535614,-10.548104878749427
440,1439.4518951806836,17.456843255321377,17.488750739256734,-0.03190748393535614,-10.54810481931645
441,1439.4518953600566,17.45684324963471,17.488750733570065,-0.03190748393535614,-10.548104639943404
442,1439.4518953890324,17.45684320077291,17.488750687688498,-0.03190748691558838,-10.548104610967584
443,1439.451895316414,17.456843235842822,17.488750719778178,-0.03190748393535614,-10.548104683585962
444,1439.4518951210305,17.456843236581012,17.488750720516368,-0.03190748393535614,-10.548104878969525
445,1439.4518948629438,17.45684322486079,17.488750705815914,-0.031907480955123906,-10.548105137056154
446,1439.4518947117012,17.456843227726104,17.488750708681227,-0.031907480955123906,-10.548105288298757
447,1439.451894665036,17.456843269603603,17.48875075353896,-0.03190748393535614,-10.54810533496402
448,1439.4518948429172,17.456843276047632,17.48875076296322,-0.03190748691558838,-10.548105157082773
449,1439.4518949295266,17.45684327924102,17.48875076615661,-0.03190748691558838,-10.548105070473412
450,1439.4518950165739,17.456843257675185,17.488750744590774,-0.03190748691558838,-10.548104983426128
451,1439.451895096814,17.456843280061296,17.488750766976885,-0.03190748691558838,-10.548104903185958
452,1439.4518954093978,17.456843309479908,17.488750796395497,-0.03190748691558838,-10.548104590602179
453,1439.4518957247471,17.45684331136508,17.488750804241132,-0.03190749287605286,-10.548104275252854
454,1439.4518957915561,17.456843329176596,17.488750822052648,-0.03190749287605286,-10.548104208443874
455,1439.4518961002623,17.45684329967067,17.48875078956649,-0.031907489895820616,-10.548103899737725
456,1439.4518964029453,17.4568432982945,17.488750791170553,-0.03190749287605286,-10.548103597054705
457,1439.45189663818,17.45684331667073,17.488750809546783,-0.03190749287605286,-10.54810336182004
458,1439.4518969096391,17.456843325352846,17.488750818228898,-0.03190749287605286,-10.548103090360883
459,1439.4518974416867,17.456843324904874,17.488750817780925,-0.03190749287605286,-10.548102558313303
460,1439.4518979744355,17.45684330110069,17.48875079397674,-0.03190749287605286,-10.548102025564503
461,1439.4518984483161,17.456843269693724,17.48875076555001,-0.0319074958562851,-10.548101551683885
462,1439.451898723829,17.456843283963078,17.488750779819362,-0.0319074958562851,-10.54810127617111
463,1439.4518991040616,17.45684329939083,17.48875079226688,-0.03190749287605286,-10.548100895938433
464,1439.4518996294305,17.456843299174466,17.48875079503075,-0.0319074958562851,-10.5481003705695
465,1439.45190012692,17.456843303715118,17.488750802551635,-0.031907498836517334,-10.548099873079991
466,1439.451900685515,17.4568432935129,17.488750792349418,-0.031907498836517334,-10.548099314484944
467,1439.4519009793419,17.456843251735723,17.48875075057224,-0.031907498836517334,-10.548099020658128
468,1439.4519011569294,17.45684321878967,17.48875071166572,-0.03190749287605286,-10.548098843070647
469,1439.4519013543468,17.45684323133173,17.488750724207783,-0.03190749287605286,-10.548098645653226
470,1439.451901505937,17.456843200603934,17.488750693479986,-0.03190749287605286,-10.54809849406297
471,1439.4519015659077,17.456843206788395,17.488750699664447,-0.03190749287605286,-10.548098434092253
472,1439.4519014179305,17.456843203283565,17.488750693179387,-0.031907489895820616,-10.548098582069542
473,1439.4519010276988,17.456843182936463,17.488750672832285,-0.031907489895820616,-10.548098972301204
474,1439.4519006795774,17.45684317130386,17.48875065821945,-0.03190748691558838,-10.54809932042258
475,1439.451900399765,17.456843189111677,17.488750676027266,-0.03190748691558838,-10.548099600234991
476,1439.4519001116005,17.456843193077514,17.488750679993103,-0.03190748691558838,-10.54809988839952
477,1439.4518998625279,17.456843205859336,17.488750692774925,-0.03190748691558838,-10.548100137472147
478,1439.451899553928,17.456843186071772,17.488750675967594,-0.031907489895820616,-10.548100446072112
479,1439.4518989843957,17.456843169765,17.48875065668059,-0.03190748691558838,-10.548101015604288
480,1439.451898238384,17.456843181253042,17.488750662208165,-0.031907480955123906,-10.548101761615953
481,1439.4518975994638,17.456843165998627,17.48875064695375,-0.031907480955123906,-10.548102400536209
482,1439.4518967951965,17.45684315979425,17.488750640749373,-0.031907480955123906,-10.54810320480351
483,1439.4518960492003,17.456843143575423,17.488750624530546,-0.031907480955123906,-10.548103950799714
484,1439.4518953248933,17.45684317325295,17.488750654208072,-0.031907480955123906,-10.548104675106742
485,1439.4518945634059,17.456843201088255,17.488750679063145,-0.031907477974891664,-10.548105436594142
486,1439.4518938535489,17.45684322870742,17.48875070668231,-0.031907477974891664,-10.548106146451119
487,1439.4518933840716,17.456843246172852,17.488750724147742,-0.031907477974891664,-10.548106615928418
488,1439.4518930360616,17.45684323265256,17.488750713607683,-0.031907480955123906,-10.54810696393838
489,1439.4518928693449,17.45684327449895,17.488750755454074,-0.031907480955123906,-10.548107130655126
490,1439.451892676177,17.45684326692111,17.488750750856465,-0.03190748393535614,-10.548107323822933
491,1439.4518924488991,17.4568432513366,17.488750735271957,-0.03190748393535614,-10.548107551100884
492,1439.4518923295882,17.456843240103943,17.488750721059066,-0.031907480955123906,-10.54810767041181
493,1439.4518921212027,17.456843216452327,17.48875069740745,-0.031907480955123906,-10.548107878797282
494,1439.451891898299,17.456843243934234,17.488750724889357,-0.031907480955123906,-10.548108101701018
495,1439.451891595068,17.456843219129258,17.48875070008438,-0.031907480955123906,-10.548108404932009
496,1439.4518915062606,17.456843251879327,17.48875073283445,-0.031907480955123906,-10.548108493739392
497,1439.4518916057718,17.45684323957534,17.48875072053046,-0.031907480955123906,-10.548108394228166
498,1439.451891879815,17.456843255264676,17.4887507362198,-0.031907480955123906,-10.548108120184907
499,1439.4518922672087,17.456843267306304,17.488750754221893,-0.03190748691558838,-10.548107732791323
500,1439.4518925631503,17.456843254068076,17.488750740983665,-0.03190748691558838,-10.548107436849705
501,1439.451893092372,17.4568432537581,17.48875074067369,-0.03190748691558838,-10.548106907627925
502,1439.4518935497667,17.456843266136175,17.488750756031997,-0.031907489895820616,-10.548106450233263
503,1439.4518938730741,17.456843237910007,17.48875072780583,-0.031907489895820616,-10.548106126925859
504,1439.451894064009,17.456843211840418,17.488750698756007,-0.03190748691558838,-10.548105935991089
505,1439.4518940523067,17.45684320926695,17.488750693202306,-0.03190748393535614,-10.54810594769333
506,1439.4518941685908,17.456843212884273,17.48875069681963,-0.03190748393535614,-10.548105831409202
507,1439.4518941295134,17.456843247465905,17.48875073140126,-0.03190748393535614,-10.548105870486552
508,1439.4518943303635,17.45684327568319,17.488750759618547,-0.03190748393535614,-10.54810566963647
509,1439.4518944773465,17.456843261150958,17.488750748066547,-0.03190748691558838,-10.548105522653486
510,1439.4518946987469,17.456843227724672,17.48875071464026,-0.03190748691558838,-10.548105301253145
511,1439.4518949388982,17.456843213935628,17.488750700851217,-0.03190748691558838,-10.54810506110175
512,1439.4518950514541,17.45684322095259,17.488750707868178,-0.03190748691558838,-10.54810494854587
513,1439.4518951244868,17.45684321109527,17.488750695030625,-0.03190748393535614,-10.548104875513218
514,1439.4518952208634,17.456843192432626,17.48875067636798,-0.03190748393535614,-10.548104779136565
515,1439.4518950985957,17.456843194696454,17.48875067863181,-0.03190748393535614,-10.548104901404258
516,1439.4518948485363,17.456843253542598,17.488750737477954,-0.03190748393535614,-10.548105151463687
517,1439.4518946785329,17.456843289900885,17.488750770856008,-0.031907480955123906,-10.54810532146712
518,1439.4518946097933,17.45684327406834,17.48875076098393,-0.03190748691558838,-10.548105390206729
519,1439.451894775381,17.45684324855471,17.48875073845053,-0.031907489895820616,-10.548105224618894
520,1439.4518951081725,17.456843258544556,17.488750745460145,-0.03190748691558838,-10.548104891827506
521,1439.4518953249603,17.45684323765804,17.48875073053409,-0.03190749287605286,-10.548104675039667
522,1439.4518952976337,17.456843218452203,17.488750705367792,-0.03190748691558838,-10.548104702366345
523,1439.4518951341731,17.456843188634632,17.48875067256999,-0.03190748393535614,-10.548104865826872
524,1439.4518949870428,17.45684321455923,17.488750698494584,-0.03190748393535614,-10.548105012957194
525,1439.4518947768797,17.456843216681836,17.488750700617192,-0.03190748393535614,-10.548105223120274
526,1439.4518945067834,17.456843270305985,17.488750751261108,-0.031907480955123906,-10.548105493216553
527,1439.4518943299252,17.456843273662173,17.488750760577762,-0.03190748691558838,-10.548105670074847
528,1439.4518945757593,17.45684328701913,17.48875077393472,-0.03190748691558838,-10.548105424240703
529,1439.4518950709346,17.456843288493687,17.48875078136974,-0.03190749287605286,-10.548104929065403
530,1439.4518954686803,17.456843280966837,17.488750773842888,-0.03190749287605286,-10.548104531319723
531,1439.4518956865031,17.45684325393823,17.488750746814283,-0.03190749287605286,-10.548104313496879
532,1439.451895939065,17.456843257793935,17.488750744709524,-0.03190748691558838,-10.548104060934975
533,1439.4518960225212,17.456843233105264,17.488750725981316,-0.03190749287605286,-10.548103977478831
534,1439.4518959542033,17.45684323376566,17.488750717701016,-0.03190748393535614,-10.548104045796663
535,1439.4518957174894,17.45684326547388,17.488750749409235,-0.03190748393535614,-10.548104282510621
536,1439.4518956673685,17.45684325907168,17.488750745987268,-0.03190748691558838,-10.54810433263151
537,1439.451895639484,17.456843257298193,17.488750747194015,-0.031907489895820616,-10.548104360515936
538,1439.451895918548,17.456843238078584,17.488750727974406,-0.031907489895820616,-10.548104081452038
539,1439.4518961851086,17.456843253075498,17.488750739991087,-0.03190748691558838,-10.54810381489142
540,1439.4518964991323,17.45684324219383,17.48875072910942,-0.03190748691558838,-10.548103500867683
541,1439.4518967842391,17.456843244806123,17.488750731721712,-0.03190748691558838,-10.548103215760875
542,1439.4518970111747,17.456843266560433,17.488750756456255,-0.031907489895820616,-10.548102988825349
543,1439.451897084285,17.456843273398412,17.488750766274464,-0.03190749287605286,-10.548102915714935
544,1439.4518971961934,17.456843270407855,17.488750763283907,-0.03190749287605286,-10.548102803806614
545,1439.4518971522434,17.456843250602617,17.48875074049844,-0.031907489895820616,-10.548102847756581
546,1439.4518971071352,17.45684325152315,17.48875073843874,-0.03190748691558838,-10.54810289286479
547,1439.4518972575215,17.45684326423568,17.48875075115127,-0.03190748691558838,-10.548102742478477
548,1439.451897364312,17.456843262061735,17.488750751957557,-0.031907489895820616,-10.54810263568811
549,1439.4518974584093,17.456843264548883,17.488750754444705,-0.031907489895820616,-10.548102541590652
550,1439.4518974449259,17.456843273173995,17.488750766050046,-0.03190749287605286,-10.548102555074138
551,1439.4518975322803,17.45684326684354,17.48875075673936,-0.031907489895820616,-10.548102467719673
552,1439.4518975488988,17.456843261732796,17.48875075162862,-0.031907489895820616,-10.548102451101158
553,1439.4518976137551,17.456843303905035,17.488750793800858,-0.031907489895820616,-10.548102386244864
554,1439.4518978894678,17.456843349654722,17.488750839550544,-0.031907489895820616,-10.548102110532227
555,1439.4518982480952,17.45684331652013,17.48875080939618,-0.03190749287605286,-10.548101751904824
556,1439.4518986067546,17.456843329934294,17.488750822810346,-0.03190749287605286,-10.54810139324536
557,1439.4518988593413,17.45684332474751,17.48875081762356,-0.03190749287605286,-10.548101140658673
558,1439.4518991393888,17.456843338700757,17.48875083157681,-0.03190749287605286,-10.548100860611157
559,1439.4518995132498,17.456843338743337,17.488750831619388,-0.03190749287605286,-10.548100486750172
560,1439.4518998735562,17.456843335068854,17.488750827944905,-0.03190749287605286,-10.548100126443842
561,1439.451900222017,17.45684331215267,17.488750808008955,-0.0319074958562851,-10.548099777982998
562,1439.4519005981124,17.456843329412127,17.48875082526841,-0.0319074958562851,-10.548099401887612
563,1439.4519009236476,17.456843335906864,17.48875083474338,-0.031907498836517334,-10.5480990763524
564,1439.4519012170447,17.456843344327638,17.488750843164155,-0.031907498836517334,-10.548098782955321
565,1439.4519017461794,17.456843327609185,17.48875082346547,-0.0319074958562851,-10.548098253820626
566,1439.4519024767283,17.45684329933519,17.488750798171708,-0.031907498836517334,-10.548097523271736
567,1439.4519028965499,17.456843278966325,17.488750777802842,-0.031907498836517334,-10.548097103450118
568,1439.4519033252361,17.456843299963108,17.488750798799625,-0.031907498836517334,-10.548096674763883
569,1439.4519036519205,17.45684328044958,17.488750779286097,-0.031907498836517334,-10.548096348079525
570,1439.4519039865975,17.45684327035323,17.488750769189746,-0.031907498836517334,-10.548096013402528
571,1439.451904239995,17.456843259270034,17.48875075810655,-0.031907498836517334,-10.548095760005026
572,1439.4519044046137,17.456843263415042,17.48875076225156,-0.031907498836517334,-10.548095595386258
573,1439.4519043958287,17.456843276725525,17.488750775562043,-0.031907498836517334,-10.548095604171294
574,1439.4519044440424,17.45684323694367,17.488750735780187,-0.031907498836517334,-10.548095555957616
575,1439.451904468933,17.456843237103122,17.488750729979174,-0.03190749287605286,-10.54809553106702
576,1439.4519044908868,17.456843232948337,17.48875072582439,-0.03190749287605286,-10.548095509113182
577,1439.4519043758542,17.45684324174585,17.488750734621902,-0.03190749287605286,-10.548095624145844
578,1439.4519041060369,17.45684327425081,17.488750767126863,-0.03190749287605286,-10.548095893963136
579,1439.4519037345133,17.456843246595298,17.48875073947135,-0.03190749287605286,-10.54809626548672
580,1439.4519035393844,17.45684329059218,17.488750780488,-0.031907489895820616,-10.548096460615625
581,1439.4519032994085,17.45684330900959,17.48875080188564,-0.03190749287605286,-10.548096700591486
582,1439.4519030606075,17.456843293214703,17.488750786090755,-0.03190749287605286,-10.548096939392508
583,1439.451902787742,17.45684327634436,17.488750769220413,-0.03190749287605286,-10.548097212257971
584,1439.4519025413533,17.456843249953504,17.488750742829556,-0.03190749287605286,-10.54809745864668
585,1439.451902367434,17.45684325388159,17.488750743777413,-0.031907489895820616,-10.548097632565941
586,1439.4519019425647,17.45684324223885,17.488750735114902,-0.03190749287605286,-10.548098057435254
587,1439.4519015212143,17.456843237519216,17.488750724434805,-0.03190748691558838,-10.548098478785732
588,1439.4519010721522,17.456843226432724,17.488750713348313,-0.03190748691558838,-10.548098927847832
589,1439.4519006860278,17.45684323799796,17.488750724913547,-0.03190748691558838,-10.548099313972216
590,1439.45190053472,17.45684326894391,17.4887507558595,-0.03190748691558838,-10.548099465280075
591,1439.4519002557706,17.45684326941836,17.488750762294412,-0.03190749287605286,-10.548099744229376
592,1439.45190030865,17.45684330244281,17.4887507893584,-0.03190748691558838,-10.54809969134999
593,1439.4519005289135,17.45684331228524,17.488750805161292,-0.03190749287605286,-10.548099471086516
594,1439.4519006910673,17.456843310267566,17.488750803143617,-0.03190749287605286,-10.548099308932706
595,1439.451900797222,17.456843327076005,17.488750819952056,-0.03190749287605286,-10.548099202778076
596,1439.4519007997387,17.45684333390849,17.488750826784543,-0.03190749287605286,-10.548099200261277
597,1439.4519008632008,17.456843314586113,17.488750807462164,-0.03190749287605286,-10.548099136799237
598,1439.4519008733635,17.45684331439569,17.488750807271742,-0.03190749287605286,-10.548099126636544
599,1439.4519008621164,17.456843302675487,17.48875079555154,-0.03190749287605286,-10.548099137883582
600,1439.4519007993529,17.45684331790846,17.488750810784513,-0.03190749287605286,-10.54809920064713
601,1439.4519007915353,17.456843273596796,17.488750766472847,-0.03190749287605286,-10.548099208464691
602,1439.4519009109588,17.45684325145071,17.48875074432676,-0.03190749287605286,-10.548099089041216
603,1439.451900965406,17.456843251866847,17.488750744742898,-0.03190749287605286,-10.548099034594088
604,1439.4519011541147,17.456843240435788,17.48875073331184,-0.03190749287605286,-10.548098845885306
605,1439.451901336344,17.456843245161107,17.488750738037158,-0.03190749287605286,-10.548098663655992
606,1439.4519014347457,17.456843222993218,17.48875071586927,-0.03190749287605286,-10.54809856525435
607,1439.4519015767228,17.45684323438355,17.4887507272596,-0.03190749287605286,-10.548098423277224
608,1439.4519017139955,17.456843234906863,17.488750727782914,-0.03190749287605286,-10.54809828600446
609,1439.4519017128757,17.456843252128895,17.488750745004946,-0.03190749287605286,-10.548098287124276
610,1439.4519017151715,17.456843258641126,17.488750748536948,-0.031907489895820616,-10.548098284828484
611,1439.451901630156,17.456843229464063,17.488750722340114,-0.03190749287605286,-10.548098369843956
612,1439.4519016313432,17.45684325037281,17.48875074026863,-0.031907489895820616,-10.548098368656838
613,1439.4519013676781,17.456843246146867,17.48875073604269,-0.031907489895820616,-10.548098632321853
614,1439.4519009785968,17.456843229985207,17.48875071988103,-0.031907489895820616,-10.548099021403232
615,1439.4519005850632,17.456843207703233,17.488750694618822,-0.03190748691558838,-10.548099414936814
616,1439.4519001122917,17.45684320606057,17.488750692976158,-0.03190748691558838,-10.548099887708304
617,1439.451899647969,17.456843179377856,17.488750663313212,-0.03190748393535614,-10.548100352031042
618,1439.451899029248,17.456843178587157,17.488750662522513,-0.03190748393535614,-10.548100970752103
619,1439.451898513742,17.456843218874617,17.48875069982974,-0.031907480955123906,-10.54810148625802
620,1439.4518980743255,17.456843245736753,17.488750726691876,-0.031907480955123906,-10.548101925674473
621,1439.4518978525373,17.456843294138256,17.48875077509338,-0.031907480955123906,-10.548102147462714
622,1439.4518977990579,17.45684332130534,17.488750808220928,-0.03190748691558838,-10.54810220094214
623,1439.4518976746403,17.456843313167443,17.488750803063265,-0.031907489895820616,-10.54810232535965
624,1439.4518977724447,17.456843327350413,17.488750817246235,-0.031907489895820616,-10.548102227555319
625,1439.4518979199183,17.456843332795472,17.488750822691294,-0.031907489895820616,-10.548102080081662
626,1439.4518980094558,17.45684330881127,17.48875080168732,-0.03190749287605286,-10.548101990544183
627,1439.451898005891,17.456843329002716,17.488750818898538,-0.031907489895820616,-10.548101994108947
628,1439.4518980252533,17.45684330994182,17.488750799837643,-0.031907489895820616,-10.548101974746714
629,1439.4518978745643,17.45684327754002,17.488750767435842,-0.031907489895820616,-10.548102125435662
630,1439.451897682976,17.456843248141354,17.488750738037176,-0.031907489895820616,-10.548102317023904
631,1439.4518977012533,17.456843259786265,17.488750746701854,-0.03190748691558838,-10.548102298746699
632,1439.4518978761805,17.456843296319988,17.48875078621581,-0.031907489895820616,-10.54810212381949
633,1439.4518983374846,17.45684329369621,17.48875078657226,-0.03190749287605286,-10.548101662515364
634,1439.4518989241599,17.456843286919536,17.48875078277582,-0.0319074958562851,-10.548101075840123
635,1439.4518994008204,17.456843274051582,17.4887507728881,-0.031907498836517334,-10.548100599179634
636,1439.4518999233144,17.456843296161527,17.488750794998044,-0.031907498836517334,-10.548100076685614
637,1439.4519004394924,17.45684328828355,17.48875078712007,-0.031907498836517334,-10.54809956050758
638,1439.4519007689596,17.45684328660572,17.48875078544224,-0.031907498836517334,-10.548099231040396
639,1439.4519011725406,17.45684326748255,17.488750766319068,-0.031907498836517334,-10.548098827459398
640,1439.451901390893,17.456843251202244,17.48875075003876,-0.031907498836517334,-10.548098609107
641,1439.4519013482252,17.456843237298255,17.488750730174306,-0.03190749287605286,-10.548098651774808
642,1439.4519010915105,17.4568432419746,17.48875073187042,-0.031907489895820616,-10.548098908489465
643,1439.451900872004,17.45684321720761,17.48875070710343,-0.031907489895820616,-10.54809912799601
644,1439.4519008313255,17.45684321749998,17.488750707395802,-0.031907489895820616,-10.548099168674526
645,1439.451900716248,17.456843198602005,17.488750691478057,-0.03190749287605286,-10.54809928375198
646,1439.4519004879016,17.456843171746566,17.48875066164239,-0.031907489895820616,-10.54809951209836
647,1439.4519001426406,17.45684319630759,17.488750686203414,-0.031907489895820616,-10.548099857359375
648,1439.451899904663,17.45684317676948,17.488750663685067,-0.03190748691558838,-10.548100095337077
649,1439.4518995767296,17.456843164692035,17.488750654587857,-0.031907489895820616,-10.548100423270398
650,1439.4518992109927,17.456843166925193,17.488750653840782,-0.03190748691558838,-10.548100789007322
651,1439.451898751054,17.456843204874378,17.488750688809734,-0.03190748393535614,-10.548101248946068
652,1439.4518982826198,17.456843251038013,17.488750731993136,-0.031907480955123906,-10.548101717380177
653,1439.4518978357667,17.456843251691073,17.488750732646196,-0.031907480955123906,-10.548102164233342
654,1439.4518975237252,17.456843270692456,17.48875075164758,-0.031907480955123906,-10.548102476274835
655,1439.4518971356786,17.456843244684237,17.488750731599826,-0.03190748691558838,-10.548102864321436
656,1439.4518968289394,17.456843271882732,17.488750752837856,-0.031907480955123906,-10.548103171060575
657,1439.4518964948645,17.456843279722666,17.488750766638255,-0.03190748691558838,-10.548103505135487
658,1439.4518960881471,17.456843286475927,17.488750773391516,-0.03190748691558838,-10.548103911852877
659,1439.451895902253,17.456843274078704,17.488750760994293,-0.03190748691558838,-10.548104097747
660,1439.4518956222303,17.45684324918224,17.488750736097828,-0.03190748691558838,-10.548104377769732
661,1439.4518952875749,17.456843249573982,17.488750730529105,-0.031907480955123906,-10.548104712425129
662,1439.451894996171,17.456843257475686,17.48875073843081,-0.031907480955123906,-10.54810500382905
663,1439.4518949790356,17.456843280663197,17.488750767578786,-0.03190748691558838,-10.548105020964385
664,1439.4518952837104,17.45684329960942,17.48875078652501,-0.03190748691558838,-10.548104716289572
665,1439.4518956154232,17.456843302196088,17.48875079507214,-0.03190749287605286,-10.548104384576845
666,1439.4518960575958,17.45684328446361,17.48875077733966,-0.03190749287605286,-10.548103942404168
667,1439.4518963123037,17.456843275131828,17.48875076800788,-0.03190749287605286,-10.548103687696312
668,1439.4518967325303,17.456843307265498,17.48875080014155,-0.03190749287605286,-10.548103267469742
669,1439.4518972054602,17.456843313513964,17.488750806390016,-0.03190749287605286,-10.548102794539773
670,1439.45189770935,17.456843306560124,17.488750799436175,-0.03190749287605286,-10.548102290649922
671,1439.451898108156,17.456843294120667,17.48875078997695,-0.0319074958562851,-10.548101891843999
672,1439.4518983532316,17.45684332318437,17.48875081606042,-0.03190749287605286,-10.548101646768373
673,1439.4518986116227,17.456843316533,17.48875080940905,-0.03190749287605286,-10.54810138837729
674,1439.451898932247,17.45684333417118,17.48875082704723,-0.03190749287605286,-10.548101067752896
675,1439.4518993739084,17.456843301015667,17.488750793891718,-0.03190749287605286,-10.548100626091582
676,1439.4518998852434,17.456843305000074,17.48875080383659,-0.031907498836517334,-10.548100114756608
677,1439.4519003533826,17.456843290316517,17.488750789153034,-0.031907498836517334,-10.548099646617402
678,1439.4519006616472,17.456843295928,17.488750791784284,-0.0319074958562851,-10.548099338352813
679,1439.4519008585642,17.456843271527802,17.488750767384087,-0.0319074958562851,-10.548099141435841
680,1439.4519011940338,17.45684327351536,17.488750766391412,-0.03190749287605286,-10.54809880596622
681,1439.4519015218602,17.456843287945834,17.48875078678235,-0.031907498836517334,-10.548098478139764
682,1439.4519017438556,17.456843251704306,17.488750750540824,-0.031907498836517334,-10.548098256144385
683,1439.45190179834,17.45684321991981,17.488750712795863,-0.03190749287605286,-10.548098201659968
684,1439.4519019797624,17.456843263132978,17.4887507530288,-0.031907489895820616,-10.548098020237603
685,1439.451902094783,17.456843263623323,17.488750756499375,-0.03190749287605286,-10.548097905216991
686,1439.4519022981217,17.456843267014087,17.48875076287037,-0.0319074958562851,-10.548097701878305
687,1439.4519022527084,17.456843229891934,17.48875072574822,-0.0319074958562851,-10.54809774729165
688,1439.45190218817,17.456843230013153,17.488750722889204,-0.03190749287605286,-10.548097811830075
689,1439.4519020035264,17.45684322919651,17.488750722072563,-0.03190749287605286,-10.548097996473643
690,1439.4519018216185,17.456843211970405,17.488750704846456,-0.03190749287605286,-10.548098178381451
691,1439.4519014595855,17.45684320625489,17.488750696150714,-0.031907489895820616,-10.548098540414458
692,1439.4519010823524,17.4568431899799,17.48875067689549,-0.03190748691558838,-10.548098917647621
693,1439.451900743245,17.456843161395714,17.488750648311303,-0.03190748691558838,-10.548099256754995
694,1439.451900168186,17.45684319564548,17.48875068256107,-0.03190748691558838,-10.548099831813943
695,1439.4518994454922,17.456843212740576,17.4887506936957,-0.031907480955123906,-10.548100554507755
696,1439.451899087182,17.456843265458353,17.488750746413476,-0.031907480955123906,-10.548100912817972
697,1439.4518988013608,17.4568432357859,17.48875072270149,-0.03190748691558838,-10.548101198639188
698,1439.4518985800507,17.45684323930276,17.48875072621835,-0.03190748691558838,-10.548101419949262
699,1439.451898152265,17.45684321108508,17.48875069800067,-0.03190748691558838,-10.548101847735097
700,1439.4518977242446,17.456843187932705,17.48875066888783,-0.031907480955123906,-10.548102275755355
701,1439.4518973220615,17.456843230737537,17.48875071169266,-0.031907480955123906,-10.54810267793846
702,1439.4518968661487,17.456843227231694,17.488750708186817,-0.031907480955123906,-10.548103133851328
703,1439.451896427262,17.456843229410705,17.488750710365828,-0.031907480955123906,-10.548103572738
704,1439.4518959476395,17.456843237682417,17.48875071863754,-0.031907480955123906,-10.548104052360486
705,1439.4518953742922,17.45684325548032,17.488750736435442,-0.031907480955123906,-10.548104625707765
706,1439.4518950685945,17.456843229645372,17.488750710600495,-0.031907480955123906,-10.548104931405533
707,1439.451894886454,17.456843225761148,17.48875070671627,-0.031907480955123906,-10.548105113545944
708,1439.45189502673,17.45684322593043,17.488750706885554,-0.031907480955123906,-10.548104973270028
709,1439.4518949953983,17.456843250921626,17.488750737837215,-0.03190748691558838,-10.548105004601666
710,1439.4518950331428,17.456843273916853,17.48875075785221,-0.03190748393535614,-10.548104966857181
711,1439.4518949364347,17.456843258620992,17.48875074553658,-0.03190748691558838,-10.548105063565345
712,1439.4518947416977,17.45684326879809,17.488750755713678,-0.03190748691558838,-10.548105258302257
713,1439.451894860859,17.45684328447795,17.48875077139354,-0.03190748691558838,-10.548105139140944
714,1439.45189498945,17.456843281476814,17.488750768392404,-0.03190748691558838,-10.548105010549989
715,1439.4518951867526,17.456843323277052,17.488750813172874,-0.031907489895820616,-10.548104813247392
716,1439.4518954760908,17.45684330498943,17.48875079190502,-0.03190748691558838,-10.54810452390916
717,1439.4518958943188,17.45684331536397,17.48875080824002,-0.03190749287605286,-10.548104105681205
718,1439.4518961447006,17.456843287707464,17.488750780583516,-0.03190749287605286,-10.54810385529936
719,1439.4518963605112,17.45684329516874,17.48875078804479,-0.03190749287605286,-10.548103639488772
720,1439.4518965764944,17.456843302109085,17.488750794985137,-0.03190749287605286,-10.548103423505609
721,1439.451896934277,17.456843295706705,17.488750788582756,-0.03190749287605286,-10.548103065722898
722,1439.4518973746212,17.456843261135067,17.488750754011118,-0.03190749287605286,-10.54810262537876
723,1439.4518976445731,17.45684325454034,17.48875074741639,-0.03190749287605286,-10.548102355426863
724,1439.45189790415,17.4568432428147,17.48875073271052,-0.031907489895820616,-10.548102095850027
725,1439.451898162547,17.456843211113203,17.488750701009025,-0.031907489895820616,-10.548101837453032
726,1439.4518983253352,17.456843233774993,17.488750723670815,-0.031907489895820616,-10.54810167466485
727,1439.45189868348,17.45684322916435,17.48875071906017,-0.031907489895820616,-10.548101316519933
728,1439.4518988374027,17.45684319243585,17.488750685311903,-0.03190749287605286,-10.548101162597277
729,1439.4518990013307,17.456843231837208,17.48875072173303,-0.031907489895820616,-10.54810099866927
730,1439.4518989793444,17.45684323596405,17.488750725859873,-0.031907489895820616,-10.548101020655622
731,1439.4518989880198,17.456843222661668,17.488750709577257,-0.03190748691558838,-10.54810101198018
732,1439.4518990354316,17.456843243694856,17.488750730610445,-0.03190748691558838,-10.548100964568448
733,1439.451899056022,17.456843250822253,17.488750740718075,-0.031907489895820616,-10.548100943977943
734,1439.4518988786265,17.456843241733043,17.488750731628866,-0.031907489895820616,-10.54810112137352
735,1439.4518986738642,17.456843234044616,17.488750720960205,-0.03190748691558838,-10.548101326135793
736,1439.451898419542,17.456843244504178,17.488750731419767,-0.03190748691558838,-10.548101580458024
737,1439.4518980166172,17.456843256091187,17.488750743006776,-0.03190748691558838,-10.548101983382821
738,1439.4518977797454,17.456843228703224,17.488750709658348,-0.031907480955123906,-10.548102220254577
739,1439.4518974965822,17.456843201317263,17.48875068823285,-0.03190748691558838,-10.548102503417795
740,1439.4518969766887,17.456843203691857,17.488750687627213,-0.03190748393535614,-10.548103023311342
741,1439.4518966906155,17.456843191552444,17.488750672507567,-0.031907480955123906,-10.548103309384487
742,1439.4518964340532,17.456843218915367,17.48875069987049,-0.031907480955123906,-10.548103565946803
743,1439.451896144144,17.456843249112108,17.488750733047464,-0.03190748393535614,-10.54810385585597
744,1439.4518960750834,17.456843292839082,17.488750773794205,-0.031907480955123906,-10.548103924916632
745,1439.451896116834,17.456843272373025,17.488750759288614,-0.03190748691558838,-10.54810388316605
746,1439.4518961425626,17.456843272973547,17.488750759889136,-0.03190748691558838,-10.548103857437354
747,1439.451896169183,17.45684328996784,17.48875077688343,-0.03190748691558838,-10.548103830816899
748,1439.4518962938441,17.456843278229638,17.488750765145227,-0.03190748691558838,-10.548103706155871
749,1439.4518965034101,17.45684328029265,17.48875077018847,-0.031907489895820616,-10.548103496589874
750,1439.4518965371092,17.45684325820612,17.488750751082172,-0.03190749287605286,-10.548103462890822
751,1439.4518963950832,17.45684325396279,17.48875074087838,-0.03190748691558838,-10.548103604916832
752,1439.451896288403,17.456843277053547,17.488750760988903,-0.03190748393535614,-10.548103711596923
753,1439.4518961308481,17.456843268528473,17.488750755444062,-0.03190748691558838,-10.548103869151873
754,1439.4518961361737,17.45684324699707,17.48875073391266,-0.03190748691558838,-10.548103863826327
755,1439.4518963009914,17.456843250300565,17.48875073423592,-0.03190748393535614,-10.548103699008607
756,1439.451896711314,17.45684326819947,17.48875075511506,-0.03190748691558838,-10.54810328868598
757,1439.4518969645558,17.456843256879942,17.488750749755994,-0.03190749287605286,-10.548103035444228
758,1439.451897195105,17.456843258669213,17.488750748565035,-0.031907489895820616,-10.548102804895052
759,1439.4518974544346,17.456843200549937,17.488750693425988,-0.03190749287605286,-10.54810254556537
760,1439.4518975483327,17.45684319852683,17.488750688422652,-0.031907489895820616,-10.548102451667319
761,1439.4518976006957,17.456843216734597,17.48875070663042,-0.031907489895820616,-10.548102399304298
762,1439.4518974636858,17.456843186057018,17.48875067595284,-0.031907489895820616,-10.548102536314218
763,1439.4518972777064,17.456843213985433,17.48875069792079,-0.03190748393535614,-10.548102722293606
764,1439.4518972193805,17.456843202173722,17.48875068610908,-0.03190748393535614,-10.548102780619502
765,1439.4518970700597,17.456843179850125,17.488750666765714,-0.03190748691558838,-10.548102929940342
766,1439.4518967762347,17.456843201512953,17.48875068544831,-0.03190748393535614,-10.548103223765338
767,1439.4518965391421,17.45684323117827,17.488750715113625,-0.03190748393535614,-10.548103460857874
768,1439.451896462497,17.456843242429247,17.48875072338437,-0.031907480955123906,-10.548103537503039
769,1439.4518963620376,17.4568432463405,17.488750730275857,-0.03190748393535614,-10.548103637962413
770,1439.4518963203282,17.456843255157636,17.488750739092993,-0.03190748393535614,-10.54810367967184
771,1439.4518959815628,17.45684326294028,17.488750746875635,-0.03190748393535614,-10.548104018437243
772,1439.4518957070522,17.456843270942798,17.488750757858387,-0.03190748691558838,-10.548104292947755
773,1439.4518955955818,17.45684325800893,17.48875074492452,-0.03190748691558838,-10.548104404418154
774,1439.451895361034,17.45684329317747,17.48875078009306,-0.03190748691558838,-10.548104638965924
775,1439.4518953621327,17.45684328378297,17.48875077069856,-0.03190748691558838,-10.548104637867254
776,1439.4518953227516,17.45684327626533,17.488750766161154,-0.031907489895820616,-10.548104677248375
777,1439.4518951680466,17.456843267789264,17.488750757685086,-0.031907489895820616,-10.548104831953424
778,1439.451895175691,17.456843284053587,17.488750770969176,-0.03190748691558838,-10.548104824308894
779,1439.451895402784,17.456843307385544,17.488750794301133,-0.03190748691558838,-10.548104597216025
780,1439.4518957353234,17.456843320214077,17.488750813090128,-0.03190749287605286,-10.548104264676567
781,1439.4518960977398,17.45684329828041,17.488750791156463,-0.03190749287605286,-10.548103902260209
782,1439.4518964974168,17.4568432965695,17.48875078944555,-0.03190749287605286,-10.548103502583217
783,1439.4518969053643,17.45684327815235,17.4887507710284,-0.03190749287605286,-10.548103094635735
784,1439.4518972840287,17.45684324351109,17.488750736387143,-0.03190749287605286,-10.548102715971254
785,1439.4518975033507,17.45684324509296,17.48875073796901,-0.03190749287605286,-10.548102496649335
786,1439.451897875532,17.45684324950989,17.488750739405713,-0.031907489895820616,-10.54810212446796
787,1439.4518981224032,17.456843238278562,17.488750731154614,-0.03190749287605286,-10.548101877596764
788,1439.4518982419843,17.456843208462164,17.488750698357986,-0.031907489895820616,-10.548101758015719
789,1439.4518982217112,17.456843191625744,17.488750681521566,-0.031907489895820616,-10.54810177828881
790,1439.4518982425955,17.456843210987095,17.488750700882917,-0.031907489895820616,-10.548101757404538
791,1439.4518983826108,17.456843234496528,17.48875072439235,-0.031907489895820616,-10.548101617389193
792,1439.4518985844425,17.456843235196942,17.488750725092764,-0.031907489895820616,-10.54810141555754
793,1439.4518986365601,17.456843234061147,17.48875072395697,-0.031907489895820616,-10.548101363439855
794,1439.4518986777587,17.456843241171082,17.48875072808667,-0.03190748691558838,-10.548101322241337
795,1439.4518986095193,17.45684323702636,17.488750723941948,-0.03190748691558838,-10.548101390480724
796,1439.4518983427538,17.456843236822294,17.488750723737883,-0.03190748691558838,-10.548101657246207
797,1439.45189810051,17.45684322639006,17.48875071330565,-0.03190748691558838,-10.548101899489893
798,1439.4518978850986,17.456843216214033,17.48875070312962,-0.03190748691558838,-10.54810211490144
799,1439.451897575271,17.456843186733618,17.488750673649207,-0.03190748691558838,-10.548102424728995
800,1439.451897052659,17.45684317430189,17.488750658237247,-0.03190748393535614,-10.548102947341022
801,1439.4518964290694,17.456843187039777,17.4887506679949,-0.031907480955123906,-10.548103570930607
802,1439.4518959431762,17.456843187594487,17.48875066854961,-0.031907480955123906,-10.548104056823831
803,1439.4518956570785,17.456843239304927,17.48875072026005,-0.031907480955123906,-10.548104342921533
804,1439.4518954396378,17.45684323793217,17.488750718887292,-0.031907480955123906,-10.548104560362162
805,1439.4518952457508,17.456843213784573,17.488750694739696,-0.031907480955123906,-10.548104754249152
806,1439.4518950991908,17.4568432033083,17.488750684263422,-0.031907480955123906,-10.548104900809221
807,1439.4518949310775,17.45684320925348,17.488750693188837,-0.03190748393535614,-10.548105068922496
808,1439.4518947319416,17.456843162512694,17.48875064644805,-0.03190748393535614,-10.548105268058407
809,1439.4518944346853,17.456843169653123,17.488750650608246,-0.031907480955123906,-10.5481055653147
810,1439.4518940472133,17.45684315110784,17.488750632062963,-0.031907480955123906,-10.548105952786727
811,1439.4518934741363,17.456843162869706,17.48875064382483,-0.031907480955123906,-10.548106525863659
812,1439.4518928518276,17.456843168592282,17.488750646567173,-0.031907477974891664,-10.548107148172448
813,1439.4518923421736,17.45684316963479,17.48875064462945,-0.03190747499465942,-10.54810765782645
814,1439.4518918793303,17.456843184418823,17.488750665373946,-0.031907480955123906,-10.548108120669667
815,1439.4518917707055,17.456843185734563,17.488750660729224,-0.03190747499465942,-10.548108229294485
816,1439.451891664633,17.456843179354898,17.48875066031002,-0.031907480955123906,-10.548108335367033
817,1439.451891431966,17.45684319027634,17.488750671231465,-0.031907480955123906,-10.548108568033967
818,1439.451891173616,17.45684319559134,17.488750676546463,-0.031907480955123906,-10.548108826383896
819,1439.451890999547,17.456843208182747,17.48875068913787,-0.031907480955123906,-10.548109000452996
820,1439.4518905694406,17.456843181377426,17.48875066233255,-0.031907480955123906,-10.548109430559407
821,1439.4518902356508,17.456843211014647,17.488750686009308,-0.03190747499465942,-10.548109764349192
822,1439.4518898453177,17.45684320591933,17.48875068389422,-0.031907477974891664,-10.548110154682263
823,1439.45188958927,17.456843221568295,17.488750696562956,-0.03190747499465942,-10.548110410730033
824,1439.451889424514,17.456843224224947,17.488750702199837,-0.031907477974891664,-10.548110575485907
825,1439.4518893110753,17.45684322511432,17.488750706069442,-0.031907480955123906,-10.54811068892468
826,1439.4518893352677,17.45684324239845,17.48875072037334,-0.031907477974891664,-10.548110664732349
827,1439.4518894229188,17.45684326171915,17.488750742674274,-0.031907480955123906,-10.548110577081161
828,1439.4518895292447,17.456843270155083,17.48875075409044,-0.03190748393535614,-10.548110470755319
829,1439.4518897434489,17.456843265208907,17.488750749144263,-0.03190748393535614,-10.548110256551126
830,1439.4518900244802,17.45684328142412,17.488750765359477,-0.03190748393535614,-10.548109975519765
831,1439.45189038651,17.456843256267206,17.488750743182795,-0.03190748691558838,-10.548109613489942
832,1439.4518905339255,17.45684321251298,17.488750699428568,-0.03190748691558838,-10.548109466074493
833,1439.4518908059517,17.456843216970586,17.48875069792571,-0.031907480955123906,-10.548109194048266
834,1439.4518910160778,17.45684324194921,17.488750725884564,-0.03190748393535614,-10.548108983922248
835,1439.4518913239717,17.456843262682828,17.48875074363795,-0.031907480955123906,-10.548108676028278
836,1439.4518916627455,17.456843277600452,17.48875076451604,-0.03190748691558838,-10.548108337254462
837,1439.4518920345624,17.45684329600954,17.48875078292513,-0.03190748691558838,-10.548107965437566
838,1439.4518925301838,17.45684329351405,17.48875078042964,-0.03190748691558838,-10.54810746981616
839,1439.4518931160758,17.456843265744336,17.488750758620387,-0.03190749287605286,-10.54810688392422
840,1439.4518936849827,17.456843245315635,17.488750738191687,-0.03190749287605286,-10.548106315017321
841,1439.4518941738038,17.456843271545164,17.488750761440986,-0.031907489895820616,-10.548105826196206
842,1439.4518947507188,17.456843298341273,17.488750791217324,-0.03190749287605286,-10.548105249281207
843,1439.4518951756388,17.456843304931155,17.488750797807207,-0.03190749287605286,-10.54810482436119
844,1439.4518953733427,17.456843336491925,17.488750829367977,-0.03190749287605286,-10.548104626657278
845,1439.451895661211,17.45684334659804,17.48875083649386,-0.031907489895820616,-10.548104338789017
846,1439.4518961231443,17.456843323032125,17.488750815908176,-0.03190749287605286,-10.548103876855748
847,1439.451896701656,17.456843328113003,17.488750820989054,-0.03190749287605286,-10.548103298343904
848,1439.4518973357199,17.4568433133622,17.48875080623825,-0.03190749287605286,-10.548102664280123
849,1439.4518980225491,17.45684330422986,17.488750800086144,-0.0319074958562851,-10.54810197745087
850,1439.4518986024036,17.456843272635957,17.488750768492242,-0.0319074958562851,-10.548101397596383
851,1439.4518989062565,17.456843250462875,17.488750749299392,-0.031907498836517334,-10.548101093743526
852,1439.4518990151603,17.456843266244903,17.488750756140725,-0.031907489895820616,-10.54810098483972
853,1439.4518992477128,17.45684327660769,17.48875076948374,-0.03190749287605286,-10.548100752287155
854,1439.4518995958522,17.456843265330228,17.48875075820628,-0.03190749287605286,-10.548100404147817
855,1439.4518999178933,17.45684325329554,17.48875074617159,-0.03190749287605286,-10.548100082106657
856,1439.4519003824155,17.45684327504994,17.488750767925993,-0.03190749287605286,-10.548099617584512
857,1439.4519008636971,17.456843275305808,17.488750771162092,-0.0319074958562851,-10.54809913630288
858,1439.4519011629818,17.4568432771571,17.488750775993616,-0.031907498836517334,-10.548098837018188
859,1439.4519014677148,17.45684327815718,17.488750774013464,-0.0319074958562851,-10.548098532285167
860,1439.4519016491324,17.45684326507422,17.488750763910737,-0.031907498836517334,-10.548098350867576
861,1439.4519017563193,17.45684327668458,17.48875076956063,-0.03190749287605286,-10.54809824368067
862,1439.4519016676538,17.45684327448108,17.488750767357132,-0.03190749287605286,-10.548098332346171
863,1439.4519014505106,17.456843269041958,17.48875076191801,-0.03190749287605286,-10.548098549489396
864,1439.4519013121533,17.45684323711273,17.48875072998878,-0.03190749287605286,-10.548098687846732
865,1439.451901194356,17.456843226176716,17.488750716072538,-0.031907489895820616,-10.548098805644031
866,1439.4519009532005,17.45684320475793,17.488750694653753,-0.031907489895820616,-10.548099046799507
867,1439.451900609175,17.456843219710727,17.48875070960655,-0.031907489895820616,-10.548099390824973
868,1439.4519004129804,17.45684324873237,17.488750735647958,-0.03190748691558838,-10.548099587019578
869,1439.451900230037,17.456843235929508,17.48875072582533,-0.031907489895820616,-10.548099769963073
870,1439.4519000561145,17.45684322752243,17.488750717418252,-0.031907489895820616,-10.548099943885518
871,1439.4518998612596,17.45684320009647,17.48875068999229,-0.031907489895820616,-10.548100138740438
872,1439.4518995505136,17.45684319139033,17.488750681286152,-0.031907489895820616,-10.548100449486356
873,1439.4518992774767,17.456843181295035,17.488750668210624,-0.03190748691558838,-10.548100722523259
874,1439.451898948542,17.456843164725257,17.488750651640846,-0.03190748691558838,-10.548101051457934
875,1439.4518985575708,17.456843169746204,17.488750656661793,-0.03190748691558838,-10.548101442429243
876,1439.4518979473858,17.456843147134716,17.488750631070072,-0.03190748393535614,-10.54810205261424
877,1439.4518972400174,17.45684312097773,17.488750601932853,-0.031907480955123906,-10.548102759982612
878,1439.4518964090114,17.456843149855505,17.488750630810628,-0.031907480955123906,-10.548103590988603
879,1439.4518957020048,17.456843145280192,17.488750623255083,-0.031907477974891664,-10.548104297995224
880,1439.4518951976454,17.45684314741306,17.48875062538795,-0.031907477974891664,-10.548104802354601
881,1439.4518946552625,17.456843168755373,17.488750649710497,-0.031907480955123906,-10.54810534473745
882,1439.4518941124052,17.456843164207548,17.48875064516267,-0.031907480955123906,-10.54810588759483
883,1439.4518934685386,17.456843181270674,17.488750662225797,-0.031907480955123906,-10.548106531461372
884,1439.4518928331136,17.45684316168954,17.488750636684202,-0.03190747499465942,-10.548107166886439
885,1439.4518922096047,17.456843188586863,17.488750663581524,-0.03190747499465942,-10.548107790395306
886,1439.451891574714,17.456843194859967,17.48875066985463,-0.03190747499465942,-10.548108425286046
887,1439.4518910717961,17.45684321501593,17.48875069001059,-0.03190747499465942,-10.548108928203874
888,1439.4518905442276,17.456843234859846,17.488750712834737,-0.031907477974891664,-10.548109455772419
889,1439.4518899854577,17.456843251270435,17.488750726265096,-0.03190747499465942,-10.548110014542317
890,1439.4518897428375,17.456843280210986,17.488750755205647,-0.03190747499465942,-10.548110257162534
891,1439.4518896147713,17.45684331240135,17.488750793356473,-0.031907480955123906,-10.54811038522871
892,1439.4518896380596,17.456843327514807,17.48875080846993,-0.031907480955123906,-10.548110361940417
893,1439.4518899321965,17.456843368507094,17.488750849462217,-0.031907480955123906,-10.548110067803464
894,1439.451890323233,17.456843379423784,17.488750866339373,-0.03190748691558838,-10.548109676766899
895,1439.451890908047,17.456843378423603,17.488750865339192,-0.03190748691558838,-10.548109091952938
896,1439.4518914094067,17.45684335517387,17.48875084804992,-0.03190749287605286,-10.548108590593301
897,1439.4518920410608,17.456843305649663,17.488750795545485,-0.031907489895820616,-10.548107958939227
898,1439.4518926290439,17.456843290688532,17.488750783564583,-0.03190749287605286,-10.548107370956131
899,1439.4518932476353,17.4568432804211,17.488750773297152,-0.03190749287605286,-10.548106752364674
900,1439.4518939252296,17.4568433177899,17.48875081066595,-0.03190749287605286,-10.54810607477043
901,1439.4518946414312,17.45684330104169,17.488750793917742,-0.03190749287605286,-10.548105358568819
902,1439.4518954416185,17.456843281401717,17.48875077427777,-0.03190749287605286,-10.54810455838151
903,1439.451896330793,17.4568432800676,17.488750775923883,-0.0319074958562851,-10.548103669206967
904,1439.4518971981756,17.4568432722937,17.488750771130217,-0.031907498836517334,-10.54810280182437
905,1439.4518982122795,17.45684328597855,17.488750784815068,-0.031907498836517334,-10.548101787720498
906,1439.451899180148,17.456843271638803,17.48875077047532,-0.031907498836517334,-10.548100819851925
907,1439.4518999980735,17.456843231635897,17.488750730472415,-0.031907498836517334,-10.548100001926514
908,1439.451900527568,17.45684321917397,17.488750718010486,-0.031907498836517334,-10.548099472432114
909,1439.4519006399332,17.456843211245857,17.48875070710214,-0.0319074958562851,-10.548099360066772
910,1439.4519005579223,17.45684317716868,17.48875067004473,-0.03190749287605286,-10.548099442077728
911,1439.4519003312844,17.45684318248571,17.48875067238153,-0.031907489895820616,-10.548099668715622
912,1439.4519002468476,17.456843150512693,17.488750640408515,-0.031907489895820616,-10.548099753152428
913,1439.451899988057,17.456843167716848,17.48875065761267,-0.031907489895820616,-10.548100011943006
914,1439.4518995592248,17.45684314685773,17.48875063675355,-0.031907489895820616,-10.548100440775215
915,1439.4518990682366,17.45684312441572,17.488750608351076,-0.03190748393535614,-10.548100931763429
916,1439.4518985275265,17.456843171285843,17.488750652240967,-0.031907480955123906,-10.54810147247349
917,1439.4518980826565,17.456843150118704,17.48875063405406,-0.03190748393535614,-10.548101917343502
918,1439.451897586258,17.4568431875343,17.488750668489423,-0.031907480955123906,-10.548102413742072
919,1439.4518969165458,17.456843194156715,17.488750675111838,-0.031907480955123906,-10.54810308345418
920,1439.4518962720495,17.45684321811564,17.488750699070764,-0.031907480955123906,-10.548103727950547
921,1439.4518956969957,17.45684323551747,17.488750716472595,-0.031907480955123906,-10.548104303004266
922,1439.4518950085387,17.456843211812167,17.48875069276729,-0.031907480955123906,-10.548104991461287
923,1439.4518944330432,17.456843213816825,17.488750691791715,-0.031907477974891664,-10.548105566956792
924,1439.4518937191192,17.45684319247713,17.488750673432254,-0.031907480955123906,-10.548106280880802
925,1439.4518931550294,17.45684318719177,17.48875066218643,-0.03190747499465942,-10.548106844970562
926,1439.45189252528,17.45684321433733,17.48875069231222,-0.031907477974891664,-10.548107474719927
927,1439.4518918414865,17.45684321774459,17.488750692739252,-0.03190747499465942,-10.548108158513514
928,1439.4518915396645,17.45684324544786,17.48875072044252,-0.03190747499465942,-10.54810846033547
929,1439.4518911927867,17.456843249696096,17.488750727670986,-0.031907477974891664,-10.548108807213339
930,1439.4518911474145,17.456843253657777,17.488750731632667,-0.031907477974891664,-10.548108852585528
931,1439.4518911883235,17.456843254513206,17.48875073546833,-0.031907480955123906,-10.548108811676457
932,1439.4518914043852,17.456843256036645,17.48875073699177,-0.031907480955123906,-10.548108595614849
933,1439.451891737206,17.456843258296864,17.48875074223222,-0.03190748393535614,-10.548108262793903
934,1439.4518919031893,17.45684322856266,17.48875071547825,-0.03190748691558838,-10.548108096810665
935,1439.4518920803373,17.45684325987357,17.488750743808925,-0.03190748393535614,-10.548107919662698
936,1439.4518921560477,17.456843275696166,17.488750762611755,-0.03190748691558838,-10.548107843952266
937,1439.4518922610562,17.456843306550038,17.488750793465627,-0.03190748691558838,-10.548107738943827
938,1439.4518925694335,17.45684328456407,17.48875077147966,-0.03190748691558838,-10.54810743056646
939,1439.4518928928794,17.456843273543562,17.488750763439384,-0.031907489895820616,-10.548107107120586
940,1439.4518933689012,17.456843279020642,17.48875076593623,-0.03190748691558838,-10.54810663109879
941,1439.4518938398423,17.456843273254492,17.488750763150314,-0.031907489895820616,-10.548106160157658
942,1439.4518943214423,17.45684329936314,17.48875078925896,-0.031907489895820616,-10.548105678557704
943,1439.4518948031841,17.456843300516397,17.488750793392448,-0.03190749287605286,-10.548105196815868
944,1439.4518952571052,17.4568432701733,17.488750763049353,-0.03190749287605286,-10.548104742894793
945,1439.4518956834502,17.456843281665034,17.488750774541085,-0.03190749287605286,-10.548104316549825
946,1439.4518959083168,17.456843290084525,17.488750782960576,-0.03190749287605286,-10.548104091683172
947,1439.4518963113187,17.45684328824945,17.4887507811255,-0.03190749287605286,-10.548103688681294
948,1439.4518968118562,17.456843323934276,17.488750816810327,-0.03190749287605286,-10.548103188143841
949,1439.451897499661,17.45684332245112,17.488750815327172,-0.03190749287605286,-10.548102500338928
950,1439.4518980255223,17.456843310342137,17.48875080619842,-0.0319074958562851,-10.548101974477731
951,1439.4518984436545,17.456843294094234,17.48875078995052,-0.0319074958562851,-10.5481015563455
952,1439.4518988642242,17.45684330813832,17.488750803994606,-0.0319074958562851,-10.548101135775823
953,1439.4518992250887,17.456843306807535,17.48875080266382,-0.0319074958562851,-10.54810077491129
954,1439.4518997192392,17.456843309004952,17.488750801881004,-0.03190749287605286,-10.548100280760764
955,1439.4519001841795,17.456843306540915,17.488750805377432,-0.031907498836517334,-10.548099815820478
956,1439.4519004246001,17.45684329606055,17.488750791916836,-0.0319074958562851,-10.548099575399874
957,1439.4519007040988,17.45684329683402,17.48875078971007,-0.03190749287605286,-10.548099295901238
958,1439.4519010091344,17.456843304383646,17.48875080023993,-0.0319074958562851,-10.548098990865583
959,1439.4519012543615,17.456843273545324,17.48875076940161,-0.0319074958562851,-10.548098745638526
960,1439.4519016344675,17.456843248548576,17.48875074440486,-0.0319074958562851,-10.548098365532496
961,1439.45190192233,17.456843257502864,17.48875075335915,-0.0319074958562851,-10.54809807766992
962,1439.4519020756952,17.456843256307163,17.48875075514368,-0.031907498836517334,-10.548097924304784
963,1439.4519020593532,17.456843222237705,17.488750715113756,-0.03190749287605286,-10.548097940646812
964,1439.4519020610678,17.456843221871228,17.48875071474728,-0.03190749287605286,-10.548097938932187
965,1439.4519019973648,17.45684321871035,17.488750711586402,-0.03190749287605286,-10.548098002635243
966,1439.4519019113561,17.456843227775018,17.48875072065107,-0.03190749287605286,-10.548098088643883
967,1439.4519018019332,17.45684324264467,17.488750732540492,-0.031907489895820616,-10.548098198066782
968,1439.4519016391357,17.45684324852223,17.48875073841805,-0.031907489895820616,-10.548098360864287
969,1439.4519015129251,17.456843266822514,17.488750756718336,-0.031907489895820616,-10.548098487074867
970,1439.4519014626112,17.4568432626191,17.48875075549515,-0.03190749287605286,-10.548098537388796
971,1439.4519012557741,17.456843271146557,17.48875076402261,-0.03190749287605286,-10.548098744225854
972,1439.4519009447047,17.456843275136702,17.488750768012753,-0.03190749287605286,-10.548099055295324
973,1439.4519007702643,17.456843314438114,17.488750804333936,-0.031907489895820616,-10.548099229735726
974,1439.4519006774033,17.45684332337034,17.48875081624639,-0.03190749287605286,-10.548099322596727
975,1439.451900450291,17.456843317041983,17.488750809918034,-0.03190749287605286,-10.548099549708922
976,1439.451900283096,17.45684331299312,17.488750799908708,-0.03190748691558838,-10.548099716904062
977,1439.451900167468,17.456843340309824,17.488750830205646,-0.031907489895820616,-10.548099832531989
978,1439.4519001619115,17.456843324958754,17.488750817834806,-0.03190749287605286,-10.548099838088547
979,1439.4519002260272,17.456843267045667,17.488750759921718,-0.03190749287605286,-10.548099773972808
980,1439.4519002753862,17.456843267797332,17.488750760673383,-0.03190749287605286,-10.548099724613849
981,1439.4519003856071,17.45684325895444,17.48875075183049,-0.03190749287605286,-10.548099614392868
982,1439.4519004270182,17.45684326558481,17.48875075846086,-0.03190749287605286,-10.548099572981755
983,1439.4519004901738,17.45684326514002,17.48875075801607,-0.03190749287605286,-10.548099509826216
984,1439.4519005245072,17.456843234303356,17.488750727179408,-0.03190749287605286,-10.54809947549279
985,1439.4519007520587,17.45684325506848,17.488750747944533,-0.03190749287605286,-10.548099247941309
986,1439.4519009746202,17.456843233501303,17.488750726377354,-0.03190749287605286,-10.54809902537977
987,1439.451901112908,17.45684325080606,17.48875074368211,-0.03190749287605286,-10.54809888709201
988,1439.451901208253,17.45684325885158,17.488750751727633,-0.03190749287605286,-10.548098791746952
989,1439.451901459044,17.456843263256204,17.488750756132255,-0.03190749287605286,-10.548098540956062
990,1439.451901588627,17.456843248923175,17.48875074477946,-0.0319074958562851,-10.548098411373076
991,1439.4519013420486,17.456843239284183,17.488750732160234,-0.03190749287605286,-10.548098657951414
992,1439.45190111034,17.456843252606234,17.488750742502056,-0.031907489895820616,-10.548098889659968
993,1439.4519008439277,17.45684325233522,17.48875074223104,-0.031907489895820616,-10.54809915607234
994,1439.4519005949148,17.456843201506455,17.488750691402277,-0.031907489895820616,-10.548099405085168
995,1439.4519003248497,17.4568432278272,17.488750717723022,-0.031907489895820616,-10.548099675150297
996,1439.4518998789108,17.456843230957062,17.48875071787265,-0.03190748691558838,-10.548100121089192
997,1439.4518996109812,17.456843264263863,17.488750751179452,-0.03190748691558838,-10.548100389018828
998,1439.45189926464,17.456843259549032,17.48875074646462,-0.03190748691558838,-10.548100735360094
999,1439.4518990586582,17.4568432461616,17.488750736057423,-0.031907489895820616,-10.548100941341772
1000,1439.4518989245735,17.45684325423484,17.48875074115043,-0.03190748691558838,-10.54810107542653
1001,1439.4518988537554,17.456843273569355,17.488750760484944,-0.03190748691558838,-10.548101146244562
1002,1439.4518987200925,17.456843256127723,17.488750746023545,-0.031907489895820616,-10.548101279907542
1003,1439.4518985473608,17.456843258451823,17.488750745367412,-0.03190748691558838,-10.54810145263923
1004,1439.4518984672038,17.45684324924211,17.48875073913793,-0.031907489895820616,-10.548101532796181
1005,1439.4518983608195,17.456843218719015,17.488750705634605,-0.03190748691558838,-10.548101639180459
1006,1439.451897915566,17.456843211365346,17.488750698280935,-0.03190748691558838,-10.54810208443405
1007,1439.4518976571062,17.456843251672026,17.48875073262715,-0.031907480955123906,-10.548102342893799
1008,1439.4518974894859,17.456843294455766,17.488750781371355,-0.03190748691558838,-10.548102510514127
1009,1439.4518975847311,17.456843281402975,17.488750768318564,-0.03190748691558838,-10.548102415268886
1010,1439.4518976810923,17.456843284190732,17.488750774086554,-0.031907489895820616,-10.548102318907695
1011,1439.4518977120977,17.45684327271432,17.48875076261014,-0.031907489895820616,-10.548102287902339
1012,1439.451897770567,17.456843236978806,17.488750726874628,-0.031907489895820616,-10.54810222943297
1013,1439.4518979072384,17.456843238519024,17.488750728414846,-0.031907489895820616,-10.54810209276161
1014,1439.4518979271174,17.456843266021483,17.488750755917305,-0.031907489895820616,-10.548102072882557
1015,1439.4518979584539,17.45684325045086,17.48875074034668,-0.031907489895820616,-10.548102041546144
1016,1439.451897952646,17.45684328403329,17.488750773929112,-0.031907489895820616,-10.54810204735395
1017,1439.4518977985629,17.45684328222749,17.48875077212331,-0.031907489895820616,-10.548102201437132
1018,1439.4518976515328,17.45684329601035,17.488750785906173,-0.031907489895820616,-10.548102348467182
1019,1439.451897757072,17.456843253217897,17.48875074311372,-0.031907489895820616,-10.548102242928053
1020,1439.4518980739983,17.45684323935427,17.488750729250093,-0.031907489895820616,-10.548101926001664
1021,1439.4518982697386,17.456843260407254,17.488750750303076,-0.031907489895820616,-10.548101730261351
1022,1439.4518984814072,17.456843283123373,17.488750775999424,-0.03190749287605286,-10.54810151859283
1023,1439.451898609432,17.45684325697915,17.4887507498552,-0.03190749287605286,-10.548101390568036
1024,1439.4518984851163,17.456843234588742,17.488750727464794,-0.03190749287605286,-10.548101514883683
1025,1439.4518983573544,17.456843248497723,17.488750735413312,-0.03190748691558838,-10.548101642645634
1026,1439.4518983851362,17.45684324118892,17.48875072810451,-0.03190748691558838,-10.548101614863754
1027,1439.451898284679,17.45684322377101,17.4887507106866,-0.03190748691558838,-10.548101715321081
1028,1439.4518983263354,17.456843189154355,17.488750676069944,-0.03190748691558838,-10.548101673664632
1029,1439.451898289649,17.456843197635497,17.488750684551086,-0.03190748691558838,-10.54810171035092
1030,1439.451898274504,17.456843179764984,17.488750666680573,-0.03190748691558838,-10.548101725496053
1031,1439.4518979736658,17.456843211758347,17.488750698673936,-0.03190748691558838,-10.548102026334163
1032,1439.4518976388888,17.456843250793614,17.48875073472897,-0.03190748393535614,-10.548102361111205
1033,1439.4518974984755,17.45684325425257,17.488750738187925,-0.03190748393535614,-10.548102501524454
1034,1439.4518975391122,17.4568432537989,17.488750737734257,-0.03190748393535614,-10.548102460887776
1035,1439.4518974268487,17.456843227390035,17.488750717285857,-0.031907489895820616,-10.548102573151255
1036,1439.451897187971,17.456843232915013,17.488750719830602,-0.03190748691558838,-10.548102812028901
1037,1439.4518970436839,17.45684322298938,17.488750706924737,-0.03190748393535614,-10.548102956316143
1038,1439.4518968475968,17.45684321228157,17.488750696216925,-0.03190748393535614,-10.5481031524032
1039,1439.4518965695447,17.456843243704263,17.48875072763962,-0.03190748393535614,-10.548103430455285
1040,1439.4518961235465,17.45684323588858,17.488750719823937,-0.03190748393535614,-10.548103876453524
1041,1439.4518957872858,17.45684325220678,17.488750733161904,-0.031907480955123906,-10.548104212714179
1042,1439.4518954173998,17.45684327319309,17.488750754148214,-0.031907480955123906,-10.548104582600217
1043,1439.4518953193626,17.456843278489597,17.488750762424953,-0.03190748393535614,-10.54810468063738
1044,1439.4518955157519,17.45684329196701,17.4887507788826,-0.03190748691558838,-10.548104484248142
1045,1439.4518957464018,17.45684326791898,17.488750757814802,-0.031907489895820616,-10.54810425359824
1046,1439.4518959697207,17.456843270641127,17.488750763517178,-0.03190749287605286,-10.548104030279319
1047,1439.4518960097098,17.45684324512781,17.488750738003862,-0.03190749287605286,-10.548103990290201
1048,1439.4518960810735,17.456843269862294,17.48875075379765,-0.03190748393535614,-10.548103918926472
1049,1439.4518961142858,17.45684328489176,17.48875077180735,-0.03190748691558838,-10.548103885714227
1050,1439.4518960942125,17.456843265263288,17.488750752178877,-0.03190748691558838,-10.548103905787457
1051,1439.4518962946447,17.45684330303283,17.48875078994842,-0.03190748691558838,-10.548103705355288
1052,1439.4518964752,17.456843301162532,17.488750794038584,-0.03190749287605286,-10.548103524799899
1053,1439.4518967713188,17.4568433008718,17.48875079374785,-0.03190749287605286,-10.548103228681157
1054,1439.451897182653,17.456843287599877,17.48875078047593,-0.03190749287605286,-10.548102817346944
1055,1439.4518975618244,17.456843246799227,17.48875073967528,-0.03190749287605286,-10.548102438175647
1056,1439.4518979443492,17.456843246632516,17.488750739508568,-0.03190749287605286,-10.548102055650816
1057,1439.451898126117,17.456843259243517,17.488750752119568,-0.03190749287605286,-10.54810187388307
1058,1439.4518982760328,17.45684323782535,17.4887507307014,-0.03190749287605286,-10.548101723967193
1059,1439.4518982357658,17.456843250764983,17.488750740660805,-0.031907489895820616,-10.548101764234161
1060,1439.4518983586113,17.456843283739985,17.488750773635807,-0.031907489895820616,-10.548101641388712
1061,1439.4518985713025,17.456843265435907,17.48875075831196,-0.03190749287605286,-10.548101428697464
1062,1439.4518986286864,17.456843240884623,17.488750733760675,-0.03190749287605286,-10.548101371313578
1063,1439.4518988529687,17.456843214127467,17.488750701043056,-0.03190748691558838,-10.548101147031275
1064,1439.4518989833505,17.456843205589895,17.488750695485717,-0.031907489895820616,-10.548101016649525
1065,1439.4518990372912,17.45684319696951,17.48875068686533,-0.031907489895820616,-10.548100962708759
1066,1439.4518989647684,17.45684321228912,17.48875070218494,-0.031907489895820616,-10.548101035231639
1067,1439.4518986267012,17.456843208876137,17.488750695791726,-0.03190748691558838,-10.548101373298778
1068,1439.4518982818931,17.456843198114637,17.488750685030226,-0.03190748691558838,-10.548101718106864
1069,1439.4518980137934,17.456843205420952,17.48875069233654,-0.03190748691558838,-10.548101986206575
1070,1439.4518976255965,17.456843208473607,17.488750695389196,-0.03190748691558838,-10.54810237440347
1071,1439.451897318483,17.45684318780981,17.488750668764933,-0.031907480955123906,-10.548102681517094
1072,1439.4518972029102,17.456843192621957,17.488750676557313,-0.03190748393535614,-10.548102797089769
1073,1439.4518969510564,17.4568431745235,17.488750661439088,-0.03190748691558838,-10.54810304894363
1074,1439.4518965566976,17.456843199123693,17.48875068305905,-0.03190748393535614,-10.548103443302352
1075,1439.4518960196986,17.45684318061045,17.48875066156557,-0.031907480955123906,-10.548103980301448
1076,1439.45189546278,17.45684319005586,17.488750671010983,-0.031907480955123906,-10.54810453722007
1077,1439.451894901815,17.456843198044456,17.48875067899958,-0.031907480955123906,-10.548105098185033
1078,1439.4518945137631,17.456843234075414,17.488750715030537,-0.031907480955123906,-10.548105486236864
1079,1439.4518942117988,17.456843266230937,17.48875074718606,-0.031907480955123906,-10.548105788201156
1080,1439.4518939757677,17.456843299109874,17.48875078304523,-0.03190748393535614,-10.548106024232311
1081,1439.451893923922,17.456843321843852,17.48875080875944,-0.03190748691558838,-10.548106076078057
1082,1439.4518940090338,17.456843327214806,17.488750814130395,-0.03190748691558838,-10.548105990966178
1083,1439.4518940741402,17.45684334313761,17.4887508300532,-0.03190748691558838,-10.548105925859772
1084,1439.4518942888642,17.45684337730446,17.488750864220048,-0.03190748691558838,-10.548105711135804
1085,1439.4518944987021,17.456843377446,17.488750864361588,-0.03190748691558838,-10.548105501297869
1086,1439.451894919198,17.45684335875965,17.488750845675238,-0.03190748691558838,-10.548105080802088
1087,1439.451895233998,17.456843337444393,17.488750830320445,-0.03190749287605286,-10.548104766002098
1088,1439.4518955951978,17.456843331949884,17.488750824825935,-0.03190749287605286,-10.548104404802189
1089,1439.4518959880093,17.45684333675221,17.488750829628263,-0.03190749287605286,-10.548104011990745
1090,1439.4518965517343,17.456843309231346,17.488750802107397,-0.03190749287605286,-10.548103448265692
1091,1439.451897230932,17.45684330354927,17.488750799405555,-0.0319074958562851,-10.54810276906801
1092,1439.451898001067,17.45684327975678,17.488750775613063,-0.0319074958562851,-10.548101998932907
1093,1439.4518988120633,17.45684330605107,17.488750804887587,-0.031907498836517334,-10.548101187936709
1094,1439.451899566119,17.456843295272737,17.488750794109254,-0.031907498836517334,-10.548100433881018
1095,1439.4519003428943,17.456843312528303,17.48875081136482,-0.031907498836517334,-10.548099657105695
1096,1439.4519012596288,17.456843314743054,17.48875081357957,-0.031907498836517334,-10.548098740371188
1097,1439.4519021049516,17.45684331780428,17.488750819621032,-0.031907501816749576,-10.548097895048386
1098,1439.45190274972,17.456843289490685,17.488750791307435,-0.031907501816749576,-10.54809725028008
1099,1439.4519031228833,17.456843216361516,17.488750718178267,-0.031907501816749576,-10.548096877116677
1100,1439.4519033338045,17.45684323099057,17.488750726846856,-0.0319074958562851,-10.548096666195534
1101,1439.4519034756138,17.456843222760533,17.488750718616817,-0.0319074958562851,-10.54809652438621
1102,1439.4519033924173,17.45684324545049,17.48875073832654,-0.03190749287605286,-10.548096607582693
1103,1439.4519032432736,17.45684323302089,17.488750725896942,-0.03190749287605286,-10.548096756726409
1104,1439.4519029204355,17.456843224297522,17.488750717173573,-0.03190749287605286,-10.548097079564513
1105,1439.4519027440076,17.456843229385957,17.48875071928178,-0.031907489895820616,-10.548097255992388
1106,1439.4519024931535,17.45684323199328,17.48875072486933,-0.03190749287605286,-10.548097506846489
1107,1439.4519023427627,17.456843227633755,17.488750717529577,-0.031907489895820616,-10.54809765723735
1108,1439.4519021951082,17.456843225378528,17.48875071825458,-0.03190749287605286,-10.548097804891768
1109,1439.4519020368818,17.4568432002699,17.488750693145953,-0.03190749287605286,-10.548097963118153
1110,1439.451901676357,17.456843197963405,17.488750690839456,-0.03190749287605286,-10.54809832364299
1111,1439.451900861117,17.45684318273117,17.48875066964676,-0.03190748691558838,-10.54809913888289
1112,1439.4519001709464,17.45684320387074,17.488750684825863,-0.031907480955123906,-10.548099829053626
1113,1439.4518994958323,17.456843227131458,17.48875070808658,-0.031907480955123906,-10.548100504167678
1114,1439.451899069503,17.456843275462028,17.48875075641715,-0.031907480955123906,-10.548100930496958
1115,1439.451898650125,17.456843244353802,17.48875073126939,-0.03190748691558838,-10.548101349874969
1116,1439.451898247537,17.45684325828776,17.48875073924288,-0.031907480955123906,-10.548101752463026
1117,1439.4518979545833,17.456843271553776,17.488750758469365,-0.03190748691558838,-10.548102045416726
1118,1439.451897735652,17.456843259774633,17.488750746690222,-0.03190748691558838,-10.548102264348017
1119,1439.451897556132,17.456843289312335,17.488750776227924,-0.03190748691558838,-10.548102443867947
1120,1439.4518974318225,17.456843289639732,17.488750779535554,-0.031907489895820616,-10.548102568177455
1121,1439.451897219427,17.45684329692282,17.488750786818642,-0.031907489895820616,-10.54810278057289
1122,1439.4518970417942,17.45684327954606,17.48875076646165,-0.03190748691558838,-10.548102958205845
1123,1439.4518967971148,17.456843269839922,17.48875075675551,-0.03190748691558838,-10.548103202885159
1124,1439.4518966955304,17.456843264054868,17.488750750970457,-0.03190748691558838,-10.548103304469578
1125,1439.4518967233498,17.45684325070917,17.48875073762476,-0.03190748691558838,-10.548103276650181
1126,1439.451897010205,17.456843246430992,17.48875073036635,-0.03190748393535614,-10.548102989795098
1127,1439.4518970793922,17.456843263223114,17.488750753118936,-0.031907489895820616,-10.54810292060779
1128,1439.4518972388112,17.456843277547666,17.488750767443488,-0.031907489895820616,-10.54810276118883
1129,1439.451897479387,17.456843275468884,17.488750765364706,-0.031907489895820616,-10.548102520612929
1130,1439.451897623091,17.456843253559263,17.488750746435315,-0.03190749287605286,-10.5481023769089
1131,1439.4518979473328,17.45684329406805,17.488750783963873,-0.031907489895820616,-10.548102052667218
1132,1439.4518982799696,17.456843293859038,17.48875078673509,-0.03190749287605286,-10.548101720030445
1133,1439.451898657489,17.45684329686489,17.48875078974094,-0.03190749287605286,-10.548101342511018
1134,1439.4518989030225,17.456843269892268,17.48875076276832,-0.03190749287605286,-10.548101096977462
1135,1439.4518990474667,17.45684325578227,17.488750748658322,-0.03190749287605286,-10.548100952533332
1136,1439.4518991135978,17.456843248353707,17.48875073824953,-0.031907489895820616,-10.548100886402153
1137,1439.451899058429,17.456843239933576,17.4887507298294,-0.031907489895820616,-10.548100941570965
1138,1439.4518989290732,17.456843216639932,17.488750706535754,-0.031907489895820616,-10.548101070926805
1139,1439.4518988613108,17.456843224311964,17.488750711227553,-0.03190748691558838,-10.548101138689162
1140,1439.4518988600191,17.45684323880112,17.48875072571671,-0.03190748691558838,-10.548101139980872
1141,1439.4518988054785,17.456843205228576,17.488750692144166,-0.03190748691558838,-10.54810119452145
1142,1439.451898579882,17.456843210244887,17.488750697160476,-0.03190748691558838,-10.548101420117973
1143,1439.4518985756763,17.45684320669844,17.48875069361403,-0.03190748691558838,-10.548101424323704
1144,1439.4518985177856,17.456843183575945,17.488750670491534,-0.03190748691558838,-10.548101482214406
1145,1439.4518984283575,17.456843184079418,17.488750670995007,-0.03190748691558838,-10.548101571642519
1146,1439.4518981462518,17.456843188091153,17.48875067500674,-0.03190748691558838,-10.548101853748221
1147,1439.4518977902403,17.456843207136792,17.48875069107215,-0.03190748393535614,-10.54810220975969
1148,1439.4518974633856,17.4568432599032,17.488750740858322,-0.031907480955123906,-10.548102536614351
1149,1439.4518971464931,17.456843224726118,17.488750711641707,-0.03190748691558838,-10.548102853506862
1150,1439.4518967342674,17.456843232728417,17.488750716663773,-0.03190748393535614,-10.548103265732607
1151,1439.451896413722,17.456843225438753,17.488750706393876,-0.031907480955123906,-10.548103586278103
1152,1439.4518962165164,17.45684323119039,17.488750712145514,-0.031907480955123906,-10.548103783483612
1153,1439.4518958692565,17.456843255736228,17.48875073669135,-0.031907480955123906,-10.548104130743468
1154,1439.4518956257514,17.456843262094218,17.48875074304934,-0.031907480955123906,-10.548104374248624
1155,1439.4518954099037,17.45684324836089,17.48875073527648,-0.03190748691558838,-10.548104590096273
1156,1439.45189508169,17.45684323655133,17.488750717506452,-0.031907480955123906,-10.548104918309946
1157,1439.4518948113302,17.456843268811813,17.488750749766936,-0.031907480955123906,-10.548105188669751
1158,1439.4518946268893,17.456843269876508,17.488750756792097,-0.03190748691558838,-10.54810537311073
1159,1439.4518946328624,17.456843304790404,17.488750791705993,-0.03190748691558838,-10.548105367137623
1160,1439.451895035144,17.45684332471395,17.48875081162954,-0.03190748691558838,-10.548104964856066
1161,1439.4518952995734,17.45684335641264,17.488750849288692,-0.03190749287605286,-10.54810470042662
1162,1439.4518956786974,17.456843342172828,17.48875083504888,-0.03190749287605286,-10.548104321302617
1163,1439.451896053634,17.456843348474692,17.488750841350743,-0.03190749287605286,-10.548103946365927
1164,1439.4518964588337,17.45684330923368,17.48875080210973,-0.03190749287605286,-10.548103541166256
1165,1439.4518969789524,17.456843310584222,17.488750803460274,-0.03190749287605286,-10.54810302104761
1166,1439.4518974870934,17.456843300322884,17.488750793198935,-0.03190749287605286,-10.548102512906553
1167,1439.4518978583185,17.456843297296487,17.48875079017254,-0.03190749287605286,-10.548102141681511
1168,1439.451898109003,17.456843288355202,17.488750781231253,-0.03190749287605286,-10.548101890997032
1169,1439.4518984964268,17.456843273058677,17.48875076593473,-0.03190749287605286,-10.548101503573207
1170,1439.4518987999531,17.456843247128667,17.48875074298495,-0.0319074958562851,-10.548101200046858
1171,1439.4518992442672,17.456843270654222,17.488750760550044,-0.031907489895820616,-10.548100755732776
1172,1439.4518997345542,17.45684325605128,17.488750754887796,-0.031907498836517334,-10.548100265445782
1173,1439.4519003156604,17.456843233285834,17.488750726161886,-0.03190749287605286,-10.548099684339604
1174,1439.4519006962134,17.456843221949633,17.488750717805917,-0.0319074958562851,-10.548099303786557
1175,1439.4519010262024,17.456843227435346,17.48875072329163,-0.0319074958562851,-10.54809897379755
1176,1439.45190104421,17.456843216927087,17.48875070980314,-0.03190749287605286,-10.54809895579001
1177,1439.4519009827845,17.456843170492963,17.488750663369014,-0.03190749287605286,-10.548099017215463
1178,1439.451900764067,17.45684316056634,17.488750650462162,-0.031907489895820616,-10.548099235933023
1179,1439.4519004441163,17.456843143816272,17.488750633712094,-0.031907489895820616,-10.54809955588371
1180,1439.451900023136,17.45684316284186,17.48875064975745,-0.03190748691558838,-10.548099976864023
1181,1439.4518995230471,17.45684319502472,17.48875068194031,-0.03190748691558838,-10.548100476952868
1182,1439.4518989291337,17.45684321908,17.488750700035123,-0.031907480955123906,-10.548101070866323
1183,1439.4518985558173,17.45684322388526,17.488750707820618,-0.03190748393535614,-10.548101444182748
1184,1439.4518981931878,17.45684326894744,17.488750752882797,-0.03190748393535614,-10.548101806812156
1185,1439.451897801885,17.45684326752165,17.488750754437238,-0.03190748691558838,-10.548102198114975
1186,1439.4518974610814,17.456843294703905,17.488750781619494,-0.03190748691558838,-10.548102538918556
1187,1439.4518972319138,17.456843256076585,17.488750742992174,-0.03190748691558838,-10.54810276808621
1188,1439.4518969728445,17.45684324566904,17.488750729604398,-0.03190748393535614,-10.548103027155548
1189,1439.4518964860247,17.45684326866455,17.488750752599906,-0.03190748393535614,-10.54810351397532
1190,1439.4518960441367,17.456843303145448,17.488750787080804,-0.03190748393535614,-10.548103955863326
1191,1439.4518956217985,17.45684331801556,17.48875080493115,-0.03190748691558838,-10.548104378201515
1192,1439.4518953962634,17.456843287383503,17.48875077131886,-0.03190748393535614,-10.548104603736647
1193,1439.4518954159219,17.456843301352674,17.488750788268263,-0.03190748691558838,-10.548104584078146
1194,1439.4518955950948,17.456843281821733,17.488750771717555,-0.031907489895820616,-10.548104404905189
1195,1439.4518958027575,17.45684329400161,17.488750783897434,-0.031907489895820616,-10.548104197242537
1196,1439.4518962933441,17.456843312371674,17.488750805247726,-0.03190749287605286,-10.548103706655866
1197,1439.4518967688434,17.456843311583754,17.488750804459805,-0.03190749287605286,-10.548103231156574
1198,1439.4518973909433,17.456843309357225,17.488750802233277,-0.03190749287605286,-10.548102609056741
1199,1439.4518977700943,17.45684333197595,17.488750824852,-0.03190749287605286,-10.54810222990568
1200,1439.451898079448,17.456843308982513,17.488750801858565,-0.03190749287605286,-10.548101920551971
1201,1439.4518984864105,17.456843284907954,17.488750777784006,-0.03190749287605286,-10.548101513589472
1202,1439.4518990233476,17.45684326503012,17.488750760886404,-0.0319074958562851,-10.54810097665245
1203,1439.4518995713588,17.456843279091032,17.48875077792755,-0.031907498836517334,-10.548100428641192
1204,1439.4518998623385,17.456843267089564,17.48875076592608,-0.031907498836517334,-10.54810013766155
1205,1439.4519001953597,17.456843282959525,17.48875077881581,-0.0319074958562851,-10.548099804640287
1206,1439.4519003946712,17.45684330145327,17.488750797309553,-0.0319074958562851,-10.548099605328844
1207,1439.451900685483,17.45684332328664,17.488750816162693,-0.03190749287605286,-10.548099314517003
1208,1439.4519010796812,17.456843298619987,17.48875079447627,-0.0319074958562851,-10.548098920318807
1209,1439.451901416652,17.4568432726313,17.488750771467817,-0.031907498836517334,-10.548098583348064
1210,1439.4519016835784,17.45684327320696,17.488750772043478,-0.031907498836517334,-10.548098316421601
1211,1439.4519020151217,17.456843245137115,17.488750743973632,-0.031907498836517334,-10.548097984878268
1212,1439.4519021031174,17.456843213657564,17.488750709513848,-0.0319074958562851,-10.54809789688261
1213,1439.451901936629,17.456843184689603,17.488750677565655,-0.03190749287605286,-10.548098063371071
1214,1439.4519015817202,17.456843201645277,17.4887506915411,-0.031907489895820616,-10.548098418279778
1215,1439.451901271814,17.45684319205178,17.48875067896737,-0.03190748691558838,-10.548098728186005
1216,1439.4519008466275,17.456843180449148,17.48875067034497,-0.031907489895820616,-10.548099153372505
1217,1439.4519004798444,17.456843170231693,17.488750657147282,-0.03190748691558838,-10.548099520155574
1218,1439.4519002041382,17.456843187107648,17.488750674023237,-0.03190748691558838,-10.548099795861845
1219,1439.4519000374644,17.456843173690018,17.488750660605607,-0.03190748691558838,-10.548099962535616
1220,1439.4518997104703,17.45684319049362,17.48875068038944,-0.031907489895820616,-10.548100289529657
1221,1439.4518992545109,17.45684320376568,17.488750690681268,-0.03190748691558838,-10.548100745489137
1222,1439.451898813783,17.456843166003583,17.48875064993894,-0.03190748393535614,-10.548101186217082
1223,1439.4518982066245,17.45684316949985,17.488750650454975,-0.031907480955123906,-10.548101793375508
1224,1439.4518974425912,17.456843176634262,17.488750657589385,-0.031907480955123906,-10.54810255740881
1225,1439.4518965661036,17.45684318558598,17.488750666541105,-0.031907480955123906,-10.548103433896358
1226,1439.451895872032,17.456843193836374,17.488750668831035,-0.03190747499465942,-10.548104127967918
1227,1439.4518951978555,17.45684320261445,17.488750683569574,-0.031907480955123906,-10.548104802144508
1228,1439.4518945478342,17.456843221772907,17.488750699747797,-0.031907477974891664,-10.548105452165828
1229,1439.4518939317873,17.45684322185121,17.4887506998261,-0.031907477974891664,-10.548106068212746
1230,1439.4518935054516,17.45684322773564,17.48875070571053,-0.031907477974891664,-10.548106494548392
1231,1439.451893089505,17.45684325161915,17.488750732574275,-0.031907480955123906,-10.548106910495108
1232,1439.4518928409866,17.456843223792372,17.488750704747495,-0.031907480955123906,-10.548107159013398
1233,1439.4518927202298,17.456843242326848,17.48875072328197,-0.031907480955123906,-10.548107279770193
1234,1439.4518924225038,17.456843247333143,17.488750728288267,-0.031907480955123906,-10.54810757749624
1235,1439.4518921956048,17.456843237638097,17.48875071859322,-0.031907480955123906,-10.548107804395158
1236,1439.451892054982,17.456843248689662,17.488750729644785,-0.031907480955123906,-10.548107945018046
1237,1439.451892000236,17.456843243109624,17.488750724064747,-0.031907480955123906,-10.548107999763943
1238,1439.4518920136259,17.456843243729786,17.48875072468491,-0.031907480955123906,-10.548107986374134
1239,1439.4518920851026,17.456843238033496,17.48875071898862,-0.031907480955123906,-10.5481079148974
1240,1439.4518922859274,17.456843260733052,17.488750741688175,-0.031907480955123906,-10.548107714072557
1241,1439.4518924644588,17.456843219830155,17.488750706745744,-0.03190748691558838,-10.548107535541249
1242,1439.4518926417359,17.456843224947363,17.488750711862952,-0.03190748691558838,-10.548107358264133
1243,1439.4518929169676,17.456843208843985,17.488750695759574,-0.03190748691558838,-10.548107083032392
1244,1439.4518929842025,17.456843222900705,17.488750709816294,-0.03190748691558838,-10.548107015797541
1245,1439.4518931419946,17.456843217277473,17.48875070121283,-0.03190748393535614,-10.54810685800544
1246,1439.4518933099212,17.456843226924104,17.488750713839693,-0.03190748691558838,-10.54810669007884
1247,1439.451893389945,17.45684320804873,17.48875069496432,-0.03190748691558838,-10.548106610054901
1248,1439.451893498822,17.456843199548167,17.488750686463757,-0.03190748691558838,-10.548106501177926
1249,1439.4518935184535,17.45684317808129,17.48875066499688,-0.03190748691558838,-10.548106481546483
1250,1439.4518935009953,17.456843189798462,17.48875067373382,-0.03190748393535614,-10.548106499004689
1251,1439.4518934476139,17.45684321623665,17.488750700172005,-0.03190748393535614,-10.548106552386116
1252,1439.4518935604622,17.456843236334613,17.48875072026997,-0.03190748393535614,-10.548106439537833
1253,1439.4518934750558,17.456843261779515,17.488750748695104,-0.03190748691558838,-10.54810652494416
1254,1439.451893470385,17.45684324514242,17.48875073205801,-0.03190748691558838,-10.548106529615097
1255,1439.4518933776953,17.456843221555136,17.488750705490492,-0.03190748393535614,-10.548106622304658
1256,1439.4518933632912,17.456843213330323,17.48875069726568,-0.03190748393535614,-10.54810663670878
1257,1439.451893308985,17.45684322161159,17.488750705546945,-0.03190748393535614,-10.548106691014937
1258,1439.4518933301172,17.456843240365803,17.48875072430116,-0.03190748393535614,-10.548106669882827
1259,1439.4518932758833,17.456843261340808,17.488750745276164,-0.03190748393535614,-10.548106724116678
1260,1439.4518932292194,17.45684327458296,17.488750761498547,-0.03190748691558838,-10.548106770780578
1261,1439.4518931017471,17.456843265038763,17.488750751954353,-0.03190748691558838,-10.548106898252854
1262,1439.451893089033,17.456843270193644,17.488750757109234,-0.03190748691558838,-10.548106910966908
1263,1439.4518932602427,17.45684326525125,17.48875075216684,-0.03190748691558838,-10.548106739757259
1264,1439.4518935740568,17.456843288681075,17.488750775596664,-0.03190748691558838,-10.54810642594316
1265,1439.4518940527526,17.456843287023844,17.488750773939433,-0.03190748691558838,-10.54810594724745
1266,1439.4518944130548,17.456843273858595,17.488750766734647,-0.03190749287605286,-10.548105586945212
1267,1439.451894583397,17.456843238009373,17.488750727905195,-0.031907489895820616,-10.548105416602994
1268,1439.4518946656433,17.456843248321256,17.488750735236845,-0.03190748691558838,-10.548105334356705
1269,1439.4518947569175,17.45684322710134,17.488750711036698,-0.03190748393535614,-10.548105243082546
1270,1439.4518949148978,17.456843228603418,17.488750712538774,-0.03190748393535614,-10.54810508510218
1271,1439.4518951608275,17.456843236630984,17.488750723546573,-0.03190748691558838,-10.548104839172538
1272,1439.4518954716452,17.456843263288874,17.488750750204463,-0.03190748691558838,-10.54810452835477
1273,1439.451895724581,17.456843270391946,17.488750763267998,-0.03190749287605286,-10.548104275419064
1274,1439.4518960234864,17.456843285635124,17.488750778511175,-0.03190749287605286,-10.54810397651363
1275,1439.451896273138,17.456843247559696,17.488750740435748,-0.03190749287605286,-10.54810372686211
1276,1439.45189661701,17.45684323746997,17.488750724385557,-0.03190748691558838,-10.548103382989893
1277,1439.4518968959746,17.456843236030398,17.488750722945987,-0.03190748691558838,-10.548103104025358
1278,1439.4518970534405,17.456843238448165,17.488750728343987,-0.031907489895820616,-10.548102946559538
1279,1439.4518969669555,17.456843234156956,17.488750721072545,-0.03190748691558838,-10.548103033044526
1280,1439.4518969260453,17.456843226565628,17.488750713481217,-0.03190748691558838,-10.548103073954735
1281,1439.451896748512,17.456843236139825,17.488750723055414,-0.03190748691558838,-10.5481032514881
1282,1439.4518966165153,17.45684326937109,17.488750750326215,-0.031907480955123906,-10.548103383484658
1283,1439.4518965779957,17.456843269929074,17.488750756844663,-0.03190748691558838,-10.54810342200426
1284,1439.4518967322929,17.456843273833147,17.488750760748736,-0.03190748691558838,-10.54810326770712
1285,1439.4518969201245,17.45684324703048,17.488750739906532,-0.03190749287605286,-10.548103079875546
1286,1439.4518971767684,17.456843252327438,17.48875074222326,-0.031907489895820616,-10.548102823231602
1287,1439.451897204593,17.456843276606506,17.488750766502328,-0.031907489895820616,-10.548102795406976
1288,1439.4518971803186,17.456843255359722,17.488750745255544,-0.031907489895820616,-10.54810281968139
1289,1439.451897137887,17.45684324421427,17.48875073112986,-0.03190748691558838,-10.548102862112955
1290,1439.4518971026873,17.45684324943095,17.48875073634654,-0.03190748691558838,-10.548102897312674
1291,1439.4518970346994,17.456843244409118,17.488750731324707,-0.03190748691558838,-10.548102965300586
1292,1439.4518969159053,17.456843243476907,17.488750730392496,-0.03190748691558838,-10.548103084094691
1293,1439.451896842452,17.45684322970608,17.48875071662167,-0.03190748691558838,-10.548103157547985
1294,1439.45189694475,17.45684322665274,17.48875071356833,-0.03190748691558838,-10.548103055250067
1295,1439.451897053646,17.456843269768633,17.488750756684222,-0.03190748691558838,-10.548102946353993
1296,1439.4518972103135,17.456843272819714,17.488750762715537,-0.031907489895820616,-10.548102789686482
1297,1439.4518972050444,17.4568432502361,17.488750740131923,-0.031907489895820616,-10.54810279495564
1298,1439.4518972384333,17.456843261420595,17.488750748336184,-0.03190748691558838,-10.548102761566724
1299,1439.4518974158748,17.456843252114624,17.488750742010446,-0.031907489895820616,-10.548102584125218
1300,1439.4518974384382,17.456843238593407,17.48875072848923,-0.031907489895820616,-10.548102561561791
1301,1439.4518973896654,17.456843255569062,17.48875074248465,-0.03190748691558838,-10.548102610334581
1302,1439.451897375481,17.456843248030705,17.488750734946294,-0.03190748691558838,-10.54810262451906
1303,1439.4518972963508,17.456843209932064,17.488750696847653,-0.03190748691558838,-10.548102703649192
1304,1439.4518971622051,17.456843201029386,17.488750687944975,-0.03190748691558838,-10.548102837794886
1305,1439.4518969172866,17.45684321238836,17.488750696323716,-0.03190748393535614,-10.548103082713396
1306,1439.4518966689077,17.456843237125565,17.48875072106092,-0.03190748393535614,-10.548103331092307
1307,1439.4518967258136,17.456843262598447,17.48875074355357,-0.031907480955123906,-10.54810327418636
1308,1439.4518968426426,17.456843275839876,17.488750762755465,-0.03190748691558838,-10.548103157357446
1309,1439.4518968539553,17.45684326803519,17.48875075793101,-0.031907489895820616,-10.548103146044696
1310,1439.4518969657254,17.456843277024987,17.48875076692081,-0.031907489895820616,-10.548103034274618
1311,1439.451897030963,17.456843259343042,17.488750749238864,-0.031907489895820616,-10.548102969037018
1312,1439.4518969884891,17.456843225992213,17.488750715888035,-0.031907489895820616,-10.548103011510875
1313,1439.4518970174029,17.45684322814244,17.48875071505803,-0.03190748691558838,-10.548102982597129
1314,1439.4518969971048,17.456843256340097,17.488750743255686,-0.03190748691558838,-10.548103002895232
1315,1439.4518967664183,17.456843257264023,17.48875074417961,-0.03190748691558838,-10.548103233581742
1316,1439.4518964909632,17.45684322890601,17.4887507158216,-0.03190748691558838,-10.548103509036764
1317,1439.4518963038754,17.4568432539787,17.488750737914057,-0.03190748393535614,-10.548103696124599
1318,1439.4518963037267,17.45684327065925,17.488750751614372,-0.031907480955123906,-10.548103696273301
1319,1439.4518965090203,17.456843302297237,17.488750789212826,-0.03190748691558838,-10.548103490979656
1320,1439.4518968512637,17.456843321431624,17.488750814307675,-0.03190749287605286,-10.548103148736345
1321,1439.4518971981806,17.456843331737662,17.488750824613714,-0.03190749287605286,-10.548102801819368
1322,1439.4518976300583,17.456843320847774,17.488750813723826,-0.03190749287605286,-10.548102369941716
1323,1439.4518979467464,17.45684329953674,17.48875079241279,-0.03190749287605286,-10.548102053253615
1324,1439.4518980325477,17.45684327879768,17.488750771673732,-0.03190749287605286,-10.54810196745234
1325,1439.4518981154151,17.456843286779357,17.48875077667518,-0.031907489895820616,-10.548101884584867
1326,1439.4518983746734,17.456843309830237,17.48875079972606,-0.031907489895820616,-10.54810162532658
1327,1439.4518986346393,17.456843301442657,17.488750794318708,-0.03190749287605286,-10.548101365360708
1328,1439.4518987140502,17.456843300949554,17.488750793825606,-0.03190749287605286,-10.54810128594977
1329,1439.4518989196486,17.456843273263917,17.48875076315974,-0.031907489895820616,-10.548101080351444
1330,1439.4518991737666,17.456843266630678,17.48875075950673,-0.03190749287605286,-10.548100826233394
1331,1439.451899568616,17.456843273268593,17.488750766144644,-0.03190749287605286,-10.548100431384
1332,1439.4519000075563,17.45684325228475,17.488750748141033,-0.0319074958562851,-10.548099992443667
1333,1439.451900428566,17.45684325057412,17.488750743450172,-0.03190749287605286,-10.548099571434022
1334,1439.451900718259,17.456843255467017,17.48875074834307,-0.03190749287605286,-10.548099281741088
1335,1439.4519008067873,17.456843222789757,17.48875071566581,-0.03190749287605286,-10.548099193212693
1336,1439.4519006853134,17.456843196020664,17.488750688896715,-0.03190749287605286,-10.548099314686624
1337,1439.451900560805,17.456843216648696,17.48875070654452,-0.031907489895820616,-10.548099439195084
1338,1439.4519005465102,17.456843219568796,17.488750709464618,-0.031907489895820616,-10.54809945348984
1339,1439.451900448034,17.45684321162538,17.48875070450143,-0.03190749287605286,-10.548099551966061
1340,1439.451900332386,17.456843223847443,17.488750713743265,-0.031907489895820616,-10.548099667613997
1341,1439.4519000510486,17.456843224550457,17.48875071444628,-0.031907489895820616,-10.548099948951403
1342,1439.4518997503876,17.456843229859277,17.488750716774867,-0.03190748691558838,-10.54810024961239
1343,1439.4518995397166,17.456843260000174,17.488750746915763,-0.03190748691558838,-10.548100460283422
1344,1439.4518992665248,17.456843269649784,17.488750759545606,-0.031907489895820616,-10.548100733475167
1345,1439.4518990388376,17.456843259340936,17.488750746256525,-0.03190748691558838,-10.54810096116239
1346,1439.4518988887742,17.45684326868454,17.48875075560013,-0.03190748691558838,-10.548101111225833
1347,1439.4518986035894,17.456843288702405,17.488750778598227,-0.031907489895820616,-10.54810139641063
1348,1439.4518982445807,17.456843303306215,17.488750790221804,-0.03190748691558838,-10.548101755419339
1349,1439.4518981002695,17.456843308986805,17.488750795902394,-0.03190748691558838,-10.548101899730455
1350,1439.4518980393616,17.456843309800025,17.488750799695847,-0.031907489895820616,-10.548101960638405
1351,1439.4518979912311,17.456843321951215,17.488750811847037,-0.031907489895820616,-10.548102008768865
1352,1439.4518980714179,17.456843323182014,17.488750813077836,-0.031907489895820616,-10.548101928582128
1353,1439.4518981874749,17.45684331825718,17.488750808153004,-0.031907489895820616,-10.548101812525147
1354,1439.4518983386995,17.456843300154013,17.488750790049835,-0.031907489895820616,-10.548101661300507
1355,1439.4518986302608,17.456843268170196,17.488750761046248,-0.03190749287605286,-10.548101369739243
1356,1439.451898925189,17.456843278113976,17.488750770990027,-0.03190749287605286,-10.54810107481103
1357,1439.4518991380007,17.456843305255994,17.488750798132045,-0.03190749287605286,-10.548100861999274
1358,1439.4518993661927,17.456843259358106,17.488750752234157,-0.03190749287605286,-10.54810063380728
1359,1439.4518996483885,17.456843254703607,17.488750747579658,-0.03190749287605286,-10.548100351611538
1360,1439.451899958514,17.45684326081509,17.488750753691143,-0.03190749287605286,-10.548100041485895
1361,1439.4519002633745,17.456843276231364,17.48875077208765,-0.0319074958562851,-10.548099736625545
1362,1439.4519005425634,17.45684327407001,17.488750769926295,-0.0319074958562851,-10.548099457436592
1363,1439.4519008639795,17.456843272890637,17.48875076874692,-0.0319074958562851,-10.548099136020483
1364,1439.4519011525697,17.45684326467442,17.488750763510936,-0.031907498836517334,-10.54809884743031
1365,1439.4519013703145,17.456843261759193,17.488750757615477,-0.0319074958562851,-10.548098629685455
1366,1439.4519014596929,17.45684327682581,17.488750772682096,-0.0319074958562851,-10.548098540307137
1367,1439.4519013606407,17.456843280086527,17.48875077296258,-0.03190749287605286,-10.548098639359296
1368,1439.4519013378547,17.45684327979262,17.48875077266867,-0.03190749287605286,-10.548098662145321
1369,1439.4519015081585,17.456843307646082,17.488750800522133,-0.03190749287605286,-10.548098491841529
1370,1439.4519014065083,17.456843279119983,17.488750771996035,-0.03190749287605286,-10.548098593491659
1371,1439.4519012576582,17.45684324769107,17.48875074056712,-0.03190749287605286,-10.548098742341836
1372,1439.4519011129926,17.4568432406627,17.48875073055852,-0.031907489895820616,-10.548098887007427
1373,1439.451901031057,17.456843239760097,17.48875072965592,-0.031907489895820616,-10.548098968942895
1374,1439.4519009115431,17.456843242480605,17.488750732376428,-0.031907489895820616,-10.548099088456866
1375,1439.4519007406095,17.456843206820132,17.488750696715954,-0.031907489895820616,-10.548099259390483
1376,1439.4519004740746,17.456843207815428,17.48875069771125,-0.031907489895820616,-10.548099525925409
1377,1439.4519001604624,17.456843204198126,17.488750691113715,-0.03190748691558838,-10.548099839537599
1378,1439.4518999183692,17.456843204393547,17.488750691309136,-0.03190748691558838,-10.548100081630764
1379,1439.451899682881,17.456843207963797,17.48875069785962,-0.031907489895820616,-10.548100317118951
1380,1439.451899441876,17.456843209792446,17.488750696708035,-0.03190748691558838,-10.548100558123906
1381,1439.4518993848658,17.456843230005965,17.488750716921555,-0.03190748691558838,-10.548100615134217
1382,1439.4518991975465,17.456843259784993,17.488750749680815,-0.031907489895820616,-10.548100802453519
1383,1439.4518988973111,17.45684327640802,17.48875076630384,-0.031907489895820616,-10.548101102688861
1384,1439.4518986056062,17.45684323950549,17.488750726421078,-0.03190748691558838,-10.548101394393825
1385,1439.4518983167027,17.45684321760392,17.48875070451951,-0.03190748691558838,-10.548101683297318
1386,1439.4518980350188,17.456843206950488,17.488750693866077,-0.03190748691558838,-10.548101964981242
1387,1439.4518975487001,17.456843224723478,17.488750708658834,-0.03190748393535614,-10.548102451299883
1388,1439.4518971014843,17.456843220368942,17.488750701324065,-0.031907480955123906,-10.548102898515708
1389,1439.4518966852593,17.456843247618394,17.488750728573518,-0.031907480955123906,-10.548103314740729
1390,1439.4518963180612,17.456843232040832,17.488750712995955,-0.031907480955123906,-10.548103681938755
1391,1439.4518960233752,17.45684325290556,17.488750733860684,-0.031907480955123906,-10.548103976624816
1392,1439.4518958262756,17.456843294011303,17.488750774966427,-0.031907480955123906,-10.548104173724369
1393,1439.4518958503115,17.456843310260655,17.488750797176245,-0.03190748691558838,-10.54810414968847
1394,1439.4518961331355,17.45684331938736,17.488750809283182,-0.031907489895820616,-10.548103866864494
1395,1439.4518965730592,17.456843331086365,17.488750823962416,-0.03190749287605286,-10.54810342694077
1396,1439.4518968365912,17.456843338759075,17.488750831635127,-0.03190749287605286,-10.548103163408769
1397,1439.4518970091679,17.456843328960232,17.488750821836284,-0.03190749287605286,-10.548102990832149
1398,1439.4518971523307,17.456843332477668,17.48875082535372,-0.03190749287605286,-10.54810284766927
1399,1439.451897407912,17.456843306510695,17.488750799386747,-0.03190749287605286,-10.548102592088071
1400,1439.4518976101851,17.4568432968632,17.488750789739253,-0.03190749287605286,-10.548102389814858
1401,1439.4518979763702,17.456843331685032,17.488750824561084,-0.03190749287605286,-10.54810202362978
1402,1439.4518982434074,17.456843321317308,17.48875081419336,-0.03190749287605286,-10.548101756592587
1403,1439.451898639272,17.456843337064672,17.488750829940724,-0.03190749287605286,-10.54810136072797
1404,1439.451899267192,17.45684332792762,17.488750823783903,-0.0319074958562851,-10.548100732808052
1405,1439.4518999386096,17.45684331386661,17.488750812703127,-0.031907498836517334,-10.548100061390414
1406,1439.451900588562,17.456843300495322,17.48875079933184,-0.031907498836517334,-10.548099411437988
1407,1439.4519012303451,17.456843300549526,17.488750799386043,-0.031907498836517334,-10.548098769654871
1408,1439.45190182596,17.456843278732944,17.48875077756946,-0.031907498836517334,-10.548098174039978
1409,1439.4519022548782,17.456843259201367,17.488750758037884,-0.031907498836517334,-10.548097745121822
1410,1439.4519025967363,17.456843242354715,17.488750741191232,-0.031907498836517334,-10.548097403263682
1411,1439.451902695902,17.45684325062958,17.488750746485863,-0.0319074958562851,-10.548097304098064
1412,1439.4519026645075,17.456843226078018,17.48875071895407,-0.03190749287605286,-10.548097335492457
1413,1439.451902753044,17.456843198136287,17.48875069101234,-0.03190749287605286,-10.548097246956104
1414,1439.4519026826292,17.456843194840488,17.48875068771654,-0.03190749287605286,-10.548097317370775
1415,1439.4519026473508,17.45684320773121,17.488750700607262,-0.03190749287605286,-10.548097352649165
1416,1439.4519025086474,17.45684320037548,17.488750693251532,-0.03190749287605286,-10.548097491352564
1417,1439.4519022384002,17.45684318386261,17.48875067673866,-0.03190749287605286,-10.54809776159982
1418,1439.4519018586961,17.456843188171923,17.488750678067746,-0.031907489895820616,-10.548098141303853
1419,1439.451901486138,17.45684320645607,17.48875069337166,-0.03190748691558838,-10.548098513861987
1420,1439.4519010339275,17.456843241045583,17.488750727961172,-0.03190748691558838,-10.54809896607253
1421,1439.4519005445804,17.45684324990279,17.48875073681838,-0.03190748691558838,-10.54809945541956
1422,1439.4519000215275,17.456843234122065,17.48875071805742,-0.03190748393535614,-10.548099978472464
1423,1439.4518995934575,17.456843221072514,17.488750702027637,-0.031907480955123906,-10.548100406542517
1424,1439.4518990549254,17.456843225458222,17.488750709393578,-0.03190748393535614,-10.548100945074566
1425,1439.451898450095,17.456843286501414,17.48875077043677,-0.03190748393535614,-10.548101549904914
1426,1439.4518979514023,17.456843285646485,17.488750772562074,-0.03190748691558838,-10.548102048597684
1427,1439.45189762029,17.456843271991293,17.48875075592665,-0.03190748393535614,-10.548102379709917
1428,1439.451897292956,17.456843255684486,17.488750742600075,-0.03190748691558838,-10.548102707044109
1429,1439.4518969052467,17.456843257758397,17.488750741693753,-0.03190748393535614,-10.548103094753287
1430,1439.4518965950367,17.45684326925041,17.488750756166,-0.03190748691558838,-10.548103404963285
1431,1439.4518964578226,17.45684328946545,17.48875077638104,-0.03190748691558838,-10.548103542177387
1432,1439.45189658699,17.456843299952453,17.488750786868042,-0.03190748691558838,-10.54810341301004
1433,1439.4518967870292,17.456843281185858,17.48875077108168,-0.031907489895820616,-10.548103212970773
1434,1439.451896891043,17.456843281202417,17.48875077109824,-0.031907489895820616,-10.548103108957093
1435,1439.4518969276037,17.456843288988217,17.48875077888404,-0.031907489895820616,-10.548103072396316
1436,1439.4518970120237,17.456843295676233,17.488750785572055,-0.031907489895820616,-10.548102987976335
1437,1439.451897460104,17.456843279072018,17.48875077194807,-0.03190749287605286,-10.548102539896036
1438,1439.4518978844635,17.45684330440955,17.4887507972856,-0.03190749287605286,-10.548102115536494
1439,1439.4518982118855,17.45684329439887,17.48875078727492,-0.03190749287605286,-10.548101788114536
1440,1439.4518984222454,17.456843289489715,17.488750782365766,-0.03190749287605286,-10.54810157775455
1441,1439.451898625353,17.456843283126577,17.48875077600263,-0.03190749287605286,-10.548101374647104
1442,1439.4518988510702,17.456843255359733,17.488750748235784,-0.03190749287605286,-10.548101148929845
1443,1439.451899133101,17.456843247201025,17.488750737096847,-0.031907489895820616,-10.548100866898949
1444,1439.4518994172113,17.45684325271695,17.488750745593002,-0.03190749287605286,-10.54810058278872
1445,1439.4518995446228,17.4568432591984,17.488750752074452,-0.03190749287605286,-10.548100455377153
1446,1439.451899651383,17.456843263964373,17.488750756840425,-0.03190749287605286,-10.548100348617027
1447,1439.4518997617988,17.456843231321425,17.488750724197477,-0.03190749287605286,-10.548100238201187
1448,1439.4518998770452,17.456843253137627,17.48875074601368,-0.03190749287605286,-10.548100122954793
1449,1439.4518998766598,17.456843255953764,17.488750748829816,-0.03190749287605286,-10.548100123340191
1450,1439.4519000040077,17.45684323486993,17.48875072476575,-0.031907489895820616,-10.548099995992288
1451,1439.4519000053322,17.456843203353937,17.48875069622999,-0.03190749287605286,-10.548099994667837
1452,1439.4518999009117,17.456843185232593,17.488750675128415,-0.031907489895820616,-10.548100099088288
1453,1439.4518996798909,17.456843165863916,17.488750655759738,-0.031907489895820616,-10.548100320109143
1454,1439.4518992626922,17.456843201974163,17.488750688889752,-0.03190748691558838,-10.548100737307777
1455,1439.4518988264342,17.456843221175706,17.488750705111062,-0.03190748393535614,-10.548101173565783
1456,1439.4518984908473,17.4568432520057,17.488750732960824,-0.031907480955123906,-10.54810150915273
1457,1439.4518982621282,17.45684325111242,17.48875073802801,-0.03190748691558838,-10.548101737871775
1458,1439.4518981090398,17.45684324618243,17.48875073309802,-0.03190748691558838,-10.548101890960197
1459,1439.4518977943005,17.456843244012894,17.488750730928484,-0.03190748691558838,-10.548102205699479
1460,1439.4518976809413,17.45684328030393,17.488750764239285,-0.03190748393535614,-10.548102319058671
1461,1439.4518976738,17.456843309861007,17.48875079975683,-0.031907489895820616,-10.548102326200024
1462,1439.4518976178222,17.456843304324796,17.488750794220618,-0.031907489895820616,-10.54810238217783
1463,1439.4518974330304,17.45684329691008,17.488750786805902,-0.031907489895820616,-10.548102566969646
1464,1439.4518971790233,17.45684327568758,17.4887507655834,-0.031907489895820616,-10.548102820976737
1465,1439.4518968392026,17.45684327466659,17.48875076158218,-0.03190748691558838,-10.548103160797382
1466,1439.4518967507593,17.45684327806294,17.48875076497853,-0.03190748691558838,-10.54810324924074
1467,1439.4518968380207,17.456843332976778,17.488750819892367,-0.03190748691558838,-10.54810316197927
1468,1439.4518971586567,17.456843317281574,17.488750810157626,-0.03190749287605286,-10.54810284134328
1469,1439.4518974694774,17.456843298065362,17.488750790941413,-0.03190749287605286,-10.548102530522556
1470,1439.4518977185628,17.45684328037927,17.488750773255322,-0.03190749287605286,-10.548102281437195
1471,1439.4518979092713,17.456843267971436,17.488750760847488,-0.03190749287605286,-10.548102090728662
1472,1439.451898258841,17.45684325195397,17.48875074483002,-0.03190749287605286,-10.548101741158916
1473,1439.4518987145464,17.45684325467644,17.48875074457226,-0.031907489895820616,-10.54810128545364
1474,1439.4518990659392,17.45684325294217,17.488750745818223,-0.03190749287605286,-10.548100934060813
1475,1439.4518992993983,17.456843233419168,17.48875072629522,-0.03190749287605286,-10.548100700601708
1476,1439.4518993394788,17.456843230875293,17.488750720771115,-0.031907489895820616,-10.548100660521186
1477,1439.451899362847,17.456843269580723,17.488750759476545,-0.031907489895820616,-10.548100637153084
1478,1439.4518994323112,17.45684328673457,17.488750776630393,-0.031907489895820616,-10.548100567688834
1479,1439.451899818094,17.456843246417623,17.488750739293675,-0.03190749287605286,-10.548100181905966
1480,1439.4519000128275,17.45684319721182,17.488750690087873,-0.03190749287605286,-10.548099987172463
1481,1439.451900000998,17.456843198971164,17.488750688866986,-0.031907489895820616,-10.548099999002034
1482,1439.4518998474152,17.456843226045848,17.48875071594167,-0.031907489895820616,-10.548100152584766
1483,1439.4518996318682,17.456843244370415,17.488750734266237,-0.031907489895820616,-10.548100368131827
1484,1439.4518993589147,17.456843257163555,17.488750744079145,-0.03190748691558838,-10.548100641085284
1485,1439.4518991411067,17.45684324935652,17.48875073627211,-0.03190748691558838,-10.54810085889335
1486,1439.451898933939,17.456843241481174,17.488750728396763,-0.03190748691558838,-10.548101066061008
1487,1439.4518985976322,17.456843206757206,17.488750693672795,-0.03190748691558838,-10.54810140236782
1488,1439.4518982205307,17.456843192561774,17.488750679477363,-0.03190748691558838,-10.548101779469334
1489,1439.4518980671712,17.45684320900653,17.488750689961652,-0.031907480955123906,-10.548101932828786
1490,1439.451898026744,17.45684323433728,17.48875072125287,-0.03190748691558838,-10.548101973256053
1491,1439.4518977681878,17.456843241417193,17.488750731313015,-0.031907489895820616,-10.548102231812209
1492,1439.4518972330152,17.45684321085016,17.48875069776575,-0.03190748691558838,-10.548102766984812
1493,1439.4518967508195,17.45684323115794,17.488750712113063,-0.031907480955123906,-10.548103249180485
1494,1439.4518965058214,17.45684326432849,17.488750745283614,-0.031907480955123906,-10.548103494178577
1495,1439.4518964371525,17.456843266145704,17.488750756041526,-0.031907489895820616,-10.548103562847473
1496,1439.4518964833237,17.456843259438894,17.488750746354484,-0.03190748691558838,-10.548103516676292
1497,1439.4518964960646,17.456843251355032,17.48875073827062,-0.03190748691558838,-10.548103503935408
1498,1439.4518964760143,17.45684325745652,17.488750741391875,-0.03190748393535614,-10.548103523985674
1499,1439.4518962779753,17.45684326975156,17.488750756667148,-0.03190748691558838,-10.548103722024734
1500,1439.4518960404357,17.456843269299572,17.48875075621516,-0.03190748691558838,-10.548103959564287
1501,1439.4518959454015,17.45684327194222,17.48875076183804,-0.031907489895820616,-10.548104054598525
1502,1439.4518960482394,17.45684329380608,17.48875078072167,-0.03190748691558838,-10.548103951760595
1503,1439.4518962143115,17.456843278589457,17.48875076848528,-0.031907489895820616,-10.548103785688454
1504,1439.4518961968863,17.456843272433897,17.48875076530995,-0.03190749287605286,-10.54810380311369
1505,1439.4518962770376,17.456843235697544,17.488750722613133,-0.03190748691558838,-10.548103722962423
1506,1439.4518965182801,17.45684324771946,17.488750731654815,-0.03190748393535614,-10.548103481719863
1507,1439.4518967663487,17.456843288590058,17.488750775505647,-0.03190748691558838,-10.548103233651318
1508,1439.4518969862077,17.45684328703466,17.48875077991071,-0.03190749287605286,-10.548103013792343
1509,1439.4518971286395,17.456843243542234,17.488750736418286,-0.03190749287605286,-10.54810287136047
1510,1439.4518972908718,17.456843274767706,17.48875076466353,-0.031907489895820616,-10.548102709128216
1511,1439.4518975457327,17.45684330036737,17.488750790263193,-0.031907489895820616,-10.548102454267337
1512,1439.4518977910416,17.456843270605155,17.488750763481207,-0.03190749287605286,-10.548102208958426
1513,1439.4518980206276,17.45684326165395,17.488750754530002,-0.03190749287605286,-10.548101979372404
1514,1439.451898356737,17.456843273342564,17.488750766218615,-0.03190749287605286,-10.548101643262953
1515,1439.4518985635702,17.456843257750492,17.488750750626544,-0.03190749287605286,-10.54810143642976
1516,1439.451898676208,17.45684322946055,17.4887507223366,-0.03190749287605286,-10.548101323792025
1517,1439.4518985386244,17.45684325744009,17.488750747335914,-0.031907489895820616,-10.548101461375609
1518,1439.451898458282,17.456843232016407,17.48875072191223,-0.031907489895820616,-10.548101541718097
1519,1439.4518986020366,17.456843242995483,17.48875072991107,-0.03190748691558838,-10.548101397963364
1520,1439.4518987050628,17.4568432385063,17.48875072840212,-0.031907489895820616,-10.548101294937169
1521,1439.451898541107,17.456843258815265,17.488750748711087,-0.031907489895820616,-10.548101458892916
1522,1439.451898557032,17.45684322411599,17.48875071401181,-0.031907489895820616,-10.54810144296789
1523,1439.4518986958633,17.456843231481308,17.488750718396897,-0.03190748691558838,-10.548101304136708
1524,1439.4518986137748,17.456843215091272,17.488750704987094,-0.031907489895820616,-10.548101386225198
1525,1439.4518984594717,17.45684322485833,17.488750711773918,-0.03190748691558838,-10.54810154052825
1526,1439.4518984034744,17.456843263044224,17.488750749959813,-0.03190748691558838,-10.548101596525612
1527,1439.4518983066953,17.45684328047424,17.48875077037006,-0.031907489895820616,-10.548101693304716
1528,1439.451898111754,17.456843296753572,17.488750786649394,-0.031907489895820616,-10.548101888246038
1529,1439.451898171016,17.456843312602057,17.488750799517646,-0.03190748691558838,-10.548101828984045
1530,1439.451898151586,17.4568433252009,17.488750815096722,-0.031907489895820616,-10.548101848414035
1531,1439.4518982966413,17.456843358687557,17.48875084858338,-0.031907489895820616,-10.548101703358725
1532,1439.4518984784504,17.456843334158027,17.488750827034078,-0.03190749287605286,-10.548101521549597
1533,1439.451898822678,17.45684334387737,17.48875083675342,-0.03190749287605286,-10.548101177321996
1534,1439.451898954272,17.4568433090629,17.488750801938952,-0.03190749287605286,-10.54810104572789
1535,1439.4518991133682,17.456843301885367,17.48875079476142,-0.03190749287605286,-10.5481008866318
1536,1439.4518991496645,17.456843296602884,17.488750789478935,-0.03190749287605286,-10.548100850335459
1537,1439.451899244314,17.45684331551176,17.488750805407584,-0.031907489895820616,-10.548100755685937
1538,1439.4518995578358,17.45684330219997,17.488750795076022,-0.03190749287605286,-10.548100442164241
1539,1439.4518999647128,17.456843330263137,17.48875082313919,-0.03190749287605286,-10.548100035287234
1540,1439.4519004625104,17.45684333249528,17.488750831331796,-0.031907498836517334,-10.548099537489634
1541,1439.4519010126166,17.45684330465085,17.488750803487367,-0.031907498836517334,-10.548098987383355
1542,1439.45190154881,17.456843271690545,17.488750770527062,-0.031907498836517334,-10.548098451190072
1543,1439.4519021787282,17.45684326247812,17.488750761314638,-0.031907498836517334,-10.548097821271767
1544,1439.4519025669072,17.45684327503913,17.488750773875648,-0.031907498836517334,-10.548097433092835
1545,1439.4519029215967,17.45684324009283,17.488750738929348,-0.031907498836517334,-10.548097078403316
1546,1439.4519029349592,17.456843192851547,17.48875068870783,-0.0319074958562851,-10.548097065040793
1547,1439.4519027963586,17.456843193361546,17.488750686237598,-0.03190749287605286,-10.548097203641419
1548,1439.4519025178492,17.456843154971676,17.488750647847727,-0.03190749287605286,-10.548097482150752
1549,1439.4519022374877,17.45684313119736,17.488750621093182,-0.031907489895820616,-10.54809776251227
1550,1439.4519017688722,17.456843120642905,17.488750610538727,-0.031907489895820616,-10.548098231127824
1551,1439.4519013937852,17.456843122138615,17.488750609054204,-0.03190748691558838,-10.548098606214808
1552,1439.4519009842095,17.456843136159964,17.488750623075553,-0.03190748691558838,-10.548099015790513
1553,1439.4519003893104,17.456843139051895,17.488750625967484,-0.03190748691558838,-10.548099610689633
1554,1439.4518996075842,17.456843139697202,17.488750620652326,-0.031907480955123906,-10.54810039241579
1555,1439.451898797428,17.456843131228474,17.488750612183598,-0.031907480955123906,-10.54810120257207
1556,1439.451898107378,17.45684314727871,17.488750628233834,-0.031907480955123906,-10.548101892622071
1557,1439.4518972668077,17.45684315722081,17.488750638175933,-0.031907480955123906,-10.548102733192309
1558,1439.4518962039238,17.456843135493,17.488750616448122,-0.031907480955123906,-10.548103796076248
1559,1439.4518952332778,17.45684315903349,17.48875063402815,-0.03190747499465942,-10.54810476672219
1560,1439.4518941276417,17.45684315713628,17.48875063213094,-0.03190747499465942,-10.548105872358292
1561,1439.4518930236986,17.45684320464329,17.48875067665772,-0.03190747201442719,-10.54810697630137
1562,1439.45189203844,17.456843231853053,17.488750706847714,-0.03190747499465942,-10.548107961559936
1563,1439.4518912525698,17.456843256975297,17.488750731969958,-0.03190747499465942,-10.548108747430206
1564,1439.4518907424751,17.456843287657502,17.488750762652163,-0.03190747499465942,-10.548109257524857
1565,1439.451890386213,17.456843258318415,17.488750736293305,-0.031907477974891664,-10.548109613786892
1566,1439.4518901582583,17.456843296903898,17.48875077785902,-0.031907480955123906,-10.548109841741734
1567,1439.4518900021542,17.456843304307785,17.48875078526291,-0.031907480955123906,-10.548109997845813
1568,1439.4518900248806,17.45684328404479,17.488750764999914,-0.031907480955123906,-10.54810997511936
1569,1439.451890160732,17.456843294833668,17.48875077578879,-0.031907480955123906,-10.548109839267909
1570,1439.4518902027994,17.45684328927781,17.488750770232933,-0.031907480955123906,-10.548109797200595
1571,1439.4518904027298,17.45684327347186,17.488750754426984,-0.031907480955123906,-10.54810959727024
1572,1439.4518906019725,17.456843294745784,17.488750775700908,-0.031907480955123906,-10.548109398027464
1573,1439.45189110632,17.456843303993768,17.48875078494889,-0.031907480955123906,-10.54810889367991
1574,1439.4518917524526,17.456843288426096,17.48875077832192,-0.031907489895820616,-10.548108247547361
1575,1439.4518925135628,17.456843300974267,17.48875079385032,-0.03190749287605286,-10.548107486437175
1576,1439.4518934162577,17.45684330328584,17.48875079616189,-0.03190749287605286,-10.54810658374231
1577,1439.4518940895703,17.45684330408198,17.488750799938263,-0.0319074958562851,-10.54810591042974
1578,1439.4518949294256,17.45684327755625,17.4887507704323,-0.03190749287605286,-10.548105070574366
1579,1439.4518957387643,17.45684329561947,17.488750791475756,-0.0319074958562851,-10.548104261235721
1580,1439.451896346279,17.45684327281462,17.488750768670904,-0.0319074958562851,-10.548103653721
1581,1439.4518969473727,17.4568432767646,17.488750769640653,-0.03190749287605286,-10.548103052627312
1582,1439.451897437092,17.45684326056476,17.48875075344081,-0.03190749287605286,-10.54810256290807
1583,1439.451897758277,17.456843257257187,17.48875075013324,-0.03190749287605286,-10.548102241722972
1584,1439.4518981758624,17.45684328862345,17.4887507814995,-0.03190749287605286,-10.548101824137575
1585,1439.4518986148692,17.45684327547707,17.48875076835312,-0.03190749287605286,-10.548101385130849
1586,1439.4518989197222,17.456843276036594,17.488750771892878,-0.0319074958562851,-10.548101080277775
1587,1439.4518992654941,17.45684327123044,17.48875076410649,-0.03190749287605286,-10.548100734505852
1588,1439.4518996003856,17.45684328746224,17.488750780338293,-0.03190749287605286,-10.548100399614441
1589,1439.4518999203249,17.45684328380913,17.48875077668518,-0.03190749287605286,-10.548100079675123
1590,1439.4519000556643,17.456843277136834,17.488750772993118,-0.0319074958562851,-10.548099944335718
1591,1439.4519002952861,17.45684329143214,17.48875078430819,-0.03190749287605286,-10.548099704713877
1592,1439.4519003833811,17.456843279426657,17.48875077230271,-0.03190749287605286,-10.548099616618856
1593,1439.4519004588647,17.456843248629088,17.48875074150514,-0.03190749287605286,-10.548099541135343
1594,1439.4519003931384,17.45684324850029,17.488750738396114,-0.031907489895820616,-10.54809960686157
1595,1439.4519002604663,17.456843223069693,17.488750712965516,-0.031907489895820616,-10.548099739533654
1596,1439.4519002606262,17.456843213365183,17.488750703261005,-0.031907489895820616,-10.54809973937381
1597,1439.4519001393903,17.45684323022374,17.488750720119562,-0.031907489895820616,-10.548099860609682
1598,1439.4519000242485,17.45684325302809,17.488750742923912,-0.031907489895820616,-10.548099975751484
1599,1439.4518998970616,17.456843254542687,17.48875074443851,-0.031907489895820616,-10.548100102938406
1600,1439.4518999001557,17.456843274781733,17.488750764677555,-0.031907489895820616,-10.548100099844305
1601,1439.4518999057923,17.45684326947199,17.48875076234804,-0.03190749287605286,-10.548100094207712
1602,1439.4518998941276,17.456843275753517,17.48875076862957,-0.03190749287605286,-10.548100105872436
1603,1439.4518999798229,17.45684326389468,17.48875075677073,-0.03190749287605286,-10.548100020177117
1604,1439.4518999662864,17.456843235229933,17.488750728105984,-0.03190749287605286,-10.548100033713581
1605,1439.4518997369385,17.45684323103503,17.488750720930852,-0.031907489895820616,-10.548100263061542
1606,1439.4518994856892,17.45684321807469,17.48875070499028,-0.03190748691558838,-10.548100514310818
1607,1439.4518990750078,17.45684322902904,17.48875071594463,-0.03190748691558838,-10.54810092499224
1608,1439.4518986303756,17.45684323741694,17.488750721352297,-0.03190748393535614,-10.548101369624419
1609,1439.4518983521202,17.456843277114082,17.488750758069205,-0.031907480955123906,-10.548101647879776
1610,1439.451898278133,17.456843280057104,17.488750766972693,-0.03190748691558838,-10.548101721866942
1611,1439.4518982363645,17.456843254819972,17.488750744715794,-0.031907489895820616,-10.548101763635486
1612,1439.4518983021187,17.45684323473286,17.488750724628684,-0.031907489895820616,-10.548101697881293
1613,1439.4518982916452,17.45684321605072,17.488750705946543,-0.031907489895820616,-10.548101708354807
1614,1439.4518982632665,17.456843198652173,17.488750685567762,-0.03190748691558838,-10.548101736733543
1615,1439.4518980918956,17.45684317416616,17.48875066108175,-0.03190748691558838,-10.5481019081044
1616,1439.4518976737484,17.456843152445167,17.488750639360756,-0.03190748691558838,-10.548102326251637
1617,1439.4518971909183,17.456843163761327,17.48875064471645,-0.031907480955123906,-10.548102809081684
1618,1439.451896616455,17.456843163294497,17.48875064424962,-0.031907480955123906,-10.548103383544913
1619,1439.451896131295,17.456843188213238,17.48875066916836,-0.031907480955123906,-10.548103868705084
1620,1439.4518957210237,17.456843178074493,17.488750659029616,-0.031907480955123906,-10.548104278976325
1621,1439.4518956031584,17.45684322630504,17.488750707260163,-0.031907480955123906,-10.548104396841609
1622,1439.4518955672975,17.456843241368915,17.48875072530427,-0.03190748393535614,-10.54810443270253
1623,1439.4518954599837,17.456843268333618,17.488750752268974,-0.03190748393535614,-10.548104540016311
1624,1439.4518953164347,17.45684326632714,17.48875075324273,-0.03190748691558838,-10.54810468356527
1625,1439.4518951212908,17.456843251249992,17.48875073816558,-0.03190748691558838,-10.548104878709182
1626,1439.451894886675,17.456843269945605,17.488750750900728,-0.031907480955123906,-10.548105113324937
1627,1439.4518945660006,17.45684325901674,17.48875074593233,-0.03190748691558838,-10.548105433999353
1628,1439.4518941598383,17.456843245825,17.488750732740588,-0.03190748691558838,-10.548105840161725
1629,1439.4518938616873,17.4568432453579,17.48875072631302,-0.031907480955123906,-10.548106138312733
1630,1439.4518935959743,17.456843251137904,17.488750732093028,-0.031907480955123906,-10.548106404025702
1631,1439.451893505909,17.45684324467333,17.488750725628453,-0.031907480955123906,-10.548106494090916
1632,1439.451893348801,17.45684322629213,17.488750710227485,-0.03190748393535614,-10.548106651199078
1633,1439.451893492907,17.45684325395982,17.488750734914944,-0.031907480955123906,-10.548106507093053
1634,1439.4518937553873,17.45684328556686,17.488750772482447,-0.03190748691558838,-10.548106244612654
1635,1439.4518942072193,17.45684328890877,17.48875077582436,-0.03190748691558838,-10.548105792780689
1636,1439.4518946625603,17.456843301164387,17.48875079106021,-0.031907489895820616,-10.548105337439665
1637,1439.4518950367576,17.45684329746766,17.488750790343712,-0.03190749287605286,-10.548104963242395
1638,1439.4518955314688,17.456843303602763,17.488750796478815,-0.03190749287605286,-10.548104468531164
1639,1439.4518959402897,17.456843285071525,17.488750777947576,-0.03190749287605286,-10.54810405971034
1640,1439.451896248183,17.45684328992949,17.488750782805543,-0.03190749287605286,-10.548103751817052
1641,1439.4518965398345,17.45684329040351,17.48875078327956,-0.03190749287605286,-10.548103460165521
1642,1439.4518968190825,17.456843252182534,17.488750745058585,-0.03190749287605286,-10.548103180917451
1643,1439.4518969932442,17.45684324522372,17.48875073511954,-0.031907489895820616,-10.54810300675581
1644,1439.4518969869882,17.456843223643883,17.488750713539705,-0.031907489895820616,-10.548103013011769
1645,1439.4518970695747,17.456843201644393,17.488750688559982,-0.03190748691558838,-10.54810293042533
1646,1439.4518972300468,17.456843167444866,17.488750654360455,-0.03190748691558838,-10.548102769953175
1647,1439.4518973239724,17.456843201270317,17.488750688185906,-0.03190748691558838,-10.54810267602761
1648,1439.4518974431464,17.456843205053406,17.488750691968995,-0.03190748691558838,-10.548102556853564
1649,1439.4518974850935,17.456843187627783,17.488750674543372,-0.03190748691558838,-10.548102514906532
1650,1439.4518974916587,17.45684316096897,17.488750647884558,-0.03190748691558838,-10.548102508341344
1651,1439.451897324642,17.456843167768685,17.488750654684274,-0.03190748691558838,-10.548102675357995
1652,1439.4518971496568,17.456843164141507,17.488750648076863,-0.03190748393535614,-10.548102850343184
1653,1439.451896941953,17.456843155875454,17.48875063981081,-0.03190748393535614,-10.54810305804699
1654,1439.4518964554484,17.45684312620957,17.488750610144926,-0.03190748393535614,-10.548103544551623
1655,1439.451895942669,17.456843179175582,17.488750660130705,-0.031907480955123906,-10.548104057331102
1656,1439.451895334614,17.45684315966255,17.488750640617674,-0.031907480955123906,-10.548104665386063
1657,1439.451894638756,17.45684317015292,17.48875065110804,-0.031907480955123906,-10.548105361244097
1658,1439.4518938134893,17.456843188359105,17.488750666333996,-0.031907477974891664,-10.548106186510722
1659,1439.4518933097263,17.456843223492005,17.488750698486665,-0.03190747499465942,-10.548106690273698
1660,1439.4518929337326,17.45684322784309,17.48875070581798,-0.031907477974891664,-10.548107066267448
1661,1439.4518925811706,17.456843276659427,17.48875075761455,-0.031907480955123906,-10.548107418829431
1662,1439.4518921993717,17.45684327232134,17.488750753276463,-0.031907480955123906,-10.548107800628259
1663,1439.4518919773348,17.456843281854205,17.488750762809328,-0.031907480955123906,-10.548108022665247
1664,1439.45189184223,17.456843298083886,17.48875077903901,-0.031907480955123906,-10.548108157770002
1665,1439.4518917663052,17.456843316135952,17.48875080007131,-0.03190748393535614,-10.548108233694848
1666,1439.4518915873161,17.45684328999089,17.488750773926245,-0.03190748393535614,-10.54810841268386
1667,1439.4518917662067,17.456843275462685,17.488750756417808,-0.031907480955123906,-10.5481082337933
1668,1439.4518918160477,17.4568432592094,17.48875074612499,-0.03190748691558838,-10.548108183952309
1669,1439.4518918943343,17.456843232025324,17.48875071596068,-0.03190748393535614,-10.548108105665733
1670,1439.4518920194757,17.456843212689385,17.48875069364451,-0.031907480955123906,-10.548107980524264
1671,1439.4518922995271,17.45684322695181,17.488750707906934,-0.031907480955123906,-10.548107700472883
1672,1439.451892540617,17.45684321204195,17.48875069895754,-0.03190748691558838,-10.54810745938289
1673,1439.4518930315976,17.456843238750487,17.488750725666076,-0.03190748691558838,-10.548106968402408
1674,1439.4518934471116,17.45684323272307,17.48875071963866,-0.03190748691558838,-10.548106552888385
1675,1439.451893869171,17.456843226970562,17.488750716866384,-0.031907489895820616,-10.548106130828955
1676,1439.4518943216226,17.456843209662047,17.48875069955787,-0.031907489895820616,-10.548105678377397
1677,1439.4518948181349,17.4568432205704,17.488750707485988,-0.03190748691558838,-10.54810518186514
1678,1439.4518951180162,17.45684323862733,17.48875072852315,-0.031907489895820616,-10.548104881983818
1679,1439.4518953121449,17.456843233874384,17.488750720789973,-0.03190748691558838,-10.54810468785513
1680,1439.4518953900167,17.45684322667407,17.48875071358966,-0.03190748691558838,-10.548104609983284
1681,1439.4518952939084,17.456843226334332,17.488750710269688,-0.03190748393535614,-10.548104706091635
1682,1439.4518950906086,17.45684323095706,17.488750714892415,-0.03190748393535614,-10.54810490939144
1683,1439.451894977388,17.45684321480078,17.488750695755904,-0.031907480955123906,-10.548105022611935
1684,1439.4518947608528,17.456843206661684,17.48875069059704,-0.03190748393535614,-10.548105239147162
1685,1439.4518946649646,17.45684316883355,17.488750649788674,-0.031907480955123906,-10.548105335035416
1686,1439.4518944695935,17.456843160662412,17.48875064459777,-0.03190748393535614,-10.548105530406474
1687,1439.4518942309487,17.456843204195913,17.488750685151036,-0.031907480955123906,-10.54810576905129
1688,1439.4518938983726,17.456843189112394,17.488750670067517,-0.031907480955123906,-10.548106101627354
1689,1439.4518936568045,17.456843206696387,17.48875068765151,-0.031907480955123906,-10.548106343195514
1690,1439.4518935662768,17.456843226161695,17.488750707116818,-0.031907480955123906,-10.548106433723206
1691,1439.4518935001972,17.4568432452853,17.488750729220655,-0.03190748393535614,-10.54810649980277
1692,1439.4518934304433,17.45684322985917,17.488750713794527,-0.03190748393535614,-10.548106569556694
1693,1439.451893385177,17.456843230946685,17.48875071488204,-0.03190748393535614,-10.548106614822927
1694,1439.4518933818406,17.456843223094495,17.48875070702985,-0.03190748393535614,-10.548106618159409
1695,1439.4518933152422,17.45684325544153,17.488750739376886,-0.03190748393535614,-10.54810668475784
1696,1439.451893240868,17.45684324592932,17.488750729864677,-0.03190748393535614,-10.548106759131997
1697,1439.4518929985304,17.456843276428888,17.488750760364244,-0.03190748393535614,-10.548107001469589
1698,1439.4518927964577,17.456843289853943,17.488750770809066,-0.031907480955123906,-10.548107203542259
1699,1439.4518929467947,17.45684330772175,17.488750791657107,-0.03190748393535614,-10.548107053205285
1700,1439.4518930782742,17.45684332175492,17.48875080867051,-0.03190748691558838,-10.548106921725775
1701,1439.4518934094212,17.456843359120857,17.488750846036446,-0.03190748691558838,-10.548106590578755
1702,1439.4518939476902,17.45684337650608,17.488750863421668,-0.03190748691558838,-10.548106052309777
1703,1439.4518946676385,17.45684338617441,17.48875087905046,-0.03190749287605286,-10.548105332361501
1704,1439.4518953245301,17.456843376725143,17.488750869601194,-0.03190749287605286,-10.548104675469858
1705,1439.4518960008293,17.45684337730328,17.48875087017933,-0.03190749287605286,-10.548103999170735
1706,1439.451896630795,17.456843379038894,17.488750874895178,-0.0319074958562851,-10.54810336920491
1707,1439.451897436649,17.45684336745566,17.488750860331713,-0.03190749287605286,-10.548102563350994
1708,1439.4518981521317,17.456843379554815,17.488750878391333,-0.031907498836517334,-10.548101847868338
1709,1439.4518990163342,17.45684337362632,17.488750869482605,-0.0319074958562851,-10.54810098366579
1710,1439.451899894725,17.456843359998576,17.488750858835093,-0.031907498836517334,-10.548100105274898
1711,1439.451900835294,17.456843397749687,17.488750896586204,-0.031907498836517334,-10.548099164705945
1712,1439.451901795542,17.456843365861793,17.488750867678544,-0.031907501816749576,-10.548098204458029
1713,1439.451902901252,17.45684337665844,17.48875087847519,-0.031907501816749576,-10.54809709874803
1714,1439.4519039869156,17.456843331758645,17.488750836555628,-0.03190750479698181,-10.548096013084432
1715,1439.4519049663768,17.45684330316713,17.488750807964113,-0.03190750479698181,-10.548095033623213
1716,1439.4519057117136,17.45684327722378,17.488750782020762,-0.03190750479698181,-10.548094288286393
1717,1439.4519062682853,17.45684323202534,17.488750736822322,-0.03190750479698181,-10.548093731714744
1718,1439.4519066363,17.456843204291502,17.48875070312802,-0.031907498836517334,-10.54809336369999
1719,1439.4519067526694,17.45684318769077,17.488750686527286,-0.031907498836517334,-10.548093247330598
1720,1439.4519067619776,17.456843144256897,17.488750643093415,-0.031907498836517334,-10.548093238022375
1721,1439.4519065250856,17.45684308448847,17.488750580344753,-0.0319074958562851,-10.548093474914367
1722,1439.4519060293026,17.456843088098207,17.48875058097426,-0.03190749287605286,-10.548093970697437
1723,1439.4519056190773,17.45684306402873,17.488750553924554,-0.031907489895820616,-10.548094380922748
1724,1439.4519049332528,17.45684310882981,17.48875059872563,-0.031907489895820616,-10.548095066747237
1725,1439.4519043152632,17.45684313440623,17.48875062132182,-0.03190748691558838,-10.548095684736836
1726,1439.4519034517418,17.456843133405734,17.488750623301556,-0.031907489895820616,-10.548096548258172
1727,1439.4519024991596,17.456843171643133,17.48875065557849,-0.03190748393535614,-10.548097500840413
1728,1439.4519015047772,17.456843177636568,17.488750661571924,-0.03190748393535614,-10.548098495222803
1729,1439.4519003587325,17.456843180226453,17.488750661181577,-0.031907480955123906,-10.548099641267527
1730,1439.4518991947455,17.45684320444041,17.488750685395534,-0.031907480955123906,-10.548100805254535
1731,1439.4518980866198,17.456843206950452,17.488750681945113,-0.03190747499465942,-10.548101913380151
1732,1439.451896873031,17.45684321908277,17.48875069407743,-0.03190747499465942,-10.548103126968954
1733,1439.4518954788896,17.456843237550103,17.488750712544764,-0.03190747499465942,-10.548104521110417
1734,1439.4518943164203,17.456843265407528,17.488750737421956,-0.03190747201442719,-10.548105683579706
1735,1439.4518932016151,17.456843267725322,17.488750742719983,-0.03190747499465942,-10.548106798384879
1736,1439.4518925357113,17.456843282342565,17.488750757337225,-0.03190747499465942,-10.548107464288705
1737,1439.4518921720914,17.456843300104566,17.48875078105969,-0.031907480955123906,-10.548107827908552
1738,1439.4518919279506,17.456843310727766,17.48875079168289,-0.031907480955123906,-10.548108072049445
1739,1439.451892009665,17.456843306282046,17.48875078723717,-0.031907480955123906,-10.548107990334984
1740,1439.4518921837885,17.456843309387683,17.488750796303272,-0.03190748691558838,-10.548107816211541
1741,1439.4518924095264,17.456843306525073,17.488750793440662,-0.03190748691558838,-10.548107590473592
1742,1439.4518928076577,17.45684331619621,17.4887508031118,-0.03190748691558838,-10.548107192342286
1743,1439.4518931931116,17.45684327209838,17.4887507619942,-0.031907489895820616,-10.548106806888427
1744,1439.4518936165407,17.456843291169708,17.488750778085297,-0.03190748691558838,-10.548106383459299
1745,1439.451894117709,17.456843286662558,17.48875077655838,-0.031907489895820616,-10.548105882291111
1746,1439.4518947374818,17.45684328145071,17.48875077432676,-0.03190749287605286,-10.54810526251822
1747,1439.451895289898,17.45684325549192,17.48875074836797,-0.03190749287605286,-10.548104710102052
1748,1439.4518958407152,17.45684324997033,17.488750739866152,-0.031907489895820616,-10.548104159284776
1749,1439.4518964406736,17.456843282811615,17.488750772707437,-0.031907489895820616,-10.548103559326364
1750,1439.4518970744182,17.456843298856086,17.488750791732137,-0.03190749287605286,-10.548102925581816
1751,1439.4518976479162,17.45684329233701,17.488750788193293,-0.0319074958562851,-10.548102352083788
1752,1439.4518982116113,17.4568433014619,17.488750797318186,-0.0319074958562851,-10.548101788388749
1753,1439.4518987355675,17.456843306261785,17.48875080211807,-0.0319074958562851,-10.54810126443249
1754,1439.451899299062,17.456843311107995,17.488750809944513,-0.031907498836517334,-10.548100700937994
1755,1439.4518995705353,17.45684330274377,17.488750801580288,-0.031907498836517334,-10.54810042946474
1756,1439.4518999426364,17.456843303294093,17.488750796170144,-0.03190749287605286,-10.548100057363627
1757,1439.4519002325385,17.456843264887144,17.48875076074343,-0.0319074958562851,-10.548099767461508
1758,1439.4519004278613,17.456843264524213,17.488750760380498,-0.0319074958562851,-10.548099572138653
1759,1439.4519004228107,17.456843266783856,17.488750759659908,-0.03190749287605286,-10.548099577189305
1760,1439.4519003363685,17.45684323575655,17.488750728632603,-0.03190749287605286,-10.548099663631547
1761,1439.4519003902142,17.456843228798995,17.488750718694817,-0.031907489895820616,-10.548099609785822
1762,1439.4519004894958,17.456843239936287,17.48875072983211,-0.031907489895820616,-10.548099510504244
1763,1439.4519005127836,17.456843242903062,17.488750735779114,-0.03190749287605286,-10.548099487216405
1764,1439.4519005513755,17.45684322553836,17.488750718414412,-0.03190749287605286,-10.548099448624498
1765,1439.4519005998345,17.456843253501894,17.488750746377946,-0.03190749287605286,-10.548099400165484
1766,1439.451900681436,17.45684326195383,17.48875075482988,-0.03190749287605286,-10.548099318564027
1767,1439.4519007340891,17.456843281332997,17.48875077420905,-0.03190749287605286,-10.548099265910878
1768,1439.4519008137104,17.456843276454883,17.488750769330935,-0.03190749287605286,-10.548099186289619
1769,1439.45190067099,17.4568432660216,17.488750758897652,-0.03190749287605286,-10.548099329010029
1770,1439.4519005473119,17.456843270571905,17.488750763447957,-0.03190749287605286,-10.54809945268812
1771,1439.4519004464516,17.456843257790148,17.4887507506662,-0.03190749287605286,-10.548099553548354
1772,1439.4519001550013,17.45684324800198,17.488750740878032,-0.03190749287605286,-10.54809984499866
1773,1439.451899812796,17.45684322724409,17.48875071415968,-0.03190748691558838,-10.548100187204
1774,1439.4518995097162,17.4568432062905,17.48875069320609,-0.03190748691558838,-10.548100490283787
1775,1439.4518992042626,17.456843218752567,17.488750705668156,-0.03190748691558838,-10.548100795737355
1776,1439.451898763145,17.45684318576117,17.48875067267676,-0.03190748691558838,-10.548101236855018
1777,1439.4518984500924,17.456843172900257,17.48875065385538,-0.031907480955123906,-10.548101549907642
1778,1439.4518981640997,17.45684319479454,17.48875068171013,-0.03190748691558838,-10.548101835900297
1779,1439.4518979821712,17.456843188434334,17.48875067236969,-0.03190748393535614,-10.548102017828796
1780,1439.4518977661953,17.456843201916648,17.488750688832237,-0.03190748691558838,-10.548102233804684
1781,1439.4518975073274,17.456843214206536,17.488750701122125,-0.03190748691558838,-10.54810249267257
1782,1439.451897298993,17.456843207943265,17.48875069187862,-0.03190748393535614,-10.54810270100711
1783,1439.4518970419444,17.456843221025085,17.48875070496044,-0.03190748393535614,-10.548102958055551
1784,1439.451896751293,17.456843206831557,17.488750690766913,-0.03190748393535614,-10.548103248707093
1785,1439.4518963581666,17.4568432073293,17.488750688284423,-0.031907480955123906,-10.54810364183345
1786,1439.4518958826839,17.45684322023047,17.488750701185594,-0.031907480955123906,-10.548104117316143
1787,1439.4518955460835,17.456843233111847,17.48875071406697,-0.031907480955123906,-10.548104453916494
1788,1439.4518950361382,17.456843193783342,17.488750674738466,-0.031907480955123906,-10.54810496386176
1789,1439.4518944761498,17.456843202060867,17.48875068301599,-0.031907480955123906,-10.548105523850154
1790,1439.4518941164458,17.456843240596413,17.488750721551536,-0.031907480955123906,-10.548105883554172
1791,1439.4518937746336,17.456843225307235,17.48875070626236,-0.031907480955123906,-10.548106225366382
1792,1439.4518935325461,17.45684319915856,17.488750680113682,-0.031907480955123906,-10.548106467453863
1793,1439.4518933782645,17.45684321718912,17.488750698144244,-0.031907480955123906,-10.548106621735542
1794,1439.451893194218,17.45684320516047,17.488750686115594,-0.031907480955123906,-10.548106805782027
1795,1439.45189311297,17.456843229186955,17.488750710142078,-0.031907480955123906,-10.548106887029917
1796,1439.4518929765318,17.45684323172492,17.488750715660277,-0.03190748393535614,-10.54810702346822
1797,1439.4518929143308,17.456843279270885,17.488750760226008,-0.031907480955123906,-10.548107085669244
1798,1439.4518929920341,17.456843262339923,17.48875074627528,-0.03190748393535614,-10.548107007965882
1799,1439.4518931863345,17.456843272046363,17.488750758961952,-0.03190748691558838,-10.548106813665527
1800,1439.4518931883279,17.456843288710434,17.488750775626023,-0.03190748691558838,-10.548106811672142
1801,1439.4518933263244,17.456843325987833,17.488750812903422,-0.03190748691558838,-10.548106673675647
1802,1439.4518937747114,17.456843331259904,17.488750818175493,-0.03190748691558838,-10.54810622528862
1803,1439.451894174142,17.45684333268703,17.48875082258285,-0.031907489895820616,-10.548105825858102
1804,1439.4518944586166,17.456843341973592,17.488750831869414,-0.031907489895820616,-10.548105541383393
1805,1439.4518949032126,17.45684335654279,17.488750849418842,-0.03190749287605286,-10.548105096787367
1806,1439.4518953127883,17.456843361124378,17.48875085400043,-0.03190749287605286,-10.548104687211662
1807,1439.4518958986412,17.456843368412798,17.48875086128885,-0.03190749287605286,-10.548104101358831
1808,1439.4518965184927,17.45684337981259,17.48875087268864,-0.03190749287605286,-10.548103481507269
1809,1439.451897436216,17.456843388874475,17.488750881750526,-0.03190749287605286,-10.548102563783914
1810,1439.4518982417108,17.456843396385,17.488750895221518,-0.031907498836517334,-10.54810175828925
1811,1439.4518990955196,17.456843398396604,17.48875089723312,-0.031907498836517334,-10.548100904480407
1812,1439.4518999799004,17.456843345925698,17.488750844762215,-0.031907498836517334,-10.548100020099582
1813,1439.4519009457592,17.456843297884,17.488750796720517,-0.031907498836517334,-10.548099054240765
1814,1439.451901775785,17.456843289086454,17.488750790903204,-0.031907501816749576,-10.548098224214982
1815,1439.4519024464528,17.456843261824844,17.488750763641594,-0.031907501816749576,-10.548097553547223
1816,1439.4519029799933,17.456843212483136,17.488750711319653,-0.031907498836517334,-10.548097020006708
1817,1439.4519034067168,17.456843197988874,17.48875069682539,-0.031907498836517334,-10.548096593283162
1818,1439.4519036874156,17.456843187878707,17.48875068373499,-0.0319074958562851,-10.548096312584448
1819,1439.4519038878493,17.45684320856161,17.488750704417896,-0.0319074958562851,-10.548096112150688
1820,1439.4519040672408,17.45684320816443,17.48875070104048,-0.03190749287605286,-10.548095932759225
1821,1439.4519042287113,17.45684321119846,17.488750704074512,-0.03190749287605286,-10.548095771288672
1822,1439.4519043427451,17.456843171614803,17.488750664490855,-0.03190749287605286,-10.548095657254862
1823,1439.451904369618,17.456843165090028,17.48875065796608,-0.03190749287605286,-10.548095630382022
1824,1439.451903990275,17.456843144800974,17.488750637677025,-0.03190749287605286,-10.548096009724986
1825,1439.4519033031138,17.456843179559108,17.48875066945493,-0.031907489895820616,-10.548096696886205
1826,1439.451902637668,17.45684322942104,17.48875071633663,-0.03190748691558838,-10.5480973623321
1827,1439.4519019325178,17.45684326141639,17.488750745351748,-0.03190748393535614,-10.548098067482215
1828,1439.451901080398,17.45684327921137,17.48875076612696,-0.03190748691558838,-10.548098919601898
1829,1439.451900279621,17.456843261325645,17.488750745261,-0.03190748393535614,-10.548099720379014
1830,1439.4518995267326,17.456843255599832,17.488750739535188,-0.03190748393535614,-10.548100473267368
1831,1439.4518990078132,17.456843276360036,17.48875075731516,-0.031907480955123906,-10.548100992186846
1832,1439.4518985881816,17.456843286426015,17.488750773341604,-0.03190748691558838,-10.54810141181838
1833,1439.4518982816537,17.45684329504424,17.48875078195983,-0.03190748691558838,-10.548101718346288
1834,1439.4518978172107,17.456843291881615,17.488750778797204,-0.03190748691558838,-10.548102182789307
1835,1439.4518974126922,17.45684331383476,17.48875080075035,-0.03190748691558838,-10.548102587307767
1836,1439.4518969692185,17.45684329868122,17.48875078559681,-0.03190748691558838,-10.548103030781476
1837,1439.4518968090224,17.456843309007855,17.48875079294321,-0.03190748393535614,-10.5481031909776
1838,1439.4518969894866,17.456843302995004,17.488750789910593,-0.03190748691558838,-10.548103010513387
1839,1439.4518973791894,17.456843318735785,17.488750811611837,-0.03190749287605286,-10.548102620810596
1840,1439.4518978662215,17.45684330612957,17.488750799005622,-0.03190749287605286,-10.548102133778457
1841,1439.4518982399595,17.456843330174824,17.488750826031108,-0.0319074958562851,-10.548101760040481
1842,1439.451898566205,17.456843304340122,17.488750797216174,-0.03190749287605286,-10.548101433794955
1843,1439.4518989987757,17.456843315401628,17.48875080827768,-0.03190749287605286,-10.548101001224268
1844,1439.4518994757368,17.456843324312604,17.48875082016889,-0.0319074958562851,-10.548100524263191
1845,1439.4518999770378,17.456843315092954,17.48875081392947,-0.031907498836517334,-10.548100022962217
1846,1439.4519004107804,17.45684330024919,17.488750799085707,-0.031907498836517334,-10.548099589219646
1847,1439.4519009045432,17.456843276140685,17.488750774977202,-0.031907498836517334,-10.548099095456791
1848,1439.4519012318221,17.4568432819197,17.488750780756217,-0.031907498836517334,-10.548098768177852
1849,1439.4519015378162,17.456843247349067,17.488750746185584,-0.031907498836517334,-10.548098462183816
1850,1439.4519017190635,17.45684324626056,17.488750739136613,-0.03190749287605286,-10.548098280936529
1851,1439.4519019148574,17.456843233074245,17.488750725950297,-0.03190749287605286,-10.548098085142556
1852,1439.45190194852,17.456843218557612,17.488750711433664,-0.03190749287605286,-10.54809805148011
1853,1439.4519020437926,17.456843203262874,17.488750693158696,-0.031907489895820616,-10.548097956207357
1854,1439.4519019157701,17.456843214426694,17.488750707302746,-0.03190749287605286,-10.548098084229878
1855,1439.4519018218546,17.456843217304197,17.48875070720002,-0.031907489895820616,-10.548098178145437
1856,1439.4519017529487,17.45684321438021,17.488750704276033,-0.031907489895820616,-10.548098247051257
1857,1439.4519016378993,17.456843253820388,17.48875074371621,-0.031907489895820616,-10.548098362100745
1858,1439.4519014516038,17.45684323572422,17.488750725620044,-0.031907489895820616,-10.548098548396183
1859,1439.4519011515088,17.45684325481942,17.488750744715244,-0.031907489895820616,-10.548098848491236
1860,1439.4519009069304,17.456843225184638,17.488750712100227,-0.03190748691558838,-10.548099093069595
1861,1439.451900461055,17.456843226114003,17.488750716009825,-0.031907489895820616,-10.548099538945053
1862,1439.4519000864952,17.4568432885298,17.48875077544539,-0.03190748691558838,-10.548099913504757
1863,1439.4518997164223,17.456843272757208,17.488750759672797,-0.03190748691558838,-10.548100283577696
1864,1439.451899363658,17.45684331753952,17.48875080445511,-0.03190748691558838,-10.548100636342042
1865,1439.4518990272609,17.456843312095117,17.488750799010706,-0.03190748691558838,-10.548100972739121
1866,1439.4518988375223,17.456843302026204,17.488750791922026,-0.031907489895820616,-10.548101162477678
1867,1439.451898737053,17.456843324353883,17.488750814249705,-0.031907489895820616,-10.548101262947057
1868,1439.451898685161,17.456843324778,17.48875081467382,-0.031907489895820616,-10.54810131483896
1869,1439.4518989443038,17.456843355691277,17.4887508455871,-0.031907489895820616,-10.54810105569618
1870,1439.4518991530965,17.456843360947396,17.488750853823447,-0.03190749287605286,-10.54810084690348
1871,1439.4518995261517,17.45684336305107,17.488750855927123,-0.03190749287605286,-10.548100473848308
1872,1439.4518997206442,17.456843329555,17.48875082243105,-0.03190749287605286,-10.548100279355822
1873,1439.451899891163,17.4568433059106,17.48875079878665,-0.03190749287605286,-10.548100108836934
1874,1439.4519004092824,17.456843323961383,17.488750816837435,-0.03190749287605286,-10.548099590717584
1875,1439.451900793163,17.456843325829304,17.48875082466582,-0.031907498836517334,-10.548099206836923
1876,1439.4519013914037,17.456843300168043,17.488750796024327,-0.0319074958562851,-10.54809860859632
1877,1439.4519018832839,17.456843306673193,17.48875080550971,-0.031907498836517334,-10.548098116716119
1878,1439.451902232896,17.45684327705664,17.48875077589316,-0.031907498836517334,-10.548097767104082
1879,1439.4519026236414,17.45684326152261,17.488750760359128,-0.031907498836517334,-10.548097376358555
1880,1439.4519029228193,17.456843258674862,17.48875075751138,-0.031907498836517334,-10.548097077180728
1881,1439.4519033198474,17.45684324873463,17.488750747571146,-0.031907498836517334,-10.54809668015264
1882,1439.451903669146,17.456843259892313,17.488750755748597,-0.0319074958562851,-10.548096330853923
1883,1439.4519039822046,17.456843274652613,17.48875077348913,-0.031907498836517334,-10.548096017795388
1884,1439.4519040520688,17.45684326272362,17.488750761560137,-0.031907498836517334,-10.548095947931188
1885,1439.451903975653,17.456843286218568,17.488750782074852,-0.0319074958562851,-10.548096024346933
1886,1439.4519040223474,17.456843283641774,17.48875077949806,-0.0319074958562851,-10.548095977652565
1887,1439.4519040707141,17.456843269787814,17.4887507656441,-0.0319074958562851,-10.548095929285864
1888,1439.451903947387,17.456843264692843,17.488750760549127,-0.0319074958562851,-10.548096052612891
1889,1439.4519038608378,17.456843267756334,17.488750760632385,-0.03190749287605286,-10.548096139162226
1890,1439.4519035677806,17.45684323216625,17.488750728022534,-0.0319074958562851,-10.548096432219381
1891,1439.4519031737343,17.456843249463333,17.488750739359155,-0.031907489895820616,-10.548096826265692
1892,1439.4519027557726,17.45684322343763,17.488750713333452,-0.031907489895820616,-10.548097244227392
1893,1439.4519022800641,17.456843237004616,17.488750723920205,-0.03190748691558838,-10.548097719935868
1894,1439.4519018860883,17.456843232482267,17.488750719397856,-0.03190748691558838,-10.548098113911692
1895,1439.4519015888177,17.456843230590597,17.488750717506186,-0.03190748691558838,-10.548098411182309
1896,1439.4519012112955,17.456843213918354,17.488750703814176,-0.031907489895820616,-10.548098788704465
1897,1439.4519009519752,17.456843194436104,17.488750681351693,-0.03190748691558838,-10.548099048024824
1898,1439.4519006571031,17.45684320747624,17.488750697372062,-0.031907489895820616,-10.548099342896876
1899,1439.4519003001487,17.456843234318185,17.488750721233774,-0.03190748691558838,-10.548099699851264
1900,1439.4518999438258,17.456843223372307,17.488750710287896,-0.03190748691558838,-10.548100056174235
1901,1439.4518996123002,17.45684320118611,17.4887506881017,-0.03190748691558838,-10.548100387699833
1902,1439.4518990559002,17.456843186847593,17.48875067376318,-0.03190748691558838,-10.548100944099815
1903,1439.4518986108926,17.45684318989677,17.488750670851893,-0.031907480955123906,-10.548101389107387
1904,1439.451898021208,17.456843191547094,17.488750672502217,-0.031907480955123906,-10.54810197879192
1905,1439.4518975478281,17.45684320044406,17.488750681399182,-0.031907480955123906,-10.548102452171861
1906,1439.4518970933455,17.45684321531203,17.488750696267154,-0.031907480955123906,-10.548102906654549
1907,1439.4518967038653,17.456843245360787,17.48875072631591,-0.031907480955123906,-10.548103296134741
1908,1439.4518962818677,17.456843230096414,17.488750711051537,-0.031907480955123906,-10.548103718132325
1909,1439.4518957835317,17.45684321024698,17.488750691202103,-0.031907480955123906,-10.548104216468346
1910,1439.4518954111657,17.456843225925404,17.488750706880527,-0.031907480955123906,-10.548104588834349
1911,1439.4518952715657,17.4568432605677,17.488750741522825,-0.031907480955123906,-10.548104728434282
1912,1439.451895109332,17.456843235620568,17.488750722536157,-0.03190748691558838,-10.5481048906679
1913,1439.4518948304665,17.45684322184111,17.488750705776464,-0.03190748393535614,-10.548105169533528
1914,1439.4518944883175,17.45684322594114,17.488750706896262,-0.031907480955123906,-10.54810551168248
1915,1439.451894179212,17.456843208373158,17.48875068932828,-0.031907480955123906,-10.548105820787896
1916,1439.4518938828987,17.45684320481285,17.48875068576797,-0.031907480955123906,-10.54810611710127
1917,1439.4518936634356,17.456843228108657,17.48875070906378,-0.031907480955123906,-10.548106336564388
1918,1439.4518935484318,17.456843212783145,17.488750693738268,-0.031907480955123906,-10.548106451568174
1919,1439.4518936156655,17.456843217965368,17.48875069892049,-0.031907480955123906,-10.54810638433446
1920,1439.4518935864023,17.456843220327105,17.48875070426246,-0.03190748393535614,-10.54810641359768
1921,1439.451893463147,17.456843243784302,17.48875072771966,-0.03190748393535614,-10.548106536853084
1922,1439.4518934691023,17.456843239746387,17.48875072070151,-0.031907480955123906,-10.548106530897712
1923,1439.4518936810812,17.456843219287027,17.488750703222383,-0.03190748393535614,-10.548106318918826
1924,1439.451893742588,17.45684324888777,17.488750735803357,-0.03190748691558838,-10.548106257411973
1925,1439.4518937536782,17.45684325907911,17.488750743014467,-0.03190748393535614,-10.548106246321822
1926,1439.4518938226668,17.456843258487847,17.488750745403436,-0.03190748691558838,-10.548106177333239
1927,1439.4518938014594,17.456843248801768,17.488750735717357,-0.03190748691558838,-10.548106198540609
1928,1439.4518937623359,17.456843236725774,17.48875072066113,-0.03190748393535614,-10.548106237664115
1929,1439.451893847761,17.456843222796593,17.48875070673195,-0.03190748393535614,-10.548106152238915
1930,1439.4518937815235,17.456843184209813,17.48875066814517,-0.03190748393535614,-10.548106218476505
1931,1439.4518937004786,17.4568431980877,17.488750682023056,-0.03190748393535614,-10.54810629952135
1932,1439.4518936082482,17.456843201387052,17.488750685322408,-0.03190748393535614,-10.548106391751844
1933,1439.4518936589,17.45684322594466,17.488750709880016,-0.03190748393535614,-10.548106341100038
1934,1439.4518937317218,17.456843275239486,17.48875075917484,-0.03190748393535614,-10.548106268278161
1935,1439.4518937630644,17.45684329877495,17.488750785690538,-0.03190748691558838,-10.54810623693561
1936,1439.4518940483415,17.456843297804678,17.488750784720267,-0.03190748691558838,-10.5481059516585
1937,1439.4518944374313,17.456843300788808,17.48875079366486,-0.03190749287605286,-10.548105562568708
1938,1439.4518948067243,17.45684325387898,17.4887507437748,-0.031907489895820616,-10.54810519327566
1939,1439.4518950651793,17.456843239487203,17.488750729383025,-0.031907489895820616,-10.548104934820685
1940,1439.451895211438,17.45684324707612,17.488750733991708,-0.03190748691558838,-10.548104788561886
1941,1439.4518952512701,17.456843246778693,17.48875073071405,-0.03190748393535614,-10.548104748729884
1942,1439.4518950650202,17.456843264469494,17.48875074840485,-0.03190748393535614,-10.548104934979847
1943,1439.4518949661965,17.45684323498739,17.488750721902978,-0.03190748691558838,-10.548105033803495
1944,1439.451894901868,17.456843270724953,17.48875075466031,-0.03190748393535614,-10.548105098132055
1945,1439.451895010895,17.45684326993229,17.48875075982811,-0.031907489895820616,-10.548104989105013
1946,1439.451895425152,17.456843276256272,17.48875076317186,-0.03190748691558838,-10.548104574847912
1947,1439.4518959260754,17.456843231377498,17.48875072425355,-0.03190749287605286,-10.548104073924605
1948,1439.4518963410583,17.45684323114027,17.48875072401632,-0.03190749287605286,-10.548103658941727
1949,1439.451896722612,17.45684324908979,17.48875074196584,-0.03190749287605286,-10.548103277388009
1950,1439.4518967768342,17.456843233506845,17.488750720422434,-0.03190748691558838,-10.548103223165754
1951,1439.451896726699,17.4568432410387,17.48875072795429,-0.03190748691558838,-10.548103273300967
1952,1439.4518967122872,17.45684323435537,17.488750718290728,-0.03190748393535614,-10.54810328771282
1953,1439.4518967046517,17.456843260144872,17.488750744080228,-0.03190748393535614,-10.548103295348255
1954,1439.4518968228156,17.456843261986887,17.488750748902476,-0.03190748691558838,-10.54810317718443
1955,1439.4518967801332,17.456843269633964,17.488750759529786,-0.031907489895820616,-10.548103219866789
1956,1439.4518969688245,17.456843260715925,17.488750750611747,-0.031907489895820616,-10.548103031175515
1957,1439.451897167604,17.456843287766496,17.488750777662318,-0.031907489895820616,-10.548102832395898
1958,1439.4518974411433,17.456843306201808,17.48875079609763,-0.031907489895820616,-10.548102558856726
1959,1439.4518974811979,17.456843308658897,17.488750801534948,-0.03190749287605286,-10.548102518802125
1960,1439.4518975398828,17.456843280353766,17.488750770249588,-0.031907489895820616,-10.548102460117207
1961,1439.4518977047242,17.45684328035728,17.4887507702531,-0.031907489895820616,-10.54810229527584
1962,1439.451897777125,17.456843292446987,17.488750785323038,-0.03190749287605286,-10.548102222875059
1963,1439.451897923021,17.45684331310507,17.488750803000894,-0.031907489895820616,-10.548102076978921
1964,1439.45189807491,17.456843335792446,17.488750828668497,-0.03190749287605286,-10.548101925089895
1965,1439.4518984561848,17.456843372388317,17.488750865264368,-0.03190749287605286,-10.548101543815164
1966,1439.4518988792615,17.456843339812632,17.488750835668917,-0.0319074958562851,-10.548101120738465
1967,1439.451899323279,17.456843312028006,17.48875080788429,-0.0319074958562851,-10.548100676721106
1968,1439.4518996900874,17.45684333341752,17.488750832254038,-0.031907498836517334,-10.54810030991257
1969,1439.451900194126,17.45684331769575,17.4887508105718,-0.03190749287605286,-10.548099805874017
1970,1439.4519007889548,17.456843348952482,17.488750847789,-0.031907498836517334,-10.548099211045155
1971,1439.4519013661657,17.45684332925034,17.488750828086857,-0.031907498836517334,-10.548098633834343
1972,1439.4519017099476,17.45684330355535,17.488750802391866,-0.031907498836517334,-10.548098290052394
1973,1439.4519019842958,17.45684328693452,17.48875078577104,-0.031907498836517334,-10.548098015704227
1974,1439.4519022772515,17.456843300752205,17.488750799588722,-0.031907498836517334,-10.54809772274848
1975,1439.451902658847,17.456843311317698,17.488750810154215,-0.031907498836517334,-10.548097341152925
1976,1439.4519031320556,17.45684330210275,17.48875080093927,-0.031907498836517334,-10.548096867944423
1977,1439.4519037917394,17.456843330241142,17.48875082907766,-0.031907498836517334,-10.548096208260631
1978,1439.4519042207876,17.456843326564137,17.488750828380887,-0.031907501816749576,-10.548095779212417
1979,1439.4519044619774,17.456843325956136,17.488750824792653,-0.031907498836517334,-10.548095538022608
1980,1439.4519048196998,17.456843325519475,17.488750824355993,-0.031907498836517334,-10.548095180300152
1981,1439.4519050481808,17.45684330953812,17.48875081135487,-0.031907501816749576,-10.548094951819166
1982,1439.4519054404614,17.4568433222703,17.488750821106816,-0.031907498836517334,-10.54809455953864
1983,1439.4519056591816,17.456843289441515,17.488750791258266,-0.031907501816749576,-10.548094340818352
1984,1439.451905642924,17.456843255221074,17.48875075405759,-0.031907498836517334,-10.548094357076025
1985,1439.4519054978082,17.456843299268584,17.48875079512487,-0.0319074958562851,-10.548094502191816
1986,1439.4519054416035,17.45684329729943,17.488750793155713,-0.0319074958562851,-10.548094558396542
1987,1439.451905415731,17.45684326006689,17.488750758903407,-0.031907498836517334,-10.548094584268938
1988,1439.4519052596966,17.456843226026283,17.4887507248628,-0.031907498836517334,-10.54809474030344
1989,1439.451905221442,17.456843247730806,17.488750740606857,-0.03190749287605286,-10.548094778557925
1990,1439.451905133086,17.456843258054242,17.488750753910526,-0.0319074958562851,-10.54809486691397
1991,1439.4519050010517,17.456843226000068,17.488750724836585,-0.031907498836517334,-10.548094998948272
1992,1439.4519048215918,17.45684322456421,17.48875071744026,-0.03190749287605286,-10.548095178408175
1993,1439.4519045078393,17.456843214419933,17.488750707295985,-0.03190749287605286,-10.548095492160655
1994,1439.4519042571046,17.456843226834373,17.488750716730195,-0.031907489895820616,-10.548095742895384
1995,1439.4519038221779,17.456843244038524,17.488750736914575,-0.03190749287605286,-10.548096177822117
1996,1439.4519031952464,17.45684321230897,17.488750702204793,-0.031907489895820616,-10.54809680475364
1997,1439.4519028565135,17.456843225049223,17.488750711964812,-0.03190748691558838,-10.54809714348653
1998,1439.4519025095397,17.45684321328542,17.488750703181243,-0.031907489895820616,-10.54809749046035
1999,1439.4519019484926,17.456843217056594,17.488750706952416,-0.031907489895820616,-10.548098051507395
