step,temp,fuel,fan,o2,error
0,1402.3306884051324,16.568206923951063,1000.9343438548943,2.9284383615900182,-47.66931159486762
1,1404.4170886303534,16.80472296094044,1001.859672009429,2.849179634834335,-45.58291136964658
2,1406.2323252351987,16.99790982916861,1002.3693223112975,2.767776594904125,-43.76767476480131
3,1407.8252723240034,16.990883310414727,1002.5756347096549,2.708966961425844,-42.174727675996564
4,1409.2305449612709,17.00056044109973,1002.9751423478921,2.666190584457268,-40.76945503872912
5,1410.52561382283,16.924116833683218,1003.2714471263716,2.6459480660047374,-39.47438617716989
6,1411.73199631378,16.929371539732095,1003.7418644668105,2.6331197866956404,-38.26800368622003
7,1412.8603121161173,16.95751773378557,1004.1889610196995,2.622722727719473,-37.13968788388274
8,1413.9158711023092,16.991413916708595,1004.6152316346756,2.6132810832817412,-36.08412889769079
9,1414.8916103003567,17.04858707314208,1005.0127325228876,2.6013922826363522,-35.10838969964334
10,1415.8445185544222,16.975466475874892,1005.4356723456672,2.6046388171495707,-34.155481445577834
11,1416.7608215358018,17.020881373508917,1005.7934585961976,2.603507502424152,-33.239178464198176
12,1418.7817198016332,17.050262345597545,1006.1665007530763,2.6012801572819635,-31.218280198366756
13,1421.2090185798138,17.08279948168435,1006.4852755793505,2.5974906573875836,-28.7909814201862
14,1423.939074686907,17.120678104571603,1006.6777158754867,2.591053983057753,-26.060925313093094
15,1426.5829082523644,17.10225167987133,1006.7924200029831,2.5893116949697275,-23.417091747635595
16,1429.199306227255,17.066116361435565,1006.9085299183828,2.5933721385495274,-20.800693772745035
17,1431.6188886269429,17.056080783785085,1007.1138941625037,2.5990244657079957,-18.381111373057138
18,1434.0293423512978,17.018042085672764,1007.2878922606652,2.609275430889207,-15.970657648702172
19,1436.4969445278673,16.96579356151682,1007.456587431742,2.624806851828493,-13.5030554721327
20,1439.062364320027,16.880064495943465,1007.5821628592049,2.6484430932872334,-10.937635679973027
21,1441.8066212956355,16.762319319211645,1007.488426629486,2.6810938288519983,-8.193378704364477
22,1444.545032863942,16.473870596863556,1007.9309655817142,2.747135887137421,-5.4549671360580305
23,1447.5570893970153,16.19899350193744,1008.2637205519203,2.8363161606967457,-2.442910602984739
24,1450.766180457935,16.01091477541505,1008.4602067642951,2.9302987999393206,0.7661804579349791
25,1454.1314025116271,15.778711806665017,1008.4432904366536,3.032574297279173,4.13140251162713
26,1457.5851099597805,15.580813117965914,1008.495007837835,3.1366442565647907,7.585109959780539
27,1460.9257287301864,15.350434595709412,1008.6018236456416,3.2464911532143166,10.925728730186393
28,1464.020615281782,15.102025606406723,1008.8025046132071,3.363061249685313,14.020615281782057
29,1466.8515401471943,14.963835338942742,1009.0300882391996,3.46987625716309,16.851540147194328
30,1469.3077414320082,14.840962503162954,1009.380927929171,3.5679143925395747,19.307741432008243
31,1471.3289827299216,14.7373382062131,1009.8740843163949,3.657611374276674,21.328982729921563
32,1472.8275013104524,14.625746402112512,1010.4065641443684,3.7420708987314906,22.827501310452362
33,1473.7334175064345,14.505281049423454,1010.8109462646916,3.8225949541389554,23.733417506434535
34,1473.7130862687866,14.41583743068713,1011.3567950944871,3.89710304070942,23.713086268786583
35,1472.843521598302,14.344638062572965,1011.6913544137498,3.9634545325419155,22.843521598302004
36,1471.4454049442195,14.237125744624665,1012.0205078451955,4.0,21.44540494421949
37,1469.6199400099974,14.12910642458138,1012.127648453781,4.0,19.619940009997435
38,1467.4508348088723,14.100154128081789,1012.0239041895422,4.0,17.450834808872287
39,1464.8714068662475,14.323494236778563,1012.2582898017067,4.0,14.871406866247526
40,1461.867075145951,14.581408560409631,1012.130528176191,4.0,11.867075145951048
41,1458.7873521572744,14.963659626706455,1012.3328700195298,3.9686373882073487,8.787352157274427
42,1455.732063805826,15.179344390257663,1012.5769074432991,3.918552420827994,5.732063805826101
43,1452.7434634049055,15.303067687474321,1012.6561972802589,3.865077616456181,2.7434634049054694
44,1449.7994062480686,15.426348666520381,1012.7089556231616,3.8087759772558494,-0.20059375193136475
45,1446.8658094352745,15.533723088743562,1012.7210265983092,3.7521096702609755,-3.134190564725486
46,1443.9858527188778,15.624057641723128,1012.6461783594084,3.696852412706437,-6.0141472811221774
47,1441.1857877875352,15.720566327080897,1012.4052087380007,3.640702972745907,-8.814212212464781
48,1438.389851134284,15.857313810238454,1012.0577473854424,3.5776398209771,-11.610148865715928
49,1435.5708186386235,16.013578862305586,1012.1053763167972,3.5091663809433826,-14.42918136137655
50,1432.8863925743678,16.20219844926857,1011.9202644788996,3.4307255838401938,-17.113607425632154
51,1430.822681129715,16.371850281613227,1011.8662482112502,3.348348220049969,-19.177318870285035
52,1429.4009674992342,16.551199830736905,1011.8134967237839,3.2618991639294004,-20.599032500765816
53,1428.8144538470847,16.749233399116378,1011.9577582549648,3.1714602147329356,-21.18554615291532
54,1428.6455348849652,16.923507207519346,1012.0611189320607,3.0813449944651117,-21.354465115034827
55,1428.6493643273739,17.05913264425488,1012.0688180623893,2.9962603600885616,-21.35063567262614
56,1428.7864203888835,17.172296118633152,1012.0715147276779,2.9180552109052034,-21.21357961111653
57,1428.996030941696,17.272434053519227,1012.1258871224885,2.847187470607964,-21.003969058303937
58,1429.2279061824574,17.357992618919205,1012.2759690282174,2.784409530159373,-20.772093817542554
59,1429.4937144269843,17.425168462076133,1012.5040316220146,2.7305678476812827,-20.506285573015703
60,1429.8842509935648,17.476669185289758,1012.7651948276842,2.6856140645157085,-20.11574900643518
61,1430.454878990814,17.505181764793132,1013.1240415158921,2.650745096314336,-19.545121009186005
62,1431.296300256154,17.509723733058035,1013.4771645179902,2.6262796431363995,-18.703699743846073
63,1432.4073501824366,17.472384536114788,1013.8265140319955,2.6146156768539637,-17.59264981756337
64,1433.8476197905686,17.41228144786885,1014.0971751426614,2.6148489124951517,-16.152380209431385
65,1435.7295074042188,17.25252981277761,1014.1378428136989,2.634976215017264,-14.270492595781207
66,1438.0416877664377,17.1159470551863,1013.8935887744395,2.665757818560234,-11.95831223356231
67,1440.7059140413103,17.006458950452657,1013.968281224181,2.703356682664804,-9.29408595868972
68,1443.771167370547,16.65618520973769,1014.4185131336556,2.7805043861957803,-6.228832629453109
69,1447.2185585149589,16.37620196975391,1014.7922473441001,2.878562360665367,-2.781441485041114
70,1450.9651742741448,16.175573587943596,1014.6850959987461,2.978882857275643,0.9651742741448288
71,1454.8903475159498,15.975339220546289,1014.853118199634,3.0826949488564455,4.89034751594977
72,1458.8875879942539,15.670542302852791,1014.765556053559,3.2018117539686646,8.887587994253863
73,1462.7848077871572,15.391621003617631,1014.947304826802,3.330104888578609,12.784807787157206
74,1466.400624774469,15.093394872641438,1015.0372150535077,3.466442369185242,16.40062477446895
75,1469.5584575985567,14.979982190321635,1015.509726533745,3.586379110803951,19.558457598556743
76,1472.1670030423609,14.859360420674466,1016.0207775276434,3.6949585020570446,22.167003042360875
77,1473.982057917805,14.68373447679643,1016.4371241861448,3.800995418287805,23.982057917804923
78,1475.071635347203,14.58704524331888,1016.8018212706406,3.8946546023494366,25.071635347203028
79,1475.519099988181,14.494786396958464,1017.1511934017514,3.9782083320617674,25.519099988181097
80,1475.1515872977002,14.393284159800835,1017.5012707190857,4.0,25.15158729770019
81,1474.2325122568582,14.298437316832908,1017.8321367948929,4.0,24.232512256858172
82,1472.9328317493043,14.203499672240278,1018.0793597036125,4.0,22.93283174930434
83,1471.2664851522588,14.122617117272082,1018.1860301474405,4.0,21.266485152258838
84,1469.0447625164318,14.097418163175652,1018.0382933570615,4.0,19.044762516431774
85,1466.3244108972583,14.228012729189635,1018.100636175875,4.0,16.324410897258304
86,1463.069936391563,14.465167141368859,1018.4464549382055,4.0,13.069936391563033
87,1459.6379866122652,14.772114121481472,1019.3681123317269,4.0,9.637986612265195
88,1456.1424110765297,15.240245708956227,1019.4670874542654,3.9770342162395256,6.142411076529697
89,1452.5787202780807,15.494187930190943,1019.6609810248619,3.926953289442395,2.5787202780807092
90,1449.1229004359739,15.644607963877611,1019.7345411028928,3.869401314564719,-0.877099564026139
91,1445.7723658799384,15.768096624328264,1019.7905574246674,3.8096936936279606,-4.227634120061566
92,1442.4824643289444,15.864676073438373,1019.8146625092552,3.751809691608247,-7.517535671055612
93,1439.2550923802878,15.972824836595034,1019.681383954466,3.692715806819844,-10.744907619712194
94,1436.0927840892607,16.150912855651608,1019.5944620291776,3.6233847363311895,-13.907215910739296
95,1433.0095133120844,16.345711961758067,1019.6485757140995,3.5450418559360513,-16.990486687915563
96,1430.0965716585638,16.534405964835777,1019.5988044191586,3.4603498825123804,-19.90342834143621
97,1427.6390978311697,16.770598349549232,1019.6826588550113,3.365726627818002,-22.360902168830307
98,1425.7965965221124,17.0018336864648,1019.8770979945364,3.2656749500329907,-24.203403477887605
99,1424.640944889385,17.23168638522253,1020.0381139236262,3.1623651003921784,-25.359055110614918
100,1424.4261553277383,17.449308697649847,1020.1264169497821,3.0586289332891,-25.573844672261657
101,1424.626265093756,17.599336551252662,1020.1617022347995,2.9631431203373273,-25.373734906243953
102,1424.9754586642669,17.72506029550185,1020.2149905670074,2.8772407908392066,-25.024541335733147
103,1425.3872859748558,17.841187225483292,1020.3658075550618,2.800564912987361,-24.612714025144214
104,1425.79382235811,17.942453979183284,1020.5470372537186,2.7329442389245,-24.206177641890008
105,1426.2179456635631,18.029684748012624,1020.8249492787598,2.6744615318710054,-23.782054336436886
106,1426.8144337948772,18.090993576643104,1021.1584139307024,2.6260940548395633,-23.18556620512277
107,1427.632931965276,18.135594163298407,1021.5714942001856,2.5876339268644717,-22.36706803472407
108,1428.6909427200321,18.143181205102163,1022.0412307410506,2.560843029235776,-21.309057279967874
109,1430.114646198467,18.135821124777706,1022.6385783472435,2.5451297945164537,-19.88535380153303
110,1431.9213201499092,18.122145604135746,1023.2226230833624,2.5382959916419994,-18.078679850090793
111,1434.2222110194105,17.911814164007968,1023.1123484296402,2.5551608974150675,-15.777788980589548
112,1437.1365455944551,17.548476087615587,1022.5441524607742,2.606037056889754,-12.863454405544871
113,1440.6152257846834,17.14868485486096,1023.034360123418,2.696288223691186,-9.384774215316611
114,1444.6224242161109,16.80708124515808,1023.539660012438,2.811261732397297,-5.377575783889142
115,1449.0813503086058,16.522196457352727,1023.2987922754023,2.934140853688271,-0.9186496913941937
116,1453.858133499591,16.236641495935963,1022.835924583746,3.0624119229377245,3.8581334995910765
117,1458.7892141825212,15.87660157301008,1022.5332102943053,3.2062518299648524,8.789214182521164
118,1463.6393769422384,15.56629179810751,1022.5843294158494,3.356880655520982,13.639376942238414
119,1468.2408807286943,15.418715370539234,1022.6778111185888,3.490382663892841,18.240880728694265
120,1472.4078001771184,15.206660342833578,1022.7628418137199,3.6193291621707964,22.40780017711836
121,1475.9476881670446,14.906139883124405,1023.4041633147999,3.758986481584417,25.94768816704459
122,1478.721064305328,14.581181724653627,1023.7089236393687,3.9060897157190864,28.7210643053279
123,1480.5351293768367,14.415666892259168,1024.043990914955,4.0,30.53512937683672
124,1481.5821904598893,14.284299138236497,1024.4334412082599,4.0,31.58219045988926
125,1481.8063346579024,14.183295685974887,1024.8838540503464,4.0,31.806334657902426
126,1481.3414690029433,14.104026977208242,1025.3074149585536,4.0,31.341469002943313
127,1480.3140315147793,14.02182239216605,1025.7520368365633,4.0,30.314031514779344
128,1478.7370913204886,13.936855943420959,1026.1513949190726,4.0,28.737091320488616
129,1476.4813205326352,13.824123625066738,1026.4201211643476,4.0,26.48132053263521
130,1473.6753245320356,13.804872352896354,1026.206508325548,4.0,23.675324532035575
131,1470.6395061162834,13.914526243106634,1026.354651950967,4.0,20.639506116283428
132,1467.2612754961492,14.221681371356581,1026.2314723273246,4.0,17.26127549614921
133,1463.3592559929546,14.476660343395714,1026.6012344857766,4.0,13.359255992954559
134,1458.8987657261544,14.7756186363176,1026.9339940650423,4.0,8.898765726154352
135,1454.265122486577,15.53456629906125,1027.364145712905,3.984898470340987,4.265122486576956
136,1449.636099395738,15.780851081355994,1027.794707124454,3.9424774249468846,-0.36390060426197124
137,1445.126759510941,15.992932643592164,1028.1253992015504,3.8834545119301,-4.8732404890590715
138,1440.7711605242587,16.122761835341315,1028.330034770259,3.8225292973577822,-9.228839475741324
139,1436.5772932821699,16.311426801858655,1028.3927937594433,3.751339001859193,-13.422706717830124
140,1432.5417977622085,16.49549000785743,1028.1585206320203,3.6715378418410953,-17.45820223779151
141,1428.5823282023646,16.709256816846793,1028.1440846563162,3.582873179820946,-21.41767179763542
142,1424.8648316766223,16.929587148169528,1027.9586731850686,3.486244346308334,-25.135168323377684
143,1421.6039570240644,17.226862691398434,1028.0994573873113,3.3765617299167383,-28.396042975935643
144,1419.1310794395272,17.49208654494482,1028.370034823041,3.2633186740346405,-30.868920560472816
145,1417.2419737919936,17.75782962389824,1028.686869820032,3.149112357808254,-32.75802620800641
146,1415.9474096252495,17.934915489022632,1028.8649447076175,3.044670574505493,-34.05259037475048
147,1416.1267847214722,18.125714912753473,1029.066886821271,2.947019074783366,-33.87321527852782
148,1416.6323812461212,18.28764937865666,1029.3247284686254,2.8586070813668685,-33.36761875387879
149,1417.359698081572,18.422025658789057,1029.6634482990391,2.7809390984016726,-32.640301918427895
150,1418.1309167177867,18.525025238590125,1030.016834905797,2.7148363002177143,-31.869083282213296
151,1419.0687552675251,18.622875608175256,1030.408095227953,2.6583713186942424,-30.931244732474852
152,1420.160877463559,18.737434829215704,1030.8036673032802,2.6079159030856873,-29.839122536440982
153,1421.471564166327,18.834760843101158,1031.1903899091662,2.563741290440956,-28.52843583367303
154,1423.0170298049618,18.927530458552784,1031.650637183986,2.525317347902593,-26.982970195038206
155,1424.9483539462126,19.03504650713347,1032.1070159296114,2.490200958035259,-25.051646053787408
156,1427.1779420903656,19.187520413756317,1032.6406265875967,2.4547922052592606,-22.822057909634395
157,1429.7029680797443,19.308799530802116,1032.9322679600218,2.4206932784646558,-20.297031920255677
158,1432.6176179544125,18.753150931538606,1032.7541986885856,2.4392719150311786,-17.38238204558752
159,1436.1464453791596,18.242666034755747,1033.3430589440284,2.5051185980892856,-13.853554620840441
160,1440.3629784196678,17.780965957460488,1033.5060975371923,2.605181558534098,-9.637021580332203
161,1445.2214807422376,17.3914697685521,1033.7392986391126,2.72744743912026,-4.778519257762355
162,1450.5827614712766,17.056631563221433,1034.042603383965,2.862794106606207,0.5827614712766263
163,1456.3679143074962,16.55488570232033,1033.4183998187943,3.0270280322075864,6.367914307496221
164,1462.3767154793848,15.99441275995465,1033.3299220278013,3.226290252868552,12.376715479384757
165,1468.2361624472167,15.59911981503104,1033.464912225106,3.43065726689624,18.236162447216657
166,1473.656107321248,15.341642466530283,1033.8321821147886,3.6207505609123465,23.6561073212481
167,1478.4118983315304,14.984692218714798,1034.1887654694322,3.812261028465581,28.411898331530438
168,1482.436074565604,14.685892972025222,1034.3623525689857,3.994628614426217,32.43607456560403
169,1486.5689310414318,14.388686045446791,1034.5599183153345,4.0,36.568931041431824
170,1489.5033274910413,14.073798548926394,1034.9472183951161,4.0,39.50332749104132
171,1491.34380017518,13.81714159833423,1035.700457909776,4.0,41.34380017517992
172,1492.2180869221327,13.744835210043375,1036.245114882256,4.0,42.21808692213267
173,1492.289645128648,13.679517731935839,1036.8083859244193,4.0,42.28964512864809
174,1491.6844702581375,13.620103321104295,1037.3677331882209,4.0,41.68447025813748
175,1490.0888237458453,13.553371263088302,1037.9876902533542,4.0,40.088823745845275
176,1487.4118824932693,13.484624690731506,1038.5652587964614,4.0,37.41188249326933
177,1484.0091713690524,13.397536246415092,1038.949573301126,4.0,34.00917136905241
178,1480.1810743406793,13.34173116662367,1038.9278531166738,4.0,30.181074340679288
179,1475.7418399309863,13.423167180010163,1038.9203832988956,4.0,25.741839930986316
180,1470.7938279040443,14.213106949531054,1039.7261329179278,4.0,20.793827904044292
181,1465.375332015124,14.423103608944645,1039.8037000091217,4.0,15.375332015124059
182,1459.4779313864117,15.052945886642934,1039.3983360657717,4.0,9.477931386411683
183,1453.2106417983643,15.334374895207866,1039.509006605161,4.0,3.2106417983643496
184,1447.0315318625444,16.094860662044645,1039.7335323048273,3.976835746969197,-2.968468137455602
185,1441.0833144363262,16.37821695920267,1039.6706129166912,3.92032326308073,-8.91668556367381
186,1435.4042869190225,16.584090755397945,1039.6543068403905,3.8499573173151784,-14.595713080977475
187,1429.998574113524,16.81399640789208,1039.4789503655707,3.7656042648133474,-20.001425886476
188,1424.859237178946,17.02872542630629,1038.9109024804015,3.6713398144873324,-25.140762821054068
189,1419.9059109410118,17.27256522269861,1038.638449820199,3.5683074998216897,-30.094089058988175
190,1415.1941232980082,17.730480374854643,1038.1134826572068,3.4334187259840965,-34.80587670199179
191,1410.8922802206698,18.092333710839394,1038.0845912712248,3.2921860281669195,-39.10771977933018
192,1408.3499483685353,18.367096265765063,1038.3872121248066,3.159769600418384,-41.65005163146475
193,1406.2251613560288,18.549058253003842,1038.7556185792625,3.044885408195388,-43.77483864397118
194,1405.3093658247371,18.7907033785733,1039.1717815602585,2.9389990306629885,-44.69063417526286
195,1404.796933390724,19.00181671717743,1039.6852787944927,2.8443921093530165,-45.20306660927599
196,1405.6349784025008,19.172591287553413,1040.1801955593207,2.7624020481203235,-44.36502159749921
197,1406.801156043364,19.315328311193323,1040.7168569158762,2.6928878658154405,-43.19884395663598
198,1408.1349454339374,19.44580301034491,1041.3200249188014,2.6344349140848116,-41.865054566062554
199,1409.6951299590476,19.56410259140785,1041.9131191834301,2.5854496312313087,-40.30487004095244
200,1411.4607530149335,19.678376418369393,1042.534285333651,2.5442881608208183,-38.539246985066484
201,1413.4976653098556,19.801095637257497,1043.1121552253735,2.5085364266661245,-36.50233469014438
202,1416.2340244631641,19.922857190845548,1043.7392671712782,2.4774742446155074,-33.76597553683587
203,1419.4682766600786,20.053904567775817,1044.2970624254408,2.449367380527877,-30.531723339921427
204,1423.042800590667,20.1124163282282,1044.6676183788893,2.426858932408074,-26.957199409333043
205,1426.815880383042,20.07509308065793,1044.2283550724915,2.409869263657422,-23.184119616958014
206,1431.1082716555568,19.478499572503395,1044.1105409916843,2.434039045784256,-18.89172834444321
207,1436.0276824426637,18.93320855777492,1044.1484242122615,2.494211871170627,-13.972317557336282
208,1441.5958836634484,18.465252058065914,1043.8407815070611,2.5798907021365207,-8.404116336551624
209,1447.8449327828625,17.889362899690383,1043.9444323485689,2.704326142468158,-2.155067217137457
210,1454.6980392866153,17.457810920269726,1043.7221937694228,2.846565500238696,4.6980392866153124
211,1462.084387171543,16.601807890366757,1043.1441266524362,3.0602250525590518,12.084387171543085
212,1469.5568448130277,15.964084121029378,1043.4991922211889,3.309328491616168,19.556844813027737
213,1476.6511079867796,15.619410047229465,1043.9316524258263,3.545562992902995,26.651107986779607
214,1482.9496668767881,15.213471354115578,1044.3717693794274,3.7795393402796567,32.949666876788115
215,1488.2066556499562,14.737554316886113,1044.7239629164985,4.0,38.20665564995625
216,1493.441488362179,14.313545414352708,1045.160060789188,4.0,43.441488362178916
217,1498.4582819574375,13.858616863164894,1045.8516607833983,4.0,48.45828195743752
218,1502.1560960846843,13.465710537181511,1046.8052817560008,4.0,52.15609608468435
219,1504.66678423648,13.36438608702119,1047.744509254782,4.0,54.66678423648
220,1506.1588323747847,13.191476299535209,1049.020708922391,4.0,56.15883237478465
221,1506.4648974596303,13.145509176966275,1049.6635695026366,4.0,56.464897459630265
222,1505.895577568484,13.101584459015463,1050.3204006676415,4.0,55.895577568483986
223,1503.6385338707628,13.062185689782691,1050.9792762109873,4.0,53.638533870762785
224,1500.1648402966957,13.026297195897229,1051.5450182567845,4.0,50.16484029669573
225,1496.0724212990135,12.982009367720583,1052.2894392306432,4.0,46.07242129901351
226,1491.2647698685014,12.918523871765046,1052.7554389894274,4.0,41.26476986850139
227,1485.646314898327,12.936594304147622,1052.4527210632089,4.0,35.64631489832709
228,1479.3419974982432,13.055697259727111,1052.023680741933,4.0,29.341997498243245
229,1472.2636645077832,13.880185342970545,1052.95478972188,4.0,22.263664507783233
230,1464.5490633318434,14.612206857893783,1053.963343367756,4.0,14.5490633318434
231,1456.8274545923457,15.219302062487323,1053.6524978694745,4.0,6.827454592345703
232,1448.9435721462423,15.760950520791319,1053.8134513834643,4.0,-1.0564278537576683
233,1441.160838192695,16.368253743674558,1053.6406894040524,4.0,-8.83916180730489
234,1433.7314099359098,16.92421308874163,1053.4847389344877,3.9317726564300703,-16.268590064090176
235,1426.8318155177744,17.441020120819154,1052.4903306609315,3.8110127635650115,-23.16818448222557
236,1420.339564599683,17.607130125698944,1052.4315875276313,3.7003584105763716,-29.660435400317056
237,1414.1818575620102,17.87004586820367,1052.231943801777,3.586371600542286,-35.81814243798976
238,1408.2747677512127,18.229961258825046,1051.6666158454163,3.459850206701506,-41.72523224878728
239,1402.7010636416646,18.54624508164901,1051.0245103572404,3.3309732656071924,-47.29893635833537
240,1397.557110068105,18.869848106946986,1050.9306980265542,3.2048538632029673,-52.442889931895024
241,1394.2127721440784,19.084692304037556,1051.2549240874184,3.094003441357262,-55.78722785592163
242,1392.3676373844512,19.385306569593336,1051.3387708962462,2.9884062635459614,-57.6323626155488
243,1391.6427437861557,19.732533370019826,1051.951132176229,2.888406660396771,-58.357256213844266
244,1391.8412020400526,19.91574573601694,1052.7392009142927,2.8056691541112198,-58.15879795994738
245,1393.0679208125673,20.06797468561262,1053.5205525562767,2.7382977929861334,-56.93207918743269
246,1395.2014811127292,20.191485642887788,1054.1982313564642,2.6839903789153596,-54.7985188872708
247,1398.153290936371,20.302802779608566,1054.8690377152357,2.640367933649385,-51.84670906362908
248,1401.212779084331,20.40298360336329,1055.542412000573,2.6055439261029143,-48.78722091566897
249,1404.5919048440187,20.499311721800865,1056.23797121683,2.5777684577586464,-45.4080951559813
250,1408.4939437791722,20.59792589427787,1056.901659728687,2.5551892319355183,-41.50605622082776
251,1412.8304877973546,20.703592345384404,1057.5195672126947,2.5361610514086594,-37.169512202645365
252,1417.642528213354,20.716542072968878,1057.2640482282204,2.520245179080304,-32.3574717866461
253,1422.782733724053,20.402807660594632,1057.2005632054897,2.5225744090597066,-27.21726627594694
254,1428.5884861098752,19.716160141022268,1058.1322918687229,2.5670807397522326,-21.411513890124752
255,1435.2378582059407,19.29938912670447,1058.3548863334233,2.630236631607219,-14.76214179405929
256,1442.4481788682606,18.839380472686976,1058.5784050889117,2.7154509812582424,-7.551821131739416
257,1450.222105000585,18.23914431422278,1058.205178191584,2.8343232227449215,0.22210500058508842
258,1458.5056599166937,17.392138545355564,1057.6211701120812,3.016277615264018,8.50565991669373
259,1466.9558202101662,16.578251150997865,1057.6181519285826,3.2578177054626076,16.955820210166166
260,1474.9572976669863,15.95659645678109,1058.1335895052562,3.526066706739968,24.95729766698628
261,1481.9689988520674,15.51566269859292,1058.4069126542397,3.788700742627137,31.968998852067443
262,1487.873316475051,15.046038944259562,1058.547068730081,4.0,37.87331647505107
263,1493.8372901249302,14.588898609561667,1058.7900518080087,4.0,43.83729012493018
264,1499.6681440029345,14.075387434041879,1059.3230306180562,4.0,49.66814400293447
265,1504.7183373238033,13.612978634396377,1060.150116973355,4.0,54.718337323803325
266,1508.2674268037376,13.386948469423928,1061.1934191420135,4.0,58.267426803737635
267,1510.8783335451965,13.206966731569599,1062.3003457430045,4.0,60.87833354519648
268,1512.4865751593027,13.107658510442192,1063.4621243054946,4.0,62.486575159302674
269,1512.846060906316,13.036019790558228,1064.4616228796274,4.0,62.8460609063161
270,1511.5089632300908,12.990427721711107,1065.256994955459,4.0,61.508963230090785
271,1508.5867742462246,12.950533285590108,1065.8673306983121,4.0,58.58677424622465
272,1504.4869131633966,12.909846882064565,1066.7116846539561,4.0,54.48691316339659
273,1499.594049264163,12.86345916297221,1067.5000703257726,4.0,49.594049264163004
274,1493.87974763512,12.799841657584443,1068.01832088277,4.0,43.87974763512011
275,1487.4214602349577,12.802779675284551,1067.50898659178,4.0,37.42146023495775
276,1480.1289172936424,12.95739849188491,1066.915523473234,4.0,30.128917293642417
277,1472.0655630746996,13.76987439049478,1068.0889846234716,4.0,22.06556307469964
278,1463.716098267139,14.466636462536288,1069.1976258016641,4.0,13.716098267138932
279,1455.1822207675607,15.109307366108522,1070.1768153614373,4.0,5.182220767560693
280,1446.6350620229255,15.752045432842744,1070.8999856849855,4.0,-3.3649379770745327
281,1438.1215964329886,16.372744814520484,1071.8760146285524,4.0,-11.878403567011446
282,1429.8803266593388,17.236338235473813,1071.3174302862842,3.9621295771987093,-20.119673340661166
283,1422.181090819125,17.78868711877862,1069.038334657724,3.859778799432607,-27.818909180874925
284,1414.9260182952457,18.0490552966278,1068.5216305634704,3.7524946452060615,-35.07398170475426
285,1408.1110846164745,18.45570843754712,1067.1698717093784,3.625781712764341,-41.8889153835255
286,1401.6035231226326,18.77256232853889,1066.1502153659656,3.497770362999367,-48.39647687736738
287,1395.447095894977,19.070975688594498,1065.1019129720814,3.3727371934598875,-54.55290410502289
288,1389.8588657088428,19.370183049943382,1064.2634801277193,3.2529240739508616,-60.14113429115719
289,1386.108496164529,19.584167892521293,1063.9686588316847,3.1469668378556146,-63.891503835470985
290,1383.8331333655822,19.793072489500407,1064.4134175373745,3.055656439000841,-66.16686663441783
291,1382.861849248438,19.93347690432031,1064.384624098567,2.978526065138963,-67.13815075156208
292,1383.1197340553822,20.246345210650798,1064.4116265013602,2.903319280162543,-66.8802659446178
293,1384.4936128106697,20.404836021143655,1065.3065577800076,2.84224727964307,-65.50638718933033
294,1387.4584413448615,20.534276597541876,1066.0964024427146,2.793186318935631,-62.54155865513849
295,1391.3442515377703,20.63768017276542,1066.8753863390798,2.7545380175324663,-58.65574846222967
296,1395.5460622271275,20.721654348420863,1067.6916876555358,2.724835665847853,-54.45393777287245
297,1400.3712178371322,20.8110544357463,1068.413531452735,2.7013654666039564,-49.628782162867765
298,1405.6364165101493,20.92122361449264,1068.757638544815,2.680501401008102,-44.363583489850726
299,1411.3222403882612,20.933144979488397,1068.4800095860335,2.6633847190654567,-38.67775961173879
300,1417.4548862089323,20.777591349357692,1068.3233816297152,2.65635980573197,-32.545113791067706
301,1423.9336445862907,20.260300858966694,1069.5835936196522,2.6799687274149018,-26.06635541370929
302,1430.8726381681627,19.65355933769061,1070.5929164746667,2.736871995304243,-19.127361831837334
303,1438.1869599802626,19.17915704603885,1071.0525492469505,2.815042363576314,-11.8130400197374
304,1446.2354957933067,18.743159990878755,1071.150060413185,2.910219586754909,-3.7645042066933456
305,1454.735030420866,17.806918865444064,1070.3831352744671,3.073520076437868,4.735030420865996
306,1463.326563177798,16.926063113134425,1070.3002535154867,3.3034259975269133,13.326563177798107
307,1471.445555602104,16.367114134583883,1070.2352397622576,3.5503980031045588,21.445555602103923
308,1478.5857183449307,15.948043479377114,1070.35516532154,3.793525936009321,28.585718344930683
309,1484.611937969837,15.522816045599498,1070.31858673435,4.0,34.61193796983707
310,1490.7089295573492,15.064895734850895,1070.352562127072,4.0,40.708929557349165
311,1496.6762115991771,14.54344887413424,1070.5725073125197,4.0,46.67621159917712
312,1502.1797977139913,13.993984545173555,1071.0524241180271,4.0,52.17979771399132
313,1506.5153589404526,13.545226741739803,1071.7022869174855,4.0,56.51535894045264
314,1509.5250029976266,13.446610311902583,1072.6662605874446,4.0,59.52500299762664
315,1511.4914183901597,13.324538981188022,1073.8951096599467,4.0,61.49141839015965
316,1512.5180398678015,13.2295600553234,1075.027740666518,4.0,62.51803986780146
317,1511.6539792372444,13.165327575817168,1075.9110898388517,4.0,61.65397923724436
318,1509.060004966673,13.118555755208684,1076.5930660447473,4.0,59.06000496667298
319,1505.4065133023269,13.06825928448792,1077.3657959642317,4.0,55.40651330232686
320,1500.994181855393,13.008768838666942,1078.1211175234844,4.0,50.99418185539298
321,1495.8352299732758,12.935035422854677,1078.6958555239078,4.0,45.83522997327577
322,1489.914061849125,12.853341425801771,1078.3306238785462,4.0,39.91406184912489
323,1483.1271507054623,12.879125150029475,1077.8776960136736,4.0,33.12715070546233
324,1475.3885186469727,13.662187054196345,1079.038032829851,4.0,25.38851864697267
325,1466.9227636593318,14.337527821431522,1080.084031007922,4.0,16.92276365933185
326,1458.4384532275524,14.92224458034819,1081.017113709299,4.0,8.438453227552372
327,1449.900662315793,15.526368858106075,1081.623541258528,4.0,-0.09933768420705746
328,1441.3761148171773,16.129938237393453,1081.8458163205137,4.0,-8.623885182822733
329,1432.9283203207542,16.40273948008825,1081.9584558830386,4.0,-17.07167967924579
330,1424.7512394118005,17.418756106904386,1080.5924462821797,3.9691284220552436,-25.248760588199502
331,1417.0893258919284,17.897113848742467,1077.2462744753166,3.8802392763296556,-32.91067410807159
332,1409.9113640316748,18.281085265757532,1075.2126222071659,3.7664858721802017,-40.08863596832521
333,1403.1468658052056,18.694590643645768,1073.4962698034271,3.6360671246010394,-46.85313419479439
334,1396.6837979851284,19.08711635059993,1072.1076339962437,3.5002772204559425,-53.31620201487158
335,1390.6319435935773,19.379630725834932,1070.8181643872488,3.3717795650520856,-59.36805640642274
336,1386.4670223022779,19.625069250693052,1069.6587026387333,3.2543428950320554,-63.53297769772212
337,1383.8296657276512,19.872640334793463,1069.0818685822162,3.148515906317238,-66.17033427234878
338,1382.4161934374397,20.03416975473512,1069.2954741034912,3.0604089471981846,-67.58380656256031
339,1382.1915687481865,20.17255959221541,1070.0349134973162,2.9892527842639733,-67.80843125181354
340,1383.134196363806,20.311028434343903,1069.766191446174,2.9276597807473825,-66.86580363619396
341,1384.5056010579706,20.513584942041422,1069.7116652252087,2.8713160310886012,-65.49439894202942
342,1387.8025138619553,20.643146035525497,1070.577584748331,2.826131827201263,-62.197486138044724
343,1391.8790989894671,20.74135163665194,1071.399582958458,2.7907723753943436,-58.12090101053286
344,1396.5376162122877,20.82624825591656,1072.1176342665733,2.7631146741048673,-53.46238378771227
345,1401.8393434108132,20.92172661632001,1072.5698149216564,2.7400150352625245,-48.16065658918683
346,1407.7455431139267,20.972654647020367,1072.618050986176,2.7208444064073474,-42.254456886073285
347,1414.0617849930475,20.944453978143105,1072.3309394079972,2.706606016153732,-35.93821500695253
348,1420.708839520863,20.73392821405284,1072.9052316034395,2.706545340090909,-29.291160479137034
349,1427.8109681055294,20.006216873936186,1074.4176801003935,2.7479610045021,-22.189031894470645
350,1435.27770278287,19.478879899201562,1075.215323000085,2.815165535289869,-14.722297217130063
351,1443.0834507575385,19.055709096615438,1075.2882609149851,2.897619690246966,-6.916549242461542
352,1451.2904044488619,18.198448101191918,1074.3747354014733,3.0352358294617607,1.2904044488618638
353,1459.8428036687337,17.237286163734353,1073.9763041494198,3.2473682378373954,9.842803668733723
354,1468.1295444638392,16.650589286249673,1073.7884190644515,3.482074580312197,18.12954446383924
355,1475.6678823394975,16.290253247039534,1073.8225440753938,3.7070523288278205,25.66788233949751
356,1482.0662055892037,15.859104742043781,1073.7568533286162,3.934774118528957,32.06620558920372
357,1488.1176867848426,15.383372990401181,1073.7049385296477,4.0,38.11768678484259
358,1494.1211648436547,14.863964396699053,1073.7847158169375,4.0,44.1211648436547
359,1499.9138340909378,14.302395579955643,1074.132808739169,4.0,49.913834090937826
360,1505.1407017220663,13.779071899232635,1074.5490677552848,4.0,55.1407017220663
361,1508.788721556313,13.54313128082686,1075.3255703756815,4.0,58.78872155631302
362,1511.2953070307117,13.339211341524473,1075.9057142688275,4.0,61.29530703071168
363,1512.8785675990982,13.255377607889073,1076.9042287669326,4.0,62.87856759909823
364,1512.7116661825567,13.182910673619055,1077.8179459643407,4.0,62.711666182556655
365,1510.6387113406315,13.125449662420753,1078.5541312682426,4.0,60.63871134063152
366,1507.4420590540874,13.072435829836452,1079.242636945196,4.0,57.442059054087395
367,1503.5936472736846,13.022864364034245,1079.9138101593394,4.0,53.59364727368461
368,1498.9767558017159,12.952934068298264,1080.388911361244,4.0,48.97675580171585
369,1493.5366337586179,12.875443377203078,1080.430170452116,4.0,43.53663375861788
370,1487.2130170596681,12.89042346560877,1080.3002008862484,4.0,37.21301705966812
371,1479.947984921721,13.155060636301295,1080.0617976300136,4.0,29.947984921720945
372,1471.796210489478,13.904223169689763,1081.1682002612417,4.0,21.79621048947797
373,1463.3473059050946,14.528616101766067,1082.1523850607712,4.0,13.347305905094572
374,1454.6770134994172,15.138756062289596,1082.9671996325812,4.0,4.677013499417171
375,1446.0388529114568,15.754709786074036,1083.3935733696392,4.0,-3.9611470885431572
376,1437.4375644526033,16.110369175764344,1084.3620334272982,4.0,-12.562435547396717
377,1429.1076780674584,17.51199714398522,1082.9642949016006,3.9647103301638755,-20.892321932541563
378,1421.2481150556273,17.957417732089116,1080.5198972669161,3.880200871255048,-28.751884944372705
379,1413.864046401775,18.295069340353553,1078.6960055014088,3.775939754049432,-36.13595359822489
380,1406.8734403001115,18.641437037381593,1077.166742581141,3.6597761846470065,-43.1265596998885
381,1400.196127665659,19.0147083957356,1075.7307915215367,3.535821076928783,-49.803872334340895
382,1393.9289816695575,19.293325157237238,1074.3619665561773,3.41668791143626,-56.071018330442485
383,1388.5021549683188,19.606886999512366,1073.1155997661763,3.3010853009276926,-61.49784503168121
384,1384.822186118211,19.86571054827398,1072.3228198532702,3.195226566715009,-65.177813881789
385,1382.510471167218,20.061939475946275,1072.1630671106027,3.103802456436282,-67.48952883278207
386,1381.4483944669119,20.258193761066018,1072.5282845113884,3.0258094665231003,-68.55160553308815
387,1381.5966213296651,20.33859100371267,1073.010562224834,2.964796465759945,-68.40337867033486
388,1382.391871382954,20.467000478202614,1072.8424345163137,2.9121390393068873,-67.60812861704608
389,1385.951582482753,20.62212123533728,1073.4259346230435,2.8673618697445846,-64.04841751724689
390,1390.2286607098167,20.745865565962976,1074.1403551459673,2.8306881359058536,-59.77133929018328
391,1394.9942996921473,20.836998491784534,1074.8038519519262,2.8015093716960386,-55.00570030785275
392,1400.269454060602,20.933728904525168,1075.1522771643752,2.7768366487231395,-49.7305459393981
393,1406.107255158616,21.03087236409944,1075.2160850265318,2.7547636446599073,-43.892744841384
394,1412.3319475412345,20.958686555561957,1074.9183698058423,2.7400376320321786,-37.66805245876549
395,1419.0375930542746,20.729745885613834,1075.1542843068546,2.7391838260157213,-30.962406945725434
396,1426.2097409373328,20.006926057614965,1076.58121057277,2.7793311744412295,-23.790259062667246
397,1433.7964408815255,19.447867191593772,1077.7469813906905,2.84885157301107,-16.20355911847446
398,1441.847943900954,18.950822779199164,1077.3292776937105,2.93793070407739,-8.152056099045922
399,1450.1340986134142,18.12392006781948,1076.3792116142367,3.079659482897635,0.13409861341415308
400,1458.542735934681,17.25421153415028,1075.675742505347,3.2840772128140987,8.542735934681104
401,1466.6848247027287,16.685597048571974,1075.6503698360684,3.5109684709748694,16.684824702728747
402,1474.1301951804899,16.35307780762076,1075.6010552065666,3.7259139141421183,24.130195180489864
403,1480.491717531313,15.956594457345915,1075.5571854827276,3.941373155287487,30.491717531313043
404,1486.546216825979,15.507179600022054,1075.5273233830246,4.0,36.546216825978945
405,1492.6450675002293,15.01303881359242,1075.5454122719789,4.0,42.64506750022929
406,1498.4472558089149,14.4606595127533,1075.8015285317422,4.0,48.44725580891486
407,1503.6482853207815,13.936367020364626,1076.180623622052,4.0,53.6482853207815
408,1507.2840109071471,13.64941055346088,1076.849969557303,4.0,57.28401090714715
409,1509.7221244719888,13.429362626035214,1077.249995606576,4.0,59.722124471988764
410,1511.096042456352,13.343673293398508,1078.1728044418903,4.0,61.09604245635205
411,1510.7859074815335,13.266780898074337,1079.040661777218,4.0,60.78590748153351
412,1508.753140019551,13.206282217446915,1079.7621999641888,4.0,58.75314001955098
413,1505.6316263929243,13.147154164479392,1080.4397614252623,4.0,55.63162639292432
414,1501.9120258571988,13.08506943026897,1081.086501354542,4.0,51.91202585719884
415,1497.4841834481967,13.015583345333313,1081.7088236444952,4.0,47.484183448196745
416,1492.284790004283,12.927649915711958,1081.6117916145784,4.0,42.28479000428297
417,1486.24656728018,12.893738438273616,1081.4579118529216,4.0,36.24656728017999
418,1479.252499090834,13.681750991362769,1082.0193650416104,4.0,29.252499090833908
419,1471.3727810045018,14.365412147250288,1082.8375187132142,4.0,21.372781004501803
420,1463.093503157465,14.934113694270271,1083.697426533113,4.0,13.093503157464966
421,1454.5651270789374,15.439500028461962,1084.2670927859997,4.0,4.565127078937394
422,1446.061915595578,15.951315109024556,1084.6977005705753,4.0,-3.938084404421943
423,1437.604552297432,16.43444440778343,1085.0044715294046,4.0,-12.395447702567935
424,1429.3474053768894,17.399583017037145,1083.7336097926448,3.980440458223642,-20.652594623110645
425,1421.5269308378859,17.83232321735934,1080.9111307857838,3.9069970741396376,-28.473069162114143
426,1414.174508877314,18.259781078071125,1079.1036263908743,3.8008355862531733,-35.82549112268589
427,1407.237691603034,18.61959354861759,1077.5795837719313,3.6817339931071187,-42.76230839696609
428,1400.6095582336734,18.99006043552477,1076.1626342246989,3.555683091179903,-49.3904417663266
429,1394.3078992146172,19.295009660833877,1074.7552223768976,3.4327388507547902,-55.69210078538276
430,1389.951305066436,19.609561910533884,1073.4831036482703,3.3141661350936005,-60.04869493356409
431,1387.1914740571033,19.838803392091872,1072.5875664425234,3.207571914615694,-62.80852594289672
432,1385.6683758150214,20.034166414814422,1072.4002576320067,3.1154374760821657,-64.33162418497864
433,1385.1723803369773,20.165694375458816,1072.4934631976187,3.0393404023457724,-64.82761966302269
434,1385.6576503518104,20.3381576807252,1072.9085724640738,2.9746258048752177,-64.34234964818961
435,1387.037493460877,20.415553492805422,1073.1861314167345,2.9231577526411296,-62.96250653912307
436,1390.278542986026,20.56940083439688,1073.4341127611137,2.8780586762448093,-59.72145701397403
437,1394.22425382195,20.696013750724948,1074.0002558267868,2.8404116884688007,-55.775746178049985
438,1398.8532241593095,20.797653789134564,1074.5324196807037,2.809558493680905,-51.14677584069045
439,1404.0248032024551,20.903531718965944,1074.6022246448038,2.782297799405878,-45.97519679754487
440,1409.7741938539616,20.851732070289035,1074.4702611851756,2.763525740201989,-40.225806146038394
441,1415.9740107082962,20.766297762803383,1074.4548039514357,2.752966147848081,-34.02598929170381
442,1422.7355089728574,20.129956805339287,1075.0990508668665,2.7780246140541403,-27.26449102714264
443,1429.9597647266512,19.511914188456792,1076.3698665361744,2.839098984876307,-20.0402352733488
444,1437.6140524018197,19.1837011126998,1075.8362269530314,2.907221100827595,-12.385947598180337
445,1445.5936501726626,18.53372051813792,1075.0315694677652,3.0114703769650055,-4.406349827337408
446,1453.9197367390746,17.67920438092996,1074.115396040918,3.1766819903346803,3.9197367390745512
447,1462.051892932775,16.919567154248856,1073.951894130903,3.3940143750022616,12.05189293277499
448,1469.7729882699036,16.561091439885182,1073.884462406518,3.6044029689769803,19.772988269903635
449,1476.6738871663454,16.163459547691517,1073.975871028926,3.816679847480317,26.673887166345366
450,1482.6044917739318,15.748801824008574,1073.9226718154869,4.0,32.60449177393184
451,1488.601137259918,15.295108326264629,1073.8983883054766,4.0,38.601137259918005
452,1494.3497896025694,14.790527238054349,1073.9691471858455,4.0,44.349789602569444
453,1499.7813889516976,14.246060403942684,1074.3184020084318,4.0,49.781388951697636
454,1503.8205558677203,13.734386640591632,1074.7271480472837,4.0,53.82055586772026
455,1506.522820485922,13.636553256463566,1075.5591173638425,4.0,56.52282048592201
456,1508.4845467895013,13.531904030690704,1076.5255396785997,4.0,58.48454678950134
457,1509.090449206512,13.425429532592505,1077.5425828562165,4.0,59.09044920651195
458,1507.9759313086347,13.345220891193382,1078.433583691157,4.0,57.9759313086347
459,1505.3727965599703,13.28027824730894,1079.1983964202223,4.0,55.37279655997031
460,1502.106969184357,13.220168036297322,1079.878227487639,4.0,52.10696918435701
461,1498.1187125685603,13.144464504673739,1080.5273288336227,4.0,48.11871256856034
462,1493.4163363379644,13.053795469727469,1080.431205853591,4.0,43.41633633796437
463,1487.9511949810385,13.05032434463247,1080.0036008200857,4.0,37.9511949810385
464,1481.6509241653532,13.103309961087279,1079.2915772815113,4.0,31.650924165353217
465,1474.4002917565679,13.858691604328177,1080.3566102446039,4.0,24.400291756567867
466,1466.2883929860295,14.50531438092507,1081.3757532110392,4.0,16.28839298602952
467,1458.152269469829,15.040576190519687,1082.2741293119293,4.0,8.15226946982898
468,1449.9907617915912,15.622430806046356,1082.8138887585224,4.0,-0.009238208408760329
469,1441.8104951848381,16.177185874288977,1083.053857335137,4.0,-8.189504815161854
470,1433.6660440361047,16.74464466048804,1083.2137796895095,4.0,-16.333955963895278
471,1425.7962719076586,17.605249806653656,1082.424070954207,3.9521243505665957,-24.203728092341407
472,1418.4055766507518,18.048698092889666,1079.8046235277513,3.8587809609591046,-31.594423349248245
473,1411.4326454059265,18.39716783625953,1078.1696368110129,3.748136279149793,-38.56735459407355
474,1404.8047319356867,18.772915727031414,1076.5991829739125,3.62534949187167,-45.19526806431327
475,1398.6171792247364,19.14444410464929,1075.2627322237854,3.498126804860626,-51.38282077526355
476,1392.8807943137638,19.386688489657068,1074.0106330160795,3.38042030946064,-57.11920568623623
477,1388.9663595557456,19.642922772819198,1072.9719327411128,3.271014023694626,-61.03364044425439
478,1386.5319823836544,19.872418401102387,1072.1882525401622,3.1718112888042542,-63.468017616345605
479,1385.2342500315692,20.06072729599316,1072.207992610478,3.086461399178841,-64.76574996843078
480,1385.1059352253194,20.18041644127198,1072.4201400332358,3.016565998577247,-64.8940647746806
481,1386.0426715486342,20.30609285683161,1072.6973519260675,2.95847101239916,-63.95732845136581
482,1388.0502693968126,20.334867638188562,1072.7474073838719,2.913600734373868,-61.94973060318739
483,1391.6933202543348,20.494880700780307,1072.977480625852,2.8728609365332884,-58.30667974566518
484,1396.0594939883351,20.611515794934594,1073.5816399839446,2.8388987291458543,-53.940506011664866
485,1400.9458549159126,20.727160816229404,1073.873622381797,2.809270167937885,-49.054145084087395
486,1406.4082831865112,20.800048411547216,1073.909696181326,2.784063789264282,-43.5917168134888
487,1412.4388234112216,20.790691278104617,1073.9971477310721,2.7658396881596774,-37.56117658877838
488,1418.795769217495,20.645016222817414,1073.9814347420647,2.758442372142194,-31.204230782504965
489,1425.6037816634048,19.9277161869476,1075.3961806010018,2.7946405455046905,-24.39621833659521
490,1432.8931905762183,19.34278346225191,1076.6035491542248,2.8643327838981607,-17.10680942378167
491,1440.62541814204,18.877638483673543,1076.0806560738038,2.9517886279473484,-9.374581857960038
492,1448.6614865759573,18.11680642446031,1074.9803430812872,3.086332011549129,-1.3385134240427305
493,1456.789118358674,17.262024367555853,1075.0151442097467,3.285984966222383,6.789118358673932
494,1464.4315483434177,16.753784680525648,1074.8395421993569,3.5007117974599127,14.431548343417717
495,1471.5156816480355,16.401981983646472,1074.856091622311,3.709159015864373,21.515681648035525
496,1477.6538271016568,16.029441251940533,1074.8821938011251,3.9166180450494132,27.653827101656816
497,1483.3912640828758,15.640416333122968,1074.9021539675255,4.0,33.39126408287575
498,1489.1341224609503,15.205118079026727,1074.8904639052055,4.0,39.134122460950266
499,1494.7181525842334,14.718506282691141,1074.963913247626,4.0,44.718152584233394
500,1499.8710527813234,14.1929051239273,1075.3039985561825,4.0,49.87105278132344
501,1503.4859071695075,13.775452003455504,1075.5075572651297,4.0,53.48590716950753
502,1505.835715696987,13.667016805261772,1076.4396813825101,4.0,55.83571569698711
503,1507.1857207034816,13.56183888497645,1077.3762907547894,4.0,57.18572070348159
504,1506.9817266097048,13.472396720439992,1078.2522573648473,4.0,56.981726609704765
505,1505.081694689819,13.40592885555886,1078.979581799095,4.0,55.08169468981896
506,1502.2075798850642,13.335633731653278,1079.6761650511528,4.0,52.207579885064206
507,1498.6915901091368,13.265705691900399,1080.3220168782395,4.0,48.69159010913677
508,1494.5111193687064,13.182880962415979,1080.8912850192607,4.0,44.51111936870643
509,1489.672962307983,13.130139430662311,1080.749850578021,4.0,39.67296230798297
510,1484.1119958965278,13.209657674330137,1080.3042349411921,4.0,34.11199589652779
511,1477.7079653995822,13.946059668079467,1081.0091871595957,4.0,27.707965399582235
512,1470.4012800645626,14.59657823289177,1081.8286250451133,4.0,20.40128006456257
513,1462.4460834141587,15.200873181983411,1082.0239876843027,4.0,12.446083414158693
514,1454.4705617107443,15.662240104653911,1082.027350137635,4.0,4.470561710744278
515,1446.4882937872649,16.094840525824665,1081.8178462574897,4.0,-3.5117062127351346
516,1438.5274597109765,16.596552792268817,1081.697435560457,4.0,-11.472540289023527
517,1430.8235207651742,17.475219378424026,1080.2046487420766,3.9611553111725133,-19.17647923482582
518,1423.538665543755,17.928130445061637,1078.2634119349138,3.8739755733439454,-26.461334456244913
519,1416.602452516747,18.116941132378965,1077.3546245026455,3.785480805349898,-33.39754748325299
520,1410.0231632988043,18.526030219540193,1075.8236356730413,3.673432104754723,-39.97683670119568
521,1403.7894766163556,18.81694184627173,1074.5174325684477,3.5588094649755706,-46.210523383644386
522,1398.1017699768513,19.13939792614041,1073.2218974469085,3.441940038328014,-51.8982300231487
523,1394.2378729523982,19.415983760589008,1072.0335535889167,3.3295770724276372,-55.76212704760178
524,1391.8996287093635,19.668773801774275,1071.1421219553317,3.2249802830626213,-58.10037129063653
525,1390.8778616555462,19.84567412465618,1070.7834118010096,3.1341065505510115,-59.12213834445379
526,1390.787929987837,19.98888787519807,1070.8717965136968,3.0577231462935766,-59.21207001216294
527,1391.5286463289078,20.09382750171389,1070.7953945977029,2.994206148881728,-58.471353671092174
528,1393.1972846249248,20.25548270901328,1071.02442427104,2.9386310635621418,-56.802715375075195
529,1396.5394619626882,20.40003061560154,1071.3038210439074,2.89056242263637,-53.460538037311835
530,1400.6314649195065,20.526959330494442,1071.449265972719,2.8488979489482444,-49.36853508049353
531,1404.9151306839276,20.646464989111504,1071.3732956855458,2.8119156548141246,-45.0848693160724
532,1409.8439981406357,20.718806559711535,1071.3180463410386,2.780804034632749,-40.15600185936432
533,1415.1922544738147,20.615909826088014,1071.1957907885205,2.7616098861970135,-34.80774552618527
534,1421.0534165401036,20.364248253613155,1071.7837934736335,2.7612176861542705,-28.946583459896374
535,1427.4405553126956,19.695508029929716,1073.0778377029858,2.8035315850969873,-22.55944468730445
536,1434.3776353817725,19.162080303337817,1074.0064437301733,2.8763029792180506,-15.622364618227493
537,1441.7462927481556,18.68195433609114,1073.3826020643894,2.9691932672732575,-8.25370725184439
538,1449.4610044829576,17.9302805105171,1072.2817928914283,3.1105258358044745,-0.5389955170423946
539,1457.1857611004282,17.11850066568294,1072.3770719430106,3.313504723155735,7.185761100428181
540,1464.6937362467577,16.713153167833394,1072.1692300382326,3.5179109213021,14.69373624675768
541,1471.6312918195597,16.371415822044014,1072.132905316543,3.717201789314528,21.631291819559692
542,1477.6676629162846,15.984586603397522,1072.1639338154866,3.919817741558502,27.6676629162846
543,1483.3333525558196,15.594571390260121,1072.182206580203,4.0,33.3333525558196
544,1489.0043048625612,15.16181234792,1072.2064139023694,4.0,39.004304862561185
545,1494.3337974600533,14.683998491569508,1072.3156678355056,4.0,44.33379746005335
546,1499.030110146409,14.174883452759314,1072.6718108424177,4.0,49.030110146409015
547,1502.285973683888,13.817759308414537,1073.1512562869684,4.0,52.28597368388796
548,1504.3861064686973,13.70566133245399,1074.1011841193463,4.0,54.386106468697335
549,1505.4628040547798,13.603578495259638,1075.049673463076,4.0,55.46280405477978
550,1505.0099488602616,13.514222592789803,1075.9317660299205,4.0,55.0099488602616
551,1502.9489486460102,13.439197610477116,1076.7357811581066,4.0,52.948948646010194
552,1500.1174356302317,13.368590459332038,1077.498189701344,4.0,50.11743563023174
553,1496.660092385023,13.293875119581216,1078.2232482329125,4.0,46.66009238502306
554,1492.5107762899072,13.199688639729363,1078.7277671559284,4.0,42.5107762899072
555,1487.710025061762,13.187591427940566,1078.302879286397,4.0,37.71002506176205
556,1482.1865761308993,13.1593188709957,1077.9718934163727,4.0,32.18657613089931
557,1475.826882657083,13.913638961680629,1078.9664279912533,4.0,25.826882657082933
558,1468.5918077211218,14.562581035319326,1079.9033996274247,4.0,18.591807721121768
559,1460.8115265374297,15.170680023450974,1080.5093610091178,4.0,10.8115265374297
560,1452.9973538564009,15.64627521380762,1080.5724457536603,4.0,2.9973538564008777
561,1445.1728146665992,16.076648455664245,1080.5390033350695,4.0,-4.827185333400848
562,1437.3392620522231,16.591420093165855,1081.2691893624124,4.0,-12.660737947776852
563,1429.6993698357007,17.410153034332595,1080.218578873157,3.9690731625981046,-20.300630164299264
564,1422.4851969112894,17.87353505124301,1077.8061517524823,3.884547921454098,-27.51480308871055
565,1415.693203954426,18.231636023848196,1076.1118353360425,3.7776144023098555,-34.30679604557395
566,1409.234394448289,18.56621216991237,1074.780538314252,3.660402490479636,-40.765605551710905
567,1403.198015048725,18.86611309536705,1073.612960353818,3.5418316983076723,-46.80198495127502
568,1397.461524578426,19.125560571498625,1072.4610310611533,3.427746986501937,-52.53847542157405
569,1393.574603215364,19.382193950161525,1071.3249880647113,3.318942778683957,-56.42539678463595
570,1391.200209597633,19.658543661593338,1070.5522811203946,3.215634358616036,-58.79979040236708
571,1390.1395260235622,19.877271717804224,1070.3814785097575,3.1237788494633842,-59.86047397643779
572,1390.0276690126516,20.071157230184344,1070.6489169830338,3.0445088290400864,-59.972330987348414
573,1390.7363590828977,20.110083595336896,1070.6731347084913,2.9829691412621977,-59.26364091710229
574,1392.4079021323237,20.227640074184485,1070.712066996873,2.930587922266125,-57.59209786767633
575,1395.6295004381504,20.374556016708965,1071.0428739346007,2.884897071474747,-54.370499561849556
576,1399.625129256557,20.50170996004152,1071.3382637840261,2.8454594127189927,-50.3748707434429
577,1404.1608615869404,20.621878963522047,1071.5528812543305,2.811055961361354,-45.83913841305957
578,1409.1860837724848,20.69330922868428,1071.6068415151035,2.782259924382148,-40.813916227515165
579,1414.6474058373587,20.62943943374826,1071.4606179779003,2.762999893823905,-35.35259416264125
580,1420.4840394015368,20.446586807637583,1071.728575748786,2.758013995912105,-29.515960598463153
581,1426.7935877033933,19.771718640011834,1073.0165129030656,2.796062735632969,-23.206412296606686
582,1433.6970870412758,19.217565491426107,1074.0761121386922,2.866650441232049,-16.302912958724164
583,1441.1111736670678,18.77546543563171,1073.610243811693,2.9543704652052147,-8.88882633293224
584,1448.987369247635,18.031795177916784,1072.510705050191,3.0891554711690627,-1.0126307523651121
585,1456.7932749418196,17.21276654185262,1072.0185920877027,3.2843442214576006,6.793274941819618
586,1464.3137397588218,16.693607308872842,1071.9029617296783,3.4977434536999485,14.31373975882184
587,1471.2680017933712,16.34961275880152,1071.9370334334271,3.7043854420588396,21.26800179337124
588,1477.329886249682,15.99018909103029,1071.9649711024688,3.9087605457530685,27.329886249681977
589,1482.9618182538754,15.610749856593204,1071.9824574229424,4.0,32.961818253875435
590,1488.5978162228598,15.182018476510313,1072.0142492257062,4.0,38.59781622285982
591,1493.9700520877286,14.712482953070143,1072.115552143247,4.0,43.97005208772862
592,1498.8434955388263,14.205858860919001,1072.4602400603198,4.0,48.843495538826346
593,1502.2670110830368,13.787305628436638,1072.7308405702404,4.0,52.26701108303678
594,1504.4903327538173,13.682280921551088,1073.6746990579873,4.0,54.490332753817256
595,1505.7612760143554,13.58177817680289,1074.64210512216,4.0,55.76127601435542
596,1505.512775861993,13.492598127179772,1075.5527130819628,4.0,55.51277586199308
597,1503.6381281445686,13.423972706374201,1076.3213947215104,4.0,53.638128144568554
598,1500.7670301680582,13.358106986606986,1077.0253842687234,4.0,50.76703016805823
599,1497.2669196487184,13.276100083655756,1077.7401928657857,4.0,47.266919648718385
600,1493.1324899708034,13.185926826695807,1078.1554514598633,4.0,43.13248997080336
601,1488.3646702305593,13.176610172748173,1077.8018207325824,4.0,38.36467023055934
602,1482.8625851620811,13.214454484076851,1078.049466500907,4.0,32.86258516208113
603,1476.5459486181294,13.959319765973436,1078.8578630248119,4.0,26.545948618129387
604,1469.3620346359157,14.601449616964684,1079.6606361087881,4.0,19.362034635915734
605,1461.5209325065066,15.204138385153742,1079.9569848921521,4.0,11.520932506506597
606,1453.664768006839,15.663409595135947,1079.9069116780242,4.0,3.66476800683904
607,1445.8058275928267,16.091403326926848,1079.7592609641263,4.0,-4.194172407173255
608,1437.9435895288752,16.587599778193354,1080.3395909305282,4.0,-12.056410471124764
609,1430.3163522710975,17.400067779883496,1078.758319332463,3.9659296782339655,-19.683647728902542
610,1423.126041510946,17.873980769209318,1076.5732210381461,3.8783011769292832,-26.873958489054075
611,1416.2670025780023,18.06679630305765,1075.5637671124202,3.7883850560042935,-33.73299742199765
612,1409.7036548415792,18.33644960503326,1074.4302466907186,3.689510756040111,-40.29634515842076
613,1403.5925144720043,18.737810253577,1072.9820235453192,3.572757572660596,-46.40748552799573
614,1397.9580669567927,19.127829686026462,1071.6743080382396,3.448095377690097,-52.04193304320734
615,1394.1701549070249,19.415163301962895,1070.5570852699352,3.329183367174299,-55.82984509297512
616,1391.8861016506169,19.667001686372537,1069.757792395897,3.2199833235079356,-58.113898349383135
617,1390.9060381302386,19.828145194690485,1069.5285436857687,3.1270476724121785,-59.093961869761415
618,1390.8520290460592,19.940643227217,1069.5009440137726,3.050461819362615,-59.147970953940785
619,1391.6121489501227,20.01115074273176,1069.6341221285845,2.989383328557471,-58.38785104987733
620,1393.2969782384432,20.108509822016202,1069.8048459518488,2.938680335224124,-56.70302176155678
621,1396.5264965758247,20.281894357228783,1069.8851363104404,2.8916479715762615,-53.473503424175306
622,1400.5496649475087,20.415194374447307,1070.1989598597663,2.8507520624037372,-49.450335052491255
623,1404.769938523556,20.539070636681462,1070.4043680845198,2.8148646998271944,-45.23006147644401
624,1409.3522188179572,20.61053633709411,1070.4516801496143,2.7848248086321363,-40.64778118204276
625,1414.5718708616832,20.646164750053572,1070.3412587780117,2.760306117178664,-35.42812913831676
626,1420.4271944865484,20.4683557730283,1070.5062590923678,2.750734679306578,-29.572805513451613
627,1426.8084289579638,19.788857579398897,1071.8121311070204,2.7854681363048313,-23.19157104203623
628,1433.7347426193703,19.213070131102658,1072.8455543003543,2.8549700323840175,-16.26525738062969
629,1441.0643217064498,18.75518040579252,1072.2388745059766,2.942814053702797,-8.935678293550154
630,1448.6982108984776,18.031115298985036,1071.1680046278077,3.0759919104820517,-1.301789101522445
631,1456.3569055821295,17.215595817022546,1070.660766928982,3.2694581005106422,6.356905582129457
632,1463.7202277873903,16.684603634935204,1070.5319922635383,3.4830682950127634,13.720227787390286
633,1470.5994865786613,16.337617886492932,1070.5843560806975,3.6903698254988027,20.5994865786613
634,1476.6374988368946,16.000118190151117,1070.6083795687605,3.89222566040758,26.637498836894565
635,1482.1669733955723,15.635749994149316,1070.6227922736805,4.0,32.16697339557231
636,1487.7026044446595,15.213785657284769,1070.6733709043374,4.0,37.70260444465953
637,1493.1722230596545,14.760595568427942,1070.7764537004548,4.0,43.17222305965447
638,1498.1512490379712,14.260513985480655,1071.1065326318276,4.0,48.15124903797118
639,1501.6617997881906,13.769661141686036,1071.5956311295424,4.0,51.66179978819059
640,1503.9307788366202,13.677360049743067,1072.4452538665507,4.0,53.93077883662022
641,1505.218047976231,13.587527776344793,1073.330466424016,4.0,55.21804797623099
642,1505.0263192468021,13.508133149958176,1074.1698015004138,4.0,55.02631924680213
643,1503.212293613589,13.431486291960354,1074.989812608704,4.0,53.212293613589054
644,1500.3775283898133,13.366025338484011,1075.6804126228997,4.0,50.37752838981328
645,1496.907505410516,13.285567114118955,1076.377436460049,4.0,46.90750541051602
646,1492.844796326324,13.195228869140696,1076.8099818955027,4.0,42.84479632632406
647,1488.176509738306,13.185811392356594,1076.4534815468958,4.0,38.176509738306095
648,1482.8009035856612,13.173650289922456,1076.197711484888,4.0,32.80090358566122
649,1476.639180262287,13.932766259672036,1077.017655539752,4.0,26.639180262287027
650,1469.6167743788933,14.578668604126136,1077.8909713819428,4.0,19.616774378893297
651,1461.8058469541888,15.188882015453022,1077.7245332147297,4.0,11.805846954188837
652,1454.0030424760537,15.670050569208039,1077.6956096137685,4.0,4.003042476053679
653,1446.2164678099332,16.12653944010468,1077.5563628342652,4.0,-3.7835321900668077
654,1438.4592179165115,16.634640231597924,1077.6392910463146,4.0,-11.540782083488466
655,1430.9556970444153,17.43254581505322,1076.265178905711,3.9542581920668884,-19.044302955584726
656,1423.8823370420303,17.87228624903525,1074.4847360079204,3.863047714814692,-26.117662957969742
657,1417.1270485490352,18.080169761554224,1073.9819606101871,3.770393580285926,-32.87295145096482
658,1410.6878661018216,18.45195413859022,1072.8029834962726,3.659319236577817,-39.312133898178445
659,1404.6697788945808,18.760686452888425,1071.6413411185476,3.5435592082483267,-45.33022110541924
660,1398.986020988356,19.061755231353484,1070.5480468968271,3.427576271651746,-51.013979011644096
661,1395.1629484325117,19.405692272035573,1069.5064866288822,3.3107913682579944,-54.83705156748829
662,1392.8353774722425,19.66422819478045,1068.8752943000636,3.203243717055365,-57.1646225277575
663,1391.8180479946946,19.83576713313552,1068.6748133127112,3.1109887779647307,-58.18195200530545
664,1391.759417069977,19.94245233245762,1068.8943771006016,3.0361575446443974,-58.24058293002304
665,1392.5703986203594,19.977319575469952,1069.1357159581498,2.9788489630770965,-57.429601379640644
666,1394.332908564317,20.068278003511786,1069.2313610112824,2.9309999166076173,-55.667091435683005
667,1397.6083541044943,20.234634029366898,1069.3903678407182,2.8866127809950375,-52.39164589550569
668,1401.6077988102668,20.379443869400458,1069.6833934093397,2.8469345177314476,-48.392201189733214
669,1405.8364406911594,20.517601130029124,1069.834911136553,2.8110162920740196,-44.163559308840604
670,1410.6437190458917,20.560093978961632,1069.6619529501338,2.781484512268065,-39.35628095410834
671,1415.902455635562,20.55257618891039,1069.4184256904089,2.758824436792284,-34.09754436443791
672,1421.6189896536118,20.32705044365036,1070.0752636904515,2.75510593067167,-28.381010346388166
673,1427.9984215362458,19.66095660886287,1071.3531296576657,2.795363168789332,-22.001578463754186
674,1434.9398137306966,19.164047766177855,1071.99527034015,2.8633076624425673,-15.060186269303358
675,1442.2847909201964,18.72760806707247,1071.8135115736488,2.9500732319515564,-7.7152090798035715
676,1449.9153415291235,17.947935803172445,1070.8877055098274,3.0894862352737875,-0.08465847087654765
677,1457.480188819582,17.171770458179484,1070.182461050828,3.2834332255821086,7.480188819582054
678,1464.7038761616213,16.62784256160024,1070.1648832482333,3.499868222089472,14.703876161621338
679,1471.4079040628137,16.29563933753883,1070.1760525413595,3.707283284447977,21.407904062813714
680,1477.2629641582403,15.940287002143313,1070.2118526574636,3.911756152793981,27.262964158240266
681,1482.7479342470779,15.572081595431253,1070.2282669902831,4.0,32.747934247077865
682,1488.1825335398296,15.15230780012507,1070.3034802865855,4.0,38.18253353982959
683,1493.4682311037902,14.701457508655906,1070.4280469333125,4.0,43.46823110379023
684,1498.173692262967,14.2115816149453,1070.772332494601,4.0,48.17369226296705
685,1501.4471042472524,13.812386974196118,1071.1523901687922,4.0,51.447104247252355
686,1503.6361433862094,13.706939055730748,1072.1035262648866,4.0,53.63614338620937
687,1504.8891217940486,13.612294709895508,1072.938942112972,4.0,54.889121794048606
688,1504.5538336816874,13.528278618494557,1073.808903690295,4.0,54.553833681687365
689,1502.678726544724,13.460000363522386,1074.5735624427416,4.0,52.678726544723986
690,1499.758739968032,13.392431362905265,1075.270851296944,4.0,49.75873996803193
691,1496.234035843908,13.31605054466589,1075.9832843187219,4.0,46.23403584390803
692,1492.0825995879147,13.223813745333894,1076.4253559139474,4.0,42.08259958791473
693,1487.3172196164244,13.212447105008048,1076.1597344126842,4.0,37.31721961642438
694,1481.8520863937697,13.284245418679804,1075.873953310014,4.0,31.852086393769696
695,1475.602976596856,14.02207821354667,1076.8369269684051,4.0,25.602976596856024
696,1468.515464437475,14.677998427511575,1077.7054138689684,4.0,18.515464437474975
697,1460.814676435499,15.26578515214074,1077.7323836510275,4.0,10.814676435498995
698,1453.09455707887,15.742646492490675,1077.6718963983933,4.0,3.0945570788699115
699,1445.3787317078086,16.20538658614024,1077.548351824835,4.0,-4.6212682921914165
700,1437.7076307387317,16.740448291364064,1076.7936943980153,4.0,-12.292369261268277
701,1430.3190985836848,17.45059292216113,1075.510759204011,3.9496715351162957,-19.680901416315237
702,1423.358867046104,17.88404756310743,1073.792631922165,3.856032299874421,-26.641132953895976
703,1416.7939231427645,18.255326614255075,1072.8030707570908,3.7430254753237358,-33.20607685723553
704,1410.5343392808827,18.58267552653077,1071.888707399576,3.6233215297725465,-39.465660719117295
705,1404.6625892521788,18.838166124992107,1070.890001590934,3.507216946351985,-45.337410747821195
706,1399.2702404623574,19.12015847706961,1069.8531797880391,3.393238760691613,-50.72975953764262
707,1395.65902450488,19.40371208624202,1068.961441504925,3.283246465503071,-54.34097549511989
708,1393.5352530272785,19.63132704980881,1068.5747321567505,3.1836753261262096,-56.464746972721514
709,1392.6529186199436,19.850914592885054,1068.635458745604,3.09524370509717,-57.34708138005635
710,1392.7217870742986,19.906120998249477,1068.619261675254,3.025524332797267,-57.27821292570138
711,1393.6631919295435,20.02420815055915,1068.8855955708405,2.9672766245397195,-56.33680807045653
712,1395.5916300683912,20.217540765887858,1068.9950841348941,2.9133214310073825,-54.40836993160883
713,1398.828250173163,20.366218833224796,1069.350571667263,2.8664507764574663,-51.17174982683696
714,1402.7669392281753,20.49608302565404,1069.6891213843762,2.82615858501246,-47.23306077182474
715,1407.2721591299344,20.6206939178312,1069.5911632951313,2.78982034849695,-42.72784087006562
716,1412.2412857635682,20.710352351209096,1069.57869146234,2.7585467974406415,-37.75871423643184
717,1417.5448572274447,20.6254953844486,1069.6897086944957,2.7392422424533382,-32.45514277255529
718,1423.3617557107912,19.92212506088217,1070.389797711608,2.763823478331655,-26.638244289208842
719,1429.7882459127836,19.31205132612209,1071.4823228993025,2.8266703954667265,-20.211754087216377
720,1436.7485340508808,18.814364604912985,1072.1137860642941,2.9159767873190265,-13.251465949119165
721,1444.2431396560776,18.29450597686631,1071.0374692907894,3.028021766835223,-5.756860343922426
722,1451.81096590295,17.56301140430606,1070.6124147941528,3.1908898838703723,1.8109659029501017
723,1459.323927893167,16.968748177734113,1069.8530164488946,3.3843358444719267,9.32392789316691
724,1466.5708921104417,16.537426774311733,1069.9095006405335,3.586822192377427,16.57089211044172
725,1473.1717621804567,16.207059019278436,1069.8989353236848,3.783659370082295,23.171762180456653
726,1478.8484276136162,15.859490527103096,1069.8567142760205,3.978896300775582,28.848427613616195
727,1484.5086459217555,15.45759095051443,1069.8867125308618,4.0,34.50864592175549
728,1490.206526326765,15.022122337573903,1069.973083283016,4.0,40.206526326765015
729,1495.5946845627577,14.53763184600259,1070.184433153532,4.0,45.59468456275772
730,1499.4594728383602,14.026373844149909,1070.623622898577,4.0,49.45947283836017
731,1502.0200051421198,13.743778418069171,1071.0736840939326,4.0,52.02000514211977
732,1503.5186490127985,13.660626792363729,1071.8114329352372,4.0,53.518649012798505
733,1503.9312020624625,13.567284955993053,1072.7365600920323,4.0,53.93120206246249
734,1502.8767512695351,13.501996797771186,1073.4056829986662,4.0,52.876751269535134
735,1500.6553525389334,13.429509279381863,1074.2119052832802,4.0,50.65535253893336
736,1497.6166542212693,13.359741875660767,1074.9619888055768,4.0,47.6166542212693
737,1493.9818210928263,13.272480318385984,1075.6092148871548,4.0,43.981821092826294
738,1489.7480251887005,13.173932143227429,1075.7464062235388,4.0,39.74802518870047
739,1484.842782174347,13.254110497284739,1075.2727275388586,4.0,34.842782174346894
740,1479.2234643542324,13.340516720203631,1074.5753619837792,4.0,29.22346435423242
741,1472.7578542884496,14.080554954666436,1075.5356303640158,4.0,22.757854288449607
742,1465.412789590605,14.732008046106873,1076.5353968956636,4.0,15.412789590604916
743,1457.668553833678,15.310898245729646,1077.2158192602478,4.0,7.668553833678061
744,1449.9486418217537,15.749247611651015,1077.1886393790885,4.0,-0.05135817824634614
745,1442.2317449117559,16.261759937063093,1077.1843664188593,4.0,-7.768255088244132
746,1434.5661223932595,16.888090129773335,1077.3954062008995,4.0,-15.433877606740452
747,1427.2048366277138,17.532019100392965,1076.0775510040648,3.9417053463592584,-22.795163372286197
748,1420.295230460943,17.97536879284623,1074.0767236995657,3.840957620296894,-29.704769539056997
749,1413.76758437115,18.334285749246153,1072.850619495906,3.723935840943393,-36.23241562885005
750,1407.5390603339029,18.698341874235304,1071.7364163223895,3.5979032618747735,-42.46093966609715
751,1401.8773556016743,18.9432735238041,1070.700565176656,3.4785751006199574,-48.12264439832575
752,1396.7007527272056,19.185937226599968,1069.7035235711041,3.3660954736897972,-53.299247272794446
753,1393.2879787788802,19.46572193672717,1068.8194932912547,3.257981524276718,-56.71202122111981
754,1391.332415283497,19.690987980136324,1068.4812371330113,3.160483768051769,-58.667584716502915
755,1390.5801919822475,19.9010501136574,1068.6862420837629,3.074997910936583,-59.41980801775253
756,1390.688146674649,19.948762083961483,1068.7214247065663,3.0081746699238234,-59.31185332535097
757,1391.7649274433236,20.08875238078308,1069.0066010113087,2.9510479996221433,-58.235072556676414
758,1394.0064293954297,20.27750819503167,1069.2755287315651,2.8989999526380945,-55.99357060457032
759,1397.4058469803645,20.415419734791104,1069.854679605948,2.855048780978744,-52.59415301963554
760,1401.525188310957,20.531735345156285,1070.3181165912206,2.8181297014450952,-48.47481168904301
761,1406.180269050709,20.654488311940085,1070.5510726209864,2.785643572759934,-43.81973094929094
762,1411.3847370312203,20.69364121525604,1070.6265418487276,2.759810958270517,-38.61526296877969
763,1416.9149527743698,20.59491793559267,1070.6144825403899,2.7448109340925297,-33.085047225630206
764,1422.8220294572066,20.27215257399335,1070.7596251997177,2.7498005844156017,-27.177970542793446
765,1429.278051482029,19.61994910759079,1072.0491042333435,2.7964637534121244,-20.721948517970986
766,1436.2487654205083,19.115916848758218,1072.3525259898379,2.8691160864144516,-13.751234579491665
767,1443.7218309812638,18.62858007637639,1071.9382792234203,2.9638157007600787,-6.278169018736207
768,1451.3497146267318,17.811726978848828,1070.974395139292,3.1152248361336454,1.3497146267318385
769,1459.077177886401,17.059142325766025,1070.3759315982068,3.3177534088011393,9.077177886400932
770,1466.6017132592144,16.57937474669633,1070.3579926070536,3.5327971694668303,16.60171325921442
771,1473.4899053631214,16.252290773296895,1070.3553840646969,3.7385383997228114,23.489905363121352
772,1479.4101784031232,15.872724389099552,1070.316620598081,3.9448477273461546,29.410178403123155
773,1485.1081950568907,15.445929443712782,1070.3575617542108,4.0,35.108195056890736
774,1490.7443616849375,14.99866416102069,1070.4266765783705,4.0,40.74436168493753
775,1496.044177380677,14.502653330246687,1070.6640468954092,4.0,46.044177380676956
776,1500.569008004646,13.990556329641999,1071.1183620150036,4.0,50.56900800464609
777,1503.6823564878166,13.719905826687999,1071.8360830432075,4.0,53.682356487816605
778,1505.6996690271535,13.612787700576252,1072.8311150131562,4.0,55.699669027153504
779,1506.681034774239,13.51366660534435,1073.7913238660838,4.0,56.681034774238924
780,1506.0076790748205,13.435777113506488,1074.6602523453512,4.0,56.007679074820544
781,1503.8484445505314,13.366584805072756,1075.438397831688,4.0,53.84844455053144
782,1500.7761861114445,13.291652220204083,1076.1631332954378,4.0,50.77618611144453
783,1497.1115320396898,13.220706027634373,1076.9196243994882,4.0,47.11153203968979
784,1492.7741729745928,13.133800204446919,1077.4202411066317,4.0,42.77417297459283
785,1487.707186555857,13.119773548211878,1077.3186298731534,4.0,37.707186555857106
786,1481.8823720348255,13.115556761148738,1077.3909732928628,4.0,31.882372034825494
787,1475.1949587862043,13.874103483287849,1078.31836627016,4.0,25.194958786204324
788,1467.631068145112,14.527879904308556,1079.3516476167806,4.0,17.631068145112067
789,1459.6902376297112,15.086287376949775,1080.2498733295708,4.0,9.690237629711191
790,1451.7101497478254,15.601967838847969,1080.9141070816565,4.0,1.710149747825426
791,1443.709230048938,16.10644078818824,1081.5288961623946,4.0,-6.290769951061975
792,1435.7374155741893,16.680364877767232,1081.9015814336442,4.0,-14.2625844258107
793,1428.0044539242267,17.522311768526986,1081.1546175639335,3.95829668534906,-21.99554607577329
794,1420.7046606453039,17.976935639389147,1078.7603442594218,3.8680094461363836,-29.295339354696125
795,1413.7696671810527,18.183339175831776,1077.6164871693047,3.7748899937676637,-36.23033281894732
796,1407.1870619675408,18.576735234427304,1075.8940404428747,3.660954556441081,-42.812938032459215
797,1401.0437132512607,18.963838533729554,1074.4525789794945,3.5367685654589933,-48.95628674873933
798,1395.261305711561,19.257880576927572,1073.1549973709907,3.416074553374785,-54.73869428843909
799,1391.3354304557113,19.5364330626843,1072.0049631430772,3.30165484058716,-58.664569544288725
800,1388.9196479072823,19.77170325034964,1071.3278436852577,3.1980786802377543,-61.0803520927177
801,1387.7068203579495,19.96776499503117,1071.1146608180775,3.1077699392339957,-62.29317964205052
802,1387.5209991705458,20.181716294622113,1071.4278749801608,3.0291053471165617,-62.47900082945421
803,1388.3050293738677,20.221119008701375,1071.4776171069786,2.968172035170089,-61.69497062613232
804,1390.1641112167724,20.39697175340504,1071.431325944081,2.9133065396623516,-59.835888783227574
805,1393.602369835494,20.53631220423204,1071.9543761926861,2.867240691022503,-56.39763016450593
806,1397.7806410811547,20.64772502689505,1072.5542365641504,2.8296270736486746,-52.21935891884527
807,1402.1866833530503,20.76428440624902,1072.5999228004407,2.7964871049962827,-47.813316646949716
808,1407.2255088795519,20.741242057536898,1072.3120291724915,2.7716477732337452,-42.77449112044815
809,1412.8724224032871,20.777668885207273,1072.1215476639818,2.750820274629734,-37.127577596712854
810,1418.9481619202415,20.63345662862242,1072.3592383417877,2.7422940242148326,-31.051838079758454
811,1425.5290590796822,19.916722610654254,1073.7393830557946,2.777791626086668,-24.470940920317844
812,1432.6138972178653,19.33510938308915,1074.9771112404756,2.847073143461502,-17.386102782134685
813,1440.164779660706,18.901046740839657,1074.5376395392582,2.9318963002417138,-9.835220339293983
814,1448.234154219327,18.175970522149488,1073.442423436177,3.060199963186014,-1.7658457806730894
815,1456.2873049386308,17.341353086490475,1072.7448200472268,3.249084046410197,6.2873049386307684
816,1464.2252803360147,16.74598658548477,1072.5420822569954,3.4664859789526044,14.225280336014748
817,1471.6036432035307,16.39627284203375,1072.5458657810757,3.676640471833114,21.603643203530737
818,1478.0389362415283,16.001983646164366,1072.5725387921825,3.8883832590927385,28.03893624152829
819,1483.913783773862,15.592283516510415,1072.592635439739,4.0,33.91378377386195
820,1489.6025422939724,15.1446072843703,1072.589413834996,4.0,39.60254229397242
821,1495.2221691228674,14.650095019181656,1072.7165072406588,4.0,45.2221691228674
822,1500.4111634212538,14.121144528901667,1073.1119614572294,4.0,50.41116342125383
823,1504.065877971252,13.720315587268745,1073.214595736226,4.0,54.06587797125189
824,1506.4593181681805,13.614573926173255,1074.2068119856974,4.0,56.459318168180516
825,1507.9116560738207,13.514486237543714,1075.1846040361027,4.0,57.91165607382072
826,1507.8746553941796,13.421450722615534,1076.1552502071656,4.0,57.87465539417963
827,1506.173596821808,13.346264986681946,1076.9911707333733,4.0,56.173596821807905
828,1503.3225622536945,13.280666651331213,1077.688976714413,4.0,53.322562253694514
829,1499.8316069736552,13.21540009651385,1078.379311589345,4.0,49.8316069736552
830,1495.6291039459995,13.139625849940181,1079.0602617276263,4.0,45.62910394599953
831,1490.725811466652,13.079508753059839,1079.0085030703708,4.0,40.725811466651976
832,1485.077411486561,13.165631055997187,1078.5445107384612,4.0,35.077411486561004
833,1478.608291354957,13.408852685529679,1078.1297582626714,4.0,28.60829135495692
834,1471.2244260140399,14.114451838495347,1079.1576530540697,4.0,21.224426014039864
835,1463.201123267456,14.72952335159748,1080.1380140360711,4.0,13.201123267456069
836,1455.1372800593742,15.265340065137368,1080.9889050227075,4.0,5.137280059374234
837,1447.0556175970146,15.808664938069228,1081.5109797495252,4.0,-2.9443824029854113
838,1438.972305771443,16.3481173139607,1081.9782159048407,4.0,-11.027694228557039
839,1431.0575363189682,17.325545310670122,1080.5269664981972,3.9803548141624296,-18.942463681031768
840,1423.5704241150286,17.800268680403175,1077.9745836942848,3.9017435269811793,-26.429575884971428
841,1416.5136555238678,18.16285258503568,1076.5953108533529,3.7991313419235064,-33.48634447613222
842,1409.8480515166993,18.52446870664779,1075.1503004920478,3.6816598083471694,-40.15194848330066
843,1403.528303583048,18.82552273803004,1073.8488187106686,3.5620464823885216,-46.471696416952
844,1397.7722007714451,19.11386065247954,1072.5706209494704,3.444200392390898,-52.227799228554886
845,1392.8136604133852,19.359355375605926,1071.3757783203303,3.333114216895076,-57.18633958661485
846,1389.524858336753,19.607719892702523,1070.391407031409,3.229065781087692,-60.475141663247086
847,1387.600279283675,19.828148360146777,1070.0019871826898,3.1355249749230514,-62.399720716324964
848,1386.7855304368295,19.98792106709094,1070.025643759109,3.055898391477321,-63.214469563170496
849,1387.0393343121793,20.050813519725086,1070.369537653629,2.9937748771408836,-62.960665687820665
850,1388.3277012292328,20.159916311219714,1070.2338716747827,2.940657931485059,-61.672298770767156
851,1391.5039674487869,20.35440501294398,1070.4774941571864,2.8915013124505813,-58.49603255121315
852,1395.4657064685696,20.503606405786766,1071.0701212859115,2.8494008218117544,-54.53429353143042
853,1399.969771169569,20.612599007605944,1071.537109159175,2.8143778273096056,-50.03022883043104
854,1405.0126627642255,20.72284047411243,1071.6563320267567,2.7836335846351252,-44.987337235774476
855,1410.473612411399,20.757779370045444,1071.559385499266,2.758742087164413,-39.52638758860098
856,1416.3466351053023,20.66703394314671,1071.3576543700956,2.7433297387304543,-33.65336489469769
857,1422.5904885944456,20.33452739245737,1071.6480687509954,2.7485426595096434,-27.40951140555444
858,1429.307923677125,19.681205362543153,1073.0417232684267,2.794832371401927,-20.692076322874982
859,1436.5253421430662,19.178259465197755,1073.2334372612781,2.8659673769574856,-13.474657856933845
860,1444.139341630785,18.666619565367828,1072.8079853474205,2.9609150577113086,-5.860658369214889
861,1451.9416406377125,17.819078907491892,1071.8906062189944,3.115359557070632,1.941640637712453
862,1459.7659471811844,17.04538255725626,1071.3896900245688,3.3231247664453174,9.765947181184401
863,1467.3786100074103,16.57778812785213,1071.375954859276,3.540558238428228,17.378610007410316
864,1474.3470196647916,16.2455248991002,1071.42726364662,3.7489897426701706,24.34701966479156
865,1480.2884410882343,15.849355689428302,1071.3827142215127,3.9595818454474987,30.288441088234322
866,1486.0657600841018,15.414993420110603,1071.4128068609077,4.0,36.06576008410184
867,1491.7713369287449,14.951432126111026,1071.469127174954,4.0,41.77133692874486
868,1497.1533808844613,14.437662997731431,1071.7386483736793,4.0,47.153380884461285
869,1501.7390937129435,13.915182110154293,1072.1967896151887,4.0,51.739093712943486
870,1504.9169834644815,13.645273414430656,1072.6854990046384,4.0,54.91698346448152
871,1507.0003318182255,13.548538268433184,1073.6499077695473,4.0,57.000331818225504
872,1507.997338094892,13.452838454778448,1074.642563815113,4.0,57.99733809489203
873,1507.2795889833108,13.369888730393193,1075.4930877528511,4.0,57.27958898331076
874,1505.0361659466685,13.3081782149463,1076.253712275331,4.0,55.03616594666846
875,1501.9078684501667,13.255599322088013,1076.9103729336393,4.0,51.90786845016669
876,1498.1789104537822,13.18476786672228,1077.650981601854,4.0,48.17891045378224
877,1493.7538097280187,13.096952972516979,1077.9188703043194,4.0,43.75380972801872
878,1488.5979187898583,13.09375375828428,1077.4607391529155,4.0,38.59791878985834
879,1482.6673240895461,13.0738911492338,1077.1311209119262,4.0,32.66732408954613
880,1475.8389498775916,13.839648698357037,1078.1469267198217,4.0,25.83894987759163
881,1468.1195400395357,14.49726652128435,1079.1032331426659,4.0,18.11954003953565
882,1460.0285521481426,15.06989952382071,1079.995065866147,4.0,10.02855214814258
883,1451.9210973577217,15.577772056332314,1080.6960820147383,4.0,1.9210973577216919
884,1443.8024162529182,16.089158380345218,1081.31551261941,4.0,-6.197583747081808
885,1435.7016850585119,16.631260076580084,1081.8175122717664,4.0,-14.298314941488115
886,1427.8422325849167,17.5065894427797,1081.2758362014185,3.9605282147516556,-22.1577674150833
887,1420.462912031209,17.961581850464665,1078.7631621953662,3.8713636990459306,-29.537087968790956
888,1413.5225613497385,18.31763788733756,1076.8974250462145,3.761504709226811,-36.47743865026155
889,1406.9390701441264,18.697914270109642,1075.4195080748898,3.6383020343983605,-43.06092985587361
890,1400.8006028936857,19.034290614721147,1074.10811985539,3.512871944526941,-49.199397106314336
891,1394.9708563586428,19.30607828176278,1072.8875508393344,3.3936546662526936,-55.02914364135722
892,1390.9955523824326,19.560036964646486,1071.833620844356,3.282647854076793,-59.00444761756739
893,1388.5257814994145,19.78979588927825,1071.236879484587,3.1823768024892103,-61.47421850058549
894,1387.278929752512,20.007591020303423,1071.1261258766135,3.0937223682797823,-62.72107024748789
895,1387.0456977434083,20.133865739970815,1071.3568410213386,3.0209266064243523,-62.954302256591745
896,1387.7982105110848,20.198011808488424,1071.4472353117555,2.963164592134213,-62.20178948891521
897,1389.5581810800638,20.389495694459693,1071.5528384123256,2.910337037394023,-60.44181891993617
898,1392.9727100396904,20.51948851017615,1072.0608844271524,2.8661641983774295,-57.027289960309645
899,1397.1352998389746,20.62901088231361,1072.518811074009,2.829539660805083,-52.86470016102544
900,1401.8294670822138,20.742421647959215,1072.8905495558292,2.798330975057423,-48.170532917786204
901,1407.1079005758097,20.853625983873556,1072.6471052310185,2.7694403478304483,-42.89209942419029
902,1412.874400195415,20.872534244384724,1072.547340422517,2.746664654449067,-37.12559980458491
903,1419.0194216314885,20.69797288629708,1072.7804049441095,2.7377329558859405,-30.980578368511487
904,1425.6126011379029,19.986247652892047,1074.1996852629386,2.7717940946044886,-24.387398862097143
905,1432.69757219121,19.39002002111233,1075.4643275706887,2.8401477234954684,-17.30242780879007
906,1440.2967980484186,18.943620917414247,1075.057036104162,2.9248071918376546,-9.703201951581377
907,1448.2379697443464,18.20152888754783,1074.0184251040378,3.0541423460377697,-1.762030255653599
908,1456.227077101434,17.35687773911839,1073.305625769357,3.244503644541264,6.227077101433906
909,1464.1417787142088,16.75936348094343,1073.0796817554997,3.4630757305889297,14.14177871420884
910,1471.479063995694,16.407050489274862,1073.093594630488,3.6744501229305966,21.479063995694105
911,1477.8740411812785,16.018557390819417,1073.1154993513599,3.8862793545843344,27.87404118127847
912,1483.6926543987636,15.612305501876627,1073.1336450798972,4.0,33.69265439876358
913,1489.589930172035,15.16722282554157,1073.1287459252696,4.0,39.58993017203511
914,1495.3791596704432,14.667237546008694,1073.2392694179537,4.0,45.37915967044319
915,1500.6740010442386,14.128223870748249,1073.6367797000576,4.0,50.674001044238594
916,1504.4291817831102,13.649257674722678,1074.1277148759796,4.0,54.42918178311015
917,1506.895170645031,13.55950110306968,1075.019943198204,4.0,56.89517064503093
918,1508.3960218891436,13.467334539618522,1075.93736483141,4.0,58.39602188914364
919,1508.3754743400139,13.385282362078462,1076.8304802609384,4.0,58.37547434001385
920,1506.6734363877538,13.32048950760707,1077.5848740529186,4.0,56.67343638775378
921,1503.8172358718175,13.256093306481768,1078.2829995220582,4.0,53.8172358718175
922,1500.3165780313893,13.191779466902958,1078.9607553322444,4.0,50.31657803138933
923,1496.119500639697,13.113724520203702,1079.5343766462292,4.0,46.11950063969698
924,1491.2287770410308,13.064313236047346,1079.468288296255,4.0,41.22877704103075
925,1485.603351841675,13.075624965993507,1078.8317557710823,4.0,35.60335184167502
926,1479.141378949976,13.319528715633629,1078.5593622171903,4.0,29.141378949975888
927,1471.7430230639357,14.046668287370453,1079.6425391290377,4.0,21.743023063935652
928,1463.5511226154588,14.657797539281335,1080.6607453590786,4.0,13.55112261545878
929,1455.3543420686815,15.21271705399748,1081.5074311316177,4.0,5.35434206868149
930,1447.1588833480484,15.775104813975721,1082.0202057270824,4.0,-2.841116651951552
931,1438.9997813638895,16.320833338247347,1082.0524166840848,4.0,-11.000218636110503
932,1431.06028618077,17.390036336159874,1080.6043870388921,3.9726630397744573,-18.939713819230064
933,1423.5506701739737,17.853444851760344,1078.3203024102627,3.8910578824139344,-26.449329826026315
934,1416.4842843711633,18.228403224367955,1076.7805465615108,3.7849363032322887,-33.51571562883669
935,1409.8083103420165,18.636105568512804,1075.4252668652564,3.6615058791911554,-40.19168965798349
936,1403.4848405834734,18.905293884352375,1074.2574176326232,3.5414472541510778,-46.51515941652656
937,1397.550909529342,19.16010870320931,1073.053987368428,3.426740268488166,-52.44909047065789
938,1392.4071205291632,19.44021705221974,1071.9185863445546,3.3160629871372866,-57.592879470836806
939,1388.9716877939009,19.68853830942205,1070.9524090588584,3.212904558870063,-61.028312206099145
940,1386.8814119053025,19.89828206836428,1070.7733023987416,3.1218264325132603,-63.11858809469754
941,1385.9305346770752,20.126085691793875,1071.006030070569,3.041225482263562,-64.06946532292477
942,1386.081771411671,20.18879152901969,1071.4417405118008,2.9788640923776164,-63.91822858832893
943,1387.267357809509,20.289765757620142,1071.7688479731464,2.927894833597356,-62.732642190491106
944,1390.534056619471,20.458735013618885,1072.055799058119,2.882210333956918,-59.4659433805291
945,1394.5690567351417,20.589831307427467,1072.5357492596163,2.8434090713383338,-55.43094326485834
946,1399.1769573111906,20.69439640787931,1072.9590757304961,2.8110457712596517,-50.82304268880944
947,1404.4233550845138,20.801969159166976,1072.9857258039217,2.7822521362051287,-45.57664491548621
948,1410.0275221095058,20.828357293213095,1072.655301313887,2.7584505359836298,-39.97247789049425
949,1415.9765688716811,20.701702274554485,1072.605571672006,2.745822565120192,-34.02343112831886
950,1422.3565410580084,20.43373614584053,1073.113221469743,2.750423233617582,-27.64345894199164
951,1429.2038429683118,19.75573167724418,1074.5784081281242,2.7965260396849434,-20.796157031688153
952,1436.5199460915653,19.242044553075797,1075.0002840385216,2.8681436404302754,-13.480053908434684
953,1444.381475347338,18.68822428855907,1074.3944159189994,2.9658372803679347,-5.618524652662018
954,1452.4222586141952,17.824028047019766,1073.4736201792352,3.123808121641793,2.4222586141952434
955,1460.440213658007,17.0430694179731,1073.043451948177,3.335351984615622,10.440213658006996
956,1468.1616686673499,16.590706163676636,1073.0273085398728,3.5535764617801546,18.161668667349886
957,1475.163845738695,16.245115291962307,1073.08356599659,3.764408041591202,25.163845738695045
958,1481.0886258878268,15.842081251943794,1073.034416860925,3.977731545438604,31.088625887826765
959,1486.9500718763768,15.397726592415157,1073.0347502392278,4.0,36.950071876376796
960,1492.72085326852,14.91603295316993,1073.0885011219614,4.0,42.72085326851993
961,1498.0951611061837,14.383763959553441,1073.3798522775874,4.0,48.095161106183696
962,1502.80049671333,13.867761584941762,1073.815272468849,4.0,52.80049671332995
963,1506.0494707192734,13.615711876653714,1074.2135027441411,4.0,56.04947071927336
964,1508.1805245334374,13.507271590175275,1075.1921293157438,4.0,58.18052453343739
965,1509.1435939345242,13.420682031106463,1076.1122279920298,4.0,59.14359393452423
966,1508.358979595383,13.342363636064183,1076.9936927922201,4.0,58.35897959538306
967,1506.03592500325,13.279916699103033,1077.7583937270176,4.0,56.035925003249986
968,1502.8576271846907,13.21940480375719,1078.4836495958023,4.0,52.85762718469073
969,1499.0579023282783,13.149557317495239,1079.098594409977,4.0,49.05790232827826
970,1494.5460072647709,13.068085605969305,1079.5015239251543,4.0,44.54600726477088
971,1489.2884721854423,13.067206137858491,1078.9660927921952,4.0,39.28847218544229
972,1483.2220841583526,13.055306950406422,1078.6737015317171,4.0,33.22208415835257
973,1476.2285544912343,13.822303012687854,1079.581266683153,4.0,26.228554491234263
974,1468.360718696248,14.48437881359113,1080.5431635872476,4.0,18.360718696247886
975,1460.1613904924136,15.052132689511224,1081.396721993873,4.0,10.161390492413602
976,1451.9277677405676,15.569658995837734,1082.0257859901424,4.0,1.9277677405675604
977,1443.7066909366695,16.08756518659751,1082.5622255958656,4.0,-6.2933090633305255
978,1435.5182740139423,16.611749277831173,1082.9707010389907,4.0,-14.481725986057654
979,1427.5645609364728,17.512790221296477,1082.3708445566251,3.962934508162342,-22.435439063527156
980,1420.0712623576733,17.95357256790707,1079.7217876538732,3.876925407914025,-29.928737642326723
981,1413.007973113668,18.291375936007597,1077.934001442695,3.7715268771835886,-36.99202688633204
982,1406.310890105569,18.666375810597955,1076.534801628179,3.652214392731244,-43.68910989443111
983,1400.0783517359764,19.01998003721342,1075.0553113281012,3.5275515781522975,-49.92164826402359
984,1394.18724857688,19.314502090742533,1073.7303949411205,3.406840678549897,-55.81275142312006
985,1390.164123905665,19.60495685298332,1072.6775690663667,3.2923636448352203,-59.835876094334935
986,1387.6643485448012,19.82363772640976,1072.0256023532381,3.190255322364103,-62.335651455198786
987,1386.3831972744488,20.03837551442616,1071.8698221454,3.100413882131267,-63.616802725551224
988,1386.1355012944146,20.178416029157916,1072.2055017610098,3.0264133408219744,-63.86449870558545
989,1386.8895207050225,20.215959316740907,1072.342346245426,2.9693661675971166,-63.110479294977495
990,1388.626189890406,20.360916343186915,1072.2722874229742,2.9188592024737448,-61.37381010959393
991,1392.0783104442032,20.50619777459994,1072.714449087229,2.875387450693855,-57.921689555796775
992,1396.2518252720047,20.625794411617267,1073.1443795868986,2.838696688954645,-53.74817472799532
993,1400.9218318699136,20.73256146638998,1073.5360604768364,2.8077711923253106,-49.0781681300864
994,1406.1649765543505,20.836583646108583,1073.5477042375878,2.780224499012875,-43.83502344564954
995,1411.9389060711517,20.828153107574902,1073.6059413454495,2.7601059503154,-38.06109392884832
996,1418.1493140654559,20.66144977436614,1073.626369089659,2.7522395572328255,-31.850685934544117
997,1424.8839453414248,19.94856933010071,1074.9831960810259,2.7874255928349143,-25.116054658575194
998,1432.0778549220645,19.385326965150618,1076.0741504754792,2.8541549790658536,-17.92214507793551
999,1439.7546507272373,19.074737724063134,1075.083239615229,2.9246727447799965,-10.245349272762724
1000,1447.776510409764,18.34524784162531,1074.2434267323051,3.0402417772238497,-2.223489590236113
1001,1455.813082195876,17.45551758626858,1073.5409067826,3.2228430610153245,5.81308219587595
1002,1463.7106245981233,16.79104972668789,1073.3913031360134,3.4436696637197777,13.710624598123331
1003,1471.0835299725575,16.428220412362254,1073.4264126365854,3.6581228637671934,21.08352997255747
1004,1477.5569366266989,16.054318972265424,1073.4316690071603,3.870168188343219,27.55693662669887
1005,1483.3538155043505,15.648461360582894,1073.446576990754,4.0,33.35381550435045
1006,1489.2158862135348,15.202598587991382,1073.4373092784126,4.0,39.21588621353476
1007,1494.917687322287,14.70591841179416,1073.5287641219659,4.0,44.917687322287065
1008,1500.143434886564,14.170171555311223,1073.9000313763036,4.0,50.14343488656391
1009,1503.8297980303696,13.683190311941933,1074.3629921143026,4.0,53.8297980303696
1010,1506.2928082746043,13.588385342059222,1075.271536196199,4.0,56.29280827460434
1011,1508.056623509147,13.495318575433737,1076.2077483212731,4.0,58.0566235091469
1012,1508.3176353538688,13.410601031267904,1077.0946995258696,4.0,58.31763535386881
1013,1506.7992898244272,13.335691350098926,1077.9296799952788,4.0,56.799289824427206
1014,1503.9901225328335,13.271299094996634,1078.6543341829704,4.0,53.99012253283354
1015,1500.5155189740065,13.201048292045812,1079.3084172463148,4.0,50.515518974006454
1016,1496.3691216318334,13.126516099750518,1079.9868103368547,4.0,46.36912163183342
1017,1491.527217160106,13.066071290500242,1079.9655872207593,4.0,41.52721716010592
1018,1485.9370544152805,13.057806103807593,1079.667027796835,4.0,35.9370544152805
1019,1479.5219784213084,13.306373507533873,1079.2112055358693,4.0,29.521978421308404
1020,1472.1770114344383,14.046913163440625,1080.2590538202635,4.0,22.177011434438327
1021,1464.0222380251014,14.664277355699317,1081.2563810400773,4.0,14.022238025101387
1022,1455.851653315012,15.195926434617183,1082.1102004387183,4.0,5.851653315012072
1023,1447.6809488055271,15.756007602433293,1082.5957895317842,4.0,-2.319051194472877
1024,1439.5412972149784,16.316259302824296,1082.614511020356,4.0,-10.458702785021615
1025,1431.6081117190595,17.39184626858206,1080.8742846501714,3.9732327748857186,-18.39188828094052
1026,1424.1016258616696,17.854790575267803,1078.6333373960758,3.8922885271498746,-25.898374138330382
1027,1417.0269305479253,18.232345623744052,1077.083238234887,3.78640284797656,-32.9730694520747
1028,1410.339919605417,18.606783588198994,1075.8097621426462,3.666532807987902,-39.66008039458302
1029,1403.9795407463062,18.866999621084297,1074.6580191532225,3.549778801126486,-46.02045925369384
1030,1397.9757348420635,19.172804169209446,1073.4692304882142,3.433382816669539,-52.0242651579365
1031,1392.779474982564,19.485833873105875,1072.339800281762,3.3192657478589744,-57.2205250174361
1032,1389.318552244097,19.720672230351628,1071.5136886459657,3.2151638450178606,-60.68144775590304
1033,1387.2219873133981,19.959501059783975,1071.1458352582058,3.121174971921474,-62.77801268660187
1034,1386.216293277238,20.117189386763,1071.4475355213424,3.042744559844864,-63.78370672276196
1035,1386.313868210578,20.214612524452143,1071.7136730320572,2.979553309733556,-63.68613178942201
1036,1387.4749969175475,20.340842619494538,1072.0025242771444,2.9265970622499062,-62.525003082452486
1037,1390.728067557123,20.49497335757704,1072.3331994112211,2.880440188207989,-59.27193244287696
1038,1394.7480092598935,20.610327955704072,1072.876424133835,2.8422909388930586,-55.25199074010652
1039,1399.3490740547884,20.727142381567432,1073.1575744679312,2.8094441747113565,-50.65092594521161
1040,1404.517956321718,20.840006271926626,1073.2091805579917,2.7802145351842418,-45.482043678282025
1041,1410.0230427051245,20.856420472347832,1073.1451473956615,2.757404410642116,-39.97695729487555
1042,1415.9789404266544,20.741971120533055,1073.1574437235768,2.7451397753236293,-34.02105957334561
1043,1422.4713790290575,20.286664653766785,1073.3764058045983,2.7581674827064866,-27.528620970942484
1044,1429.4201944547224,19.642524610488838,1074.7623106438666,2.8102447496426697,-20.579805545277623
1045,1436.9003357516403,19.124885218416562,1075.389844612069,2.8887429310818535,-13.099664248359659
1046,1444.7874656104477,18.521039290080708,1074.5523428895317,2.9972562665624793,-5.212534389552275
1047,1452.8891463610796,17.70420461151438,1073.5292097495721,3.1612010393172394,2.889146361079611
1048,1460.9557066760956,16.988039510215543,1073.0526408801788,3.370526333630616,10.955706676095588
1049,1468.6523283988558,16.57310382741719,1072.9783120247582,3.5821634279539767,18.652328398855843
1050,1475.5684671212732,16.216777801410316,1073.0380168192935,3.789579745282566,25.568467121273216
1051,1481.4164598203645,15.810255579217932,1073.0081168427657,4.0,31.41645982036448
1052,1487.3455061640432,15.366526870584947,1073.0087046075826,4.0,37.34550616404317
1053,1493.1624988479227,14.88091808979057,1073.0686215257754,4.0,43.162498847922734
1054,1498.6051608230034,14.345256062419455,1073.381560295777,4.0,48.605160823003416
1055,1503.0097104304223,13.827615482153666,1073.8137776687838,4.0,53.009710430422274
1056,1506.011310413271,13.69639784323184,1074.8351077614525,4.0,56.011310413271076
1057,1507.9111428253354,13.467119698563359,1075.261197759458,4.0,57.911142825335446
1058,1508.5566177513704,13.39672564158005,1075.9905664788525,4.0,58.55661775137037
1059,1507.5569499121289,13.32356493539466,1076.8122993521156,4.0,57.55694991212886
1060,1505.1529018929687,13.263687165925978,1077.5239020128163,4.0,55.15290189296866
1061,1501.9701768756972,13.206234018323512,1078.2131752561827,4.0,51.970176875697234
1062,1498.145792253072,13.131701417574776,1078.8055933802864,4.0,48.14579225307193
1063,1493.6113263033278,13.045379925477839,1078.9507371067957,4.0,43.611326303327814
1064,1488.3298312826325,13.043547358782249,1078.5111416968725,4.0,38.32983128263254
1065,1482.2387841854056,13.04379096501773,1078.017968461683,4.0,32.23878418540562
1066,1475.212005772131,13.814534420036292,1079.0022261164074,4.0,25.21200577213108
1067,1467.3093003798565,14.479224084470047,1079.9372103977778,4.0,17.309300379856495
1068,1459.3106570762072,15.035432585775046,1080.863199361091,4.0,9.310657076207235
1069,1451.0338937732586,15.547981803625774,1081.5487285633167,4.0,1.0338937732585691
1070,1442.80849408573,16.10300868920012,1081.8916521412175,4.0,-7.19150591427001
1071,1434.6309648520867,16.68365238811845,1082.1366616199293,4.0,-15.369035147913337
1072,1426.7281559436833,17.563297274846104,1081.4298608637498,3.9542216296779613,-23.271844056316695
1073,1419.3040778000136,18.01035593833083,1078.9244788032752,3.8618308328258717,-30.6959221999864
1074,1412.2446408518958,18.22213786762539,1077.7105331742034,3.766550968844297,-37.75535914810416
1075,1405.54466637353,18.625794017444868,1075.8750135890964,3.6501002779232374,-44.455333626470065
1076,1399.3135862441125,19.040783326059362,1074.3307561041684,3.521923040052161,-50.68641375588754
1077,1393.4461870782425,19.31640649019759,1073.0118991787845,3.4000937476912116,-56.553812921757526
1078,1389.4537207229685,19.6114597069477,1071.854134504326,3.284086535041388,-60.546279277031545
1079,1386.987150396205,19.84947360307252,1071.0941228439274,3.1792766890417585,-63.012849603795075
1080,1385.7016238372562,20.053854419395638,1071.1339015397016,3.088783616068958,-64.2983761627438
1081,1385.4412545816463,20.13417552376991,1071.2995901215984,3.017009110771839,-64.55874541835374
1082,1386.2573418544687,20.2013919420226,1071.3903420192569,2.959850828799232,-63.74265814553132
1083,1388.1739504733764,20.257656472880573,1071.4333356640893,2.9141562354805006,-61.82604952662359
1084,1391.767355652371,20.420327570788167,1071.591323106287,2.8721924931455263,-58.23264434762905
1085,1396.0908158189734,20.544690957638558,1072.1022861420363,2.8365159237594986,-53.9091841810266
1086,1400.648183845976,20.653743139371205,1072.5298882249965,2.8062330944423817,-49.351816154023936
1087,1405.8416011629579,20.769324759264098,1072.444161733095,2.7782030805878786,-44.158398837042114
1088,1411.6908764123798,20.801157450577712,1072.2180967156492,2.7550740796065747,-38.309123587620206
1089,1417.9254393048382,20.676958667126158,1072.0149754748215,2.742382225625007,-32.074560695161836
1090,1424.6848686262433,19.957546422695902,1073.3256559207666,2.774073936063972,-25.315131373756685
1091,1431.944612312289,19.36937552730654,1074.5229348227626,2.8403091811222265,-18.05538768771089
1092,1439.6463483696189,19.07322825875993,1074.4890490922153,2.9124827540521414,-10.353651630381137
1093,1447.5785416843642,18.364977737703573,1073.654611315667,3.0272098514354595,-2.421458315635846
1094,1455.6108642573543,17.47215679804811,1072.917423489165,3.208988035262653,5.610864257354251
1095,1463.3432960950965,16.791506376080896,1072.7833948842836,3.431190924643934,13.343296095096548
1096,1470.6112554161589,16.42800483176724,1072.8157263665078,3.6467579012392752,20.611255416158883
1097,1477.0199174731897,16.07073015032174,1072.8219196561495,3.857356583371426,27.019917473189707
1098,1482.694611524951,15.676320690960083,1072.8338012940394,4.0,32.694611524950915
1099,1488.459645330793,15.238490874506759,1072.841516658107,4.0,38.45964533079291
1100,1494.1464563508976,14.75628387827441,1072.9132422072541,4.0,44.14645635089755
1101,1499.4417828424175,14.229727874310916,1073.2621196596522,4.0,49.441782842417524
1102,1503.1837525965539,13.729751607894412,1073.7116840702422,4.0,53.18375259655386
1103,1505.6545087907698,13.641546913294546,1074.5487679218356,4.0,55.654508790769796
1104,1507.4537919823897,13.540654511763853,1075.499776620467,4.0,57.4537919823897
1105,1507.7893697980055,13.447644802312242,1076.4407996148532,4.0,57.78936979800551
1106,1506.3373721684532,13.369621954214757,1077.2871635398892,4.0,56.33737216845316
1107,1503.5604634023543,13.304326325438247,1078.0340029387817,4.0,53.560463402354344
1108,1500.1150113207052,13.239609168924494,1078.7181484001735,4.0,50.11501132070521
1109,1496.0305995411222,13.161770647911029,1079.3672112220138,4.0,46.03059954112223
1110,1491.2672522220826,13.06921272523085,1079.4800461621944,4.0,41.26725222208256
1111,1485.7656684146102,13.11170188266915,1079.298975356978,4.0,35.76566841461022
1112,1479.455962788258,13.501396249028227,1079.1363374299497,4.0,29.45596278825792
1113,1472.2375544998024,14.200290068693992,1080.0058335140654,4.0,22.2375544998024
1114,1464.1839324653686,14.817847345402802,1080.9029288532934,4.0,14.18393246536857
1115,1456.1327205422106,15.36528681012318,1081.5109432124636,4.0,6.1327205422105635
1116,1448.0630161505364,15.860354495770846,1081.9971214313005,4.0,-1.9369838494635587
1117,1439.9888230108286,16.36113037500319,1082.5498539209834,4.0,-10.011176989171418
1118,1432.1194462156375,17.37317490863754,1080.4851609853167,3.974374981054238,-17.88055378436252
1119,1424.6718608517788,17.843842168121952,1078.3279935138478,3.8934394658612472,-25.328139148221226
1120,1417.5839825572584,18.037123421537522,1077.3725808963973,3.8086108768332823,-32.41601744274158
1121,1410.8136845355114,18.268888507559296,1076.1666792326046,3.717044907863727,-39.186315464488644
1122,1404.3453346630115,18.68472093376534,1074.4979221415206,3.6031670001490985,-45.6546653369885
1123,1398.3899800967627,19.07995366103311,1073.1253539305662,3.479593984997303,-51.610019903237344
1124,1393.5681048766655,19.34706818007499,1071.9258931234983,3.3624341198179604,-56.43189512333447
1125,1390.423129698957,19.59510734743732,1070.7671921258425,3.253204720782003,-59.57687030104307
1126,1388.6569698278722,19.815668497510536,1070.3797249180634,3.1557197282538048,-61.34303017212778
1127,1388.0241282324873,19.99331416120161,1070.5520182478176,3.072568401202475,-61.97587176751267
1128,1388.3531918217084,20.133453550287832,1070.8900459296358,3.003476770378348,-61.64680817829162
1129,1389.6308377070225,20.174895567046118,1070.9671415547389,2.9496689742052973,-60.369162292977535
1130,1392.8761887586488,20.372501270424397,1070.9728898839728,2.899069051457064,-57.12381124135118
1131,1396.900312099223,20.507515105513868,1071.4759594435693,2.8562853677447237,-53.0996879007771
1132,1401.1204584387283,20.634410392117868,1071.67238513037,2.819019316844284,-48.87954156127171
1133,1405.6262063190663,20.686271287538382,1071.696382635692,2.7888470524438103,-44.37379368093366
1134,1410.7958776247099,20.75966228467665,1071.613281889595,2.7627560115715357,-39.204122375290126
1135,1416.5996915487517,20.64900942787808,1071.6555513577484,2.748161122009185,-33.40030845124829
1136,1422.8424870827537,20.20921811237673,1071.9299052865822,2.759638805666945,-27.157512917246322
1137,1429.5729981244751,19.57623493887327,1073.2227835697852,2.8107138003909964,-20.427001875524866
1138,1436.80100400643,19.062019592308992,1073.8298687753381,2.8890263819775446,-13.198995993569952
1139,1444.4754756082118,18.490433863113033,1073.0893290798442,2.995558058339178,-5.524524391788191
1140,1452.4607750060402,17.694609141762143,1072.0105015868817,3.15594402807478,2.460775006040194
1141,1460.2540117150836,16.98581392394252,1071.486520815889,3.361579228120792,10.254011715083607
1142,1467.785398761231,16.536996661158042,1071.4634484157127,3.5752001163468674,17.78539876123091
1143,1474.6000597397474,16.19931296369404,1071.528257935209,3.781651315064807,24.600059739747394
1144,1480.4008239293807,15.813935322995807,1071.5001561215095,3.9893419099124023,30.40082392938075
1145,1486.0996373631158,15.38887978784704,1071.5394798559112,4.0,36.09963736311579
1146,1491.8040009255196,14.934576091759581,1071.596546838128,4.0,41.80400092551963
1147,1497.145747570533,14.425367952114422,1071.867145297729,4.0,47.1457475705331
1148,1501.481999076873,13.903533172285716,1072.313001396656,4.0,51.48199907687308
1149,1504.439575823847,13.762406935819257,1073.316947434893,4.0,54.43957582384701
1150,1506.3040219497548,13.518402261927957,1073.7201108602337,4.0,56.30402194975477
1151,1506.9729616426746,13.437797911182772,1074.6148695228205,4.0,56.97296164267459
1152,1506.0388336898652,13.371148463821292,1075.3947187816314,4.0,56.038833689865214
1153,1503.7102135207679,13.30610521381749,1076.198054877278,4.0,53.710213520767866
1154,1500.53281228513,13.242854662212599,1076.9413581947367,4.0,50.53281228512992
1155,1496.7449602482395,13.170860231192131,1077.693115040283,4.0,46.74496024823952
1156,1492.2824157348264,13.079887353904567,1077.9967268927726,4.0,42.28241573482637
1157,1487.0986810022732,13.072617835819896,1077.8346697380568,4.0,37.098681002273224
1158,1481.1440926924126,13.176558179768497,1077.9719366248805,4.0,31.14409269241264
1159,1474.3024110891326,13.923647802642442,1078.9560794018587,4.0,24.302411089132647
1160,1466.5704529692293,14.5787208892219,1079.9432395094866,4.0,16.570452969229336
1161,1458.7212008677807,15.130894567537348,1080.8000039319443,4.0,8.72120086778068
1162,1450.5639060170404,15.664102293412379,1081.4034944084385,4.0,0.5639060170403809
1163,1442.428129253211,16.17306127653408,1081.9663641998256,4.0,-7.571870746789045
1164,1434.3520776522723,16.777770307784927,1082.1718662471458,4.0,-15.647922347727672
1165,1426.5460685293333,17.590573699914888,1081.565060366666,3.951389472697191,-23.453931470666703
1166,1419.204625290351,18.02838350425534,1079.1332924518777,3.85839619589786,-30.795374709648968
1167,1412.2322763387897,18.24415529217379,1077.9272569843477,3.762392611435674,-37.76772366121031
1168,1405.6090662687711,18.667983266260546,1076.154742264329,3.6440171913024413,-44.39093373122887
1169,1399.432002509153,19.055767757367914,1074.7337579305265,3.5174625340152446,-50.56799749084689
1170,1393.829894175307,19.35202288147597,1073.4401006088974,3.3955560722879183,-56.17010582469311
1171,1390.043855146894,19.60050659256396,1072.2742679573762,3.2828395389740277,-59.956144853106025
1172,1387.7556743956472,19.826997202152896,1071.60952996023,3.1814886803494984,-62.24432560435275
1173,1386.642621519139,20.05632091186884,1071.4697733386768,3.091456087332973,-63.357378480860916
1174,1386.595885121671,20.147419456449466,1071.5701088846024,3.019215582774324,-63.40411487832898
1175,1387.5257766782797,20.163159126329067,1071.7964947189619,2.964951351204526,-62.474223321720274
1176,1389.6055081396128,20.21647821393363,1072.0015476847566,2.922088618901639,-60.394491860387234
1177,1393.227053853272,20.38863359729052,1072.1183238088802,2.8814972849152647,-56.77294614672792
1178,1397.5678725789655,20.51795696301421,1072.4213514647433,2.8458251883379804,-52.432127421034465
1179,1402.1579031157983,20.634958217931846,1072.527928445847,2.8140487063236885,-47.84209688420174
1180,1407.4372726536917,20.674637949095054,1072.23889924758,2.7874741320401903,-42.56272734630829
1181,1413.308967120411,20.73915714039136,1072.3536943074378,2.765118340757301,-36.6910328795891
1182,1419.609361586606,20.568419213388804,1072.6596217381464,2.756990139696056,-30.390638413394072
1183,1426.3466872730564,19.86909545002828,1073.9994200290362,2.792533657428745,-23.653312726943568
1184,1433.5620699669341,19.289903414221143,1075.1876921185171,2.8621552095925344,-16.437930033065868
1185,1441.3134461944853,18.80761609070851,1074.630689948698,2.9515312085859673,-8.686553805514677
1186,1449.311488311486,18.039876381082003,1073.564279638433,3.0896754518240264,-0.6885116885139269
1187,1457.1843593803496,17.213022318223295,1073.075141045271,3.2882564227809654,7.184359380349633
1188,1464.6225037843146,16.696622381768226,1072.9876365063021,3.5039303075763297,14.622503784314631
1189,1471.532850074815,16.35390831876994,1072.998698089687,3.7120156383447327,21.532850074815087
1190,1477.5342460129875,15.988187104812933,1073.0305648520346,3.9183461017972694,27.534246012987523
1191,1483.1528509660986,15.608427049848592,1073.0492372129813,4.0,33.15285096609864
1192,1488.713760082268,15.181075700582054,1073.0700825474296,4.0,38.71376008226798
1193,1494.2647207164648,14.71259722681443,1073.1646010614984,4.0,44.26472071646481
1194,1499.336274941791,14.198898667130326,1073.508299175279,4.0,49.33627494179109
1195,1502.905990021838,13.780770897401306,1073.7496520164082,4.0,52.90599002183808
1196,1505.2223107030552,13.67065934804006,1074.7078853665232,4.0,55.2223107030552
1197,1506.5053352073655,13.568059485594476,1075.6679385750542,4.0,56.50533520736553
1198,1506.2247624677884,13.486218756811592,1076.4739436121934,4.0,56.22476246778842
1199,1504.3033422265419,13.418302585672269,1077.2460113170562,4.0,54.30334222654187
1200,1501.391595705661,13.347789479891143,1077.963683792307,4.0,51.391595705661075
1201,1497.854397732618,13.276881136833413,1078.6779124008453,4.0,47.854397732618054
1202,1493.6668377131164,13.191665385322484,1079.2366060667925,4.0,43.666837713116365
1203,1488.847232516655,13.182826526605622,1078.8647410124931,4.0,38.84723251665491
1204,1483.3172491316914,13.25798013086131,1078.4969304013027,4.0,33.31724913169137
1205,1476.981491885965,13.999150116259829,1079.1188011168497,4.0,26.981491885964942
1206,1469.7673554257265,14.633287123297729,1079.8499003386764,4.0,19.767355425726464
1207,1461.909134813124,15.231612284758096,1079.7840703097359,4.0,11.909134813123956
1208,1454.027579792275,15.712066575282549,1079.6920758408269,4.0,4.027579792274992
1209,1446.1408681571502,16.17122641904062,1079.5076253439645,4.0,-3.85913184284982
1210,1438.2847751580823,16.665030253125508,1079.4836944956994,4.0,-11.715224841917689
1211,1430.7007753795738,17.47078184033541,1078.0414895582105,3.9551718391063506,-19.29922462042623
1212,1423.5325783189069,17.89839430565378,1076.2076457584321,3.866370273859275,-26.46742168109313
1213,1416.7094048071976,18.129819665638564,1075.6374028850307,3.7730135215693896,-33.29059519280236
1214,1410.2150184562176,18.49563831143886,1074.4400236057834,3.662506049863389,-39.78498154378235
1215,1404.1439175430173,18.781201420261244,1073.1910930871086,3.5493677795494953,-45.856082456982676
1216,1398.5948611064741,19.07548863050376,1071.9527631128808,3.4356566050068755,-51.40513889352587
1217,1394.8683230616743,19.316459638619747,1070.8018024370224,3.3278770987644313,-55.131676938325654
1218,1392.6240707490133,19.6080305923542,1070.0701187750099,3.2239952038353556,-57.3759292509867
1219,1391.6817575002874,19.778792169642987,1069.6923447920253,3.133702549239447,-58.318242499712596
1220,1391.7023373747875,19.967129317535733,1069.935831310372,3.055427634214962,-58.297662625212524
1221,1392.5990204421928,20.079417995511893,1069.9853330577398,2.9904677753389235,-57.400979557807204
1222,1394.406492519436,20.18900649938282,1070.1320120070598,2.936250961939175,-55.593507480564085
1223,1397.7361164291538,20.355134187141843,1070.201476704193,2.8871971855776266,-52.26388357084625
1224,1401.755014803733,20.490026052194946,1070.5564809811744,2.8450407588232536,-48.24498519626695
1225,1406.0482194932854,20.619094450060867,1070.6434795082698,2.8077357934622995,-43.95178050671461
1226,1410.8926084495674,20.702473191643676,1070.6632440834417,2.7761210313942675,-39.10739155043257
1227,1416.1436442348822,20.615781335709606,1070.5125372537846,2.7557410981205512,-33.85635576511777
1228,1421.8354339314976,20.439660706616905,1071.1366244912638,2.750878411611289,-28.16456606850238
1229,1427.9717922821164,19.762200098253864,1072.5390931637037,2.789710795550108,-22.02820771788356
1230,1434.7378724667308,19.26367208476,1073.2545879285417,2.85567642790612,-15.262127533269222
1231,1441.9077419357288,18.819828333672998,1073.174558117384,2.9408198061125788,-8.092258064271164
1232,1449.5441780652382,18.028072658626733,1072.2987831248133,3.0786776490270293,-0.4558219347618433
1233,1457.2939235792765,17.23263495628071,1071.5950090421666,3.2725519054349292,7.293923579276452
1234,1464.7618990808216,16.684930781417066,1071.3893783473277,3.4883043087651457,14.76189908082165
1235,1471.7195385713037,16.34704140768028,1071.360282837205,3.695688229213454,21.7195385713037
1236,1477.789973504529,15.961168823756744,1071.392157523455,3.904273395319242,27.789973504528916
1237,1483.4236726769834,15.570861889131406,1071.4109718006998,4.0,33.423672676983415
1238,1489.0844617976745,15.137974075291137,1071.456767703769,4.0,39.08446179767452
1239,1494.4353065513146,14.662367045324864,1071.5852293714045,4.0,44.435306551314625
1240,1499.3003692220855,14.154157563365928,1071.953770857974,4.0,49.300369222085465
1241,1502.7039578304111,13.78931223517478,1072.431306845926,4.0,52.70395783041113
1242,1505.0197212111946,13.689193013565347,1073.291191690731,4.0,55.019721211194565
1243,1506.3750850147385,13.57420862076288,1074.3319213678367,4.0,56.37508501473849
1244,1506.113533270113,13.4833923786233,1075.2758735744915,4.0,56.11353327011307
1245,1504.271859479989,13.415847479929782,1076.0619462929724,4.0,54.27185947998896
1246,1501.3763479129307,13.345084427636774,1076.7832232236055,4.0,51.37634791293067
1247,1497.8646522482038,13.275149419422442,1077.48923569953,4.0,47.86465224820381
1248,1493.6609127087547,13.18530811934492,1078.0921737249669,4.0,43.66091270875472
1249,1488.8050177872224,13.178299442295184,1077.7110224483033,4.0,38.80501778722237
1250,1483.2287540797688,13.254970576393818,1077.3394625976316,4.0,33.228754079768805
1251,1476.830569014051,13.996417932332887,1078.0590773860033,4.0,26.83056901405098
1252,1469.5651919595782,14.638166893716337,1078.8197222555777,4.0,19.565191959578215
1253,1461.760526263221,15.230022595147881,1078.779934347879,4.0,11.760526263220981
1254,1453.9498544608878,15.712253658786432,1078.7136353322508,4.0,3.9498544608877637
1255,1446.1073198719873,16.17721723638929,1078.545880589496,4.0,-3.892680128012671
1256,1438.2741735461764,16.674199374438647,1078.5982639676295,4.0,-11.725826453823629
1257,1430.71851835308,17.462227474891478,1077.1785123201082,3.953534789433684,-19.28148164691993
1258,1423.5817613284976,17.894654748138617,1075.3795417488082,3.8629162052514765,-26.418238671502422
1259,1416.7875085987212,18.110040950757664,1074.8421119842692,3.769942659331462,-33.21249140127884
1260,1410.3106900245873,18.47976084557153,1073.6510686048998,3.6591300722910054,-39.6893099754127
1261,1404.262438156055,18.794158473861263,1072.4418630296916,3.543191323814106,-45.73756184394506
1262,1398.7317179436602,19.06844037689177,1071.3154187634432,3.4294131649593598,-51.268282056339785
1263,1395.0223522202432,19.349163383243923,1070.16220771712,3.318565849495622,-54.97764777975681
1264,1392.8081927740793,19.615020593147023,1069.3268788389776,3.213928085134041,-57.191807225920684
1265,1391.8646672929192,19.818481550844684,1069.2989508087207,3.1222903591652558,-58.135332707080806
1266,1391.881623270689,19.967461556670735,1069.6008773861624,3.0456706999769656,-58.11837672931097
1267,1392.7788144397289,20.09918663728533,1069.79980392082,2.9813954973280707,-57.221185560271124
1268,1394.5824520163135,20.287526295817305,1069.9597855999048,2.9236551051988067,-55.41754798368652
1269,1397.8593549325617,20.43775157930066,1070.1771967325328,2.8735790127874,-52.1406450674383
1270,1401.8315577061717,20.565299482480373,1070.525506083924,2.8311880898943826,-48.16844229382832
1271,1406.049345504205,20.64596455162255,1070.5785594985427,2.7959131937488135,-43.950654495795106
1272,1410.8323390823982,20.72355287126062,1070.5212149015667,2.765844349921894,-39.16766091760178
1273,1416.0850226027833,20.636349702755428,1070.3423537085869,2.7465141791182277,-33.91497739721672
1274,1421.7468626054535,20.407689770118186,1071.0431826204892,2.745200515508319,-28.253137394546457
1275,1427.9482201028165,19.731114402875985,1072.379074475628,2.786886750296666,-22.05177989718345
1276,1434.7346045037625,19.23672455869158,1072.9973282697285,2.85473814798304,-15.265395496237488
1277,1441.9983619632642,18.79197077551446,1072.8474544615335,2.9414509861648224,-8.001638036735812
1278,1449.6452011202186,18.02346666739792,1071.9055271775774,3.07831358240811,-0.35479887978135594
1279,1457.4418342261715,17.20151222846712,1071.2861180903576,3.2751273089140844,7.4418342261715225
1280,1465.0985437705078,16.648596911363107,1071.2632389005187,3.4946626279902087,15.098543770507831
1281,1472.1866178198686,16.31749541639645,1071.2257684647434,3.704029810025315,22.186617819868616
1282,1478.3383737579406,15.921889698602424,1071.262124213085,3.9154830825854186,28.338373757940644
1283,1484.0156828672211,15.524505568730588,1071.284885648871,4.0,34.01568286722113
1284,1489.707457880357,15.089359254048194,1071.3379065549573,4.0,39.70745788035697
1285,1495.086562361033,14.606365242654295,1071.4971904026288,4.0,45.086562361032975
1286,1499.875140844181,14.094031502733854,1071.8960150814169,4.0,49.87514084418103
1287,1503.1958865222173,13.795224768023965,1072.6795898960875,4.0,53.19588652221728
1288,1505.4342457883515,13.669948281050555,1073.6821949805822,4.0,55.43424578835152
1289,1506.7118805416821,13.557756836801978,1074.7342601811108,4.0,56.71188054168215
1290,1506.420235837113,13.467126119417468,1075.673238030728,4.0,56.42023583711307
1291,1504.4974170862201,13.400974811738287,1076.4514031229828,4.0,54.49741708622014
1292,1501.513595693663,13.330267003365938,1077.1390672737346,4.0,51.51359569366309
1293,1497.928738848566,13.261400775215499,1077.8549004274953,4.0,47.9287388485659
1294,1493.6340371398092,13.175766956946154,1078.4730909788643,4.0,43.63403713980915
1295,1488.672367089942,13.167381578913686,1078.1896107975595,4.0,38.6723670899421
1296,1482.988486471651,13.242335589711269,1077.8184090540635,4.0,32.98848647165096
1297,1476.469522665989,13.9972723175876,1078.5793193728912,4.0,26.46952266598896
1298,1469.0753927932642,14.640307856660533,1079.429998693427,4.0,19.0753927932642
1299,1461.2727590423951,15.242409784396132,1079.453217321321,4.0,11.272759042395137
1300,1453.4157128354816,15.714377447727294,1079.3587150308747,4.0,3.4157128354815995
1301,1445.5330664288344,16.160622218892545,1079.2051634676436,4.0,-4.466933571165555
1302,1437.6779367799547,16.671081979112188,1078.7237636157015,4.0,-12.322063220045266
1303,1430.083479958442,17.430722645717893,1077.4027936497744,3.958043421079465,-19.916520041557987
1304,1422.9214202193104,17.902058557109562,1075.4350255864024,3.865656494910921,-27.07857978068955
1305,1416.1178118624523,18.13904822801087,1074.8513851201772,3.7689824499220927,-33.8821881375477
1306,1409.653979449996,18.510182486823275,1073.4545350661037,3.6548591518288074,-40.346020550003914
1307,1403.6212343305779,18.85253326186364,1072.2503658110807,3.5342829671172344,-46.37876566942214
1308,1398.1043105514468,19.15487226097167,1071.0863452413498,3.41510429834635,-51.895689448553185
1309,1394.423466200283,19.411805227493925,1070.1111812561126,3.3031255481888584,-55.576533799717026
1310,1392.221620738041,19.657669319714632,1069.5621939356556,3.2003616059294107,-57.77837926195889
1311,1391.3048898179102,19.843369271581853,1069.5395191248365,3.111434938712772,-58.69511018208982
1312,1391.3217704650033,20.015900987277615,1069.8396832546678,3.035563793025829,-58.67822953499672
1313,1392.1724165602864,20.180196853662434,1070.0894663399388,2.9703978921356384,-57.827583439713635
1314,1393.9583876899003,20.353546594524655,1070.0861041191276,2.9124837761929667,-56.04161231009971
1315,1397.1535468775328,20.494444880395825,1070.407702228629,2.8632779260588332,-52.84645312246721
1316,1401.126310279375,20.617009208338693,1070.7118853180998,2.821745137448089,-48.87368972062495
1317,1405.3839075054195,20.73548720236605,1070.7447369850056,2.7854784784811133,-44.61609249458047
1318,1410.2031223094618,20.810698783072166,1070.7320161746593,2.7550443935935176,-39.79687769053817
1319,1415.5394856547978,20.749236301733575,1070.6228128284097,2.7344395892182973,-34.46051434520223
1320,1421.3420150578079,20.478521485502508,1071.2963516442128,2.733576980006741,-28.657984942192115
1321,1427.6338831637786,19.79815446808211,1072.627117535606,2.7747760843322133,-22.36611683622141
1322,1434.4698179901784,19.297410761353717,1073.3273578634328,2.8421927381086287,-15.530182009821601
1323,1441.7464197964568,18.83183085704043,1073.5605324176033,2.9309488020968986,-8.253580203543152
1324,1449.4681090675067,18.06341226285274,1072.5997028326562,3.0685073973640646,-0.5318909324932974
1325,1457.4217359626557,17.232228023855928,1071.977785646737,3.2662788807257255,7.421735962655703
1326,1465.2086811258232,16.66152095694197,1071.953741610154,3.488654646287306,15.208681125823205
1327,1472.4037859182238,16.32934439364979,1071.9017172476617,3.700215728411037,22.403785918223775
1328,1478.6362981406944,15.924025956962932,1071.9352351072662,3.9146284283419774,28.636298140694407
1329,1484.4604654639945,15.518468590106691,1071.962231967355,4.0,34.460465463994524
1330,1490.2911447126455,15.075011575854957,1072.005383692592,4.0,40.29114471264552
1331,1495.8556059971263,14.575687126966248,1072.1844723938466,4.0,45.855605997126304
1332,1500.741457483043,14.04887534302596,1072.6151178969167,4.0,50.74145748304295
1333,1504.1497090825599,13.761550548597674,1073.3956784864945,4.0,54.149709082559866
1334,1506.457282280765,13.628194036561075,1074.5104401222707,4.0,56.45728228076496
1335,1507.7610487240222,13.515147003891077,1075.577512486444,4.0,57.7610487240222
1336,1507.495015194198,13.425576902841913,1076.5169236591773,4.0,57.495015194198004
1337,1505.5783335023152,13.35468506462116,1077.3175846497038,4.0,55.57833350231522
1338,1502.5654940887216,13.291668487106943,1078.0088303215216,4.0,52.56549408872161
1339,1498.9494249325155,13.221233445110625,1078.7500472070874,4.0,48.94942493251551
1340,1494.6112529596755,13.136694467520158,1079.1835051617059,4.0,44.61125295967554
1341,1489.5867315818589,13.090723689755798,1079.0381658679653,4.0,39.586731581858885
1342,1483.828295400852,13.172784788071468,1078.5743010368499,4.0,33.828295400852085
1343,1477.2044705081346,13.921630118770093,1079.3396197536629,4.0,27.20447050813459
1344,1469.681847454711,14.56766624011905,1080.1230227265967,4.0,19.681847454711033
1345,1461.7676292833296,15.174674200668676,1080.4243195682423,4.0,11.767629283329597
1346,1453.7887266305243,15.649178769916592,1080.243832786292,4.0,3.788726630524252
1347,1445.7856625184622,16.076613482776875,1080.089689327576,4.0,-4.214337481537768
1348,1437.775088142454,16.584596435256174,1080.8935498825497,4.0,-12.224911857545976
1349,1429.98782259336,17.393556724373088,1079.3354751755257,3.968465335130486,-20.01217740663992
1350,1422.6426840803979,17.859910353188106,1077.0120435453343,3.883146334157144,-27.357315919602115
1351,1415.7319512381987,18.21878071905389,1075.3031760469823,3.7752976698608722,-34.26804876180131
1352,1409.1856345789379,18.59286116098888,1073.9508294809186,3.6534747443781117,-40.81436542106212
1353,1402.9947379350224,18.891748682252075,1072.7717097666819,3.5316514284922147,-47.005262064977615
1354,1397.337500667314,19.197210912174608,1071.5810184680026,3.411547318503867,-52.66249933268591
1355,1393.5037831991292,19.484843362617955,1070.6723984873047,3.2972532935795966,-56.4962168008708
1356,1391.1547067308486,19.724408537372113,1070.1414480518913,3.1936686212485093,-58.8452932691514
1357,1390.105999853837,19.86533752123956,1069.9845063402079,3.1066406445610997,-59.89400014616308
1358,1389.997258851763,20.03915738766471,1070.3416734372959,3.032396087736814,-60.002741148236964
1359,1390.6937558511047,20.14146484263174,1070.5345924929713,2.971676938466928,-59.3062441488953
1360,1392.3323787997006,20.316447571585105,1070.4871502448975,2.9167227942690204,-57.667621200299436
1361,1395.4884395981253,20.458479859137555,1071.0092653949375,2.870264529199485,-54.5115604018747
1362,1399.41661757659,20.580963665222818,1071.5138718541443,2.831389047864839,-50.58338242341006
1363,1403.8860873317137,20.714385244632346,1071.6292617139245,2.7966663906872062,-46.113912668286275
1364,1408.9289754887445,20.745506489570133,1071.6942069187742,2.7695022537251566,-41.07102451125547
1365,1414.4035958435027,20.71401039274941,1071.4696996536288,2.749722045830952,-35.59640415649733
1366,1420.3339190672941,20.55045073718574,1072.0988120568877,2.7443832839506657,-29.66608093270588
1367,1426.7961910156312,19.86609068925598,1073.4812473356767,2.7815515024246467,-23.203808984368834
1368,1433.778067494699,19.29826975944571,1074.5511465777029,2.851234402867483,-16.221932505301083
1369,1441.110125780064,18.84841704845312,1074.3390460644994,2.9388594111910566,-8.889874219936019
1370,1448.8807334360067,18.087408863678796,1073.2734805823115,3.0741432476464485,-1.1192665639932784
1371,1456.7466796640213,17.27038563742413,1072.6162726722293,3.2678975205500667,6.746679664021258
1372,1464.4589968862501,16.701414988610306,1072.558679932825,3.486584141515698,14.458996886250134
1373,1471.5899194900448,16.357071535621007,1072.5770174034049,3.6971614866234352,21.58991949004485
1374,1477.7937283575245,15.98329872678758,1072.6072518376636,3.906459878934321,27.793728357524515
1375,1483.5755039073722,15.592347084167432,1072.6253183311285,4.0,33.575503907372195
1376,1489.2791541263412,15.155358936737887,1072.6390768378865,4.0,39.279154126341155
1377,1494.7804415044916,14.670783152739928,1072.7534665325068,4.0,44.78044150449159
1378,1499.8167936535117,14.151737130945499,1073.1235275974007,4.0,49.816793653511695
1379,1503.3773774250649,13.752432411283813,1073.493599839529,4.0,53.37737742506488
1380,1505.7068909709578,13.645853477308805,1074.4585228876847,4.0,55.70689097095783
1381,1507.0645393879067,13.542074030385708,1075.4768153623622,4.0,57.064539387906734
1382,1506.8664191485343,13.453925804149845,1076.3926161450177,4.0,56.866419148534305
1383,1505.0451054417258,13.388541470292525,1077.1536114698001,4.0,55.04510544172581
1384,1502.127462682884,13.323228077539104,1077.8842167946982,4.0,52.127462682884016
1385,1498.580714893654,13.250896944395429,1078.6163527138808,4.0,48.580714893653976
1386,1494.3716680039333,13.164738466196761,1079.0626117656084,4.0,44.37166800393334
1387,1489.501945738362,13.114021021545168,1078.912814119324,4.0,39.50194573836211
1388,1483.906712491797,13.195183539897531,1078.465658664744,4.0,33.90671249179695
1389,1477.4725939750476,13.933575807572696,1079.1837342982926,4.0,27.47259397504763
1390,1470.148979806765,14.587663252078505,1080.0087014271548,4.0,20.148979806765055
1391,1462.2185457221858,15.193716425892548,1080.0165010926305,4.0,12.218545722185809
1392,1454.2732537262075,15.671101753275524,1079.9321185376018,4.0,4.273253726207486
1393,1446.322025441888,16.118030629767727,1079.749179103718,4.0,-3.677974558112055
1394,1438.4024621229344,16.61569688493118,1079.347160219159,4.0,-11.597537877065633
1395,1430.7539341515,17.4502573796424,1077.8929397817494,3.957192254226125,-19.24606584849994
1396,1423.5266701257501,17.8723779219143,1076.0587026229605,3.8703003488949825,-26.473329874249885
1397,1416.6451954462816,18.06705035028373,1075.0744129895966,3.7807847640286907,-33.354804553718395
1398,1410.1183657276754,18.491724981562772,1073.5017672824893,3.6656242069788165,-39.88163427232462
1399,1403.9435482004344,18.82721372057506,1072.3013865151947,3.5447123585935634,-46.05645179956559
1400,1398.304280084521,19.110690135799054,1071.1666389589705,3.426675135795477,-51.695719915479
1401,1394.4816684883372,19.438337716675225,1070.1063859352428,3.309897460294813,-55.518331511662836
1402,1392.1704738953115,19.67999666248891,1069.4955186900627,3.2037468497326627,-57.82952610468851
1403,1391.155245917838,19.87140981157969,1069.4897727844718,3.112089474627665,-58.8447540821619
1404,1391.094067499275,19.955813769445367,1069.6806843148192,3.0389838567196152,-58.90593250072493
1405,1391.8828090398276,20.066372597514068,1069.7823743374654,2.978154846457089,-58.117190960172366
1406,1393.5870878109372,20.254578620819753,1069.8834076182516,2.922669414921925,-56.41291218906281
1407,1396.8609708132487,20.40816795656927,1070.35076845471,2.8748933304340074,-53.13902918675126
1408,1400.8147723228717,20.538809252324715,1070.642257004281,2.8338097313293327,-49.185227677128296
1409,1404.9722577663144,20.660749531983896,1070.5912518254145,2.7972646026080756,-45.02774223368556
1410,1409.804343561677,20.7354264471929,1070.6707348102325,2.766864230706882,-40.19565643832311
1411,1415.1464227234706,20.652749291382786,1070.5016195403155,2.747100076335862,-34.85357727652945
1412,1420.9159125133508,20.409599008959347,1071.1761004944444,2.7460036460480066,-29.084087486649196
1413,1427.3201677636964,19.728536253853402,1072.5096915781642,2.7880939243585754,-22.679832236303582
1414,1434.2579947745814,19.184873922909425,1073.5184160210788,2.8613477479056817,-15.742005225418552
1415,1441.6630141929704,18.72229484207052,1072.9873941925625,2.953036045665177,-8.336985807029578
1416,1449.3076070306054,17.966094256400822,1071.9208657986535,3.0932660069613287,-0.692392969394632
1417,1457.0061437341938,17.14270284997714,1071.9979263446583,3.2962014144823786,7.006143734193756
1418,1464.5605389235811,16.7002376633163,1071.8118554960354,3.505441856459871,14.560538923581134
1419,1471.564699360167,16.358599170336625,1071.8022428870343,3.7084747803759655,21.56469936016697
1420,1477.67439527071,15.978557186353253,1071.831856590801,3.912974356818602,27.674395270709965
1421,1483.3785971233488,15.58893581640311,1071.8491307211564,4.0,33.378597123348754
1422,1489.0916132295165,15.154629761911368,1071.8779741819162,4.0,39.0916132295165
1423,1494.5016153751599,14.674091128554034,1071.9953290951105,4.0,44.50161537515987
1424,1499.2928668904924,14.161307307341744,1072.3631273197004,4.0,49.292866890492405
1425,1502.6181079387045,13.79496078705253,1072.8158578382602,4.0,52.6181079387045
1426,1504.7649614047411,13.68498384785451,1073.7942859466327,4.0,54.76496140474114
1427,1505.9203998806395,13.581612684048105,1074.7825237180623,4.0,55.92039988063948
1428,1505.5355897942695,13.490892881321894,1075.6620847837742,4.0,55.53558979426953
1429,1503.5197218841179,13.422868548786507,1076.4194107177402,4.0,53.51972188411787
1430,1500.6624560425048,13.355008950453039,1077.087818614057,4.0,50.6624560425048
1431,1497.1794992075124,13.278580321001481,1077.8326221506034,4.0,47.179499207512436
1432,1493.0280989537512,13.178149585077021,1078.0398249748282,4.0,43.02809895375117
1433,1488.2237031732873,13.167306936540495,1077.686941216385,4.0,38.22370317328728
1434,1482.691310241028,13.149976424734968,1077.4271080445828,4.0,32.69131024102808
1435,1476.3190082799856,13.900561893509913,1078.3735058538878,4.0,26.31900827998561
1436,1469.0660109792375,14.56475799526594,1079.2580517018332,4.0,19.06601097923749
1437,1461.248772671858,15.173289478535319,1079.90374845617,4.0,11.248772671857978
1438,1453.4026998773002,15.63884558985956,1079.963459712191,4.0,3.402699877300165
1439,1445.5478325996246,16.081267159311324,1079.8207509260903,4.0,-4.4521674003754015
1440,1437.6791784797947,16.593151201506046,1080.6373353912106,4.0,-12.3208215202053
1441,1430.0400139452472,17.396374788399694,1079.0979435223824,3.9674068703722485,-19.95998605475279
1442,1422.8376291696031,17.87286021082557,1076.772522021286,3.8801598395553167,-27.162370830396867
1443,1415.9771530273879,18.06395419104281,1075.766230100511,3.7907286168815078,-34.022846972612115
1444,1409.3927397974228,18.327696264120316,1074.5675171882883,3.6925876589228803,-40.60726020257721
1445,1403.259860383196,18.73372012112917,1073.1065425511717,3.5758446616958905,-46.74013961680407
1446,1397.4887566657983,19.070934255448872,1071.713068460025,3.4550634423842754,-52.51124333420171
1447,1393.5862597801574,19.396060742539337,1070.502355530824,3.3355887396879855,-56.413740219842566
1448,1391.2371734961725,19.637875901780586,1069.8042629598162,3.226864372065332,-58.762826503827455
1449,1390.2052491765396,19.853163544002733,1069.6927658844388,3.131253581649294,-59.79475082346039
1450,1390.1073728590009,19.987104562248856,1069.8733004779863,3.052207820608659,-59.89262714099914
1451,1390.8560339164608,20.050048742601206,1069.9104377214549,2.9894446861414448,-59.143966083539226
1452,1392.5508298030845,20.236673638781074,1070.1020222431373,2.93284332145074,-57.449170196915475
1453,1395.7545612902861,20.390752672691715,1070.5012530452436,2.8839079732091935,-54.24543870971388
1454,1399.75019900338,20.53595310735543,1070.8365379290533,2.841377139777993,-50.249800996620024
1455,1403.9386094164918,20.654918553081302,1070.8773425685617,2.8041906017824365,-46.06139058350823
1456,1408.4706747930666,20.726167597851024,1071.0134710833947,2.77364361536404,-41.529325206933436
1457,1413.6460277211127,20.754169982077237,1071.022660103363,2.7495610559810446,-36.35397227888734
1458,1419.3447137981655,20.59062301002261,1071.2681823635994,2.7395767293237334,-30.655286201834542
1459,1425.651291158962,19.880974034758985,1072.5750002300667,2.774020278929483,-24.348708841037933
1460,1432.4842317170562,19.295547094476376,1073.73079574626,2.8431001312158513,-17.51576828294378
1461,1439.8103567787662,18.995231137777882,1073.0654540983292,2.916211181142887,-10.189643221233837
1462,1447.4813547484075,18.304815028818847,1072.2777088563007,3.031394816783369,-2.5186452515924884
1463,1455.2436279571791,17.436746549101528,1071.516034395707,3.2116648329516284,5.243627957179115
1464,1462.9894007954122,16.779960812766113,1071.3394738173024,3.429830288479885,12.989400795412166
1465,1470.2691467511745,16.420500055671926,1071.3678448075605,3.6418507633240473,20.269146751174503
1466,1476.758595358842,16.070829478750444,1071.375295575668,3.8487603360406175,26.758595358842058
1467,1482.488135594341,15.676589559633266,1071.3851677889547,4.0,32.488135594340974
1468,1488.2195130616778,15.236720092040985,1071.4047270110775,4.0,38.219513061677844
1469,1493.8657453293063,14.75801534783973,1071.4887543036248,4.0,43.865745329306264
1470,1499.0442568894402,14.235816458678732,1071.8432235822256,4.0,49.04425688944025
1471,1502.6901899709533,13.739167884555174,1072.3344066114955,4.0,52.69018997095327
1472,1505.0726832260918,13.650511600260483,1073.1726270701677,4.0,55.07268322609184
1473,1506.7773422414432,13.55038255408611,1074.1355402328322,4.0,56.77734224144319
1474,1507.0560744560175,13.459776378403165,1075.0630000941826,4.0,57.05607445601754
1475,1505.5967559785713,13.381552310095392,1075.922715426099,4.0,55.59675597857131
1476,1502.8598496415307,13.314843419262901,1076.6587660620462,4.0,52.85984964153067
1477,1499.4581525416397,13.245706718538296,1077.4394655124916,4.0,49.45815254163972
1478,1495.436024148122,13.15840897814856,1077.942098454495,4.0,45.43602414812199
1479,1490.7387582651243,13.104428618858789,1077.8974690609298,4.0,40.73875826512426
1480,1485.2967617794673,13.1397544573116,1077.7390523711122,4.0,35.29676177946726
1481,1479.0504312083563,13.525956415750432,1077.6217726925095,4.0,29.050431208356258
1482,1471.9018979704795,14.230595492524353,1078.5012466416558,4.0,21.901897970479467
1483,1463.9226706587651,14.85152478468832,1079.401222897886,4.0,13.922670658765128
1484,1455.9406704607952,15.39564698463176,1080.0799315304835,4.0,5.940670460795218
1485,1447.943263183894,15.83540731951943,1080.4545736389057,4.0,-2.0567368161059676
1486,1439.9420687762695,16.35659398560486,1081.07102662761,4.0,-10.05793122373052
1487,1432.1346093304464,17.338728969574266,1079.227603754273,3.9748646938965257,-17.865390669553562
1488,1424.7474780497162,17.815645769358255,1077.0768508820904,3.8931110835104894,-25.252521950283835
1489,1417.694269820373,18.005483857889633,1076.5321986907234,3.8091414940486192,-32.30573017962706
1490,1411.0051734243596,18.37597345064797,1074.5561802518955,3.7015759043269956,-38.994826575640445
1491,1404.7008180564308,18.781931775002917,1073.0608746852408,3.578172133530124,-45.29918194356924
1492,1398.870761948268,19.114009199499076,1071.871341801337,3.4539179306519303,-51.129238051732045
1493,1394.144084326575,19.383080903604007,1070.8153430055652,3.336750900808145,-55.85591567342499
1494,1391.0781167680336,19.630381949832177,1069.9871875380306,3.228873833906931,-58.921883231966376
1495,1389.3762763487878,19.840527437194538,1069.8039080171434,3.133924826863221,-60.62372365121223
1496,1388.7856280370265,20.03167144977076,1070.0761995270877,3.0523583016262243,-61.21437196297347
1497,1389.0387063004896,20.159642943630313,1070.2180663990503,2.9845551452440287,-60.961293699510406
1498,1390.2681500345407,20.34163321531026,1070.1709233886124,2.9239992439118243,-59.73184996545933
1499,1393.3735583388172,20.491423597217644,1070.8281700077225,2.873517557281724,-56.62644166118275
1500,1397.2683906718873,20.60603515625286,1071.3401707277417,2.8320886934349065,-52.731609328112654
1501,1401.3510102643256,20.719390110620367,1071.6863702015057,2.797168760716882,-48.64898973567438
1502,1406.000236463409,20.833438550200565,1071.6532887338392,2.766035148762274,-43.99976353659099
1503,1411.2969079909838,20.805571482902852,1071.5278476483097,2.7434156277546666,-38.703092009016245
1504,1417.1035162655396,20.677115087863985,1071.5989449814672,2.732214991628967,-32.89648373446039
1505,1423.4049612318836,19.972903214117785,1072.3117885771928,2.7621542648397193,-26.59503876811641
1506,1430.2388292920614,19.37260827570293,1073.4765512940708,2.8276976515312966,-19.761170707938618
1507,1437.563973455089,18.89215285231958,1074.0075800979926,2.9163849742534813,-12.436026544911101
1508,1445.3562600889518,18.30305153109763,1073.2581975096878,3.0349887247416403,-4.643739911048215
1509,1453.3553518655801,17.509277030628162,1072.89488683115,3.210290881576367,3.3553518655801327
1510,1461.344429365834,16.87443344202725,1072.5485593107405,3.4204579719474735,11.344429365834003
1511,1468.9040791448883,16.542050129178328,1072.5129325995013,3.62223960829419,18.90407914488833
1512,1475.6604222113576,16.184933631049436,1072.5858850809293,3.82248996533661,25.660422211357627
1513,1481.505461891095,15.783195644549847,1072.5548467376038,4.0,31.50546189109491
1514,1487.4336994424164,15.34366311300594,1072.5650858717636,4.0,37.433699442416355
1515,1493.1629247464998,14.86210161630027,1072.6295863447729,4.0,43.16292474649981
1516,1498.4923618625373,14.33162477188771,1072.946717275855,4.0,48.49236186253734
1517,1502.2977406493487,13.818436027946642,1073.3887216078563,4.0,52.297740649348725
1518,1504.8028504915656,13.703412716055768,1074.3422917698506,4.0,54.80285049156555
1519,1506.2732026382648,13.594291552310029,1075.3191131058732,4.0,56.27320263826482
1520,1506.5218269329355,13.500599078708396,1076.2527891416958,4.0,56.52182693293548
1521,1505.1815613501044,13.430086763177426,1077.0310724554467,4.0,55.1815613501044
1522,1502.603991092252,13.360691072228164,1077.7654418113937,4.0,52.603991092252045
1523,1499.4150155171424,13.284806467643426,1078.422321536792,4.0,49.415015517142365
1524,1495.5794248650825,13.206879977087294,1079.1258209331816,4.0,45.5794248650825
1525,1491.0501945237856,13.107771513520438,1079.0623765914438,4.0,41.05019452378565
1526,1485.7749166467543,13.099625259911694,1078.843291633113,4.0,35.774916646754264
1527,1479.6868421216473,13.49281164092592,1078.6938630482925,4.0,29.68684212164726
1528,1472.673042077681,14.184778542374493,1079.6857017655018,4.0,22.673042077680975
1529,1464.7929104252196,14.796268365299158,1080.588797741753,4.0,14.792910425219588
1530,1456.8587900545283,15.354855460348421,1081.1815958822112,4.0,6.858790054528299
1531,1448.8890323086453,15.796479083458419,1081.607472037922,4.0,-1.1109676913547446
1532,1440.9108924708837,16.304016725551023,1082.1619974676098,4.0,-9.08910752911629
1533,1432.9827497192027,17.01537478958451,1082.315309006661,4.0,-17.01725028079727
1534,1425.3633340045474,17.65569993865909,1081.1458604921113,3.9425461729033766,-24.63666599545263
1535,1418.1850382652685,18.065190621052043,1078.7500847582887,3.8466685383250163,-31.81496173473147
1536,1411.356625986207,18.290096694169268,1077.7347036890626,3.7483491670086324,-38.643374013792936
1537,1404.8476714573205,18.702209523100418,1076.038020793751,3.630023295686856,-45.15232854267947
1538,1398.7724168414722,19.087667206230556,1074.5776475509228,3.5039025314108923,-51.22758315852775
1539,1393.8598755808264,19.360345871768697,1073.3131914490782,3.3843579456770216,-56.14012441917362
1540,1390.6246123288854,19.61228077393951,1072.201577943984,3.27340868447335,-59.375387671114595
1541,1388.7753640492103,19.833277866289922,1071.6204144364578,3.174066092016843,-61.22463595078966
1542,1388.096274687221,20.02791105817934,1071.6810835884078,3.0882257086791833,-61.90372531277899
1543,1388.2766015867053,20.140631854052124,1071.9987928838925,3.0186237490345844,-61.72339841329472
1544,1389.4269578972394,20.16409983338627,1072.217937875795,2.9658867401647386,-60.57304210276061
1545,1391.9392309411664,20.28428065296671,1072.3642701084366,2.920463945586466,-58.06076905883356
1546,1395.6229547921973,20.432151222647065,1072.505028100028,2.87944424321718,-54.37704520780267
1547,1399.96526250344,20.563638088141076,1072.7594423836742,2.843290306379905,-50.034737496559956
1548,1404.575847763065,20.685812342035188,1072.7385619252032,2.8105953230643603,-45.424152236935015
1549,1409.8472448373873,20.71813703417342,1072.5443367071457,2.784009710288081,-40.15275516261272
1550,1415.7269683632228,20.65376843693309,1072.5282457434819,2.7668467800840557,-34.273031636777205
1551,1422.0098576369073,20.397214867787678,1073.1354131254864,2.7680580043527194,-27.990142363092673
1552,1428.7573877191112,19.7258712804453,1074.5568315479647,2.811581655551173,-21.242612280888807
1553,1435.9813026899826,19.1888315342518,1075.4300596777166,2.884888471759985,-14.018697310017387
1554,1443.6772939622874,18.62455322253165,1074.7695699288397,2.9854150609654053,-6.322706037712578
1555,1451.6370629657226,17.813608757066167,1073.7008866473607,3.140416038741562,1.6370629657226345
1556,1459.400100472872,17.076190469532467,1073.1021087496151,3.343754648464695,9.400100472872055
1557,1466.7823653037408,16.629488379304963,1073.0571253790981,3.5547675966983037,16.78236530374079
1558,1473.5285165772623,16.297534632570674,1073.051581240651,3.758020208481057,23.52851657726228
1559,1479.3255096359917,15.919170069491852,1073.0119322439991,3.962275666188415,29.325509635991693
1560,1485.000999701222,15.49865363775854,1073.0460287144615,4.0,35.0009997012221
1561,1490.6025098211146,15.050017780455518,1073.0820057130131,4.0,40.60250982111461
1562,1495.937230291573,14.553003142957367,1073.2682850625001,4.0,45.93723029157309
1563,1500.6271122063129,14.035524152080352,1073.6803549492386,4.0,50.62711220631286
1564,1503.8609977001677,13.763050299066942,1074.4823875525253,4.0,53.86099770016767
1565,1505.9321550728846,13.649969887786696,1075.4418422840051,4.0,55.9321550728846
1566,1506.813429744623,13.54499075408659,1076.4494934638115,4.0,56.81342974462291
1567,1506.0530668649735,13.45729869203423,1077.344815488093,4.0,56.053066864973516
1568,1503.837978639981,13.386133064079317,1078.1457279130182,4.0,53.837978639980975
1569,1500.776570752567,13.318698952776213,1078.8597808678824,4.0,50.77657075256707
1570,1497.1153608993638,13.245643181426969,1079.5476268490345,4.0,47.11536089936385
1571,1492.7897689060196,13.154173258807134,1079.8680453574843,4.0,42.78976890601962
1572,1487.750870089334,13.140061895634133,1079.6409659199032,4.0,37.75087008933406
1573,1481.9693597916976,13.219461802348222,1079.1438494669792,4.0,31.96935979169757
1574,1475.324232254142,13.95948915412907,1080.015906134941,4.0,25.32423225414209
1575,1467.7967353896236,14.580468191814782,1080.878586641601,4.0,17.796735389623564
1576,1459.8928184379945,15.149082851932505,1081.6278999684027,4.0,9.892818437994492
1577,1451.9423477703851,15.641196733323884,1082.1319011636167,4.0,1.9423477703851404
1578,1443.9695702224235,16.104025889893677,1082.4113958686337,4.0,-6.030429777576501
1579,1436.003092859433,16.626916279191,1082.8815374745,4.0,-13.996907140566918
1580,1428.2515453033654,17.509280929917757,1082.2285237725966,3.9629484817297764,-21.748454696634553
1581,1420.9370063485703,17.946686899479168,1079.7269757499546,3.8777044882321365,-29.06299365142968
1582,1414.0448514054995,18.289501872972355,1077.931598503804,3.772292533090113,-35.95514859450054
1583,1407.4958848672507,18.66520133179127,1076.5706803571468,3.65300824525205,-42.50411513274935
1584,1401.3711544542882,18.990413953813164,1075.2972939845506,3.531347798223019,-48.62884554571178
1585,1395.7682035516295,19.236011954501304,1074.0747234596154,3.416704291478265,-54.23179644837046
1586,1391.9779909073884,19.509801465263674,1072.8998040552176,3.3069745800014267,-58.0220090926116
1587,1389.6324405849375,19.769245817802876,1072.1293988842951,3.2049557218295925,-60.36755941506249
1588,1388.5117971772033,19.96493854991686,1071.99626117872,3.1161069381238695,-61.488202822796666
1589,1388.386571700414,20.062065852686196,1072.023693359823,3.0439832707948904,-61.613428299586076
1590,1389.144670672543,20.17863752251805,1072.3037076662588,2.9844103910925304,-60.85532932745696
1591,1390.8780436639188,20.30081620009312,1072.6050085944985,2.93431500965191,-59.12195633608121
1592,1394.3041016292482,20.461456677869315,1072.5579403035483,2.8885901108764704,-55.69589837075182
1593,1398.4437142045997,20.58625531409319,1073.007750534274,2.849939628216934,-51.5562857954003
1594,1403.0934022651197,20.708790495419084,1073.1160193268875,2.815838592586631,-46.90659773488028
1595,1408.3180019079095,20.774943458935976,1073.1087948809047,2.787396329231087,-41.68199809209045
1596,1414.0253277138947,20.70583423762075,1073.0805778596282,2.7689418086470328,-35.97467228610526
1597,1420.0759580227736,20.508759682333263,1073.4145459335305,2.7651635848945406,-29.924041977226352
1598,1426.628791276703,19.823789496982265,1074.7688114607986,2.8039471387619384,-23.37120872329706
1599,1433.7296617030995,19.27576871292573,1075.8508931055476,2.8738963298316116,-16.27033829690049
1600,1441.2916461203406,18.797810140287623,1075.2610933391534,2.9632307345824502,-8.708353879659398
1601,1449.1032775049475,18.03116345803469,1074.187144079393,3.101434730040667,-0.8967224950524724
1602,1456.9636836403124,17.19572814338374,1074.27154351295,3.3032018680139035,6.963683640312411
1603,1464.5270888055118,16.74750114006213,1074.0586306052862,3.511912550231144,14.527088805511767
1604,1471.5401208949497,16.398292176408503,1074.0525684994377,3.7154422032937457,21.540120894949723
1605,1477.633953187743,16.019467374551958,1074.0786807520635,3.9200832756747674,27.633953187742918
1606,1483.3615530899676,15.630030316920243,1074.0970001810788,4.0,33.36155308996763
1607,1489.0814071948369,15.194984687454633,1074.0943667618258,4.0,39.081407194836856
1608,1494.525612065731,14.710631917945516,1074.1749403662268,4.0,44.52561206573091
1609,1499.4412372929505,14.191219750961995,1074.516656991275,4.0,49.44123729295052
1610,1502.884494790318,13.801783505036385,1074.8297907021063,4.0,52.88449479031806
1611,1505.1382741639463,13.688431481159906,1075.7943017854143,4.0,55.138274163946335
1612,1506.369520274869,13.584593205397372,1076.7292511488217,4.0,56.369520274869046
1613,1506.040085062267,13.500632045015221,1077.5490179808974,4.0,56.04008506226705
1614,1504.055153343405,13.427942524975872,1078.2903520860223,4.0,54.05515334340498
1615,1501.2153501388066,13.36109915101961,1079.0047543206283,4.0,51.21535013880657
1616,1497.7369158577387,13.289799798609554,1079.6810565965045,4.0,47.73691585773872
1617,1493.5812124290483,13.201305740561653,1080.2352921516172,4.0,43.581212429048264
1618,1488.7685634955124,13.185169636928785,1080.0254168221393,4.0,38.76856349551235
1619,1483.2304565133757,13.257763050604929,1079.655636888782,4.0,33.23045651337566
1620,1476.8521829045098,14.006022407674951,1080.3891851810517,4.0,26.852182904509846
1621,1469.584126202585,14.635614306892784,1081.1640970066298,4.0,19.584126202584912
1622,1461.7252122511456,15.224034859412914,1081.2424964003876,4.0,11.72521225114565
1623,1453.8348300843104,15.684808613452299,1081.2151663851478,4.0,3.834830084310397
1624,1445.9372827595787,16.11563870349353,1081.032476818831,4.0,-4.062717240421307
1625,1438.0577064074134,16.601323716644302,1081.2968792044326,4.0,-11.942293592586566
1626,1430.4030515088034,17.423150123413436,1079.7739509300682,3.9661730918883897,-19.5969484911966
1627,1423.1781679274513,17.885725318000738,1077.5892760229215,3.8803488731115334,-26.82183207254866
1628,1416.3028426227465,18.07433406009537,1076.5626950933918,3.792289594732333,-33.69715737725346
1629,1409.7227680528295,18.329206511427344,1075.3959827649928,3.696285237667323,-40.27723194717055
1630,1403.5839928748628,18.727634803083554,1073.856396201581,3.5816443687737913,-46.416007125137185
1631,1397.9965416285233,19.074219422177546,1072.4600484761027,3.461681731237789,-52.003458371476654
1632,1394.2705888014336,19.361114776043703,1071.252572281905,3.3456742529535575,-55.72941119856637
1633,1392.0325513890127,19.609702224536456,1070.4070853307808,3.2384081066854815,-57.967448610987276
1634,1391.0793538980818,19.8409678284727,1070.1118663999441,3.142128663010628,-58.92064610191824
1635,1391.0510904090997,20.03013043775316,1070.2729133548066,3.0592866994476284,-58.94890959090026
1636,1391.8324325866404,20.193476891814733,1070.4077354753124,2.988587635777056,-58.16756741335962
1637,1393.4934902919938,20.379939263367987,1070.6257299362242,2.9266858134697102,-56.506509708006206
1638,1396.690743349285,20.52609420244659,1071.1078032612909,2.874858522996128,-53.30925665071504
1639,1400.6479297688452,20.65424892683469,1071.307452371835,2.830812886141203,-49.35207023115481
1640,1404.7897413499165,20.764828113992507,1071.3120963776387,2.792979105559027,-45.21025865008346
1641,1409.2616264174826,20.796745941314782,1071.3341386473126,2.7633300048649616,-40.7383735825174
1642,1414.3828843525596,20.724261719988565,1071.0517634424962,2.7432126392632235,-35.617115647440414
1643,1420.0623696199873,20.494071074782997,1071.6661580617956,2.740680724567703,-29.937630380012706
1644,1426.2880981883495,19.811203228295362,1073.0339853257947,2.7806554382242115,-23.711901811650478
1645,1433.0647238130673,19.23673845622727,1074.1819349375132,2.8539812736624994,-16.935276186932697
1646,1440.3895029697712,18.800046806010226,1073.8098075553212,2.94337394321533,-9.610497030228771
1647,1448.1789569262805,18.088883135781934,1072.659963754534,3.0753231763029687,-1.8210430737194656
1648,1456.1671001187815,17.252904553763887,1072.657203830964,3.2710994920204266,6.167100118781491
1649,1464.0330308234202,16.733461886443465,1072.4653127963293,3.484403688048564,14.033030823420177
1650,1471.336072993626,16.38291087672387,1072.5061826052797,3.6917651599508208,21.336072993625976
1651,1477.7364688357684,16.00843848588738,1072.5298504199934,3.898695639270678,27.73646883576839
1652,1483.6210585036117,15.608203893574286,1072.5483004384907,4.0,33.62105850361172
1653,1489.4270118649156,15.163985645780551,1072.5501133763087,4.0,39.427011864915585
1654,1494.9477132776622,14.669044471004312,1072.6650779333042,4.0,44.94771327766216
1655,1499.8718586750351,14.143457245821544,1073.0481737268394,4.0,49.87185867503513
1656,1503.3241771504872,13.753978164617441,1073.4702746112173,4.0,53.32417715048723
1657,1505.5353675411384,13.647285823276784,1074.42365109017,4.0,55.535367541138385
1658,1506.8055202293604,13.545908544551995,1075.3758397420524,4.0,56.805520229360354
1659,1506.623610665919,13.465378947026188,1076.175420209722,4.0,56.62361066591893
1660,1504.780636178939,13.399221530069639,1076.9453207763431,4.0,54.78063617893895
1661,1501.9389110643885,13.33146678981845,1077.6796943375218,4.0,51.93891106438855
1662,1498.4537440621243,13.261063339966181,1078.421557491063,4.0,48.453744062124315
1663,1494.305007643598,13.170112417404361,1078.818396363731,4.0,44.305007643597946
1664,1489.4753357572847,13.11827304919395,1078.6861336256777,4.0,39.47533575728471
1665,1483.9048679405066,13.199508245807111,1078.2423026633,4.0,33.90486794050662
1666,1477.4737830934978,13.938534868714312,1078.9843081541699,4.0,27.473783093497786
1667,1470.1400380371851,14.593182321826744,1079.8164103074132,4.0,20.14003803718515
1668,1462.2228851434038,15.19777503140959,1079.7009578394811,4.0,12.2228851434038
1669,1454.2896349361945,15.67911481563336,1079.6368493703626,4.0,4.2896349361944885
1670,1446.3547546041868,16.13234252627663,1079.4559760674306,4.0,-3.6452453958131628
1671,1438.4488760039483,16.61856890710985,1079.6029424697251,4.0,-11.551123996051729
1672,1430.8149269818084,17.45698670843875,1078.090849289795,3.9569871309683617,-19.185073018191588
1673,1423.6016283665388,17.88756529011023,1076.233130451751,3.8690120635917773,-26.398371633461238
1674,1416.7350641693756,18.117300974557182,1075.635533791137,3.776303537433561,-33.26493583062438
1675,1410.1942576384533,18.481820744138098,1074.2440231689438,3.665653012927497,-39.80574236154666
1676,1403.993917063251,18.78493236701557,1072.9940097028477,3.5507435914541716,-46.00608293674895
1677,1398.3329522524837,19.076559070668953,1071.7476949019328,3.4359050458370883,-51.667047747516335
1678,1394.4929958240878,19.329810527390855,1070.6171485745733,3.326438847530129,-55.50700417591224
1679,1392.1799234900798,19.61270783251609,1069.8830667701657,3.2219486594242412,-57.82007650992023
1680,1391.1796435541007,19.828110075856618,1069.5494718171879,3.1285977313964404,-58.82035644589928
1681,1391.1412494111594,20.012934148100666,1069.7838758437124,3.0484100784890775,-58.85875058884062
1682,1391.9552814615365,20.169222540176484,1070.0002581751219,2.9803126249201815,-58.044718538463485
1683,1393.6517150169727,20.334815263508233,1070.1925706924224,2.9212381490771517,-56.34828498302727
1684,1396.9225527801036,20.46705599405372,1070.6288854957998,2.871922109951215,-53.077447219896385
1685,1400.8881112110191,20.58236336227292,1070.9573716737884,2.830655666720687,-49.11188878898088
1686,1405.1242429856588,20.706090116974597,1071.0816451207345,2.7945992908632817,-44.87575701434116
1687,1409.9188726730758,20.74130253593932,1070.9948168376236,2.765733304480912,-40.08112732692416
1688,1415.158089332676,20.67331929957187,1070.910165321444,2.746754725572467,-34.8419106673241
1689,1420.848933042299,20.419342249810644,1071.4980196127333,2.746370612364326,-29.151066957701005
1690,1427.0241976800028,19.743871313231224,1072.7901052129946,2.7883336249065644,-22.97580231999723
1691,1433.8217256365601,19.20191436644756,1073.767203490862,2.8610367986283545,-16.17827436343987
1692,1441.128723400607,18.767016830488775,1073.4004961437408,2.950209388476826,-8.871276599393013
1693,1448.886802809064,18.026551903148288,1072.2898560732087,3.0858530894440297,-1.1131971909360345
1694,1456.8075555683376,17.191167046554604,1072.337655891687,3.28566436403708,6.807555568337648
1695,1464.5402598822425,16.70579197551071,1072.172578920355,3.4980229647094525,14.54025988224248
1696,1471.6733713378417,16.362829587913662,1072.168568942751,3.7035772905472184,21.673371337841672
1697,1477.8683179701352,15.978347520938676,1072.2016361228762,3.9105848103393352,27.868317970135195
1698,1483.6449781514564,15.583123631241941,1072.2201250634487,4.0,33.64497815145637
1699,1489.3515424348093,15.14459818322416,1072.23925780301,4.0,39.35154243480929
1700,1494.7838201497766,14.659117682802206,1072.3632420691804,4.0,44.7838201497766
1701,1499.5752329453755,14.142869900565541,1072.7399965620123,4.0,49.57523294537555
1702,1502.9105818471155,13.790435988415117,1073.2229123823142,4.0,52.91058184711551
1703,1505.074568095636,13.68925735503464,1074.0796264850646,4.0,55.074568095636096
1704,1506.3036508469154,13.586939350929349,1074.9871884130878,4.0,56.30365084691539
1705,1506.0195585120057,13.493597934936648,1075.9287077386207,4.0,56.01955851200569
1706,1504.0779912651446,13.425754113615499,1076.699953143033,4.0,54.07799126514465
1707,1501.2075057760733,13.355071734836056,1077.4156101704054,4.0,51.207505776073276
1708,1497.7096657376896,13.283994347154659,1078.141819736071,4.0,47.70966573768965
1709,1493.5222385264426,13.197505518460687,1078.7444504819027,4.0,43.52223852644261
1710,1488.6695232410232,13.188335296569967,1078.460805895056,4.0,38.66952324102317
1711,1483.0848897980575,13.262618376437663,1078.104448792361,4.0,33.084889798057475
1712,1476.6594701622937,14.012903302714813,1078.8174918992668,4.0,26.6594701622937
1713,1469.351465351987,14.644460745429804,1079.590267308937,4.0,19.351465351986917
1714,1461.5300214561344,15.241175596539382,1079.5396687000155,4.0,11.530021456134364
1715,1453.7012620216638,15.719778395210033,1079.4659644877672,4.0,3.7012620216637515
1716,1445.8661349837819,16.175038660452152,1079.2957862408741,4.0,-4.133865016218124
1717,1438.0451621231398,16.658952686226844,1079.0356210133764,4.0,-11.95483787686021
1718,1430.4940403368253,17.45859043282111,1077.6218228924433,3.9553493356761797,-19.505959663174735
1719,1423.3620599865262,17.892009395544502,1075.7391042076908,3.8657210349940874,-26.63794001347378
1720,1416.5769038878104,18.12726608440255,1075.1690492510627,3.771291407175206,-33.42309611218957
1721,1410.127114586631,18.4957520151942,1073.7603197449714,3.6589746010140813,-39.87288541336898
1722,1404.105305633843,18.826998811117246,1072.5565310818697,3.5406037359241114,-45.894694366156955
1723,1398.5977385916897,19.102072832333555,1071.3834002882575,3.4250211778479187,-51.40226140831032
1724,1394.9263106286987,19.42375890363202,1070.3326648580373,3.3104833747527276,-55.07368937130127
1725,1392.71811372789,19.673560407895753,1069.6586182765254,3.2051809666184647,-57.28188627210989
1726,1391.787240485466,19.91355314129355,1069.5154236469373,3.110721111072758,-58.2127595145339
1727,1391.8011539967856,20.06978700538075,1069.7895934629237,3.031791075956228,-58.198846003214385
1728,1392.657497659526,20.265907356259618,1070.1335803311774,2.9631818815444104,-57.342502340474084
1729,1394.3828274490645,20.42009058930803,1070.3584783823055,2.9047190135853036,-55.61717255093549
1730,1397.5964503012676,20.556617075210937,1070.750265687354,2.855724738084692,-52.40354969873238
1731,1401.5087383070768,20.679577070198874,1070.9776201661468,2.814204948594323,-48.49126169292322
1732,1405.7027139206252,20.790208537866285,1071.0312427378233,2.7784825702610423,-44.29728607937477
1733,1410.459042150333,20.823137830691277,1071.072470744923,2.750455646104972,-39.54095784966694
1734,1415.724808213048,20.70457548109394,1071.0040765854076,2.734247964156043,-34.275191786952064
1735,1421.4165807664492,20.43212313252069,1071.6214585551427,2.736787734427791,-28.583419233550785
1736,1427.7436088071681,19.742370001911212,1073.0005275952099,2.7819457627201385,-22.25639119283187
1737,1434.6357145965117,19.174061614553736,1074.0625008372433,2.859366858700015,-15.364285403488338
1738,1442.1068642833704,18.70271889303656,1073.5170161645956,2.9550654015712956,-7.893135716629558
1739,1449.9680397801358,17.938197659594532,1072.435697596413,3.099580218568259,-0.031960219864231476
1740,1458.0663210510618,17.131214206746023,1071.8625966808827,3.3019358590983106,8.066321051061777
1741,1465.9054230347376,16.64160196051175,1071.8144357756528,3.517591119563818,15.905423034737623
1742,1473.1176606493366,16.31374494182553,1071.7453587710781,3.7235169817632734,23.117660649336585
1743,1479.3372807097135,15.884067046334389,1071.7703192369984,3.9370344274536477,29.33728070971347
1744,1485.2569342387446,15.4661481686746,1071.808325132184,4.0,35.256934238744634
1745,1491.0976384162068,15.014000304979708,1071.8584683488757,4.0,41.09763841620679
1746,1496.557977939579,14.503523284402156,1072.0958795303607,4.0,46.557977939578905
1747,1501.338195696099,13.978376738762503,1072.5451900391292,4.0,51.33819569609909
1748,1504.6237027527445,13.714968793143393,1073.363483063527,4.0,54.62370275274452
1749,1506.68198849578,13.598188131279164,1074.383212116668,4.0,56.68198849577993
1750,1507.7318498651318,13.493119960845066,1075.4289033439306,4.0,57.731849865131835
1751,1507.2267356131265,13.40944258641285,1076.3357177649466,4.0,57.22673561312649
1752,1505.127368199373,13.350327691588754,1077.0398449495715,4.0,55.127368199372995
1753,1502.0923450218875,13.285832298212975,1077.8237869270797,4.0,52.09234502188747
1754,1498.4643781235893,13.218191096607468,1078.525617308197,4.0,48.46437812358931
1755,1494.0622484793034,13.136270145173029,1079.0990012055074,4.0,44.062248479303435
1756,1488.9530230216208,13.128044551108836,1078.892549969852,4.0,38.953023021620766
1757,1483.0737270796055,13.11341072370441,1079.0845806243422,4.0,33.07372707960553
1758,1476.3054431824562,13.863181121054891,1079.9967513320878,4.0,26.3054431824562
1759,1468.639619468638,14.518167381272582,1080.9558752319435,4.0,18.639619468638102
1760,1460.6170658935328,15.089977451127318,1081.7506103739925,4.0,10.617065893532754
1761,1452.538731059433,15.567954513699549,1082.4082067250677,4.0,2.5387310594330756
1762,1444.4321860352095,16.061871646720753,1082.9701085724867,4.0,-5.567813964790503
1763,1436.3444847489436,16.571867575474517,1083.3975892364078,4.0,-13.655515251056386
1764,1428.4810104447445,17.486029651117548,1082.7699298477824,3.9672742610953837,-21.51898955525553
1765,1421.0569162592344,17.921215637508485,1080.1586695482385,3.8850273821692345,-28.943083740765587
1766,1414.0621099989637,18.27558982577559,1078.5264582584198,3.7810086324443644,-35.937890001036294
1767,1407.431664468689,18.64293164517763,1077.1893690445247,3.6635116404144576,-42.56833553131105
1768,1401.2496819478051,18.972448264640438,1075.7618419231048,3.542195444212522,-48.75031805219487
1769,1395.4075542331204,19.23717508768972,1074.4215953810126,3.425886451253378,-54.592445766879564
1770,1391.4150807696287,19.58533417279257,1073.1772370928966,3.3096345356598116,-58.58491923037127
1771,1388.9452953101115,19.81068240233368,1072.3837289046078,3.2052213380301215,-61.05470468988847
1772,1387.7090012249557,20.003172356116618,1072.2700033586927,3.115011952441397,-62.29099877504427
1773,1387.4381290496829,20.13194478412223,1072.3052443122892,3.0402270559593796,-62.56187095031714
1774,1388.1193565930378,20.1841308967797,1072.6017129596316,2.9823014826980203,-61.880643406962236
1775,1389.7468768539145,20.373782649908808,1072.8800830291505,2.929960577736151,-60.2531231460855
1776,1393.1247173889985,20.51742347145003,1073.172951870522,2.8847159339137516,-56.87528261100147
1777,1397.213584365941,20.64865777100348,1073.5492291331575,2.846011606859275,-52.78641563405904
1778,1401.8381011503036,20.754701801365083,1073.6908234748994,2.81281840838437,-48.1618988496964
1779,1407.0214657133079,20.817054751016705,1073.7620912433651,2.7855280858224045,-42.97853428669214
1780,1412.7036570437494,20.734933684106036,1073.627375995998,2.7680945020188266,-37.296342956250555
1781,1418.7636038504709,20.648661146100956,1073.4477961653552,2.7582094282493683,-31.236396149529128
1782,1425.4645279051776,19.92940818489974,1074.8360019114098,2.7925591093639968,-24.535472094822353
1783,1432.6370394672356,19.344075017422472,1076.0701509905268,2.860991935011881,-17.36296053276442
1784,1440.26286135413,18.874654091636494,1075.6039758513336,2.9480189297388977,-9.73713864586989
1785,1448.2159351312441,18.13612427565194,1074.470732155214,3.079823516700427,-1.7840648687558769
1786,1456.1231652367724,17.285169415984228,1074.4810035642722,3.2764902130886817,6.1231652367723655
1787,1463.9093970407225,16.77265946312421,1074.2549484776196,3.4891847113985897,13.909397040722524
1788,1471.1210016655332,16.4155763772502,1074.284039461535,3.696802409390169,21.121001665533186
1789,1477.4409147163067,16.053960113881157,1074.2952501293057,3.902070306472564,27.44091471630668
1790,1483.256349432696,15.658850857286117,1074.312644901721,4.0,33.25634943269597
1791,1489.0547699728422,15.217928798535052,1074.2998421296288,4.0,39.05476997284222
1792,1494.5503635948605,14.726636262037335,1074.3720903138221,4.0,44.55036359486053
1793,1499.7334133472393,14.200315398288375,1074.7175150620062,4.0,49.73341334723932
1794,1503.3660113655899,13.72396640432463,1075.1650656928698,4.0,53.366011365589884
1795,1505.7342306007322,13.625563043446316,1076.0403111271166,4.0,55.73423060073219
1796,1507.0944418773238,13.531238775179153,1076.9583103622117,4.0,57.09444187732379
1797,1506.944356671458,13.445203020124074,1077.8289681705398,4.0,56.94435667145808
1798,1505.101491219786,13.367722946579203,1078.6468046371576,4.0,55.10149121978611
1799,1502.2739652508226,13.303394835361198,1079.3681068451533,4.0,52.273965250822584
1800,1498.7917434654537,13.234772861060044,1080.054400375662,4.0,48.79174346545369
1801,1494.665972423964,13.145197970920336,1080.6133780459136,4.0,44.66597242396392
1802,1489.8769931946583,13.141557702956021,1080.2318110722465,4.0,39.876993194658326
1803,1484.3455231820706,13.13778106564021,1080.0159674618828,4.0,34.345523182070565
1804,1477.9582880699215,13.884596915216585,1080.8070410650141,4.0,27.958288069921537
1805,1470.6654520619632,14.547125370883517,1081.66072857469,4.0,20.66545206196315
1806,1462.6057041060549,15.160597677388596,1081.9338311006863,4.0,12.605704106054873
1807,1454.555534542295,15.637378236250456,1081.6935923715866,4.0,4.555534542294936
1808,1446.5213363719788,16.06558458396201,1081.4944992655921,4.0,-3.478663628021195
1809,1438.5158612593175,16.568024592840633,1081.3930970146655,4.0,-11.48413874068251
1810,1430.7348572990395,17.447074965216167,1079.9496018359753,3.9637955665994484,-19.265142700960496
1811,1423.385921176702,17.903005419037076,1077.9167899520514,3.877662218432066,-26.614078823298087
1812,1416.394649337377,18.093844584434606,1076.8707976481098,3.789173293831096,-33.605350662623096
1813,1409.6967745401696,18.355151287928873,1075.7576231981427,3.692527391155609,-40.3032254598304
1814,1403.4609776027069,18.754056371015064,1074.3540099189522,3.5781104723828965,-46.53902239729314
1815,1397.615636517125,19.08351249233415,1072.9416497328436,3.459904104081977,-52.38436348287496
1816,1393.634338526777,19.38975728241409,1071.6870897124516,3.34375357406027,-56.3656614732231
1817,1391.214975188044,19.64924296528991,1070.819913368244,3.2357810259244584,-58.785024811955964
1818,1390.1338128672926,19.861952647204504,1070.5954517338785,3.1405622435286933,-59.86618713270741
1819,1390.0204161837694,19.97891962454774,1070.6673380945551,3.0624362081587013,-59.979583816230615
1820,1390.7239574182897,20.042578582965202,1070.9352430374133,3.0011076379403008,-59.27604258171027
1821,1392.3838472565371,20.048387229122216,1070.9338781233266,2.9547768456392167,-57.61615274346286
1822,1395.7470110825295,20.151627317805193,1071.05444289282,2.9147069221932185,-54.252988917470475
1823,1399.885575033368,20.313752202706784,1071.0797279077995,2.8761841504719454,-50.11442496663199
1824,1404.2317506771592,20.418325013014645,1071.0991047328396,2.8421231240483893,-45.7682493228408
1825,1408.928251291423,20.511945548069107,1071.075818551714,2.811992428398379,-41.07174870857693
1826,1414.2586447212489,20.569440288154933,1070.882699512642,2.786044977958369,-35.74135527875114
1827,1420.084549973874,20.45890772526307,1071.2113942639137,2.772931514557075,-29.91545002612611
1828,1426.463405510693,19.776691202250326,1072.5317781749907,2.8053137219892235,-23.536594489306935
1829,1433.3857683357662,19.21213351821147,1073.605267857545,2.8724534657180323,-16.614231664233785
1830,1440.794041804051,18.77765603697168,1073.1962613570242,2.9571568986334915,-9.205958195949052
1831,1448.4968100678436,18.05128675788157,1072.1060044546098,3.0877911091889576,-1.5031899321563742
1832,1456.1709186130238,17.217028578831073,1072.132040298596,3.283170410019435,6.170918613023787
1833,1463.3493197827786,16.73038082590886,1071.910412821691,3.4919889750657536,13.349319782778593
1834,1469.9070083699032,16.38081633750098,1071.9471718701557,3.695849124858057,19.907008369903224
1835,1475.7082664041716,16.05380127495031,1071.9809970812385,3.8936664995758763,25.70826640417158
1836,1480.9794379621799,15.713008186303984,1071.9900135251607,4.0,30.979437962179873
1837,1486.3061084247165,15.307061910956055,1072.0455769811283,4.0,36.30610842471651
1838,1491.6150767790139,14.877180391966261,1072.1313509912861,4.0,41.61507677901386
1839,1496.5717943385912,14.400059235726468,1072.3798895955786,4.0,46.57179433859119
1840,1500.05790969181,13.900975095958959,1072.7826809856451,4.0,50.05790969180998
1841,1502.3261210859418,13.798677602478422,1073.5981593776833,4.0,52.32612108594185
1842,1503.659340961564,13.699947368047084,1074.4591582566047,4.0,53.65934096156411
1843,1503.5061544418706,13.604878998623779,1075.3531973980819,4.0,53.50615444187065
1844,1501.6949570299657,13.531773815499148,1076.1132669942851,4.0,51.694957029965735
1845,1498.9486781751548,13.450862817728765,1076.8455406334222,4.0,48.94867817515478
1846,1495.5585892197141,13.371814226081145,1077.5874423853843,4.0,45.55858921971412
1847,1491.5924510842513,13.277129393736718,1078.0853361336572,4.0,41.59245108425125
1848,1487.0642635868294,13.258399434631357,1077.7445118265616,4.0,37.064263586829384
1849,1481.85779727554,13.325164472501797,1077.4619498097456,4.0,31.85779727553995
1850,1475.902093410589,14.050850159959897,1078.4362043193255,4.0,25.902093410589032
1851,1469.1274516470444,14.70864912945608,1079.263911565369,4.0,19.12745164704438
1852,1461.5405116921374,15.297889116333542,1079.1558172053876,4.0,11.540511692137443
1853,1453.935527283388,15.78864266043328,1079.1709060388089,4.0,3.9355272833879553
1854,1446.3267310872686,16.283943331755083,1078.9699294790526,4.0,-3.6732689127313733
1855,1438.7381529137633,16.826728929427528,1078.2310497629721,4.0,-11.261847086236685
1856,1431.4064576700523,17.47365098166814,1077.1558315072814,3.952087303463183,-18.593542329947695
1857,1424.4515153512816,17.880697876686426,1075.6558797978705,3.8642636711493505,-25.548484648718386
1858,1417.806108932585,18.079614942076457,1075.1624319916186,3.7752055559618753,-32.19389106741505
1859,1411.4598780109322,18.44131784930682,1074.0031447430397,3.667937141986389,-38.54012198906776
1860,1405.5235457339866,18.797695553900986,1072.8161464843472,3.550744977812512,-44.476454266013434
1861,1400.086844472184,19.06711570004019,1071.7174955422406,3.4365601675961863,-49.91315552781589
1862,1396.4350562530615,19.3155749364403,1070.7017393321423,3.328273640971666,-53.564943746938525
1863,1394.310884186947,19.56647534519491,1070.046111622853,3.227003443280904,-55.68911581305292
1864,1393.4695542262953,19.75859253837728,1069.6383904878662,3.1370406291393413,-56.53044577370474
1865,1393.6136132364209,19.953411327392185,1069.802831820802,3.058268261876245,-56.38638676357914
1866,1394.7086072217019,20.052780521683182,1069.8028870890964,2.993457504148094,-55.29139277829813
1867,1396.8134638475472,20.138382652716956,1069.9861909203394,2.940727454385884,-53.186536152452845
1868,1400.113337186349,20.29334071479141,1069.8739846540418,2.892552970909647,-49.8866628136509
1869,1404.070698861359,20.433654157614985,1069.878038076806,2.8494038022159707,-45.929301138640994
1870,1408.2421343420042,20.51809313922906,1069.9520644818524,2.813256407023823,-41.75786565799581
1871,1412.9839214809188,20.502364109727253,1069.6527101757154,2.7858364350480214,-37.01607851908125
1872,1418.2795392459082,20.486662773965815,1069.639975357312,2.7659731249257216,-31.720460754091846
1873,1424.0641709444772,19.78735352553925,1070.3205298615426,2.791851308050553,-25.935829055522845
1874,1430.3774076624225,19.210292522049425,1071.340228310929,2.8548684545293654,-19.622592337577544
1875,1437.2547810793913,18.77646013774478,1071.6434712652658,2.938838637081644,-12.74521892060875
1876,1444.5794746103286,18.232673077287245,1070.9247862917123,3.051049629354874,-5.420525389671411
1877,1452.2393127008472,17.514549621461438,1070.5555642144152,3.2137304059519205,2.239312700847222
1878,1459.7567711372171,16.918494374251406,1069.9971552979157,3.4085111635937193,9.756771137217129
1879,1466.8646866355357,16.7524672102966,1069.898973773902,3.576110634520435,16.86468663553569
1880,1473.434276230878,16.354902454152118,1070.0102455802441,3.7557899077365366,23.434276230877913
1881,1479.1118701474247,15.881589399070698,1070.0011899110114,3.9554657651232192,29.111870147424725
1882,1484.5596645325809,15.46132703962818,1070.0366168933851,4.0,34.55966453258088
1883,1489.8435376254592,15.024301504974375,1070.1186265751621,4.0,39.84353762545925
1884,1494.9638729633768,14.554850270356683,1070.311605117287,4.0,44.96387296337684
1885,1498.5764197008364,14.061307822795092,1070.7134339793708,4.0,48.57641970083637
1886,1500.9388283811436,13.893836587849593,1071.6787251417916,4.0,50.938828381143594
1887,1502.3644963006998,13.782760374837236,1072.5667805242288,4.0,52.364496300699784
1888,1502.6608789296656,13.685154704821693,1073.4301294371828,4.0,52.660878929665614
1889,1501.512355163128,13.594590373286625,1074.3127814821119,4.0,51.51235516312795
1890,1499.19778255443,13.514658854199642,1075.054074796224,4.0,49.19778255442998
1891,1496.589789778733,13.427969497122039,1075.7728477268302,4.0,46.58978977873289
1892,1493.2424231397322,13.336851191372826,1076.453704222855,4.0,43.24242313973218
1893,1489.0441969210353,13.234539734292147,1076.538545965388,4.0,39.044196921035336
1894,1484.1337690629123,13.30978046722617,1076.1869775871955,4.0,34.13376906291228
1895,1478.5025298243172,13.461498695718808,1075.6109235082015,4.0,28.502529824317207
1896,1472.054408329744,14.173105228364593,1076.5877668008204,4.0,22.054408329744092
1897,1464.7635655655677,14.812894671052439,1077.5175431111666,4.0,14.76356556556766
1898,1457.3024423017357,15.375605840718684,1078.0674642304512,4.0,7.302442301735709
1899,1449.796132439872,15.776031393704715,1078.295242732116,4.0,-0.2038675601279465
1900,1442.2800579660238,16.28750532416831,1078.2733778748739,4.0,-7.719942033976167
1901,1434.7618617702055,16.90233945707898,1078.4568317825165,4.0,-15.238138229794458
1902,1427.5188175141325,17.543852796340918,1077.2666234505828,3.9440324044561548,-22.48118248586752
1903,1420.6847149108964,17.975612284969642,1075.2310131571364,3.846427280867431,-29.315285089103554
1904,1414.2268537288305,18.350120410292856,1073.9662125708046,3.73016522633359,-35.77314627116948
1905,1408.0532408576787,18.671962102408123,1072.8759705558068,3.6088063218288617,-41.9467591423213
1906,1402.4465531050917,18.96788415839524,1071.7702538411174,3.488380893375779,-47.55344689490835
1907,1397.4746176792687,19.2812840243503,1070.6995145558958,3.3696818199665866,-52.525382320731296
1908,1394.2073358352004,19.54664875926371,1069.780174338428,3.2584743121788935,-55.79266416479959
1909,1392.3684093159493,19.780786267056993,1069.469911344767,3.158651970095849,-57.63159068405071
1910,1391.7026372977434,19.904234925722776,1069.5099234088182,3.076361902298393,-58.29736270225658
1911,1391.8171836235297,20.01819468063105,1069.4437164722974,3.00773160636217,-58.18281637647033
1912,1392.8997461876688,20.11672030159342,1069.7311899116376,2.95172834581564,-57.100253812331175
1913,1395.132820908172,20.295646640132297,1069.7111971540648,2.900112402299733,-54.86717909182789
1914,1398.5237374434464,20.431113639280507,1070.140742655058,2.8561178888867085,-51.47626255655359
1915,1402.614622943099,20.552440828459243,1070.4026846823886,2.8182605638212106,-47.38537705690101
1916,1407.277966865832,20.673912373413813,1070.3339246450068,2.7841241755574737,-42.72203313416799
1917,1412.409468584464,20.663364575004636,1070.270499002194,2.7587677623047906,-37.59053141553591
1918,1417.972723763504,20.566955975488586,1070.3148178349168,2.744269609674544,-32.027276236495936
1919,1424.0608239457092,20.15871304707832,1071.2062850622676,2.756963702867182,-25.939176054290783
1920,1430.6799366568182,19.540308048380904,1072.427864802652,2.808486860949033,-19.3200633431818
1921,1437.8329142305638,19.064666807876073,1072.5514452568084,2.882887650493558,-12.167085769436198
1922,1445.319562336185,18.492010132037304,1071.878662722786,2.98672658226118,-4.680437663814928
1923,1453.0757612437114,17.657543962662466,1070.9161381118918,3.149870393821104,3.0757612437114403
1924,1460.7655197374243,16.9357750102796,1070.5161094103328,3.3601748183653246,10.765519737424256
1925,1468.1675539387938,16.520586207712668,1070.4070928447738,3.5727166565454382,18.167553938793844
1926,1474.8631313681874,16.17675593405561,1070.480143354823,3.7792683161164815,24.863131368187396
1927,1480.5378838403772,15.784316779187044,1070.4511417628491,3.9879970303797787,30.537883840377162
1928,1486.2425091225791,15.357504913727631,1070.498057708742,4.0,36.24250912257912
1929,1491.7875237390733,14.904254193942402,1070.5690633233335,4.0,41.78752373907332
1930,1497.0015916822376,14.403196936895004,1070.846651446087,4.0,47.00159168223763
1931,1501.2751328357256,13.888635573197654,1071.2960876492348,4.0,51.27513283572557
1932,1504.2049346204215,13.76402807700475,1072.1545328809082,4.0,54.204934620421454
1933,1506.1131470967944,13.517758303019077,1072.7080347445449,4.0,56.113147096794364
1934,1506.8242027272631,13.44296199832736,1073.5581067574763,4.0,56.82420272726313
1935,1505.8533016034235,13.367781403567943,1074.401568790349,4.0,55.85330160342346
1936,1503.4629138673956,13.303024161373632,1075.2173129336331,4.0,53.46291386739563
1937,1500.291532499021,13.241712590674249,1075.9494748118514,4.0,50.29153249902106
1938,1496.4971162990576,13.169301770422459,1076.7108762659088,4.0,46.49711629905755
1939,1492.0152123216667,13.077719400925998,1076.9841289351707,4.0,42.015212321666695
1940,1486.812884398856,13.072737826958804,1076.702891837912,4.0,36.81288439885611
1941,1480.8662125482156,13.134072717733718,1076.0900361650524,4.0,30.86621254821557
1942,1474.0447720711277,13.885900416724189,1077.1752690576554,4.0,24.04477207112768
1943,1466.3472353165694,14.52808929807588,1078.141768939184,4.0,16.347235316569368
1944,1458.5625582111868,15.085759530460175,1079.0340695718078,4.0,8.562558211186797
1945,1450.4629642146567,15.651828879306484,1079.6555693190019,4.0,0.4629642146567221
1946,1442.392066602712,16.174269811534543,1080.2985453083759,4.0,-7.6079333972879795
1947,1434.358203963093,16.79390540795017,1080.6350239535075,4.0,-15.641796036906953
1948,1426.6124361857567,17.58740135920712,1079.9412416020393,3.947006878608634,-23.38756381424332
1949,1419.3333331403799,18.00877874782561,1077.6113004356157,3.8525748391134123,-30.666666859620136
1950,1412.4215825248145,18.229702308387377,1076.4536912539893,3.7549133478133863,-37.57841747518546
1951,1405.850032981473,18.651489745515953,1074.8107848538002,3.6356010865763535,-44.14996701852692
1952,1399.7197883664853,19.007833408971813,1073.3929728945425,3.51064320527769,-50.28021163351468
1953,1394.0687286586237,19.306439600022607,1072.1258566296754,3.38939222142165,-55.93127134137626
1954,1390.2376488049233,19.562266511840797,1071.0612201166402,3.2766544726558817,-59.76235119507669
1955,1387.8747416052488,19.80454954245981,1070.388898117103,3.174028558549029,-62.1252583947512
1956,1386.6927072737626,20.015352357518836,1070.3664615905516,3.0843838573927362,-63.30729272623739
1957,1386.6392856976947,20.097762605704972,1070.6710235346059,3.013551788078763,-63.36071430230527
1958,1387.592213117259,20.14604123358195,1070.6917097947025,2.9578389902675837,-62.40778688274099
1959,1389.7088384909887,20.336837938523963,1070.7791460234628,2.9063205258307274,-60.29116150901132
1960,1393.2986216236602,20.481092337119318,1071.3723309079055,2.8626253927649916,-56.70137837633979
1961,1397.5608586482076,20.59134458670504,1071.8989301639851,2.826497327934631,-52.43914135179239
1962,1402.073512542246,20.706487730250338,1072.3168671023038,2.7956762236833934,-47.92648745775409
1963,1407.2568453558733,20.82758509706419,1072.1850319221928,2.7669653147921913,-42.74315464412666
1964,1412.9837026023954,20.798817940716745,1071.8003617248942,2.745326236143845,-37.0162973976046
1965,1419.148634945902,20.625907582587708,1072.025416691146,2.7373837015788864,-30.851365054098096
1966,1425.7733318916662,19.912832983495957,1073.364857750718,2.773101495166531,-24.226668108333797
1967,1432.9209046538037,19.32439265818225,1074.566056345765,2.843011049495557,-17.079095346196254
1968,1440.5446165011724,19.030112983911177,1073.9697179647262,2.916288565123574,-9.455383498827587
1969,1448.4077561859842,18.293978482010875,1073.1210812416227,3.035371796624547,-1.5922438140157738
1970,1456.3170355990703,17.396205740072535,1072.4603287146667,3.2227831106264504,6.317035599070323
1971,1464.18113367399,16.745959862421753,1072.3252221805196,3.4460329437922765,14.181133673989962
1972,1471.514424741925,16.390832414142796,1072.320361296151,3.661281535522827,21.51442474192504
1973,1477.9121228085833,16.002023460688395,1072.344122840035,3.8760890621542923,27.912122808583263
1974,1483.683914356496,15.59590111286692,1072.3639740609747,4.0,33.68391435649596
1975,1489.5545193261225,15.152300010106366,1072.3741262615945,4.0,39.554519326122545
1976,1495.2238904596843,14.656043085529367,1072.4963567534094,4.0,45.2238904596843
1977,1500.4050626574333,14.12386839580694,1072.8945582319666,4.0,50.40506265743329
1978,1504.052060997442,13.718831839365347,1073.2216971737364,4.0,54.05206099744191
1979,1506.4246419181418,13.610694096745016,1074.211823775573,4.0,56.42464191814179
1980,1508.1291850010714,13.505371181892702,1075.2423329087399,4.0,58.12918500107139
1981,1508.3152702719024,13.412602011997475,1076.2542738843142,4.0,58.315270271902364
1982,1506.7082131440857,13.33751558210077,1077.0835256660157,4.0,56.708213144085676
1983,1503.839070556744,13.27166506896877,1077.8474680586746,4.0,53.83907055674399
1984,1500.319737021842,13.201872199877162,1078.5404538217012,4.0,50.319737021842
1985,1496.1008677799566,13.127357528262168,1079.2038733597806,4.0,46.100867779956616
1986,1491.190939437197,13.052461980124882,1079.081013774808,4.0,41.1909394371969
1987,1485.5494761893492,13.042093459014714,1078.4494983642617,4.0,35.54947618934921
1988,1479.0769882375093,13.540401722118377,1078.2434576426906,4.0,29.07698823750934
1989,1471.6879632192974,14.24736407855439,1079.13231338142,4.0,21.687963219297444
1990,1463.6539898042968,14.848649949322638,1080.0298926587654,4.0,13.65398980429677
1991,1455.5816339899375,15.39145988453084,1080.6713270633525,4.0,5.5816339899374725
1992,1447.4848127129167,15.864985633630441,1081.0827679886497,4.0,-2.515187287083336
1993,1439.3833779393608,16.379810266322036,1081.6705615795324,4.0,-10.616622060639202
1994,1431.453357413934,17.309232585287425,1080.0648777710317,3.9810067294139335,-18.5466425860659
1995,1423.9463438257467,17.779720855152828,1077.5573544554702,3.903273124860917,-26.05365617425332
1996,1416.8587223637962,18.1416790586693,1076.2053382041631,3.801255799094139,-33.14127763620377
1997,1410.1583708844719,18.504638139415487,1074.9591394328747,3.6845165074925017,-39.84162911552812
1998,1403.7736950306994,18.798433797442513,1073.65758743943,3.565913961329925,-46.2263049693006
1999,1397.7600810031927,19.130339695293138,1072.3723063869613,3.445133375550601,-52.23991899680732
2000,1393.084046721207,19.412514479628012,1071.202821033235,3.3293829379605575,-56.91595327879304
2001,1390.0667042547298,19.675650385873627,1070.4138316204499,3.2218649646887942,-59.93329574527024
2002,1388.370181357155,19.894726871627324,1070.1241516581886,3.1265011581050497,-61.629818642845066
2003,1387.7768436144474,20.10228205151843,1070.4005147099901,3.0439485303238056,-62.22315638555256
2004,1388.0961467882357,20.138014007372853,1070.6977561513172,2.9810964172641103,-61.90385321176427
2005,1389.3820279473314,20.23203071769124,1071.020829111143,2.9300187280561865,-60.61797205266862
2006,1392.4580985519067,20.399913867994957,1071.2949120156532,2.8840783541875026,-57.54190144809331
2007,1396.3215199192591,20.53324721201971,1071.7794600850032,2.844867953029791,-53.67848008074088
2008,1400.7364319256378,20.643803640959536,1072.0893214858759,2.8114530640355504,-49.26356807436218
2009,1405.702126008703,20.756122930524455,1071.999558323779,2.7811767820635485,-44.29787399129691
2010,1411.0722715104823,20.792505901196847,1071.9637932004164,2.7568058150244426,-38.927728489517676
2011,1416.9377771162697,20.740323529340596,1071.9225416228287,2.7406068279774045,-33.06222288373033
2012,1423.3085885704784,20.09697051892014,1071.8998903383042,2.7599825321519322,-26.691411429521622
2013,1430.2169710374876,19.47545100869372,1073.170668600253,2.81772635352382,-19.78302896251239
2014,1437.624094027707,18.996012501919218,1073.6429954033401,2.899034068456054,-12.375905972292912
2015,1445.5418373594027,18.398842634998353,1072.7301543545223,3.010716531737363,-4.458162640597266
2016,1453.5260746445565,17.59441079294087,1071.7310048542727,3.178049783828499,3.526074644556502
2017,1461.3698975729221,16.88505179005471,1071.4335038503648,3.3911003074124952,11.369897572922127
2018,1468.86748479361,16.54715529475364,1071.3809070240534,3.5956866677824757,18.867484793609947
2019,1475.6251613342467,16.178360439611986,1071.4606900715205,3.799659563799646,25.62516133424674
2020,1481.3586886284938,15.772204176321676,1071.428168642268,4.0,31.358688628493837
2021,1487.17442976847,15.333015605195463,1071.4511771142422,4.0,37.17442976846996
2022,1492.9199170857428,14.85948242110894,1071.5204892119475,4.0,42.91991708574278
2023,1498.414988044529,14.334424783724431,1071.83898118781,4.0,48.41498804452908
2024,1502.5010148543759,13.812789092354844,1072.2982968585568,4.0,52.50101485437585
2025,1505.2384140341755,13.697072601267221,1073.2539022779024,4.0,55.23841403417555
2026,1506.9337754206776,13.564785402722404,1074.3458300661102,4.0,56.93377542067765
2027,1507.3838115322471,13.467614190706614,1075.3523556763134,4.0,57.38381153224714
2028,1506.216609796862,13.389900127475839,1076.2097771062504,4.0,56.21660979686203
2029,1503.6617981817944,13.322418813026761,1076.940588229764,4.0,53.66179818179444
2030,1500.4815120575613,13.257636902120554,1077.6786500901935,4.0,50.481512057561304
2031,1496.6301278542292,13.18422459728769,1078.4218797933386,4.0,46.63012785422916
2032,1492.0665289191222,13.090866652522624,1078.6743693420822,4.0,42.06652891912222
2033,1486.7684979442436,13.081227942839604,1078.1409588948757,4.0,36.76849794424356
2034,1480.6901219386737,13.163742564674187,1077.4869111875132,4.0,30.690121938673656
2035,1473.692208710321,13.907198822424029,1078.6045225276941,4.0,23.692208710320983
2036,1465.807237897064,14.549532404087554,1079.619978193465,4.0,15.807237897063942
2037,1457.8559465534925,15.08493121899154,1080.5568811136898,4.0,7.855946553492458
2038,1449.8194985767145,15.651260173844742,1081.121062190154,4.0,-0.18050142328547736
2039,1441.77102103392,16.19978529739398,1081.622559284246,4.0,-8.228978966079922
2040,1433.7576595767355,16.808881602331564,1081.851397486979,4.0,-16.242340423264523
2041,1426.0216781498257,17.601015551555726,1081.1122904221224,3.9488472214803583,-23.978321850174325
2042,1418.7560952019178,18.04871393509471,1078.6421990186982,3.8528250314509105,-31.243904798082212
2043,1411.8547508671643,18.270032005084325,1077.588213576875,3.7545400978180465,-38.145249132835715
2044,1405.2900869360662,18.68539954376421,1075.9031093529425,3.6357519132972564,-44.709913063933755
2045,1399.1617714585648,19.0733509992537,1074.4462431970608,3.5089154418987674,-50.83822854143523
2046,1393.549687726694,19.320194382281922,1073.2679885306707,3.3909114186981353,-56.450312273306054
2047,1389.7432140761332,19.641719362944887,1072.1405752989708,3.2761653707250726,-60.2567859238668
2048,1387.400752099019,19.859098685641943,1071.5957946843141,3.174469506442734,-62.59924790098103
2049,1386.195701707602,20.06721562316263,1071.4861597072863,3.0856333513026684,-63.804298292398016
2050,1386.122347745514,20.159246226685283,1071.7461053746251,3.0148053749808934,-63.877652254486065
2051,1387.1108319502162,20.19599256285645,1071.7982358780916,2.9598803852238227,-62.88916804978385
2052,1389.248458071019,20.384538358895984,1071.641479541671,2.9084228301175443,-60.75154192898094
2053,1392.8582663335071,20.52257622027403,1072.2101314757444,2.8650887510176455,-57.14173366649288
2054,1397.196266624618,20.63065545620684,1072.727018065907,2.8293586311226875,-52.80373337538208
2055,1401.7853813373436,20.74095044823438,1073.1667289978523,2.7991802262892698,-48.21461866265645
2056,1407.031551575157,20.847509849310192,1073.1922597210175,2.7721512532447194,-42.96844842484302
2057,1412.8896057323032,20.820455357700865,1072.7981019256267,2.7516819107232218,-37.11039426769685
2058,1419.0788138413538,20.64083980484062,1073.1469012445202,2.745249892614208,-30.92118615864615
2059,1425.8598118735258,19.940152255572894,1074.5269715185345,2.7811997729519695,-24.140188126474186
2060,1433.1024776064107,19.361751790633072,1075.7269453002784,2.8500896097408694,-16.89752239358927
2061,1440.8357218530982,18.912151396797885,1075.1696625920913,2.935267545367153,-9.164278146901779
2062,1448.829716480323,18.146949167357278,1074.1338303550262,3.06802702818405,-1.1702835196770138
2063,1456.7873976854485,17.308184852485248,1073.4737281269138,3.2614788224117106,6.787397685448468
2064,1464.6203618701443,16.71389586544098,1073.4444255255935,3.483064293724902,14.62036187014428
2065,1471.8557994820237,16.368904956288667,1073.4496906248833,3.695821302336089,21.855799482023713
2066,1478.1136555382243,15.983298383891636,1073.4829569418923,3.9083768604961566,28.113655538224293
2067,1483.911749813091,15.585061274224465,1073.5052384240587,4.0,33.91174981309109
2068,1489.7796088708037,15.145007636111051,1073.5074675174762,4.0,39.77960887080371
2069,1495.449531855658,14.647518181352075,1073.6291326106477,4.0,45.44953185565805
2070,1500.6181640265827,14.115687376658014,1074.020486800628,4.0,50.61816402658269
2071,1504.274296989225,13.726489009274557,1074.4339545480786,4.0,54.27429698922492
2072,1506.6757922278905,13.620116124848908,1075.4117514725604,4.0,56.6757922278905
2073,1508.1057480414904,13.519115912087344,1076.3799477409723,4.0,58.105748041490415
2074,1507.9693154027582,13.426052201770272,1077.314172428833,4.0,57.969315402758184
2075,1506.1658963341338,13.35902108920247,1078.063876934171,4.0,56.16589633413378
2076,1503.2177392514684,13.292622017032576,1078.7428168730498,4.0,53.2177392514684
2077,1499.641101138766,13.226033822155427,1079.4404979220349,4.0,49.64110113876609
2078,1495.3740662121138,13.14320874160849,1080.0610149535476,4.0,45.3740662121138
2079,1490.4303755205967,13.08500406041227,1080.0095763058714,4.0,40.430375520596726
2080,1484.7487755455254,13.075918987538799,1079.8197747512952,4.0,34.748775545525405
2081,1478.2032625555037,13.82175042019183,1080.597895743818,4.0,28.20326255550367
2082,1470.7447335814031,14.49431493333026,1081.4639578307845,4.0,20.744733581403125
2083,1462.6843350790941,15.113802688234605,1082.0495802829453,4.0,12.684335079094126
2084,1454.6104190357737,15.608756214218229,1082.0463039656138,4.0,4.6104190357737025
2085,1446.537134156908,16.003502635101075,1081.938724862237,4.0,-3.462865843092004
2086,1438.4647885989652,16.478414976374616,1082.3175360137318,4.0,-11.535211401034758
2087,1430.577949124253,17.32427835344343,1080.7362322861798,3.9811255055323356,-19.42205087574689
2088,1423.118685466749,17.79511980831512,1078.056857583826,3.9031564192857613,-26.881314533251043
2089,1416.0797243099005,18.141460388574455,1076.7024400924313,3.802758542671093,-33.920275690099515
2090,1409.4242438956044,18.526659735341603,1075.1816678916857,3.6842741480328054,-40.57575610439562
2091,1403.1282697832573,18.860630130240796,1073.8435201277655,3.560965576577223,-46.87173021674266
2092,1397.202023401209,19.171513416063416,1072.5884403440036,3.4389332136253756,-52.79797659879091
2093,1393.1239931198074,19.463402948028488,1071.4446731430992,3.321955024429488,-56.87600688019256
2094,1390.6143907852359,19.706862704499628,1070.668930031872,3.215158460734032,-59.385609214764145
2095,1389.443700737912,19.924604106203,1070.5140427706513,3.121045624567099,-60.55629926208803
2096,1389.2610070139935,20.10360670691129,1070.8513301372057,3.0413477568921654,-60.73899298600645
2097,1389.8119967664984,20.235483609983778,1071.0936923081172,2.9752761791120506,-60.188003233501604
2098,1391.2326574009287,20.395145477689837,1071.2050172921774,2.9179483490884848,-58.7673425990713
2099,1394.251996815709,20.533938591882794,1071.6334064782118,2.869740002694348,-55.748003184291065
2100,1398.05235377614,20.66101096732812,1072.1438905353407,2.829524818068761,-51.94764622385992
2101,1402.3658861992417,20.770763319288733,1072.5460627670493,2.795953875693767,-47.634113800758314
2102,1407.2830144871796,20.794393377348644,1072.6291738946866,2.7700568051294523,-42.71698551282043
2103,1412.7089267400347,20.75397746574664,1072.5360407574547,2.752034261885294,-37.29107325996529
2104,1418.6085564781274,20.68049476851258,1072.3190222329815,2.7409755951436976,-31.39144352187259
2105,1425.0353347044302,19.968430724489643,1073.684208450278,2.7735689644726413,-24.96466529556983
2106,1431.9800153121407,19.383576223705695,1074.9273884624934,2.8402147664846726,-18.019984687859278
2107,1439.4017921104237,19.083699276820674,1074.8906755590124,2.9128786197830956,-10.598207889576315
2108,1447.2640321321057,18.376240353367706,1074.0730548113377,3.0277737139723584,-2.73596786789426
2109,1455.3627485036197,17.49212406927243,1073.3133255454634,3.2083299157211282,5.362748503619741
2110,1463.3780840023744,16.81074608114277,1073.1661103540075,3.429433742879697,13.378084002374408
2111,1470.8745863584986,16.44489988593867,1073.1911015171806,3.6443977993305476,20.874586358498618
2112,1477.500323083708,16.070335669394527,1073.193166510342,3.856880274074292,27.500323083708054
2113,1483.3811387775177,15.658319336710816,1073.208182774077,4.0,33.38113877751766
2114,1489.167597847407,15.207724322163594,1073.1932689628363,4.0,39.16759784740702
2115,1494.7329025961064,14.709697819726665,1073.2838035031793,4.0,44.73290259610644
2116,1500.0085553236581,14.178886819712469,1073.6496562939378,4.0,50.00855532365813
2117,1503.745115114519,13.691242722302304,1074.1169889870105,4.0,53.74511511451897
2118,1506.2147907536587,13.597620489034364,1075.0236739209076,4.0,56.21479075365869
2119,1508.0059763165252,13.504775715544117,1075.9650831953763,4.0,58.00597631652522
2120,1508.3356582344468,13.416128041514163,1076.891289955729,4.0,58.33565823444678
2121,1506.8950656868476,13.340300970224625,1077.7348271816988,4.0,56.8950656868476
2122,1504.1283599786632,13.277425112308384,1078.4664698018398,4.0,54.128359978663184
2123,1500.6880605344768,13.2169270266635,1079.1574214901784,4.0,50.68806053447679
2124,1496.575535668499,13.138207655178348,1079.7831080719734,4.0,46.575535668499015
2125,1491.75934220094,13.044093241834297,1079.6148627663706,4.0,41.759342200939955
2126,1486.1807587416279,13.03797769090324,1079.446130802353,4.0,36.18075874162787
2127,1479.7728917449397,13.291057230188287,1079.0346127682328,4.0,29.77289174493967
2128,1472.445216150107,14.029207328608926,1080.0636506114236,4.0,22.445216150106944
2129,1464.3060589449512,14.650632684694186,1081.0584435235558,4.0,14.306058944951246
2130,1456.1532022537351,15.17903269966805,1081.9056450311575,4.0,6.153202253735117
2131,1448.0003296485784,15.736989077323285,1082.3868722350721,4.0,-1.9996703514216279
2132,1439.869907461942,16.29223307212735,1082.4190542980682,4.0,-10.13009253805808
2133,1432.0307336911424,17.583313192153756,1080.7071160225175,3.9497493927373664,-17.96926630885764
2134,1424.5624454765382,17.909726272614602,1079.7254644729321,3.8718632674288282,-25.437554523461813
2135,1417.438091758707,18.078234385155852,1078.7863473775517,3.7923793074090217,-32.56190824129294
2136,1410.6078801416695,18.305463959442285,1077.6534320309775,3.7058366311357362,-39.39211985833049
2137,1404.0624927821545,18.71609346674176,1075.9528563850042,3.596623224274604,-45.93750721784545
2138,1397.9179424491679,19.0909000303966,1074.598151058217,3.4786614753707434,-52.08205755083213
2139,1392.6294505092492,19.40425037929668,1073.2587375199973,3.362073037057031,-57.37054949075082
2140,1389.1073521163091,19.645526059321,1072.166984939201,3.2543751016250804,-60.89264788369087
2141,1386.9894932230616,19.881883385280045,1071.5243050225886,3.15650078970062,-63.01050677693843
2142,1385.97805227337,20.085142023162366,1071.5275788428605,3.071293084813033,-64.02194772663006
2143,1386.0740859592174,20.189237682936977,1071.6862567173405,3.002226643630422,-63.92591404078257
2144,1387.237120207347,20.230957702259516,1071.7790004185852,2.948521508278491,-62.76287979265294
2145,1390.9696765135266,20.270505814671676,1071.6120065901023,2.905600553420686,-59.030323486473435
2146,1395.187705915961,20.424030050481605,1071.9454863637322,2.8668010839307447,-54.81229408403897
2147,1399.5555381327122,20.546398531182643,1072.2084057687598,2.8327521166524576,-50.44446186728783
2148,1404.19979625078,20.665590871669092,1072.10014912945,2.801432461740024,-45.80020374921992
2149,1409.4956311395997,20.701908311499277,1072.2039454971784,2.776695771538863,-40.50436886040029
2150,1415.3796771352017,20.672714375683526,1071.9655832609328,2.758618307210819,-34.620322864798254
2151,1421.7446695260433,20.452556970199815,1072.3794205492118,2.7566458741245388,-28.255330473956747
2152,1428.5473815616117,19.769730839738244,1073.7434639867174,2.7975741467446262,-21.4526184383883
2153,1435.8526704031049,19.283686397908554,1074.3751540732364,2.8637650508219723,-14.147329596895133
2154,1443.6292345230931,18.782709923072453,1074.0777928878126,2.95310992783586,-6.370765476906854
2155,1451.6805504594304,17.933085069531284,1073.2017322175334,3.1012402421769956,1.6805504594303784
2156,1459.6319193624722,17.11270553270515,1072.7246880432915,3.30844778871926,9.631919362472217
2157,1467.0735635912665,16.628449459895464,1072.618111281186,3.5269569399275733,17.07356359126652
2158,1473.906630312194,16.295889842822586,1072.6356090093554,3.7359945298709833,23.90663031219401
2159,1479.7646675666253,15.904249051231197,1072.590671062221,3.946395759193602,29.76466756662535
2160,1485.4036852743966,15.474038391832845,1072.61644076535,4.0,35.403685274396594
2161,1490.97745070297,15.019038862670724,1072.6535205842379,4.0,40.97745070296992
2162,1496.3531025140883,14.515927149313558,1072.8726803583854,4.0,46.35310251408828
2163,1501.1536770600212,13.99559957126633,1073.3068414235106,4.0,51.15367706002121
2164,1504.4738729185615,13.72734904202156,1074.0849341679864,4.0,54.47387291856148
2165,1506.7309648425999,13.62027622215575,1074.994605236925,4.0,56.73096484259986
2166,1507.916383003089,13.508463611405858,1076.0492616732874,4.0,57.916383003089095
2167,1507.376116923826,13.420480102518468,1076.9694967675148,4.0,57.376116923825975
2168,1505.214279292746,13.356505512792438,1077.7314051719814,4.0,55.214279292745914
2169,1502.1286730499817,13.291207313656074,1078.5202384498173,4.0,52.12867304998167
2170,1498.4427544661032,13.22244992628193,1079.203839633905,4.0,48.442754466103224
2171,1494.0592346161563,13.13915798358632,1079.7626645694736,4.0,44.059234616156346
2172,1488.9400329372559,13.083952492515818,1079.6825138554334,4.0,38.940032937255864
2173,1483.0618673961467,13.06736555908566,1079.3661926034881,4.0,33.06186739614668
2174,1476.306075908566,13.827487997979784,1080.3749889086935,4.0,26.306075908566072
2175,1468.6617397544785,14.486367435426596,1081.340845579412,4.0,18.661739754478504
2176,1460.6496047364951,15.051248622590327,1082.1705831389754,4.0,10.649604736495121
2177,1452.6042629533772,15.567111743665377,1082.710892793932,4.0,2.6042629533772015
2178,1444.5171887376196,16.058432662078967,1083.2582206838017,4.0,-5.482811262380437
2179,1436.440765192671,16.564204441650094,1083.6640033490326,4.0,-13.559234807328949
2180,1428.5775741135305,17.483655359552976,1082.9737578865022,3.9681348489882513,-21.422425886469455
2181,1421.149533550592,17.918554263241862,1080.3802325235529,3.886620381728654,-28.85046644940803
2182,1414.1466241106125,18.271717394776097,1078.7697140346388,3.7833339961821375,-35.85337588938751
2183,1407.505951595151,18.635132223704066,1077.3995939283234,3.6666230602622853,-42.49404840484908
2184,1401.2281917378923,19.025416420850018,1075.9472107438191,3.5407729180864393,-48.7718082621077
2185,1395.291141590718,19.316215806322926,1074.6654316813515,3.419691379697778,-54.7088584092819
2186,1391.2206715210748,19.63047313920001,1073.5230647597496,3.303122862113402,-58.77932847892521
2187,1388.6804192988504,19.861202704297632,1072.6767529994233,3.198220382006996,-61.31958070114956
2188,1387.3573263240573,20.057963072420566,1072.5402158268073,3.1075450395474196,-62.64267367594266
2189,1387.0780963884208,20.15209196691517,1072.6033504453067,3.0345296295878175,-62.92190361157918
2190,1387.7410909986666,20.26258070837713,1072.8868620139465,2.9748289511571913,-62.25890900133345
2191,1389.3471115832226,20.39451676792912,1072.9706872350914,2.923628525494323,-60.65288841677739
2192,1392.712644207777,20.530332853447074,1073.3808935509435,2.8800515759415353,-57.287355792223025
2193,1396.7933482977792,20.64404371192276,1073.7325379744425,2.843325270767794,-53.206651702220825
2194,1401.4087799969368,20.758598856491655,1073.9275015387304,2.811417136935829,-48.5912200030632
2195,1406.5804335457174,20.83563320132638,1073.7756283343122,2.7837511022312293,-43.41956645428263
2196,1412.374852500919,20.780042872522635,1073.4192090216404,2.7641469107419985,-37.625147499081095
2197,1418.5998428517787,20.63069993844338,1073.3007644927977,2.7555657143242995,-31.400157148221297
2198,1425.397477878151,19.91862664374811,1074.6123220715851,2.79049110840111,-24.602522121849006
2199,1432.678371126991,19.336586698653733,1075.8284936868515,2.859221525850718,-17.321628873009104
2200,1440.4216772070627,18.86891578408698,1075.3310399089273,2.9463061413841,-9.578322792937342
2201,1448.4198166597187,18.127431052885587,1074.2091000369003,3.078595418469366,-1.5801833402813372
2202,1456.5140848499366,17.29350721315266,1073.6734818655411,3.27188482060445,6.51408484993658
2203,1464.3561170639823,16.732314242719834,1073.5742263618683,3.488847096429713,14.35611706398231
2204,1471.5973097798849,16.383267397030853,1073.5973847163023,3.698689899368871,21.59730977988488
2205,1477.885317605807,16.00487097581121,1073.6257338997877,3.9080345451813843,27.885317605806904
2206,1483.7190483221723,15.608103885200618,1073.6453080717783,4.0,33.719048322172284
2207,1489.5640151473926,15.166763402584012,1073.6388446769586,4.0,39.56401514739264
2208,1495.1559312719403,14.670196142946008,1073.7498138750766,4.0,45.15593127194029
2209,1500.3083056398636,14.139306248611343,1074.1261101779826,4.0,50.30830563986365
2210,1503.9278982990613,13.737129459680657,1074.487909113559,4.0,53.927898299061326
2211,1506.287503858155,13.63177686235181,1075.4377225523715,4.0,56.287503858155105
2212,1507.6429175469348,13.53472401223828,1076.350972546042,4.0,57.64291754693477
2213,1507.480801167147,13.443742024281713,1077.2694158207375,4.0,57.48080116714709
2214,1505.6608418059789,13.370644877899878,1078.0492106822885,4.0,55.66084180597886
2215,1502.760973296522,13.30695163216973,1078.7440428971638,4.0,52.760973296522025
2216,1499.2238129438106,13.240016094555529,1079.4323137182498,4.0,49.22381294381057
2217,1495.009739404323,13.158615871815709,1080.0440688101455,4.0,45.009739404323
2218,1490.1281884905275,13.124087863661783,1079.7583851174936,4.0,40.128188490527464
2219,1484.495580027368,13.08016195020048,1079.8507085376282,4.0,34.49558002736808
2220,1477.999425480231,13.822007984941413,1080.6371548940492,4.0,27.99942548023091
2221,1470.5906934287138,14.494609313662917,1081.5102278954655,4.0,20.59069342871385
2222,1462.5536232807076,15.113673580723077,1082.089790032313,4.0,12.553623280707598
2223,1454.5045429483469,15.60792217637432,1082.084524102947,4.0,4.504542948346852
2224,1446.4610911211287,16.000353673273825,1082.045420876995,4.0,-3.538908878871325
2225,1438.422626143633,16.47711990774052,1082.4029569264408,4.0,-11.577373856367103
2226,1430.5558862013586,17.324402335727374,1080.8273415154556,3.9813769432777817,-19.44411379864141
2227,1423.1210219833688,17.79416898643922,1078.143025872845,3.903716803040484,-26.87897801663121
2228,1416.1120608413576,18.15479637842437,1076.7299939139484,3.801873226805966,-33.88793915864244
2229,1409.4836574443773,18.516574784591636,1075.2543934583264,3.684798678361795,-40.516342555622714
2230,1403.2666293408975,18.881683257674563,1073.9223011229312,3.5598202552967093,-46.73337065910255
2231,1397.3400263861479,19.133834638196383,1072.6775634207565,3.441315635573457,-52.65997361385212
2232,1393.251909615362,19.400022360425826,1071.52704501701,3.3285268651504594,-56.74809038463809
2233,1390.7374519554521,19.653036285199928,1070.7145748473285,3.223746940235678,-59.262548044547884
2234,1389.5711936819123,19.848604505218393,1070.428412912548,3.1317699898984,-60.42880631808771
2235,1389.40135502599,20.050877563369543,1070.6068674753458,3.051500343318665,-60.598644974010085
2236,1389.9719413276298,20.126847433499034,1070.7057657700495,2.9874008791488396,-60.02805867237021
2237,1391.4174531439528,20.327023016639743,1070.8829029272542,2.9293489122373115,-58.5825468560472
2238,1394.4673630502186,20.462431846519596,1071.3225113902145,2.8806212421257347,-55.53263694978136
2239,1398.2990117721617,20.582566863911808,1071.8067027607099,2.840082403384372,-51.70098822783825
2240,1402.6786364438728,20.716085989588898,1071.8458472132631,2.8038507770304015,-47.32136355612715
2241,1407.6233834678344,20.6901015964204,1071.4772804389597,2.77655372404635,-42.3766165321656
2242,1413.128632545805,20.730857509960586,1071.2393720458767,2.7534909720368295,-36.871367454195024
2243,1418.9812125487658,20.596915707385435,1071.0782797721054,2.7415835708989778,-31.018787451234175
2244,1425.3120161089184,19.887413784169016,1072.387470671657,2.77450536948003,-24.687983891081558
2245,1432.1907237723062,19.285089474292256,1073.5868150521676,2.8437682394149455,-17.809276227693772
2246,1439.5083110703947,18.981988424227016,1073.4910184751905,2.919217113294291,-10.491688929605289
2247,1447.3150536511018,18.290054872546715,1072.639604537841,3.0363522538030296,-2.6849463488981655
2248,1455.230280546811,17.437624903214274,1071.861469180661,3.216454859709318,5.2302805468109455
2249,1463.1461364069673,16.78581067153568,1071.6609916764703,3.4337486363303933,13.146136406967344
2250,1470.5438597164996,16.421333450646582,1071.6985325414737,3.645807107487284,20.543859716499583
2251,1477.0813595934783,16.06055642267871,1071.7051339336979,3.8542676403499727,27.081359593478282
2252,1482.912616999133,15.659608754049385,1071.715983546044,4.0,32.91261699913298
2253,1488.552792534834,15.214851059118537,1071.7245606637175,4.0,38.552792534834
2254,1494.1348426349869,14.733242146967093,1071.8132769874983,4.0,44.13484263498685
2255,1499.308532594462,14.211238133623999,1072.1747721118895,4.0,49.308532594461894
2256,1502.9498293269944,13.720719033374403,1072.6714530668246,4.0,52.949829326994404
2257,1505.2982554977723,13.640617371699998,1073.3975502766655,4.0,55.29825549777229
2258,1506.964181935027,13.541328512455166,1074.3605296110468,4.0,56.964181935027
2259,1507.20201686968,13.450122517658542,1075.291238048883,4.0,57.20201686967994
2260,1505.7342908058897,13.3733334028252,1076.1256753273324,4.0,55.734290805889714
2261,1502.9993271887026,13.306717488759771,1076.8497979666918,4.0,52.99932718870264
2262,1499.5902361520118,13.238680437580571,1077.6137581196956,4.0,49.59023615201181
2263,1495.5375253331324,13.155315218720148,1078.1652598023843,4.0,45.53752533313241
2264,1490.7969656260161,13.098706092506603,1078.1301198573926,4.0,40.79696562601612
2265,1485.3029716435042,13.140848891477853,1077.9772999702197,4.0,35.30297164350418
2266,1479.0011246440536,13.523998087897857,1077.8320960378137,4.0,29.00112464405356
2267,1471.7975580667992,14.239398359073276,1078.751202946288,4.0,21.797558066799184
2268,1463.7766255265115,14.850370510439756,1079.6533329565777,4.0,13.776625526511452
2269,1455.7728711871769,15.402644128521237,1080.2653317476781,4.0,5.772871187176861
2270,1447.7544964606038,15.845479045085156,1080.6851357812152,4.0,-2.245503539396168
2271,1439.7322860499712,16.366553887156723,1081.2831101948032,4.0,-10.267713950028792
2272,1431.8946050181503,17.324554922316686,1079.5209942643362,3.9774928113217496,-18.105394981849713
2273,1424.4777639234703,17.802667796911283,1077.2524102743816,3.897093118834773,-25.52223607652968
2274,1417.4940627881235,18.180570099365294,1075.8133062507864,3.79132866263965,-32.50593721187647
2275,1410.8870259197038,18.575082798332918,1074.5452093840565,3.6690956181773475,-39.112974080296226
2276,1404.6179456009068,18.842192529346217,1073.4369183149586,3.549822317782834,-45.38205439909325
2277,1398.803282928008,19.085452658250386,1072.2875071472295,3.4363349224712687,-51.196717071992
2278,1394.0722325360016,19.37044292232592,1071.1549549205363,3.3256505124304776,-55.92776746399841
2279,1391.016011116792,19.617222030390337,1070.3628169657932,3.2227350533857075,-58.983988883207985
2280,1389.3074394410871,19.811960875293114,1069.9650008270214,3.131647455439893,-60.692560558912874
2281,1388.7359717448494,19.952126677979805,1070.0691699128843,3.0552333879492464,-61.264028255150606
2282,1389.028839790511,20.004101707860727,1070.121326035777,2.995078884234948,-60.97116020948897
2283,1390.3218076314934,20.05162129803088,1070.1607340550793,2.9473857254915705,-59.67819236850664
2284,1393.48493065747,20.211034833068013,1070.0568683954139,2.902498874986873,-56.51506934253007
2285,1397.4544996200211,20.364928099444615,1070.491322721349,2.86240194001588,-52.545500379978876
2286,1402.004451112728,20.49825931806554,1070.8292626666669,2.8269983818489055,-47.99554888727198
2287,1407.1636708205747,20.62150929083935,1070.7470050499708,2.7944537760242865,-42.83632917942532
2288,1412.6590406324924,20.706643682836525,1070.6422840481814,2.765904836454278,-37.340959367507594
2289,1418.4603010655608,20.64127743026055,1070.4977818120517,2.7468797662538984,-31.53969893443923
2290,1424.7598103107728,19.922475005898455,1071.8395388351892,2.7745223838718296,-25.240189689227236
2291,1431.5786925209873,19.34318640312045,1072.9623381735978,2.8374071189800354,-18.42130747901274
2292,1438.831345671943,19.03411978867747,1072.723972357329,2.9076239496361533,-11.168654328057073
2293,1446.437851692407,18.399352092753237,1071.9531818984242,3.0144865245664088,-3.5621483075929063
2294,1454.1419481624268,17.55573885895275,1071.0888363520216,3.1832479424570477,4.141948162426843
2295,1461.5997319704043,16.842795835024646,1070.9053660056923,3.398729451463618,11.599731970404264
2296,1468.6880480585803,16.50631021319123,1070.877271636021,3.6051947669953073,18.688048058580307
2297,1475.0849463384343,16.153728841846625,1070.95728309287,3.808441017642293,25.084946338434293
2298,1480.5618376891875,15.76580815793991,1070.9266306550444,4.0,30.56183768918754
2299,1486.1476742560965,15.347418171917898,1070.9786648716024,4.0,36.14767425609648
2300,1491.7642399678887,14.903096464255183,1071.055675999446,4.0,41.76423996788867
2301,1497.1092536751994,14.405860301890264,1071.3252845695995,4.0,47.1092536751994
2302,1500.9013743800067,13.887659085751828,1071.7683830890091,4.0,50.9013743800067
2303,1503.4346025248615,13.769333927779238,1072.7319595880556,4.0,53.434602524861475
2304,1505.2688270798892,13.650184978568117,1073.7083710544837,4.0,55.268827079889206
2305,1505.7815102491809,13.549769638260159,1074.6893160782768,4.0,55.78151024918088
2306,1504.5980132643547,13.463869227480368,1075.5648948394867,4.0,54.59801326435468
2307,1502.017528891398,13.390643966589323,1076.3800822053713,4.0,52.01752889139789
2308,1498.815633245089,13.317199304112698,1077.0971733856945,4.0,48.815633245088975
2309,1494.9754305125398,13.238461614282897,1077.825914086134,4.0,44.97543051253979
2310,1490.4656019144147,13.137922781798038,1077.8582978169945,4.0,40.46560191441472
2311,1485.258264135949,13.206114796861375,1077.4021400587194,4.0,35.25826413594905
2312,1479.3253791488487,13.341264789796355,1076.7551535294804,4.0,29.325379148848697
2313,1472.5278418176392,14.077956634674253,1077.75203333609,4.0,22.527841817639228
2314,1464.8477436023168,14.707993382144657,1078.6828930171707,4.0,14.847743602316768
2315,1457.093281832406,15.246724891639836,1079.551536170634,4.0,7.093281832406092
2316,1449.2699388718747,15.7623719442724,1080.261227240925,4.0,-0.7300611281252714
2317,1441.4275738957103,16.260441548442177,1080.6137182792158,4.0,-8.572426104289661
2318,1433.5952381127543,16.883441988204602,1080.9665674119035,4.0,-16.40476188724574
2319,1426.051939269582,17.63401000724566,1080.1651542791817,3.9421984725209667,-23.948060730418092
2320,1418.9493242409003,18.046190598318248,1077.937518992347,3.8459545635659387,-31.050675759099704
2321,1412.1972954706443,18.271358398595822,1076.8576887980284,3.7469793102519953,-37.80270452935565
2322,1405.7492539456114,18.650100605372053,1075.3027063965706,3.631365084202696,-44.25074605438863
2323,1399.8878093386586,19.030483607977413,1073.8911698270608,3.507265667333483,-50.1121906613414
2324,1394.6438425655497,19.278582633007314,1072.728584492008,3.390966638824737,-55.356157434450324
2325,1391.180775057266,19.57050540940854,1071.6501269239304,3.2792967986703125,-58.81922494273408
2326,1389.151008873919,19.797446205134452,1071.0741208202269,3.178826143373111,-60.848991126081046
2327,1388.2562976641298,19.994123351121797,1071.1389100078536,3.091880834746654,-61.74370233587024
2328,1388.3895746551357,20.07164302326962,1071.2300503815022,3.0225645383885484,-61.610425344864325
2329,1389.4712207044079,20.178115730348015,1071.3638363553162,2.9651757962526073,-60.52877929559213
2330,1391.7188467414633,20.374590622849404,1071.5053463922807,2.9124244819776637,-58.28115325853673
2331,1395.3500341033177,20.511329262759382,1072.0302337972632,2.8680105082570133,-54.64996589668226
2332,1399.6383445943106,20.624381051002022,1072.319825618133,2.8304621964429355,-50.36165540568936
2333,1404.1888042386001,20.735094404805423,1072.4727858992844,2.7979357999477923,-45.81119576139986
2334,1409.3207912067046,20.808504775605147,1072.4902327818795,2.770484457649275,-40.6792087932954
2335,1415.056734549295,20.701390050838853,1072.4075632016018,2.7541950921064275,-34.943265450704985
2336,1421.1457931602208,20.498726637225463,1072.7598875046372,2.7523958444782264,-28.85420683977918
2337,1427.7824386462926,19.806392770769165,1074.1726219734865,2.793505037914125,-22.217561353707424
2338,1434.9135290812133,19.232030363301273,1075.3120388019681,2.867642841720805,-15.086470918786745
2339,1442.5218860869863,18.729859531520997,1074.7868579276671,2.9630044314751274,-7.478113913013658
2340,1450.3457987542017,17.93056708744361,1073.7232009474103,3.110665836929673,0.34579875420172357
2341,1458.2073457802978,17.14678285802231,1072.9873123960565,3.3120651747620524,8.207345780297828
2342,1465.889258370949,16.65949560448083,1072.934498423532,3.5265702886803503,15.889258370948937
2343,1472.939094875131,16.330105944716934,1072.8589049474913,3.7317772793365673,22.939094875131104
2344,1479.0228267873717,15.958306029984538,1072.8211290256645,3.936575564530791,29.02282678737174
2345,1484.8084929043468,15.532403302021969,1072.8519354203272,4.0,34.80849290434685
2346,1490.5987947768472,15.076945559258485,1072.8686720404494,4.0,40.59879477684717
2347,1496.034075372164,14.567753023678911,1073.0503087123475,4.0,46.0340753721639
2348,1500.9274394238325,14.041234108061207,1073.4757049367856,4.0,50.92743942383254
2349,1504.322822544556,13.766443168019569,1074.1522842707489,4.0,54.32282254455595
2350,1506.472863157392,13.629381718754166,1075.2811332419622,4.0,56.47286315739211
2351,1507.5541792529987,13.528161834483596,1076.2521568428072,4.0,57.554179252998665
2352,1507.0117646401657,13.439955205265793,1077.15144527845,4.0,57.011764640165666
2353,1504.9217920498352,13.378706760619645,1077.8475165108157,4.0,54.921792049835176
2354,1501.900503025425,13.312453379099727,1078.6325968526019,4.0,51.900503025424996
2355,1498.2834686055753,13.242410954729582,1079.3196513227547,4.0,48.28346860557531
2356,1494.0061794235876,13.158260180225293,1079.8764156751583,4.0,44.00617942358758
2357,1489.0033932053927,13.149668275843947,1079.6636094407606,4.0,39.00339320539274
2358,1483.237080843303,13.129426377889907,1079.3736714879628,4.0,33.23708084330292
2359,1476.5845133294486,13.88126281913256,1080.195246763189,4.0,26.584513329448555
2360,1469.0306393818075,14.553600451632674,1081.1011757826288,4.0,19.030639381807532
2361,1461.1022092831504,15.162245201261097,1081.6693020877976,4.0,11.102209283150387
2362,1453.0949585581711,15.63943927545913,1081.7238061828753,4.0,3.094958558171129
2363,1445.073567598963,16.05996982530653,1082.0193810812011,4.0,-4.926432401036891
2364,1437.0549581329692,16.56647979581776,1082.604929453743,4.0,-12.945041867030795
2365,1429.2604424054205,17.460053097952912,1081.7654257301351,3.967536832251823,-20.739557594579537
2366,1421.9018999241346,17.91356088756897,1079.3110109779057,3.8835405127860003,-28.098100075865432
2367,1414.9722116762352,18.26079469719879,1077.5813184538,3.7784916728827826,-35.02778832376475
2368,1408.4017955804652,18.62362065047947,1076.229661888053,3.660381378563021,-41.598204419534795
2369,1402.2679014409316,18.934058378548578,1074.9817558646412,3.540538987961975,-47.73209855906839
2370,1396.4537929996497,19.190535228559487,1073.7781389477348,3.4261026890952664,-53.54620700035025
2371,1392.4868503880286,19.491176439163894,1072.6427594695974,3.314453636242863,-57.51314961197136
2372,1390.0790714301318,19.729116143872915,1071.9141375798295,3.212379910047199,-59.92092856986824
2373,1388.9858805198462,19.930316146670787,1071.7574157205706,3.1229022402867552,-61.014119480153795
2374,1388.85928033933,20.03023172323082,1071.7729403943504,3.050033444878512,-61.1407196606699
2375,1389.5412444074202,20.13782906778533,1071.6260424269378,2.988863947438511,-60.45875559257979
2376,1391.171061937928,20.220588374762315,1071.8707393205732,2.9393604948905914,-58.828938062071984
2377,1394.5212289577355,20.37588537688633,1071.8886074236698,2.8943056660062583,-55.4787710422645
2378,1398.6276588017613,20.50763913371211,1072.0810542346585,2.854768127896814,-51.3723411982387
2379,1403.2545914372522,20.624109368285183,1072.1649451921508,2.820019044094851,-46.7454085627478
2380,1408.4409615547997,20.623480142819812,1072.0713660658923,2.793668603211269,-41.55903844520026
2381,1414.0862772054054,20.572268298356335,1071.9838308418616,2.7759435977312057,-35.913722794594605
2382,1420.0915193294222,20.453170749949493,1072.2435166924315,2.769151215659455,-29.908480670577774
2383,1426.6499869549536,19.771688214341655,1073.559499701796,2.806222210722803,-23.350013045046353
2384,1433.7111616516247,19.215623165222937,1074.6362229242006,2.8762475996240306,-16.288838348375293
2385,1441.2392149928924,18.76297294727499,1074.1227367737276,2.964355950543459,-8.760785007107643
2386,1449.0205643665286,18.013457645748968,1073.0399875012754,3.1003910787054556,-0.9794356334714394
2387,1456.8366483702966,17.182732919201655,1073.115204619164,3.300239237139884,6.836648370296643
2388,1464.2824726737217,16.72844391669867,1072.9113502334087,3.5084229808362517,14.282472673721713
2389,1471.178818729384,16.380056268713,1072.933872783736,3.711603317489476,21.17881872938392
2390,1477.196457453563,16.018530327624767,1072.9583365191065,3.9136234788455897,27.19645745356297
2391,1482.8042692869715,15.639553458569285,1072.9745832106655,4.0,32.804269286971476
2392,1488.2756124950947,15.211294673847192,1072.9937892434696,4.0,38.27561249509472
2393,1493.5124755503414,14.748434806480024,1073.076059503121,4.0,43.51247555034138
2394,1498.3797355340896,14.25048817913487,1073.3913481327877,4.0,48.379735534089605
2395,1501.7855332276793,13.844488311867943,1073.61897877034,4.0,51.78553322767925
2396,1503.9888065744983,13.732733617090899,1074.5304463364894,4.0,53.98880657449831
2397,1505.2202049268644,13.628112475183272,1075.4746771640323,4.0,55.220204926864426
2398,1504.9225110934703,13.536547459572073,1076.3582225828297,4.0,54.92251109347035
2399,1502.977074853253,13.460795857285687,1077.1221082029883,4.0,52.97707485325304
2400,1500.164241654117,13.384967664134315,1077.825589348875,4.0,50.16424165411695
2401,1496.7132696323577,13.310533475216046,1078.5145555028078,4.0,46.71326963235765
2402,1492.6214781025783,13.213700802535007,1078.9685566541955,4.0,42.621478102578294
2403,1487.8956027276488,13.202285590085248,1078.6348048434063,4.0,37.89560272764879
2404,1482.4579604966734,13.27365668843537,1078.1835460424975,4.0,32.45796049667342
2405,1476.2154448985955,14.004456607273386,1079.050882724089,4.0,26.21544489859548
2406,1469.1190997353742,14.657760868023141,1079.9107368086911,4.0,19.11909973537422
2407,1461.3983932507758,15.252827255808976,1079.8838588711787,4.0,11.398393250775825
2408,1453.647730085997,15.729295395224652,1079.7947863496613,4.0,3.6477300859969546
2409,1445.8845748779452,16.184932922583137,1079.6174565625613,4.0,-4.11542512205483
2410,1438.1304957987252,16.675013175754373,1079.5774167938832,4.0,-11.869504201274822
2411,1430.6318362101363,17.471498830104565,1078.103135854138,3.955274586708298,-19.36816378986373
2412,1423.5388565125504,17.901843069282496,1076.25031843095,3.866200939915763,-26.46114348744959
2413,1416.7823923811893,18.130351047483224,1075.6794031911522,3.772965018489928,-33.21760761881069
2414,1410.3306726003518,18.494564846609787,1074.4516341243404,3.662609871743409,-39.66932739964818
2415,1404.3042250304127,18.832694334949988,1073.2196237452324,3.5450558944192574,-45.69577496958732
2416,1398.7932851512219,19.156825945441074,1072.0402782911276,3.4262923772314426,-51.20671484877812
2417,1395.0794458589921,19.430221879935328,1070.9408800064045,3.31308708863249,-54.92055414100787
2418,1392.8779810554825,19.68323841479234,1070.230292854099,3.2085093796777744,-57.12201894451755
2419,1391.9557151311901,19.85291052929128,1070.0582849489729,3.118786484759971,-58.04428486880988
2420,1391.9838256416097,20.02325634464794,1070.20916302157,3.041950407760955,-58.016174358390344
2421,1392.874866443784,20.11293810850874,1070.3805336752114,2.97987540114142,-57.12513355621604
2422,1394.6706275778893,20.216991723741067,1070.478368060504,2.928020520916888,-55.32937242211074
2423,1397.9685834853121,20.36396180643063,1070.7286627769852,2.882415404576426,-52.03141651468786
2424,1401.9731796627225,20.492122078299122,1070.8478920629957,2.8423646366483215,-48.02682033727751
2425,1406.253910457968,20.61644958283963,1070.7837920151128,2.806334529473478,-43.746089542031996
2426,1411.0861185847605,20.703802595832247,1070.7414343105345,2.775283042888095,-38.91388141523953
2427,1416.4366813870795,20.601804117234092,1070.5800485852494,2.7559815696637546,-33.56331861292051
2428,1422.303313382518,20.344221594244114,1071.2204984942373,2.7560764337100445,-27.6966866174821
2429,1428.6903241873858,19.684954847861256,1072.547038655458,2.798581626219139,-21.30967581261416
2430,1435.629560939852,19.21205372906389,1072.976857295319,2.8653220493261133,-14.370439060148101
2431,1442.9734850693858,18.739963038065586,1072.6840204686487,2.9534268452369505,-7.026514930614212
2432,1450.734734112805,17.934692491803258,1071.7754483884535,3.0964987235780286,0.734734112804972
2433,1458.5222555098433,17.114643656605015,1071.0897827491603,3.299087271211341,8.522255509843262
2434,1465.9554353470596,16.60962207831126,1071.0640291479529,3.5171758465577474,15.95543534705962
2435,1472.7933741989364,16.283641010650957,1071.0007038788976,3.7247685668705026,22.793374198936363
2436,1478.6740207644011,15.874171347815281,1071.0402280124895,3.936830533617288,28.67402076440112
2437,1484.2922640603679,15.481295977942557,1071.069348697952,4.0,34.29226406036787
2438,1489.9447136329497,15.050818567749348,1071.1492144155334,4.0,39.94471363294974
2439,1495.2558812720752,14.572379470028185,1071.3254219037956,4.0,45.25588127207516
2440,1499.9212266506765,14.066127502397055,1071.7301783382572,4.0,49.921226650676545
2441,1503.1558231575582,13.804285306656432,1072.5091440493036,4.0,53.15582315755819
2442,1505.3498277382532,13.67305274182792,1073.5871190320042,4.0,55.349827738253225
2443,1506.5305556693563,13.559933254404427,1074.6386901203355,4.0,56.53055566935632
2444,1506.0723413075648,13.470358917168468,1075.573260868434,4.0,56.072341307564784
2445,1503.9909719118357,13.401571949830922,1076.343248844128,4.0,53.990971911835686
2446,1500.9451624483866,13.336699905589324,1077.0688679963462,4.0,50.945162448386554
2447,1497.3082340308708,13.258379828035661,1077.834861078415,4.0,47.308234030870835
2448,1492.9421370251296,13.171491284611582,1078.248748223387,4.0,42.94213702512957
2449,1487.924048365855,13.16346956731375,1077.8280012254845,4.0,37.924048365855015
2450,1482.1929978652825,13.137729852745382,1077.4949343950518,4.0,32.19299786528245
2451,1475.6290074910146,13.898330079441287,1078.5024017508867,4.0,25.62900749101459
2452,1468.2005161763295,14.539109485056823,1079.4270153128205,4.0,18.20051617632953
2453,1460.4135916028672,15.126113485166961,1080.183784828154,4.0,10.4135916028672
2454,1452.5377708527444,15.620417983001978,1080.8030706813604,4.0,2.5377708527444156
2455,1444.6207599186228,16.06577548399213,1081.1102491627694,4.0,-5.379240081377247
2456,1436.7006868019325,16.59276407424834,1081.7111985575057,4.0,-13.299313198067466
2457,1429.0014530701108,17.473859490712055,1080.9228052076703,3.9634296052285363,-20.998546929889244
2458,1421.7417279702497,17.922841695049996,1078.5813298828275,3.8772324476100115,-28.258272029750287
2459,1414.9010162532454,18.28340692709082,1076.7829258441125,3.7689859531507217,-35.098983746754584
2460,1408.4247080759772,18.69272135973084,1075.3667140436883,3.64421109472669,-41.57529192402285
2461,1402.3782628176455,18.987077268775437,1074.1644105070266,3.521348040656097,-47.621737182354536
2462,1396.6267468412427,19.244909412923704,1073.0228524894292,3.40504866848865,-53.37325315875728
2463,1392.7243659165015,19.530526926481055,1071.9684379539415,3.293666329925851,-57.27563408349852
2464,1390.2984966695267,19.766120609721796,1071.330406403717,3.192447614553984,-59.701503330473315
2465,1389.1346168588582,19.950653315057174,1071.0842372995714,3.104445429553503,-60.86538314114182
2466,1388.9541208894857,20.117549762430354,1071.4274633740383,3.0301087587079625,-61.045879110514306
2467,1389.6170965997153,20.22020344873305,1071.6196180833151,2.9694586492203183,-60.382903400284704
2468,1391.262217501719,20.39339230160791,1071.576592968326,2.9149456627233614,-58.73778249828092
2469,1394.5768546525662,20.53326765773414,1071.9791165553963,2.8686964669931094,-55.423145347433774
2470,1398.6256643167744,20.65221500890953,1072.4165315397115,2.8300548143079816,-51.37433568322558
2471,1403.2216139540465,20.765386473324345,1072.4096193147482,2.7961203716552028,-46.77838604595354
2472,1408.4733126949986,20.7474421622889,1072.2231269057522,2.770806163906815,-41.52668730500136
2473,1414.1533564267459,20.683611352286302,1071.9238750015152,2.7535787177248303,-35.84664357325414
2474,1420.2013633802592,20.533881844758138,1072.0343943244275,2.747830113787217,-29.79863661974082
2475,1426.7730168994958,19.85264601874722,1073.4212646074507,2.7847564633011483,-23.226983100504185
2476,1433.8504510389523,19.285188578350134,1074.579239025762,2.8547046480721403,-16.149548961047685
2477,1441.367298587724,18.841102083122898,1074.230111555982,2.941735742502292,-8.632701412275992
2478,1449.3013552768368,18.069737660043597,1073.2034349906419,3.077943463692157,-0.6986447231631701
2479,1457.319449113359,17.246096678525557,1072.5715434390172,3.2736272265624287,7.319449113359042
2480,1465.1591838715112,16.676475363621087,1072.5418816157578,3.494154352033254,15.159183871511232
2481,1472.3975700128055,16.341746168205496,1072.4921331081994,3.7046447672311227,22.397570012805545
2482,1478.6612372707966,15.936133986493061,1072.5236916370354,3.9182757400725894,28.66123727079662
2483,1484.5246044984788,15.528365817852439,1072.5522793002544,4.0,34.524604498478766
2484,1490.211209810795,15.083117962642147,1072.5788608517414,4.0,40.211209810795026
2485,1495.630839547293,14.58724579864985,1072.742269415116,4.0,45.63083954729291
2486,1500.6134014441682,14.066691749573321,1073.1501693857174,4.0,50.613401444168176
2487,1504.1154104871732,13.773702902781993,1073.8959505109706,4.0,54.11541048717322
2488,1506.3830583535964,13.636469780181217,1075.0257233595055,4.0,56.383058353596425
2489,1507.6930870269125,13.532014983296785,1075.9983633231573,4.0,57.69308702691251
2490,1507.427649649952,13.440089798643308,1076.9293251721747,4.0,57.427649649951945
2491,1505.527060283631,13.367585506405678,1077.7083500215263,4.0,55.527060283631045
2492,1502.5321355675528,13.301263229441272,1078.3976724840547,4.0,52.532135567552814
2493,1498.9282416225094,13.229686911662176,1079.148883494483,4.0,48.928241622509404
2494,1494.60146195531,13.144289684565958,1079.5806307325383,4.0,44.601461955310015
2495,1489.583754085504,13.09741071882842,1079.4354003434512,4.0,39.5837540855041
2496,1483.828355872491,13.178748200053567,1078.9759090536706,4.0,33.8283558724911
2497,1477.2151521561389,13.926732343685266,1079.7153159346283,4.0,27.215152156138856
2498,1469.7153280523726,14.569557663228176,1080.4955612347817,4.0,19.71532805237257
2499,1461.8081715117626,15.173539652419267,1080.9269161384525,4.0,11.808171511762566
2500,1453.8275561400533,15.649646113343577,1080.7807421039176,4.0,3.827556140053275
2501,1445.8401229551243,16.077410356696223,1080.6155197319647,4.0,-4.159877044875657
2502,1437.8407999335448,16.575937490919888,1081.4024957192648,4.0,-12.159200066455242
2503,1430.0558841092575,17.39226072784367,1079.8289519215584,3.9700986974061876,-19.944115890742523
2504,1422.7100080675496,17.8662698921502,1077.4074282855693,3.8848930780770963,-27.289991932450448
2505,1415.798672413723,18.23470404535343,1075.7253791708215,3.7763301819573956,-34.2013275862771
2506,1409.2589265506983,18.6418579576275,1074.3757832903943,3.651128430530619,-40.741073449301666
2507,1403.06791998735,18.8999728350657,1073.2263582659978,3.53071288352999,-46.932080012649976
2508,1397.405566614807,19.185592011000175,1072.033374678377,3.4132792742212836,-52.59443338519304
2509,1393.5692127440147,19.47737780831701,1071.0009845212408,3.300210006436096,-56.43078725598525
2510,1391.2137097502357,19.714641336629537,1070.4375418691768,3.19754545324583,-58.786290249764306
2511,1390.1544276880225,19.88925143133567,1070.2584671823329,3.109060234577182,-59.84557231197755
2512,1390.0428257155895,20.068924304108627,1070.4493873605502,3.0329021469810553,-59.957174284410485
2513,1390.747540271323,20.092382145698107,1070.4166515756026,2.9743562135180923,-59.25245972867697
2514,1392.381210914184,20.221398962117966,1070.4531316540324,2.9235594957100544,-57.61878908581593
2515,1395.5599169376003,20.37116607945933,1070.8092921064813,2.8789883311435265,-54.44008306239971
2516,1399.5346676991073,20.494654588418538,1071.1864567418465,2.840841386950723,-50.46533230089267
2517,1404.0712816824596,20.620534395675374,1071.4371457515101,2.807257112202028,-45.928718317540415
2518,1409.2479113657562,20.68968270340681,1071.4716381649087,2.7791075504420726,-40.75208863424382
2519,1414.7725575977843,20.627134640356534,1071.2994096127784,2.7601867098400277,-35.22744240221573
2520,1420.7262903052,20.41546926512425,1071.7695330716192,2.7575615961120663,-29.27370969479989
2521,1427.2291718974418,19.74263253954937,1073.0749679310313,2.7977578896423037,-22.7708281025582
2522,1434.2449223411668,19.20500312340578,1074.0381009502275,2.8687591193120356,-15.755077658833216
2523,1441.6796002581912,18.7504795216501,1073.5615360447655,2.9579959865592773,-8.320399741808842
2524,1449.5447455048507,17.983035932652164,1072.5116825626787,3.097141495784757,-0.45525449514934735
2525,1457.2697790694556,17.14832149877958,1072.5898721906024,3.300395096667213,7.269779069455581
2526,1464.7160750884077,16.6996011081202,1072.4269126232855,3.5107555694594925,14.716075088407706
2527,1471.5969955412982,16.358609891905772,1072.4072336661138,3.714508540735258,21.596995541298156
2528,1477.5656968767487,15.98232204861636,1072.4373843230524,3.9190327828513745,27.56569687674869
2529,1483.1742495273184,15.599442520426845,1072.4545207068606,4.0,33.17424952731835
2530,1488.7830023934146,15.171374120056182,1072.4828972879266,4.0,38.78300239341456
2531,1494.131110649735,14.700472493511542,1072.586411470586,4.0,44.13111064973509
2532,1498.9244121890017,14.194441607486636,1072.9311093378792,4.0,48.924412189001714
2533,1502.2704160271212,13.818475021782051,1073.3012791933752,4.0,52.2704160271212
2534,1504.4501887164151,13.704246554972192,1074.2536979578947,4.0,54.45018871641514
2535,1505.6548177767127,13.602128653828506,1075.2028856065997,4.0,55.65481777671266
2536,1505.2971363176825,13.518370373478904,1076.0459838489035,4.0,55.29713631768254
2537,1503.2852029688195,13.447479780804768,1076.8134516735447,4.0,53.285202968819476
2538,1500.4194359991504,13.377789429016692,1077.4845632346562,4.0,50.41943599915044
2539,1496.9297574735597,13.302212747776107,1078.2208786120896,4.0,46.929757473559675
2540,1492.7742409921693,13.211185577259805,1078.581062339455,4.0,42.774240992169325
2541,1487.9785471027324,13.19763939099581,1078.2454415296847,4.0,37.978547102732364
2542,1482.4724763550144,13.270444800556733,1077.8136956755611,4.0,32.47247635501435
2543,1476.1472106752165,14.004683507543351,1078.685633193601,4.0,26.147210675216456
2544,1468.9543702587678,14.658848734596106,1079.540171595805,4.0,18.954370258767767
2545,1461.1979081817033,15.254367388683956,1079.5278922419673,4.0,11.19790818170327
2546,1453.407365144036,15.727743649121722,1079.4411268483389,4.0,3.407365144036021
2547,1445.609530080513,16.178588383947897,1079.2833223981609,4.0,-4.390469919487032
2548,1437.8541042533063,16.680760775469913,1078.6918292816322,4.0,-12.145895746693668
2549,1430.3651669020849,17.4606059233921,1077.2993156278771,3.9541063356420327,-19.634833097915134
2550,1423.302183390014,17.900624450561654,1075.4011510765768,3.8627535777119326,-26.69781660998592
2551,1416.573436319732,18.12251541581701,1074.8467838047832,3.7685235003783317,-33.42656368026792
2552,1410.1673967894862,18.490571071708104,1073.454374067477,3.6563813670829948,-39.83260321051375
2553,1404.1786391322064,18.83171227093254,1072.2715610312828,3.5372903416874673,-45.8213608677936
2554,1398.6974104111923,19.10139132033576,1071.129061624742,3.421716533262298,-51.30258958880768
2555,1395.0144805812145,19.408231176631787,1070.1130838800075,3.3083472286129063,-54.98551941878554
2556,1392.8395867108281,19.6557220400733,1069.4814367429665,3.2041203884289082,-57.160413289171856
2557,1391.942247435188,19.826951054353724,1069.287892948366,3.114372590648885,-58.05775256481206
2558,1391.985168312699,19.960775481890558,1069.5491782982358,3.0399413330141196,-58.01483168730101
2559,1392.8726219284251,20.130803496779777,1069.8398270267828,2.9754922108533806,-57.12737807157487
2560,1394.679317503472,20.304796553503728,1069.8716428581852,2.9180293185115667,-55.32068249652798
2561,1397.938010117524,20.446350766084777,1070.2464803288433,2.869184085865446,-52.06198988247593
2562,1401.906814147845,20.56820405408234,1070.740350556821,2.828503245923071,-48.0931858521551
2563,1406.1448245581594,20.60468569115339,1070.7362037328478,2.796307244359734,-43.85517544184063
2564,1410.9487462069276,20.690230411257772,1070.7628786225464,2.768430910269444,-39.05125379307242
2565,1416.2741802624423,20.64747264427865,1070.679188553179,2.749127101031342,-33.725819737557686
2566,1422.0005562369872,20.39858920133566,1071.4062111320184,2.748856833344516,-27.999443763012778
2567,1428.3182194912058,19.72660850717585,1072.8186808607998,2.7913945344274174,-21.68178050879419
2568,1435.1787888523615,19.239581985130712,1073.4472845429955,2.859399177614174,-14.82121114763845
2569,1442.4529150097142,18.769342119684342,1073.1883253597805,2.9480711903677093,-7.547084990285839
2570,1450.0764529042456,17.9647630395276,1072.2478816520656,3.0907958833554963,0.07645290424557061
2571,1457.9091657029023,17.158318817647448,1071.553541004023,3.2908561087804253,7.909165702902328
2572,1465.546510908589,16.63834426327166,1071.5194940328195,3.508711477871169,15.54651090858897
2573,1472.5675049122146,16.291123732473288,1071.5493262430684,3.7192807716163276,22.567504912214645
2574,1478.6134283894223,15.892721793514468,1071.59133212948,3.932057511896394,28.613428389422324
2575,1484.1924848780357,15.498517393074264,1071.6183198291021,4.0,34.19248487803566
2576,1489.8034859041754,15.068779702761338,1071.685269727737,4.0,39.80348590417543
2577,1495.1909027603467,14.591780615320339,1071.8450769351941,4.0,45.19090276034672
2578,1499.947929647792,14.08272246549272,1072.2420519673917,4.0,49.94792964779208
2579,1503.2508415744662,13.799509058417847,1072.9028788714295,4.0,53.25084157446622
2580,1505.4845494050423,13.669296778869441,1073.9570337558982,4.0,55.484549405042344
2581,1506.7078269883261,13.556616253097795,1075.0027819881661,4.0,56.70782698832613
2582,1506.2926336281998,13.467195829664712,1075.932720932107,4.0,56.29263362819984
2583,1504.2793512915832,13.398632303543174,1076.7209097585446,4.0,54.279351291583225
2584,1501.2694248263954,13.33248451969543,1077.4845109737066,4.0,51.26942482639538
2585,1497.6282482314625,13.26362625432278,1078.1770001643206,4.0,47.62824823146252
2586,1493.2763997959298,13.176353229429573,1078.6942016700139,4.0,43.27639979592982
2587,1488.2663455368743,13.1675171757602,1078.3758754628727,4.0,38.26634553687427
2588,1482.5485747627554,13.242848979555166,1077.9208931309472,4.0,32.54857476275538
2589,1476.0046053473175,13.979372843331044,1078.7976907794427,4.0,26.004605347317465
2590,1468.5915819205668,14.639298655938273,1079.6784047357944,4.0,18.591581920566796
2591,1460.793515433475,15.238961293462442,1079.9419724139627,4.0,10.793515433475022
2592,1452.9258475002312,15.67977928070177,1080.0208487100576,4.0,2.925847500231157
2593,1445.0315533824155,16.124103501020755,1079.8811678021625,4.0,-4.968446617584505
2594,1437.1279848052652,16.635908761970384,1080.6660439896289,4.0,-12.872015194734786
2595,1429.4596340464266,17.41642164096692,1079.190091298462,3.9652424957829746,-20.540365953573428
2596,1422.2358319688083,17.890548878290478,1076.8387558105114,3.876779733866342,-27.76416803119173
2597,1415.3734901583264,18.088398848654737,1075.8109347660743,3.7857395771003857,-34.626509841673624
2598,1408.8165961255288,18.361834572038923,1074.6125722989066,3.685602836370787,-41.183403874471196
2599,1402.7101313859769,18.764458169893228,1073.2113888675576,3.5682312191812406,-47.289868614023135
2600,1397.152298391758,19.097670542609062,1071.812858080257,3.447558668070136,-52.847701608242005
2601,1393.4245833227324,19.430702647177025,1070.6196392311222,3.3278906271915663,-56.57541667726764
2602,1391.2339617801817,19.677292930384343,1069.8769255175869,3.2187612220183044,-58.766038219818256
2603,1390.3369760863493,19.88897393140177,1069.63258269843,3.1227931073436213,-59.663023913650704
2604,1390.3084779175904,20.06839825380106,1069.9325002262708,3.041425181102316,-59.69152208240962
2605,1391.1204322027938,20.086601730787617,1070.1556860564901,2.9801605052026523,-58.879567797206164
2606,1392.8852904747173,20.203171863588892,1070.2089580833688,2.928031079179542,-57.114709525282706
2607,1396.1171176690962,20.3580984180235,1070.5369623812605,2.8820522987715553,-53.88288233090384
2608,1400.1424452498975,20.501617955409035,1070.7735100420198,2.8413838791173784,-49.85755475010251
2609,1404.373097870371,20.640139818921753,1070.9046003678773,2.8049500409309864,-45.62690212962889
2610,1408.9862146253977,20.6365659803545,1070.644956480912,2.776886053335981,-41.01378537460232
2611,1414.240698048215,20.67643581775803,1070.550274540938,2.753734824972974,-35.75930195178489
2612,1420.0114771109463,20.526134591812173,1070.7200769358428,2.7438041093159966,-29.988522889053684
2613,1426.4021425882988,19.83967917707347,1072.0584619283316,2.7779602102894287,-23.59785741170117
2614,1433.3271100172728,19.27009324128165,1073.0349182734894,2.8456490087167143,-16.672889982727156
2615,1440.728133652879,18.968334981358023,1072.5777599567652,2.918708615876219,-9.271866347120977
2616,1448.570582883368,18.248088447899814,1071.765177935335,3.0372623994328647,-1.4294171166320666
2617,1456.393417456418,17.358061150191705,1071.1232857031375,3.2243167687383383,6.393417456418092
2618,1464.0198814773782,16.718805206722124,1070.9909823499768,3.446240729627046,14.019881477378249
2619,1471.1512449265085,16.366744737073965,1071.0057318491101,3.660233402135117,21.151244926508525
2620,1477.4441118220352,15.99645911548185,1071.0273289350393,3.871575826570057,27.44411182203521
2621,1483.139168823609,15.602610774416046,1071.0425600302854,4.0,33.139168823609
2622,1488.6897204508518,15.166107153296814,1071.0744354819813,4.0,38.68972045085184
2623,1494.1817588491747,14.69392217596859,1071.1903949430061,4.0,44.181758849174685
2624,1499.2354184793137,14.182135855016817,1071.5565829259313,4.0,49.235418479313694
2625,1502.8037941430046,13.704710397649688,1072.0859826598178,4.0,52.80379414300455
2626,1505.1409258855044,13.615860719188122,1072.9477416019236,4.0,55.14092588550443
2627,1506.8032222952238,13.52921878253272,1073.7654062350052,4.0,56.803222295223804
2628,1506.9812930798598,13.442104520111208,1074.7173104154167,4.0,56.981293079859825
2629,1505.382735811292,13.374789074264399,1075.5130388160067,4.0,55.38273581129192
2630,1502.5439382506174,13.307922564973397,1076.2610581024203,4.0,52.54393825061743
2631,1499.0587835005606,13.242599923616693,1076.9962886344845,4.0,49.058783500560594
2632,1494.9100213174193,13.160203873686617,1077.644085701489,4.0,44.91002131741925
2633,1490.0890116130809,13.066584770843823,1077.6274235312442,4.0,40.08901161308086
2634,1484.5331835859602,13.112323541724916,1077.4579982732803,4.0,34.53318358596016
2635,1478.1600257082882,13.865609357693662,1078.2282057722234,4.0,28.16002570828823
2636,1470.9108486061966,14.541582866562628,1079.0265951743988,4.0,20.910848606196623
2637,1462.9025329917802,15.155113048083459,1078.942463711861,4.0,12.902532991780163
2638,1454.9060390362658,15.644792716598726,1079.1679482891168,4.0,4.906039036265838
2639,1446.9383917172431,16.103919479977087,1078.9833942132839,4.0,-3.061608282756879
2640,1438.9889212679252,16.589580413394657,1079.085959939211,4.0,-11.011078732074793
2641,1431.3105119329964,17.450881450364868,1077.6316482846871,3.9563109877529046,-18.689488067003595
2642,1424.0510196135046,17.878901894170667,1075.8896460491778,3.8683765423678884,-25.94898038649535
2643,1417.1451600109922,18.103956965886333,1075.3482326556518,3.7763119839101575,-32.854839989007814
2644,1410.575377242849,18.468226421742273,1074.1313825529444,3.6665937316632053,-39.42462275715093
2645,1404.2555687642912,18.747412047911563,1072.8879838871894,3.554402885598862,-45.74443123570882
2646,1398.401590655126,19.02039519220064,1071.6365575271152,3.442806806094665,-51.59840934487397
2647,1394.4096734948753,19.332480602227076,1070.4505159654932,3.3308396825677473,-55.59032650512472
2648,1391.9955071712384,19.616216665308354,1069.71701596674,3.2244317090182877,-58.00449282876161
2649,1390.9130405384315,19.84818100438652,1069.4741668958466,3.1289621708418327,-59.08695946156854
2650,1390.8104785409987,20.02981987326743,1069.72173118151,3.0474975542897753,-59.1895214590013
2651,1391.5768882258678,20.136914344303328,1069.9230075111577,2.9811162912332256,-58.42311177413217
2652,1393.2309196334747,20.31512399579546,1069.956880921213,2.922017856041446,-56.76908036652526
2653,1396.5087123246115,20.45897034847237,1070.300506054061,2.871753781150261,-53.49128767538855
2654,1400.4708296465017,20.582684130694414,1070.7229184611274,2.8297039007245286,-49.52917035349833
2655,1404.6954070260417,20.704379897656946,1070.6905642898898,2.7926086028700534,-45.30459297395828
2656,1409.4785525511472,20.73356111993308,1070.475752787473,2.762775428954446,-40.52144744885277
2657,1414.651273430169,20.715125738924637,1070.1669667382357,2.7401216414249583,-35.34872656983089
2658,1420.2248934866377,20.476233850005606,1070.8075652488403,2.736263430844677,-29.77510651336229
2659,1426.3997129975057,19.789761416298926,1072.0965670820965,2.7755243447193294,-23.60028700249427
2660,1433.199691235777,19.237672243590268,1073.0775886940023,2.846412240101857,-16.80030876422302
2661,1440.531169899925,18.96093714046219,1072.1829236899346,2.9185628415785474,-9.46883010007491
2662,1448.306413914017,18.259561639568613,1071.3794024474153,3.034668218029045,-1.6935860859830427
2663,1456.2544825603654,17.374052208840705,1070.7123521796102,3.218990763138167,6.254482560365432
2664,1464.1408167642785,16.7212041098045,1070.5961865171193,3.4405605032943676,14.140816764278497
2665,1471.511974492079,16.369859195237357,1070.5854862104352,3.6540942398774976,21.511974492078934
2666,1477.9888577823674,15.976687641399831,1070.6095001768253,3.8682445251174458,27.988857782367404
2667,1483.8101623902091,15.566165607458778,1070.628052136225,4.0,33.81016239020914
2668,1489.5482716863921,15.119734346862352,1070.6595833649922,4.0,39.54827168639213
2669,1495.1079023956886,14.628163965605566,1070.8101497805148,4.0,45.1079023956886
2670,1500.0521773294356,14.104236299344038,1071.224707201036,4.0,50.05217732943561
2671,1503.5157762259971,13.718572508695665,1071.692712453972,4.0,53.515776225997115
2672,1505.7808464247637,13.615145747781494,1072.6819453248822,4.0,55.780846424763695
2673,1507.4155914469914,13.513342347773738,1073.6936599229264,4.0,57.41559144699136
2674,1507.6031099012337,13.422790685845856,1074.6664489105767,4.0,57.603109901233665
2675,1506.0198625278483,13.346500003522506,1075.5469439407757,4.0,56.01986252784832
2676,1503.1694348594167,13.282004954430517,1076.2916463199863,4.0,53.1694348594167
2677,1499.6741434227642,13.217567735324668,1077.0324876482637,4.0,49.674143422764246
2678,1495.4740009023456,13.135138902803421,1077.5747249385304,4.0,45.47400090234555
2679,1490.5714350378792,13.056357642256966,1077.5176103640986,4.0,40.571435037879155
2680,1484.9207224359213,13.048641285676677,1077.2180649173538,4.0,34.920722435921334
2681,1478.4189657580953,13.821796019934856,1077.9237323000202,4.0,28.418965758095283
2682,1471.0216105516429,14.493354482828638,1078.684890008371,4.0,21.02161055164288
2683,1463.0425462125072,15.115233639443339,1078.7939494385864,4.0,13.042546212507204
2684,1455.0518991021013,15.59027334315883,1078.83195141715,4.0,5.051899102101288
2685,1447.0595692498146,16.03375231360441,1078.6658351575047,4.0,-2.940430750185442
2686,1439.0887311196786,16.554631404464697,1078.4641041823284,4.0,-10.911268880321359
2687,1431.3715631914433,17.434751269926647,1077.0042413414917,3.956314034118364,-18.62843680855667
2688,1424.0848650797745,17.874746767877763,1075.2279873199902,3.866722912067439,-25.915134920225455
2689,1417.1522187048251,18.088970749805842,1074.7140322291623,3.7746079515476403,-32.847781295174855
2690,1410.5605185553673,18.45645557310751,1073.3805624543857,3.6639718082120623,-39.43948144463275
2691,1404.2498984159733,18.740971843393748,1072.1485774876705,3.5505194195440635,-45.75010158402665
2692,1398.293451142368,19.03467758582225,1070.9415534388572,3.436346622867476,-51.706548857632015
2693,1394.2376021202135,19.34329592641212,1069.8226843138686,3.323005093870091,-55.76239787978648
2694,1391.7451187713787,19.592163450730304,1069.1383987463869,3.218117136971083,-58.25488122862134
2695,1390.5955436566505,19.814465025572524,1069.073611853551,3.124880563771978,-59.404456343349466
2696,1390.405253443247,19.909440738411618,1069.1834740590177,3.0495657916965104,-59.59474655675308
2697,1391.0713325221134,19.953726025530617,1069.181786126157,2.9904492054400036,-58.92866747788662
2698,1392.7183705854288,20.04946965276948,1069.3734373489492,2.941265572008396,-57.28162941457117
2699,1396.0542641040038,20.23458772144916,1069.3915048269193,2.894318488627875,-53.94573589599622
2700,1400.1112654003584,20.37392210724851,1069.7002600971405,2.8530484821558084,-49.888734599641566
2701,1404.4083891645514,20.502312986700794,1069.867185842311,2.8164375393588426,-45.59161083544859
2702,1409.271792739599,20.552954538026498,1069.7166985785607,2.7860743111295063,-40.72820726040095
2703,1414.5321231153334,20.541980172034343,1069.6324865073946,2.7635159059728855,-35.467876884666566
2704,1420.2277801695257,20.41870509635708,1069.7847436007849,2.7530287531972744,-29.77221983047434
2705,1426.4989842438476,19.730677070056934,1071.03990858602,2.7882190535199545,-23.501015756152356
2706,1433.3084098350187,19.18907869765464,1071.9504846361913,2.8558583748261683,-16.691590164981335
2707,1440.6051092352186,18.908970554335063,1071.6882764561456,2.928317925274772,-9.394890764781394
2708,1448.1582237374723,18.201665659800867,1070.9080870223827,3.046283088092591,-1.8417762625276737
2709,1455.7406377929865,17.344901308444612,1070.2185581519195,3.229562648024526,5.74063779298649
2710,1463.0946149563072,16.726617543473907,1070.038804539003,3.4458251425804467,13.094614956307169
2711,1470.0417872666167,16.374250312146813,1070.084998277081,3.6556992547535403,20.041787266616666
2712,1476.2022687234546,16.042377868986083,1070.102730089193,3.8586499419182405,26.20226872345461
2713,1481.686373029764,15.674521233297535,1070.1113078827948,4.0,31.6863730297639
2714,1487.1368680099908,15.249863690554811,1070.1635685228252,4.0,37.13686800999085
2715,1492.4321865000904,14.801497681429439,1070.2611290893537,4.0,42.43218650009044
2716,1497.349045820724,14.311821074469592,1070.5637499383838,4.0,47.349045820724086
2717,1500.783723603702,13.812311272164383,1071.0073516486125,4.0,50.7837236037019
2718,1503.0439071005655,13.710067530621838,1071.9151248610551,4.0,53.04390710056555
2719,1504.6730008332574,13.622870547412905,1072.7534642491407,4.0,54.67300083325745
2720,1504.844584283,13.531351394235493,1073.6917633999653,4.0,54.844584282999904
2721,1503.3044096634164,13.452840887759018,1074.5057831687666,4.0,53.304409663416436
2722,1500.5642294074328,13.379181822576871,1075.2387994129897,4.0,50.56422940743278
2723,1497.1749040666966,13.309305003621523,1075.9673109297455,4.0,47.17490406669663
2724,1493.1957864140577,13.218465364579837,1076.590409301251,4.0,43.19578641405769
2725,1488.5946377083483,13.168681966032482,1076.4685319657078,4.0,38.59463770834827
2726,1483.2830760464133,13.245656317321995,1076.0946179275797,4.0,33.28307604641327
2727,1477.195949982628,13.975300747062226,1076.8319708174424,4.0,27.195949982628008
2728,1470.2682898427436,14.669369997422207,1077.6563050563961,4.0,20.26828984274357
2729,1462.5348938760471,15.26252380570487,1077.4241239712928,4.0,12.534893876047136
2730,1454.7760149325434,15.784642191083496,1077.7802227259451,4.0,4.776014932543376
2731,1447.0395861440395,16.3134987696309,1077.574480944652,4.0,-2.960413855960496
2732,1439.3221284695628,16.8486602768765,1077.189316539418,4.0,-10.677871530437187
2733,1431.8518772224165,17.45727896722587,1076.249088239878,3.9512143125544976,-18.148122777583467
2734,1424.76793626505,17.859475922753806,1074.9196502141835,3.8636044984818687,-25.23206373495009
2735,1418.0102909233813,18.053479746038366,1074.458303074161,3.7752115124641836,-31.989709076618738
2736,1411.5654751026366,18.416359640125663,1073.1751376663522,3.6676262911086766,-38.43452489736342
2737,1405.4556367269806,18.69902173685025,1071.994032081395,3.5564862404157185,-44.54436327301937
2738,1399.874439915176,19.002953165195144,1070.8124650889094,3.442962416883773,-50.125560084823974
2739,1396.097305263385,19.27357527004718,1069.6946839950292,3.3326844291151074,-53.9026947366151
2740,1393.9343286168778,19.547184084710615,1068.8790900926344,3.2274975888285313,-56.06567138312221
2741,1393.0530164456623,19.759098635114707,1068.776547069556,3.1343202062499964,-56.94698355433775
2742,1393.2255971950171,19.907832808037828,1068.8196650377743,3.0554461270968947,-56.774402804982856
2743,1394.4116297354312,20.013428633167734,1068.999286327326,2.9907412266609357,-55.588370264568766
2744,1396.5883078358054,20.11277366751086,1069.1231714163903,2.937053027007886,-53.41169216419462
2745,1399.8710156602217,20.27710214666835,1069.1719219989463,2.888157131749986,-50.1289843397783
2746,1403.7972366982353,20.41232456815545,1069.2760680051192,2.8450265631411256,-46.20276330176466
2747,1407.929825127516,20.49603598581428,1069.217834750588,2.808426369455731,-42.0701748724839
2748,1412.6213101520132,20.50332215019727,1069.3992726355166,2.781273478905851,-37.378689847986834
2749,1417.7151992586357,20.479941405619922,1069.5330484195426,2.762494686001868,-32.28480074136428
2750,1423.3261347735609,20.07648742947253,1069.8764792856905,2.770550360510861,-26.673865226439148
2751,1429.4803061143175,19.445219945050056,1071.0708842674564,2.8206656120473603,-20.5196938856825
2752,1436.2492409764761,18.94042302536126,1071.5927769324555,2.8989553747905994,-13.75075902352387
2753,1443.525473744092,18.44456782794081,1070.8976794287425,2.999971202801787,-6.474526255907904
2754,1451.1139839429256,17.68318045103341,1070.34944167992,3.1548622335955554,1.1139839429256426
2755,1458.6785776718593,17.02223411417962,1069.5939898002698,3.349486311112257,8.67857767185933
2756,1465.8432785309515,16.59268003015235,1069.5529755587283,3.551982450396597,15.843278530951466
2757,1472.4550945393348,16.266943711972818,1069.505203727897,3.7479378037053204,22.455094539334823
2758,1478.2037394119445,15.91918440262318,1069.473079265437,3.94255180278729,28.203739411944525
2759,1483.6473467777826,15.515664094516039,1069.493868357321,4.0,33.64734677778256
2760,1488.9724393151012,15.084569289184245,1069.5734041709948,4.0,38.972439315101155
2761,1494.1191177229082,14.624936925082011,1069.7318746102121,4.0,44.119117722908186
2762,1498.338857163176,14.135354393464691,1070.106383349623,4.0,48.338857163176044
2763,1501.1958252811316,13.861775836397769,1070.818246081238,4.0,51.19582528113165
2764,1502.9646329348204,13.752264326202408,1071.7175349872043,4.0,52.96463293482043
2765,1503.6858585187267,13.645804226203133,1072.7080773679893,4.0,53.68585851872672
2766,1502.8666523838835,13.554522229836019,1073.603702505482,4.0,52.86665238388355
2767,1500.7454635162032,13.480840463931957,1074.3651491334147,4.0,50.745463516203245
2768,1497.8086034582257,13.411427400442253,1075.097884714876,4.0,47.80860345822566
2769,1494.2783608186915,13.325543340240753,1075.865241619144,4.0,44.27836081869145
2770,1490.1497879465203,13.225929813651177,1075.894006928599,4.0,40.14978794652029
2771,1485.3448538489754,13.20525563558054,1075.3961043093075,4.0,35.34485384897539
2772,1479.830920380055,13.280546131522103,1074.7334292555229,4.0,29.830920380054977
2773,1473.5127799226816,14.021516824836358,1075.823795619263,4.0,23.512779922681602
2774,1466.3567383229977,14.656360586460563,1076.7436361833475,4.0,16.35673832299767
2775,1458.8148606963393,15.253809796981677,1077.4185096118981,4.0,8.814860696339338
2776,1451.2397737607603,15.70658035617612,1077.4220070138276,4.0,1.2397737607602721
2777,1443.639884006935,16.189627305934494,1077.3739567099008,4.0,-6.360115993064937
2778,1436.0239264212278,16.811048520454836,1078.018923058496,4.0,-13.97607357877223
2779,1428.6793994251734,17.491161461568453,1076.8155399023844,3.948918839635973,-21.320600574826585
2780,1421.7774564278604,17.935199009006105,1074.747089678471,3.852943320767146,-28.222543572139557
2781,1415.2606969590377,18.304706033273877,1073.544719341017,3.738191939020919,-34.73930304096234
2782,1409.0356226155227,18.62400336076253,1072.5023657561235,3.6179507982328647,-40.9643773844773
2783,1403.1831429074064,18.91750036200052,1071.4351935367035,3.4983030775313644,-46.81685709259364
2784,1397.811601811119,19.160954888867472,1070.364352960132,3.385143803160354,-52.18839818888091
2785,1394.2233313352408,19.435433342239573,1069.4236598671018,3.276552982382461,-55.7766686647592
2786,1392.0746310220645,19.67466157822202,1069.0166302592302,3.1773873941255597,-57.92536897793548
2787,1391.1847106256487,19.855880521601854,1069.1450468945989,3.0920425209504288,-58.81528937435132
2788,1391.1920683698188,19.94537691443738,1069.2378686457707,3.0229972552997966,-58.8079316301812
2789,1392.1170312958684,20.05661695664821,1069.4738429447955,2.9656273240951627,-57.8829687041316
2790,1394.2084470841196,20.256352888709,1069.587219913317,2.912138433200779,-55.7915529158804
2791,1397.5394461300677,20.39901331276878,1070.1087185822023,2.8666012996852905,-52.460553869932255
2792,1401.5950835863855,20.519040488250525,1070.492707605158,2.827998198595437,-48.4049164136145
2793,1406.209681139366,20.643347016962196,1070.6689739499684,2.7939516087876473,-43.79031886063399
2794,1411.280978994254,20.683581353213057,1070.7461945220043,2.766898657501846,-38.71902100574607
2795,1416.7710347808109,20.626552121397392,1070.7976796253204,2.749326963937243,-33.22896521918915
2796,1422.6471756897092,20.21025775229366,1071.0961357090703,2.7576054853345484,-27.35282431029077
2797,1429.067642519736,19.571433221221703,1072.3683580276181,2.806650584225936,-20.932357480264045
2798,1436.027178123497,19.047405871336387,1073.1280170914108,2.8848316197933537,-13.972821876503076
2799,1443.438866805622,18.517335564305235,1072.5210362437956,2.987949754737885,-6.561133194378044
2800,1451.053897623913,17.734621171301374,1071.9496122559226,3.1454282600900525,1.053897623912917
2801,1458.667434301293,17.05786388416948,1071.1896062874102,3.343386515787288,8.667434301293042
2802,1466.0870570451584,16.621746241943917,1071.1399445708848,3.5490335225228167,16.087057045158417
2803,1472.8906746479058,16.29330535912715,1071.0994624106488,3.7476802477933373,22.890674647905826
2804,1478.7653168727795,15.927111124678323,1071.0619946256354,3.9468146906182873,28.765316872779522
2805,1484.433460482666,15.509034019901526,1071.0909163462807,4.0,34.43346048266608
2806,1490.0430457464854,15.064919435247521,1071.143065387356,4.0,40.043045746485404
2807,1495.4006055706739,14.576199614210342,1071.319563289126,4.0,45.40060557067386
2808,1499.7995150739707,14.063013149757918,1071.7333658300522,4.0,49.799515073970724
2809,1502.8125300424051,13.790909133050011,1072.5631111435432,4.0,52.812530042405115
2810,1504.6931593551235,13.680155920261639,1073.5425310907358,4.0,54.6931593551235
2811,1505.4571955462754,13.577750897217479,1074.5048146565284,4.0,55.45719554627544
2812,1504.6378676339777,13.490824806266232,1075.4001997107825,4.0,54.63786763397775
2813,1502.48685134918,13.424388025583939,1076.1213165100605,4.0,52.486851349179915
2814,1499.5073558722725,13.357705863377618,1076.875618770685,4.0,49.507355872272456
2815,1495.9327349893165,13.278536432306328,1077.5674274214598,4.0,45.93273498931649
2816,1491.716771136425,13.180244421912699,1077.8446702822007,4.0,41.716771136424995
2817,1486.799228469169,13.182079071548147,1077.314411726591,4.0,36.799228469169066
2818,1481.1556467975113,13.212077822026483,1076.4785473112277,4.0,31.15564679751128
2819,1474.6577093415488,13.966732803304856,1077.455783979658,4.0,24.657709341548752
2820,1467.2795298313263,14.621743654679372,1078.3932779425531,4.0,17.279529831326272
2821,1459.5250555906216,15.221602605901793,1079.0352816610693,4.0,9.525055590621605
2822,1451.7365339801884,15.676236012592073,1079.159237948334,4.0,1.7365339801883692
2823,1443.9347307318092,16.137376112295428,1079.171029372959,4.0,-6.065269268190832
2824,1436.1356135601627,16.753337122938046,1079.654672299712,4.0,-13.86438643983729
2825,1428.5991767559935,17.471890592885785,1078.4366632232775,3.9562471299561865,-21.40082324400646
2826,1421.5134460810962,17.93994197450795,1076.2242499036404,3.8626532794297,-28.486553918903837
2827,1414.7717260926895,18.151621034780423,1075.2776186116123,3.7667923095171085,-35.228273907310495
2828,1408.3491744270823,18.54387939688872,1073.762042843897,3.651049056085048,-41.65082557291771
2829,1402.3779749173116,18.862269214680154,1072.436574560267,3.5312188947882084,-47.622025082688424
2830,1396.8257732758846,19.149831991773116,1071.2160072043314,3.4136460066345924,-53.17422672411544
2831,1393.1124798565932,19.428330495963415,1070.1340703308379,3.300933055353373,-56.887520143406846
2832,1390.9049809521473,19.670955830713385,1069.5039473334746,3.1976423745689573,-59.0950190478527
2833,1389.9749655127084,19.88459417393909,1069.4932582288607,3.106726195389502,-60.02503448729158
2834,1389.937514093354,20.08110701399707,1069.7893436112179,3.0281589269279356,-60.06248590664609
2835,1390.7758430903255,20.14436373044052,1069.742595882189,2.9655707477874342,-59.22415690967455
2836,1392.7688467263647,20.31362372370573,1069.8030209738674,2.9098950493731,-57.2311532736353
2837,1396.0791369223086,20.443493546474294,1070.387704915904,2.863714483375639,-53.920863077691365
2838,1400.162051290469,20.557878777836414,1070.8082211910614,2.8251134796540054,-49.83794870953102
2839,1404.4767548688517,20.677709706296536,1071.1081884194923,2.7917789344718953,-45.523245131148315
2840,1409.4012749045012,20.750432767350578,1071.2337289131156,2.7640489871432523,-40.59872509549882
2841,1414.7986362201584,20.72356964560938,1070.9335572524922,2.7433740447589683,-35.201363779841586
2842,1420.6284116700938,20.474511743706014,1071.5607951961533,2.741375761977669,-29.371588329906217
2843,1426.9878312755814,19.788230917047958,1072.8847829409406,2.782108316132982,-23.012168724418643
2844,1433.8824211239807,19.234966578465468,1073.9515913704183,2.8544497134012725,-16.11757887601925
2845,1441.3018080312866,18.75047063966747,1073.2358566010125,2.94618427169431,-8.698191968713445
2846,1449.2010658489814,18.004474100427927,1072.1533845459883,3.0847515580489366,-0.7989341510185568
2847,1457.0645961239452,17.166009499716402,1072.2216000622211,3.287621495722191,7.0645961239451935
2848,1464.7443615149432,16.695058747434196,1072.062314546946,3.5005487491226015,14.744361514943193
2849,1471.8184783970414,16.355283617966197,1072.0389658400638,3.706061733204322,21.818478397041417
2850,1477.9486442301322,15.966377167131668,1072.0709201693733,3.913651298583795,27.94864423013223
2851,1483.6718521224975,15.57174400976063,1072.0899067195155,4.0,33.67185212249751
2852,1489.3995026274495,15.135235659444529,1072.1203558473233,4.0,39.399502627449465
2853,1494.9328778222837,14.65070559259577,1072.2500278903135,4.0,44.93287782228367
2854,1499.8323888750056,14.131123514566559,1072.634158842626,4.0,49.83238887500556
2855,1503.2514979948896,13.774112969426714,1073.133756523833,4.0,53.25149799488963
2856,1505.471030944207,13.663413527437795,1074.1139391234478,4.0,55.47103094420709
2857,1506.6570212273912,13.563540536338586,1075.0206812149574,4.0,56.65702122739117
2858,1506.3204502517199,13.473502337626181,1075.948710288117,4.0,56.320450251719876
2859,1504.3215959522438,13.407044097919472,1076.7206796785908,4.0,54.3215959522438
2860,1501.4226617117597,13.338032558581153,1077.462206355981,4.0,51.4226617117597
2861,1497.9033067202797,13.267703273500327,1078.1885836298654,4.0,47.903306720279716
2862,1493.686192565572,13.182274278093256,1078.7915378660261,4.0,43.6861925655719
2863,1488.8075163139167,13.174328194289421,1078.4507909230826,4.0,38.80751631391672
2864,1483.201973079555,13.249907552097827,1078.07993550156,4.0,33.201973079555046
2865,1476.7604554759241,13.998915150309097,1078.7166877960235,4.0,26.760455475924118
2866,1469.4306237931596,14.632557521987843,1079.4756519988373,4.0,19.43062379315961
2867,1461.580194835105,15.235753292492541,1079.3837257155367,4.0,11.580194835104976
2868,1453.704573212669,15.714925797310388,1079.30586457532,4.0,3.7045732126689472
2869,1445.82837160117,16.169436445192723,1079.1393094234766,4.0,-4.17162839883008
2870,1437.9848114688243,16.667421336755602,1078.5259134624307,4.0,-12.015188531175681
2871,1430.4153434476073,17.45143974014613,1077.1443448225298,3.954731067824683,-19.584656552392744
2872,1423.2742303709929,17.893196424490593,1075.235419452953,3.8635116830799876,-26.725769629007118
2873,1416.4812221480338,18.121334731066934,1074.67604811164,3.768662309309343,-33.518777851966206
2874,1410.024721524364,18.489967999409068,1073.2776744284042,3.655956527246233,-39.97527847563606
2875,1403.9975248787348,18.824564298811776,1072.0860602829332,3.5369624718094888,-46.002475121265206
2876,1398.4865062794427,19.110557206997147,1070.9168312673685,3.420012134244072,-51.513493720557335
2877,1394.8042281748824,19.417998534141056,1069.9166454850663,3.305682121736406,-55.19577182511762
2878,1392.5850513670578,19.663898795982455,1069.2978744256352,3.2009361123180566,-57.41494863294224
2879,1391.6542071789988,19.84929609429694,1069.2388600259383,3.1104390706309233,-58.34579282100117
2880,1391.6723510082968,19.98480990442932,1069.5598259593633,3.0356264459109665,-58.3276489917032
2881,1392.5444628256241,20.126364269138627,1069.8081094468823,2.9723885578117635,-57.45553717437588
2882,1394.3236348518114,20.311885626072154,1069.9772933270456,2.915709189696953,-55.67636514818855
2883,1397.56502976097,20.46160817431778,1070.2896884467814,2.866857376979196,-52.43497023903001
2884,1401.5225319858284,20.58581886425824,1070.6402588582712,2.8256012988637096,-48.47746801417156
2885,1405.7510240554611,20.70999823400091,1070.5142137215794,2.788674565062451,-44.24897594453887
2886,1410.5402349534177,20.743599218947946,1070.5841253562019,2.759769664324783,-39.45976504658233
2887,1415.8347288684804,20.702107603196524,1070.4193980929113,2.739315065874708,-34.1652711315196
2888,1421.5612405350678,20.44563337039251,1071.1410163071375,2.7382840161552884,-28.438759464932218
2889,1427.88176846673,19.766871113884925,1072.4795985653168,2.779770136059266,-22.11823153327009
2890,1434.7452486413592,19.273877054119687,1073.1022595061706,2.846947129778888,-15.25475135864076
2891,1442.0441153954241,18.83436313656661,1073.1734260180172,2.933010894081583,-7.9558846045758855
2892,1449.7068221128084,18.037141637666934,1072.3021652602918,3.0718591120923273,-0.2931778871916322
2893,1457.548710174592,17.207250148850864,1071.6881470559772,3.2709408256753667,7.548710174592088
2894,1465.2458553668946,16.65109480359353,1071.6643848492429,3.492561626629363,15.245855366894602
2895,1472.3694945376683,16.32061732598048,1071.6125169335926,3.7033525912868104,22.369494537668288
2896,1478.537792993221,15.918011171240586,1071.6502131595628,3.9168371260103148,28.537792993221046
2897,1484.3234379256073,15.516614412677633,1071.6767419790797,4.0,34.32343792560732
2898,1490.034764455774,15.077104639390603,1071.7243408588067,4.0,40.03476445577394
2899,1495.5222947491472,14.586465567549833,1071.892998675869,4.0,45.52229474914725
2900,1500.3615183698948,14.067434157267265,1072.3089116422375,4.0,50.36151836989484
2901,1503.7270924047928,13.77820230361851,1073.1004594791534,4.0,53.72709240479276
2902,1506.0091382639148,13.6499376943388,1074.1879608533886,4.0,56.00913826391479
2903,1507.3418771058284,13.542519876198487,1075.1717686620075,4.0,57.34187710582842
2904,1507.0473587730335,13.44940626702686,1076.119269791181,4.0,57.047358773033466
2905,1505.1054233757343,13.376949920989013,1076.919833961339,4.0,55.10542337573429
2906,1502.0946598541675,13.31120882878375,1077.6670488680763,4.0,52.0946598541675
2907,1498.4858048153314,13.240580907568958,1078.350741306165,4.0,48.48580481533145
2908,1494.1560736118681,13.155399238120866,1078.9043221136203,4.0,44.15607361186812
2909,1489.1554489593052,13.150809741781755,1078.5261999328602,4.0,39.155448959305204
2910,1483.426334789433,13.229320728510759,1078.1145646656294,4.0,33.426334789432985
2911,1476.8512182633617,13.975711516473295,1078.7831829412435,4.0,26.851218263361716
2912,1469.3918284265321,14.609747023383894,1079.5506575278985,4.0,19.39182842653213
2913,1461.5446287556204,15.211478078297251,1079.5640952731721,4.0,11.544628755620352
2914,1453.63786529712,15.681848458144005,1079.4817417812258,4.0,3.6378652971200154
2915,1445.7159783594793,16.11941802475451,1079.3317747062854,4.0,-4.2840216405206775
2916,1437.7936186052232,16.62127022184979,1079.6210821701964,4.0,-12.206381394776827
2917,1430.1031831830915,17.412449081319558,1078.282066020512,3.9629715874070905,-19.89681681690854
2918,1422.8573080322424,17.89282950598916,1076.1369611572302,3.8726122677218173,-27.142691967757628
2919,1415.9722814548693,18.0936260314696,1075.125968197986,3.7798649342496837,-34.02771854513071
2920,1409.4450713568542,18.513734920099207,1073.613253515336,3.6632093004600152,-40.554928643145786
2921,1403.3617321492366,18.818928981235988,1072.3725761031828,3.5438595126390138,-46.63826785076344
2922,1397.8082167337334,19.11215560950511,1071.1680680730726,3.4259244365069597,-52.19178326626661
2923,1394.086247116996,19.39407027164321,1070.0261790652257,3.312215706687164,-55.91375288300401
2924,1391.8370578211932,19.653700627428083,1069.2791242077533,3.206438315031943,-58.162942178806816
2925,1390.8827651010422,19.81643396587691,1069.030557456374,3.1158463883485696,-59.117234898957804
2926,1390.8579424035534,20.016670978103225,1069.3674640238294,3.037162572369382,-59.14205759644665
2927,1391.6653950538512,20.04013670835195,1069.3779844706812,2.9768464940463177,-58.33460494614883
2928,1393.4036931753465,20.18645831640581,1069.3591301328486,2.9234518890046033,-56.59630682465354
2929,1396.628067098532,20.347026489534436,1069.6341813923912,2.876015212919217,-53.37193290146797
2930,1400.6504995331638,20.478344355647874,1070.1151011574127,2.8356732423314255,-49.34950046683616
2931,1404.8854519103973,20.605597636385,1070.2183492897796,2.7998419590502714,-45.11454808960275
2932,1409.7898367958142,20.64631864896255,1070.3468921326835,2.771581738473274,-40.21016320418585
2933,1415.1371637945417,20.647365329248156,1070.0221895947882,2.749205046831804,-34.86283620545828
2934,1420.9253253421587,20.40392939297768,1070.6923395025376,2.74619118635454,-29.074674657841342
2935,1427.2487315606395,19.73028455730698,1071.9938522508885,2.7863791989405557,-22.7512684393605
2936,1434.146267899511,19.164652196522518,1072.9882289857603,2.859866086763739,-15.853732100488969
2937,1441.4598709973423,18.686296672102625,1072.33919218768,2.952981130603229,-8.54012900265775
2938,1449.2561915954193,17.959762686455946,1071.2310373983569,3.0915578265698738,-0.7438084045807045
2939,1456.9250448565365,17.135036699181185,1071.3067697078066,3.2935342048857223,6.925044856536488
2940,1464.3694432967866,16.688341919706186,1071.1186378191833,3.5026554727867367,14.369443296786585
2941,1471.2863263723473,16.34654010511533,1071.1310878782274,3.7057325500869416,21.286326372347276
2942,1477.3290865177635,15.980444340744056,1071.1608114440799,3.908361936602375,27.32908651776347
2943,1482.9548569999452,15.599378280352045,1071.1760298704542,4.0,32.95485699994515
2944,1488.5243809423625,15.17058079568897,1071.2172587906307,4.0,38.52438094236254
2945,1493.9588337931882,14.704015649290858,1071.3303520459222,4.0,43.958833793188205
2946,1498.7739214713151,14.197901316245357,1071.6842723898806,4.0,48.773921471315134
2947,1502.1425286025856,13.781001275455191,1071.9683158081536,4.0,52.14252860258557
2948,1504.2894827820578,13.677279971800726,1072.921762233253,4.0,54.2894827820578
2949,1505.418829220527,13.58474699454186,1073.7651361015903,4.0,55.41882922052696
2950,1505.066152077314,13.497157322088949,1074.6646211038717,4.0,55.06615207731397
2951,1503.0777582325636,13.423686666930564,1075.4608578585762,4.0,53.07775823256361
2952,1500.2371717619358,13.348382311552692,1076.1845705885523,4.0,50.23717176193577
2953,1496.771139201905,13.276613118385649,1076.8980461864567,4.0,46.771139201905044
2954,1492.6540321772738,13.182613194517328,1077.3992268175493,4.0,42.65403217727385
2955,1487.8988833561123,13.173782796233052,1077.075624262016,4.0,37.898883356112265
2956,1482.4330679587918,13.247858310085729,1076.5742152583118,4.0,32.43306795879175
2957,1476.1547877187097,13.992444614358927,1077.4667365392288,4.0,26.154787718709713
2958,1469.0083999007181,14.651227106796842,1078.292044103162,4.0,19.008399900718132
2959,1461.2161139720172,15.241430882917745,1078.299884842085,4.0,11.216113972017183
2960,1453.4103891066047,15.71858129525735,1078.2330480556905,4.0,3.4103891066047254
2961,1445.6157708173955,16.175378403745857,1078.0933184091195,4.0,-4.384229182604486
2962,1437.858402539127,16.694827170020556,1077.4173438641863,4.0,-12.141597460873072
2963,1430.3684231735563,17.44691304765055,1076.0787960013465,3.9519275656235378,-19.631576826443734
2964,1423.293475440095,17.883860045890376,1074.2612715056857,3.859283854572996,-26.706524559904892
2965,1416.6300204896513,18.259625755101588,1073.1604256415517,3.7462211577276827,-33.369979510348685
2966,1410.267769360463,18.56572524468441,1072.2282111104444,3.628450078359683,-39.732230639536965
2967,1404.307112998717,18.856756885667423,1071.2074904442015,3.5105583534441793,-45.692887001283
2968,1398.8349018780027,19.11845278120658,1070.1401019791535,3.3968851932808595,-51.16509812199729
2969,1395.1643561828266,19.402085433092356,1069.163394387524,3.2868164791036913,-54.83564381717338
2970,1392.996075621731,19.664246743748706,1068.5911871441363,3.1842453517657647,-57.00392437826895
2971,1392.0771262010494,19.847903755192455,1068.603866373269,3.0957420612765394,-57.922873798950604
2972,1392.1052479982818,19.921052403478807,1068.7666532654569,3.0255346107408077,-57.89475200171819
2973,1393.0006760568222,19.964708445979745,1069.041695475638,2.971283733589075,-56.99932394317784
2974,1394.8684362066776,20.07306123771697,1069.1421835697556,2.9247405175073977,-55.13156379332236
2975,1398.151205412585,20.243980444854625,1069.2850405814559,2.881053155657944,-51.848794587414886
2976,1402.1545722788612,20.379204338942046,1069.4945699587977,2.8421105527261545,-47.845427721138776
2977,1406.7362833526543,20.51382523578134,1069.4744439484837,2.806305903600247,-43.263716647345746
2978,1411.7475537227615,20.56735605627863,1069.4304057971826,2.776798533905126,-38.252446277238505
2979,1417.1689144439447,20.542622922515147,1069.2749105254159,2.755264850303476,-32.831085556055314
2980,1422.9648581008994,20.33124930610498,1069.8780530740978,2.751531427169568,-27.03514189910061
2981,1429.2950165333452,19.68518870958164,1071.1424718484805,2.7903783329782543,-20.704983466654767
2982,1436.2004848504073,19.18421272672585,1071.5384451940847,2.856449218414884,-13.799515149592708
2983,1443.5381383250685,18.725959743972812,1071.4679232619544,2.943896624497894,-6.46186167493147
2984,1451.10002374399,17.90958225820479,1070.6593104107449,3.0882782669337727,1.1000237439900502
2985,1458.6078583934907,17.082146486155477,1070.0195781383827,3.293351521429977,8.607858393490687
2986,1465.787586937698,16.585306889194673,1069.997449166596,3.5124369831565154,15.787586937698052
2987,1472.4200399705815,16.236404166873143,1069.9976843479376,3.724194301863978,22.420039970581456
2988,1478.1678145219732,15.906811503423704,1069.974541503109,3.9282100358661918,28.16781452197324
2989,1483.6310868775934,15.513832918835918,1069.9974874215172,4.0,33.63108687759336
2990,1489.066014236821,15.087212818534454,1070.0782672876696,4.0,39.06601423682105
2991,1494.3172711848129,14.625099507563936,1070.234053111393,4.0,44.31727118481285
2992,1499.0157633237739,14.129325776252871,1070.6135556498443,4.0,49.015763323773854
2993,1502.309549841449,13.814960109752114,1071.3680326894444,4.0,52.3095498414491
2994,1504.5110037575298,13.693056584932606,1072.3024706613794,4.0,54.51100375752981
2995,1505.731022414771,13.58959352135943,1073.2069884174587,4.0,55.731022414770905
2996,1505.2882259880655,13.497257231126474,1074.178061357592,4.0,55.288225988065506
2997,1503.2084805563104,13.427857434804224,1074.9151346932329,4.0,53.208480556310406
2998,1500.1808641775585,13.3618899191403,1075.6221049965459,4.0,50.18086417755853
2999,1496.518105312327,13.286705083744161,1076.3426499080633,4.0,46.51810531232695
