step,temp,o2,fuel,fan,error
0,1450.0683430056545,2.74363130817585,18.49094835753752,935.4691958172174,0.06834300565446938
1,1450.0880025859346,2.685328869913066,18.48857850620226,922.9364206772341,0.08800258593464605
2,1450.091007430623,2.6061147801174767,18.486944983581555,912.5090446719282,0.09100743062299443
3,1450.0830322169775,2.5321733224819103,18.48112753789013,904.3112625905496,0.08303221697747176
4,1450.0425940557157,2.486309841996469,18.495096885724482,900.7931467009263,0.04259405571565367
5,1450.0649882349826,2.4562506535405553,18.50559978673012,899.8902978551663,0.06498823498259299
6,1450.0354991688303,2.445017435880051,18.51465880657705,900.5084961032941,0.03549916883025617
7,1449.9740487427152,2.4398602189713205,18.52337893205503,901.6671240887259,0.025951257284759777
8,1449.933349270712,2.4129813178553383,18.53217223684874,903.0580628863978,0.06665072928808513
9,1449.941451648458,2.381113444068042,18.540522059846527,905.7384627351246,0.058548351541958255
10,1449.8830458894975,2.379396113941715,18.54867536758995,909.9686478303461,0.11695411050254734
11,1449.8247444392575,2.363441726192184,18.557036310250766,914.1528166660137,0.17525556074247106
12,1449.824723528009,2.3425517445157746,18.565514056388654,919.0207380493255,0.17527647199108287
13,1449.7528621543295,2.3092740366022744,18.574076108263593,924.8302473150771,0.24713784567052244
14,1449.6986145297367,2.294195604158905,18.58304375742624,932.2033088470163,0.3013854702633125
15,1449.7356408350013,2.2733484486501276,18.592309793068132,940.1391635603461,0.2643591649987229
16,1449.7701854231236,2.238541830989325,18.601938078734193,948.9309975418114,0.22981457687637885
17,1449.7155677722164,2.217306122757054,18.611850682308045,959.3434129991748,0.2844322277835545
18,1449.7143755874363,2.2123444410574624,18.622297979102914,970.5777811783483,0.2856244125637204
19,1449.6763597464435,2.2291918079709077,18.63307231548156,981.7241689799237,0.32364025355650483
20,1449.6777614806192,2.222097264047225,18.65063925309198,991.705541121241,0.3222385193807895
21,1449.695185140792,2.200999767810024,18.673155112837648,1001.875244640023,0.30481485920790874
22,1449.6954411929134,2.1702883645427953,18.696705224707035,1012.9579176443225,0.3045588070865506
23,1449.695552190779,2.144426801765745,18.72132519798113,1025.5229451837888,0.30444780922107384
24,1449.7085795630564,2.1366945072213417,18.74662174559524,1039.3569532459803,0.2914204369435538
25,1449.7241409657402,2.128946986491705,18.767977281140254,1053.901571806161,0.27585903425983815
26,1449.7364543469191,2.1608287633428795,18.7699546533065,1068.2255118819792,0.2635456530808824
27,1449.7208101817057,2.1950307210929005,18.77642311857913,1079.7873869980408,0.2791898182942987
28,1449.7387414200107,2.1669689256246483,18.791412850583374,1089.2762461906054,0.2612585799893168
29,1449.7466048881763,2.1626046641758716,18.79897868713538,1098.970931395329,0.2533951118236928
30,1449.8146905830197,2.1266430082728136,18.813658441317283,1108.7079440856407,0.1853094169803171
31,1449.8527736906792,2.1320304720236316,18.83059127102428,1120.1449943330126,0.14722630932078573
32,1449.8962603662696,2.1287108217863104,18.846834967122152,1131.546997859496,0.10373963373035622
33,1449.8890500053935,2.121737724637332,18.86601652375559,1143.0027844019485,0.11094999460647159
34,1449.883238939753,2.110618038860219,18.87301577017731,1155.8897316680523,0.11676106024697219
35,1449.9498948931769,2.1078931401454537,18.866576050733283,1167.1099305345647,0.05010510682313907
36,1450.035789333678,2.132760910714254,18.86114529269339,1178.1489606977088,0.035789333677939794
37,1450.1004952584667,2.111669830892756,18.85645229934024,1187.5710894755412,0.10049525846670804
38,1450.0774921296445,2.0941134146982505,18.85104317553293,1198.0687673353432,0.07749212964449725
39,1450.0789949310483,2.0804289463502914,18.844484752266148,1210.2447884589146,0.078994931048328
40,1450.0682220181495,2.09612302147277,18.84467735527325,1224.1007458284296,0.06822201814952678
41,1450.0708753766087,2.0631993391800987,18.84568792242943,1236.202601340789,0.07087537660868293
42,1450.03397305051,2.062684384679579,18.84919002168634,1250.3116002730426,0.033973050509985114
43,1449.9909034349596,2.046691193945646,18.856257745029964,1262.9892533223308,0.009096565040408677
44,1449.9932759962153,2.045022582052212,18.85571139120165,1278.7530474202742,0.006724003784711385
45,1449.986185820838,2.043999959084606,18.866614220787056,1293.3656197187572,0.013814179161954598
46,1449.969966844258,2.0449318165907466,18.884147546460476,1308.1743292131987,0.03003315574210319
47,1449.9754794906491,2.0575607523644734,18.892033492919616,1321.1090236922478,0.02452050935085026
48,1449.9711160517911,2.110787271588679,18.906737631285512,1333.1889436197623,0.028883948208886068
49,1449.9789857479072,2.1058785111450526,18.90050115160531,1343.4631954208946,0.02101425209275476
50,1449.9794620573707,2.114327437476961,18.911191206755035,1354.0807526128854,0.02053794262928932
51,1449.9389219074267,2.1301578914652737,18.91725153349886,1364.0830352897508,0.06107809257332519
52,1449.8378349385655,2.1075818699608355,18.91915002127679,1376.5304435439532,0.16216506143450715
53,1449.746493109777,2.1054998131399523,18.921308237450248,1394.0458973931795,0.25350689022297956
54,1449.6860748754432,2.0735572700581293,18.921700881135052,1410.9431572081555,0.31392512455681754
55,1449.6401040698756,2.0211757980582896,18.92351390016102,1428.1094844465379,0.3598959301243667
56,1449.692471694096,1.9910173166301022,18.92587916782042,1451.165106701657,0.307528305904043
57,1449.7084101696503,1.9710138694081272,18.930807516769022,1466.4352607220671,0.2915898303497215
58,1449.694208822142,1.964180134857895,18.93429290029454,1480.9297294596538,0.30579117785805465
59,1449.7406707750038,1.9619173451423146,18.93791108818896,1494.425427953641,0.259329224996236
60,1449.7716869886233,1.9938490261617228,18.94367863133659,1506.8312078323147,0.2283130113767129
61,1449.7491720325017,1.999831349143674,18.949817832004925,1514.7174554077,0.2508279674982532
62,1449.7545905437873,1.9953357897098223,18.95747815044746,1522.658905409689,0.24540945621265564
63,1449.7215932957333,1.9912949746900326,18.96212976490294,1530.9329320240242,0.278406704266672
64,1449.7037200174282,1.989634139313675,18.96533214161724,1539.1674485577194,0.2962799825718321
65,1449.7095790181902,2.019570389161238,18.971336316007967,1547.372229552162,0.29042098180980247
66,1449.6960033340008,2.0553316429979107,18.98544872763375,1553.9742626800735,0.3039966659991933
67,1449.6757060238333,2.0606296899981524,18.983959007344527,1558.5940508774231,0.3242939761667003
68,1449.6767617170524,2.087057377824695,18.981711028100538,1563.0160475360913,0.3232382829476137
69,1449.692137213329,2.0793561414326276,18.99303026900172,1566.4610516998716,0.30786278667096667
70,1449.6554156441,2.0718135551485215,19.004659759318507,1570.2249194608137,0.3445843558999968
71,1449.6578612143478,2.0916767246323125,19.016679157479274,1574.2861959375546,0.342138785652196
72,1449.6984053683818,2.1023903403743893,19.02728531981251,1577.1429105898678,0.30159463161817257
73,1449.699459254653,2.1386102920918693,19.037913033644212,1579.41233358053,0.30054074534700703
74,1449.718049869982,2.157153604674873,19.050802970322703,1579.8148545857644,0.2819501300180036
75,1449.7282274424638,2.120111184992415,19.064316436870246,1579.277285841985,0.27177255753622376
76,1449.6777168533458,2.1030980885108974,19.075938740649082,1580.6361176812818,0.322283146654172
77,1449.6770614908041,2.125980741050865,19.086880496793928,1582.8244351780797,0.32293850919586475
78,1449.6355465551649,2.1790208673866163,19.099488458590912,1583.817418548836,0.3644534448351351
79,1449.6753468311176,2.2186460629180416,19.114193193197586,1582.1013039567092,0.32465316888237794
80,1449.6627799749767,2.2027170293802247,19.130214057920696,1578.3126998259415,0.33722002502327086
81,1449.6420360121874,2.2179243219113416,19.144173288402854,1575.5408264249595,0.35796398781258176
82,1449.6535561103078,2.2405045860878796,19.157874988414623,1572.0586050848085,0.346443889692182
83,1449.6606759712827,2.300102985775805,19.17145340733389,1567.467266973655,0.3393240287173285
84,1449.544816208354,2.31920300987446,19.186756256049026,1559.519552423539,0.45518379164604994
85,1449.453087448895,2.3158994406476334,19.200148671712906,1550.836192329021,0.5469125511049242
86,1449.4543880640545,2.3243575195923434,19.210454767897655,1542.7363228948097,0.5456119359455442
87,1449.4248154083805,2.3201690018466525,19.218094453608767,1534.4261272427248,0.575184591619518
88,1449.4102440528802,2.32371299129791,19.221122642775292,1526.5730445651732,0.5897559471197837
89,1449.421684381059,2.3299321052249815,19.219897742293295,1518.7130415960112,0.5783156189409056
90,1449.5316835451943,2.3423748690012376,19.215049861723188,1510.6968418054566,0.4683164548057448
91,1449.5626571269433,2.377657075321485,19.208986464114624,1502.1233684696501,0.4373428730566502
92,1449.6137660838804,2.396219890426892,19.201352343975348,1491.6712882069223,0.386233916119636
93,1449.5910839815851,2.4250439180950982,19.198798831124222,1480.1838919538257,0.4089160184148568
94,1449.5953426345036,2.424667370977355,19.192324807516815,1467.007076302784,0.40465736549640496
95,1449.6579866616707,2.3762049216333887,19.18486121654109,1453.8541717717544,0.3420133383292523
96,1449.7429091858844,2.3740194080862933,19.20235853870567,1444.6267716259297,0.25709081411559964
97,1449.7188513348115,2.3955323047758763,19.215469366100194,1436.5496055280444,0.28114866518853887
98,1449.697384459871,2.401809527327245,19.227605480715,1427.4882478917605,0.3026155401289543
99,1449.6732776965735,2.3718982640912096,19.237783132695274,1418.2014098923253,0.32672230342654984
100,1449.696547620511,2.3889584814127773,19.23357845175841,1408.8520356441936,0.3034523794890447
101,1449.7527436270923,2.421476783933712,19.231113111952133,1398.1819514420029,0.24725637290771374
102,1449.7463421442044,2.4181338372975367,19.235184359450596,1385.2901855183325,0.25365785579560907
103,1449.727836110454,2.4298232319568602,19.22407170165979,1373.9049838895626,0.2721638895459364
104,1449.7072580825632,2.4297455285829708,19.21504095571934,1361.5008767210195,0.2927419174368424
105,1449.6679988958513,2.415366785089995,19.209214311992966,1348.178107659421,0.3320011041487305
106,1449.6483781277082,2.4281065639769777,19.20684633066262,1331.8304151891346,0.35162187229184383
107,1449.654099055762,2.4312642388207335,19.20446473102753,1310.0234434200993,0.34590094423811024
108,1449.705580454184,2.449271564308132,19.201953648704958,1285.9668307108993,0.2944195458160266
109,1449.689443390854,2.456143660735117,19.198705762033907,1274.4850929646689,0.3105566091460332
110,1449.6239564527964,2.4549288315091315,19.197218984734853,1263.5333271418003,0.3760435472036079
111,1449.6050807840024,2.43461831134177,19.198650070834255,1255.4071374179498,0.39491921599756097
112,1449.6093078608187,2.42863904613082,19.192852565705785,1249.5443030293934,0.390692139181283
113,1449.6275036151387,2.4298749642229986,19.1875947112511,1243.6656720767726,0.3724963848612788
114,1449.6080821622902,2.4135709334090603,19.182372325502925,1237.9566390290543,0.3919178377097978
115,1449.5707543549984,2.404609355497723,19.182480875054114,1232.8208031568392,0.4292456450016289
116,1449.5390498001814,2.406036226835893,19.18625769276122,1228.5145683058922,0.46095019981862606
117,1449.5310033090748,2.4105643674700525,19.178603314888615,1224.4897890358113,0.46899669092522345
118,1449.5876463957125,2.392542320575237,19.179778693289276,1219.9565194793508,0.41235360428754575
119,1449.5874746376792,2.394041771089043,19.179840367396054,1215.9957656088393,0.41252536232082093
120,1449.5853990186272,2.402172086957294,19.177125488179325,1211.8115918377594,0.4146009813728142
121,1449.60034814155,2.4160567278492646,19.173093584747186,1207.2433800827728,0.39965185844994267
122,1449.6273830611121,2.3833505122141307,19.17446219162227,1202.8732807643446,0.37261693888785885
123,1449.6784747209922,2.3637021715817403,19.168825792377607,1199.3791707676132,0.32152527900780115
124,1449.6881161350589,2.3520092046157193,19.15945476857176,1197.3773967596292,0.3118838649411373
125,1449.6597559725526,2.328006059240213,19.159600745386474,1196.2016411024113,0.34024402744739746
126,1449.7009019724148,2.2973689459703546,19.16081201985353,1196.1571639315341,0.2990980275851598
127,1449.7579667884195,2.2686749244466724,19.15905589816124,1197.5973088354315,0.2420332115805195
128,1449.793305120852,2.2778145904042204,19.155605125132254,1200.5470299596607,0.2066948791480172
129,1449.8448784373352,2.261474671085502,19.154175632182376,1202.934344751881,0.15512156266481725
130,1449.9553941652412,2.24684391804412,19.147242528512074,1205.9451318590202,0.0446058347588405
131,1450.092743406999,2.2266041394897487,19.14247462452716,1209.480943893838,0.09274340699903405
132,1450.185192079655,2.252824632775227,19.141926806853938,1214.506263315164,0.18519207965505302
133,1450.2086722098954,2.2403752008254614,19.144519667391574,1217.7898582927155,0.20867220989543966
134,1450.1663700608374,2.2113833649072863,19.147361086207717,1221.639682250425,0.16637006083738015
135,1450.1667880384946,2.2200960832790817,19.151118281743717,1226.9941810505525,0.16678803849458745
136,1450.1141070941378,2.2528692732790474,19.153985447218716,1231.6332669288201,0.11410709413780751
137,1450.0984551874315,2.2741550089989744,19.15033643012797,1234.674795232882,0.09845518743145476
138,1450.0356947795913,2.2803104826852914,19.148688238103453,1236.369063997389,0.035694779591267434
139,1450.0488066183484,2.3189772327879057,19.148118380564778,1237.6595235013983,0.04880661834840794
140,1450.0309227457283,2.307117409196495,19.143485296461286,1237.0945891800131,0.030922745728275913
141,1449.9623371353412,2.299431819268854,19.13864339176398,1237.0302256795626,0.0376628646588415
142,1449.9594813876172,2.312430889860298,19.133973769622518,1237.304036681202,0.040518612382811625
143,1449.9668087450252,2.359934373640389,19.129275734443286,1237.0289951691836,0.03319125497478126
144,1449.9221902579118,2.385799037232666,19.12562751307356,1234.2539741066516,0.07780974208822045
145,1449.9066122031138,2.4102289615380337,19.12714774281228,1230.7403457312994,0.0933877968861907
146,1449.9091081124714,2.443027308122803,19.11712337782571,1225.8686218219711,0.09089188752864175
147,1449.9614358168203,2.402669880191735,19.115520660475703,1218.9405604962644,0.03856418317968746
148,1449.9662647676394,2.3694755875494136,19.116589163358814,1214.9051559032478,0.03373523236064102
149,1449.9991594120718,2.345221349475347,19.112890557028784,1211.8260727256354,0.0008405879282236128
150,1449.9870115375668,2.318022115836756,19.108136637817626,1210.0760403173572,0.012988462433213499
151,1450.0095740745523,2.313192239539152,19.100454679302622,1209.9255093563934,0.009574074552347156
152,1450.0951593129537,2.305565521916354,19.09223413073299,1210.063884157936,0.09515931295368318
153,1450.1328428884058,2.2970745891590885,19.083741465114446,1210.6205889611012,0.13284288840577574
154,1450.1100979010002,2.302454357424298,19.075187353515165,1211.6055477085033,0.11009790100024475
155,1450.1059003970593,2.331355126843263,19.06723395513769,1212.2495597377524,0.10590039705925847
156,1450.046942479702,2.3466527960252552,19.062570732241316,1211.2081840625578,0.04694247970201104
157,1449.9906678058169,2.354176000406545,19.0579833734265,1209.3545186597967,0.009332194183116371
158,1449.9137988205139,2.352041154088509,19.05331608398473,1207.1376364252603,0.0862011794861246
159,1449.861717324885,2.3394259041594716,19.048439484167794,1205.0804644480784,0.13828267511507875
160,1449.8476956185896,2.3125005010165602,19.041978085545576,1203.7795888146397,0.15230438141043123
161,1449.8328631420297,2.2938573972782006,19.042611103381805,1204.2216548148087,0.167136857970263
162,1449.8481241710651,2.2980853484626635,19.043945657870292,1205.5516819668594,0.1518758289348625
163,1449.8526676255597,2.283137835343401,19.044976022484338,1206.6437696034855,0.14733237444033875
164,1449.8765945286298,2.3117276140545564,19.046541265399785,1208.4426752040044,0.1234054713702335
165,1449.8573640958577,2.3167250046032173,19.038521821059096,1208.6125575939966,0.1426359041422529
166,1449.8221875491547,2.303546314426783,19.031609671190775,1208.4564231222594,0.17781245084529473
167,1449.798170682909,2.290529040965581,19.023217567440387,1209.0722853387583,0.20182931709109653
168,1449.766808864738,2.275985999042469,19.02417513611638,1210.4221826171645,0.2331911352619045
169,1449.748971446522,2.2552634012095853,19.025573673489607,1212.4549519949232,0.25102855347790864
170,1449.7311937468023,2.2524685818625856,19.027711843871792,1215.491441211176,0.26880625319768114
171,1449.6830982775625,2.2688159371162384,19.029668821817364,1218.5848137709522,0.3169017224374784
172,1449.7585413690108,2.274486794643383,19.023253489733968,1220.834971845524,0.24145863098920017
173,1449.7317848408848,2.260796772086466,19.019072077324694,1222.7093452967763,0.2682151591152433
174,1449.812681323804,2.2955364715081106,19.014861495512154,1225.3451492358838,0.18731867619590048
175,1449.793926553519,2.267790906050743,19.013511819348377,1225.8911845060497,0.2060734464810139
176,1449.767404142824,2.2426986084716956,19.009968353836133,1228.0161220836326,0.23259585717596565
177,1449.7071086738915,2.2418843224212184,19.006482450731625,1231.5975220986709,0.29289132610847446
178,1449.6638846920257,2.2412611209081152,19.00338025835502,1235.1249227843814,0.33611530797429623
179,1449.5998712332832,2.275375163410814,19.001618374062478,1238.582302321394,0.4001287667167617
180,1449.6187753795593,2.261938866441686,18.997945776970028,1239.8295539719727,0.38122462044066197
181,1449.6477326146144,2.227753744458975,18.994247411274085,1241.6602032266721,0.3522673853856304
182,1449.6363633804453,2.20057804757923,18.991637603279347,1245.7661824742179,0.3636366195546543
183,1449.595761849277,2.161682101250151,18.99375586148551,1251.4260353494649,0.4042381507229038
184,1449.542583664656,2.1780860476097406,18.99348675340749,1259.6342006451582,0.4574163353440781
185,1449.5432745805185,2.1985380807973525,18.99312735089143,1265.9714503081009,0.4567254194814723
186,1449.5816712277358,2.199887374062226,18.996384705703548,1270.766624056371,0.4183287722642035
187,1449.5777374495747,2.1892911761133886,18.99883348477865,1275.1983535493202,0.4222625504253301
188,1449.547425498408,2.146707421309785,19.00282020460381,1280.0624573375424,0.4525745015919256
189,1449.5908169723086,2.165323731117836,19.010247783471463,1287.7135643249173,0.4091830276913697
190,1449.568170994795,2.1709681634400346,19.01731394458179,1293.628407692327,0.43182900520491785
191,1449.59095007496,2.1834088159841065,19.02434884819434,1299.083374591253,0.40904992504010806
192,1449.6298817630693,2.1820104281705275,19.030391894166495,1303.7025558801784,0.37011823693069346
193,1449.6446176716945,2.1750355667502252,19.038042336889884,1308.3243342504456,0.3553823283054953
194,1449.7008916770553,2.1393899478539256,19.045152965921925,1313.1573789179563,0.2991083229446758
195,1449.7358621484534,2.1213826407810883,19.055041323300173,1320.0641307636831,0.2641378515465931
196,1449.703636541464,2.1090381574273214,19.06557405512766,1328.0659293266012,0.2963634585360069
197,1449.6174694763638,2.1606781243611546,19.076271362356636,1336.6680964125962,0.38253052363620554
198,1449.5815232946838,2.136006068771795,19.077332710836725,1343.5907701951958,0.4184767053161522
199,1449.6058751480132,2.149655625771533,19.080297046471475,1352.5123666965908,0.3941248519868168
200,1449.6019459662339,2.1659137914422137,19.085182388897053,1359.345873986751,0.3980540337661296
201,1449.578346090329,2.1926983171343095,19.08784381793118,1365.4024835913353,0.4216539096710221
202,1449.5901046275644,2.1901937478666507,19.088695195190223,1371.4787314403789,0.40989537243558516
203,1449.5744194120985,2.1714123435357586,19.08929406680373,1379.0294152589756,0.42558058790154973
204,1449.598151198817,2.1298740420324154,19.090517869374498,1391.0737137624749,0.4018488011829504
205,1449.6089851600452,2.1139789934040962,19.092457954152444,1408.8525242322821,0.3910148399547779
206,1449.538921022455,2.1282516959572946,19.093792570526738,1420.3321930022194,0.4610789775449575
207,1449.5317728487357,2.1363687390791175,19.095983126232397,1425.8484444293742,0.46822715126427283
208,1449.5331833439745,2.1367616772921627,19.096036941321035,1430.1104565389512,0.46681665602545763
209,1449.4969747184641,2.119582860490461,19.09714620636943,1434.2382277664265,0.5030252815358836
210,1449.4972334498125,2.116386382096109,19.097028833743163,1439.20876426687,0.5027665501875163
211,1449.4716701388866,2.104112824667389,19.096695432322363,1444.1971582915019,0.5283298611134342
212,1449.4825391874788,2.0746849560424714,19.09625662026306,1449.806225428165,0.5174608125212217
213,1449.4638289359098,2.094476757687186,19.097144854900264,1457.0040945603525,0.5361710640902402
214,1449.464739425982,2.1022898880462346,19.097481765650045,1462.9974088037648,0.5352605740179115
215,1449.4940463190571,2.1389416508464962,19.104351253400292,1468.1660155223854,0.5059536809428664
216,1449.5329471642415,2.134622212367295,19.105971720308958,1471.443294901152,0.46705283575852263
217,1449.4974226236495,2.153346404587976,19.10765584920885,1474.875123364132,0.5025773763504731
218,1449.4683781501458,2.156351904867714,19.107046374334463,1477.3235336614298,0.5316218498542185
219,1449.4680777288372,2.1869616948582116,19.10571136211077,1479.5727048148083,0.5319222711627845
220,1449.5121011939189,2.1906756437761805,19.116208612483472,1480.1427580476943,0.487898806081148
221,1449.5264928005738,2.203566053587224,19.121586979774854,1480.5342883946716,0.47350719942619435
222,1449.4575811397517,2.2025438557200663,19.131523589589268,1480.2492317846602,0.54241886024829
223,1449.4100165624711,2.2265581498739335,19.142160192484074,1480.0307407880205,0.589983437528872
224,1449.3571934730699,2.282625325251674,19.138587825109493,1478.5938252359117,0.6428065269301442
225,1449.407329335374,2.33068780191849,19.14706046683595,1473.9744021211975,0.5926706646259845
226,1449.4754479777641,2.3194310068094945,19.147563621977422,1466.4588192898145,0.5245520222358664
227,1449.4574497158858,2.3065201128698063,19.16401690384288,1460.2375680857692,0.5425502841142134
228,1449.4761841541765,2.325510909739563,19.17697674351841,1455.3619318254782,0.523815845823492
229,1449.5154985401489,2.3460216317204408,19.18973951187771,1449.6258713564607,0.48450145985111703
230,1449.5069598339867,2.359459420729867,19.202218088609442,1442.9545718325217,0.4930401660133157
231,1449.526713657857,2.3530136688581815,19.213750574186424,1435.730586869142,0.4732863421429556
232,1449.6120561236576,2.3473172461225547,19.213728403993734,1427.1420587181292,0.3879438763424332
233,1449.661348036311,2.3284433294354847,19.20413031669038,1419.8198385911105,0.33865196368901707
234,1449.696209680967,2.2963980093356673,19.204625933485186,1413.2367510524757,0.3037903190329416
235,1449.7375117190413,2.309633082749191,19.201127710264768,1409.402686629919,0.26248828095867793
236,1449.6848448805588,2.3410366220923353,19.194525493669477,1404.8743621827955,0.315155119441215
237,1449.7447748321806,2.3416492228778645,19.188111944195075,1398.5053862735522,0.25522516781938975
238,1449.725043085863,2.345988880927684,19.18160843131922,1392.0650430882115,0.27495691413696477
239,1449.7353050692257,2.3658923453594314,19.173805215537875,1385.3760728789066,0.2646949307743398
240,1449.6948201356138,2.350335387793092,19.166210272641777,1377.2386448319749,0.30517986438621847
241,1449.6822888076579,2.331476195385377,19.166339300812133,1371.1776615932636,0.31771119234213074
242,1449.648780934991,2.2968346008128844,19.163612405586598,1365.7699639970058,0.3512190650089906
243,1449.6315894152428,2.2280561878237157,19.163301342841578,1361.882385026836,0.36841058475715727
244,1449.6671850298787,2.2053469778866432,19.16350424793358,1363.7800958120847,0.3328149701212624
245,1449.6780242441766,2.1590499787812196,19.164004200823133,1367.7702653480455,0.3219757558233596
246,1449.684638538043,2.1295366667256914,19.169040299654792,1374.5108615725983,0.3153614619570817
247,1449.7358441262472,2.132194526847038,19.17455793900499,1384.5187896555121,0.2641558737527703
248,1449.755830663398,2.1501422611791643,19.176208137815955,1398.7418358976383,0.24416933660199902
249,1449.7606923442606,2.118522658799638,19.17765249187881,1405.6825331711934,0.23930765573936696
250,1449.8266819154103,2.120487381287811,19.17854737721038,1419.4910182431297,0.17331808458970954
251,1449.8193494480286,2.100536706825049,19.180156962396627,1427.322605114051,0.1806505519714392
252,1449.7595963615026,2.0869325064923885,19.181993903998134,1436.5817185345675,0.24040363849735513
253,1449.7274336128753,2.074589209073494,19.185566459623843,1444.567565859006,0.27256638712469794
254,1449.6803245246285,2.0907139202881773,19.18912445405921,1452.6493440013485,0.31967547537146856
255,1449.6908616717694,2.089494072775714,19.18905129290475,1458.8978900539425,0.3091383282305742
256,1449.7737864020644,2.1140979042540113,19.188271855934627,1464.9849374918929,0.2262135979356117
257,1449.7960300313032,2.1304568442765475,19.194621153539714,1469.6022155017417,0.2039699686968106
258,1449.7707438220389,2.1354999986229886,19.198103487988067,1473.325270377816,0.2292561779611333
259,1449.77209585702,2.102726222904589,19.200092671847578,1476.7670784882223,0.22790414297992356
260,1449.7430162035164,2.1190502042698163,19.20498649409972,1481.700028250452,0.2569837964836097
261,1449.7317983931282,2.1400521987880934,19.207909391059818,1485.7508870860147,0.2682016068717985
262,1449.8039604274904,2.1539201687671663,19.20777950632034,1488.764525091194,0.19603957250956228
263,1449.8308714739362,2.1580204278650363,19.22229798794184,1490.6595665263135,0.16912852606378692
264,1449.8898720117234,2.189456858921689,19.21788921898816,1492.3466026675608,0.11012798827664483
265,1449.8525441877925,2.2160720340315083,19.215443503064265,1492.6533243282645,0.14745581220745407
266,1449.917639476366,2.247269382141442,19.2319127238792,1491.577150156171,0.08236052363395174
267,1449.8842612296812,2.2759030423027937,19.246081763176026,1488.8952954902588,0.1157387703187851
268,1449.9172542229924,2.2916503374720056,19.252654987931265,1484.5612409259127,0.08274577700763075
269,1449.9002450657,2.297628834995321,19.258526681896555,1479.4111103693042,0.09975493430010829
270,1449.8624235622121,2.298126761851081,19.27471353968495,1474.3059655596999,0.13757643778785678
271,1449.8202342730806,2.280535386354472,19.28997350451715,1469.6315017634356,0.17976572691941328
272,1449.7888784336349,2.2716872456777577,19.30152612950108,1465.9984384082545,0.21112156636513646
273,1449.7583961729304,2.2557243546846535,19.29225258444935,1462.7591784174474,0.241603827069639
274,1449.716535783245,2.2720080495192065,19.296278403965168,1460.1040262794465,0.2834642167549646
275,1449.6579280864655,2.300068386983511,19.29750496000962,1456.5115275431633,0.3420719135344825
276,1449.7010334281122,2.3166762848487523,19.308030729616554,1452.2586717666973,0.2989665718878314
277,1449.7703485459574,2.3132507662748623,19.318556413383174,1447.3135653120041,0.22965145404259601
278,1449.819046743138,2.3273143798617273,19.309184318267008,1442.3485419920896,0.18095325686203978
279,1449.8596419411547,2.346985156139779,19.298942279582118,1436.5176829514814,0.14035805884532238
280,1449.881525777398,2.355927543354138,19.288826286765694,1429.162145370106,0.11847422260188978
281,1449.845368631514,2.387475125171325,19.280765344758866,1421.1940569017252,0.1546313684859797
282,1449.8908873189885,2.3985662054247165,19.28399508814968,1410.6127193809675,0.10911268101153837
283,1449.966903141235,2.404034995956394,19.28194619503957,1399.233499453315,0.03309685876502044
284,1450.0567391865675,2.401772644197721,19.279491685086253,1387.399120805666,0.05673918656748356
285,1450.0970510427173,2.376122233538208,19.271244385902364,1377.2604790853604,0.09705104271733944
286,1450.1092066786773,2.351565436938001,19.26833827077403,1368.3471499540844,0.10920667867731026
287,1450.1532774190912,2.353300506498801,19.264467438769973,1361.4478552562134,0.1532774190911823
288,1450.0907074725778,2.3522983439488563,19.2632586129295,1351.8055474763025,0.09070747257783296
289,1450.0476096349812,2.3324721932252883,19.262141503971723,1340.429260843289,0.04760963498119963
290,1450.0055507304492,2.3127381605679966,19.261387407567423,1331.304388512664,0.005550730449158436
291,1450.024534119791,2.278388834116365,19.261465852941367,1328.9466581659233,0.02453411979104203
292,1449.9934036962757,2.2942786894077005,19.26036928476767,1328.3277234427135,0.006596303724336394
293,1450.046620776657,2.3090771270767085,19.257887095823424,1326.9725727592988,0.04662077665693687
294,1450.149291937483,2.3043948506230443,19.255372175175914,1324.9209681358109,0.1492919374829853
295,1450.2418279639,2.287249578992457,19.252608509879913,1323.1458996122701,0.24182796390005024
296,1450.2728530050829,2.2209570921575486,19.251705533950794,1322.206321131503,0.27285300508287946
297,1450.1680651550334,2.1863793779411136,19.2533171188376,1325.053124459448,0.168065155033446
298,1450.1662463301534,2.1351503554170193,19.26055286981066,1329.3649693658404,0.16624633015339896
299,1450.2181825701362,2.106269736880754,19.26949342309682,1336.3913947494134,0.2181825701361504
300,1450.2291269105879,2.089227626334939,19.28078131165848,1345.3760382238686,0.2291269105878655
301,1450.178272120902,2.0906831472798015,19.292970416275377,1355.4491676482264,0.17827212090196554
302,1450.1552913419093,2.094703983838524,19.296860193031186,1368.2081025218147,0.15529134190933291
303,1450.07782917004,2.078661778448395,19.308243269460817,1379.5555559220063,0.07782917004010415
304,1450.0159751630915,2.114167315450715,19.31773747598376,1392.1950654549141,0.015975163091525246
305,1449.919990803054,2.0722410742092308,19.324424428432334,1406.4069266587082,0.08000919694609365
306,1449.9296997883705,2.062496910558857,19.32686853888708,1427.0206754597361,0.07030021162950106
307,1449.926206927349,2.0912704930630404,19.328457492225752,1451.2414106137949,0.07379307265091484
308,1449.9475584690863,2.107379287874343,19.32928377162371,1457.8746544602507,0.052441530913711176
309,1450.0087115271008,2.1219795568599737,19.328615211177055,1463.159365830357,0.008711527100786043
310,1450.0015176512286,2.1587787605844047,19.33520231225358,1467.5238396861184,0.0015176512285961508
311,1449.9944359497501,2.171960084746885,19.336503390316196,1470.0772682533052,0.005564050249859065
312,1449.9999493128032,2.169179705366008,19.336615436469817,1471.9272899466946,5.0687196790022426e-05
313,1450.0901903674176,2.172507776408613,19.33675775039971,1473.8814126498962,0.09019036741756281
314,1450.0899921297469,2.1567653844580756,19.336449853643096,1475.6342520570877,0.08999212974686088
315,1450.1070358576285,2.1666990694468553,19.33717929497752,1478.1328910555983,0.10703585762848888
316,1450.1232805130653,2.178170712408476,19.3368666609361,1480.0994193478361,0.12328051306531052
317,1450.117838742147,2.162527534977416,19.33463524261719,1481.4139189881168,0.11783874214688694
318,1450.057016174833,2.1434727182668807,19.334229516716064,1483.5286534478932,0.05701617483305199
319,1450.0072116095623,2.1709281245245866,19.335178726659244,1486.551832620286,0.007211609562318699
320,1449.9660807470739,2.154759121247489,19.332634659088043,1488.0962971115414,0.03391925292612541
321,1449.8492768827612,2.107039368061765,19.331850856521175,1490.470959497877,0.15072311723884013
322,1449.750475160214,2.097085085748505,19.335007161951726,1494.5173483387523,0.24952483978609052
323,1449.7230536610045,2.1109864216412855,19.337405188675373,1499.6857838484798,0.27694633899545806
324,1449.7302301738762,2.1519646944568342,19.337661921433522,1503.2934677612782,0.26976982612382017
325,1449.745667245941,2.159692678226153,19.330308329389158,1505.3733875814908,0.25433275405907807
326,1449.687951547486,2.159287656992785,19.33300511162865,1507.1023827312763,0.31204845251409097
327,1449.6892541205807,2.1866828674942056,19.3349039437253,1508.773343903298,0.31074587941930076
328,1449.6836404681849,2.19594242332871,19.329470943482477,1509.0299346555216,0.3163595318151238
329,1449.677206966127,2.216465245852348,19.345141843650865,1508.650452966519,0.32279303387304026
330,1449.679366622313,2.212570203170503,19.361241104733917,1507.3952304398579,0.32063337768704514
331,1449.670783377692,2.180579643254936,19.377931027312542,1506.352848425283,0.32921662230796755
332,1449.6940876759295,2.197855822159506,19.372665331923034,1506.8669347164712,0.30591232407050484
333,1449.7106656979217,2.1862958755546273,19.369005119721965,1506.6328509868013,0.2893343020782595
334,1449.7150392653512,2.1739667271550407,19.36704053256778,1507.0097900982826,0.2849607346488483
335,1449.7607533852874,2.1638905266092876,19.374870526404546,1507.999834626675,0.23924661471255604
336,1449.713484690356,2.1473146936511744,19.38804577287518,1509.1315289907684,0.28651530964407357
337,1449.7004821861099,2.1721201743706633,19.381954705053158,1511.493556789175,0.29951781389013377
338,1449.7545467109303,2.1902497962282492,19.375706973151477,1512.3135066214245,0.245453289069701
339,1449.7245242023566,2.2043909873795204,19.382408819276623,1512.3901086313256,0.2754757976433666
340,1449.7629733360664,2.2208165893550933,19.399402880661356,1511.6478518006354,0.2370266639336478
341,1449.7833270204148,2.2297050547027593,19.414635757335667,1510.1347360295583,0.2166729795851552
342,1449.9193262287702,2.2383987193891057,19.428364365331987,1508.1967267471607,0.08067377122983999
343,1449.9036538286487,2.2121685747393,19.440419737620566,1505.8431658689847,0.09634617135134249
344,1449.9270393109891,2.2010971929035583,19.45311643867155,1504.936972824621,0.07296068901086983
345,1449.941090785074,2.1700735122953643,19.446008538017026,1504.592157262824,0.05890921492596135
346,1449.946790232135,2.1636369449470965,19.4536249478286,1505.903354934167,0.053209767864927926
347,1449.9776477915511,2.1438928755741906,19.45710429320039,1507.4836655387678,0.022352208448864985
348,1450.0064297574932,2.145760288664559,19.454645473944304,1509.7172928278098,0.0064297574931515555
349,1450.0248821011976,2.188125453910768,19.450255445598444,1511.8313030182167,0.0248821011975906
350,1450.0902398465173,2.195031700923206,19.442832127959168,1511.9894588753216,0.09023984651730643
351,1450.05226435554,2.1942141803274704,19.439008530754624,1511.8675812313097,0.05226435554004638
352,1450.044347785048,2.2066882015886757,19.434067100251728,1511.7825179000044,0.044347785048103106
353,1450.0241117903995,2.207319271071594,19.44964687938045,1510.9839015704242,0.024111790399501842
354,1450.0049923396837,2.231425850349358,19.465472429186853,1510.1904897556296,0.004992339683667524
355,1449.9929265853891,2.2483422005138562,19.48043381231759,1508.2616171377417,0.007073414610886175
356,1449.8955111224882,2.24915380933083,19.49259805621417,1505.4415900308966,0.10448887751181246
357,1449.8433779841555,2.2284536441406257,19.50944311232634,1502.7701942405256,0.15662201584450486
358,1449.8384525751012,2.232649276102337,19.523994284267214,1501.2148633177128,0.16154742489879936
359,1449.8055683505943,2.2706904670763555,19.536709953954936,1499.4882003159794,0.19443164940571478
360,1449.747986029597,2.2969782942276824,19.55245992557257,1495.9725356254423,0.2520139704029134
361,1449.7359357140258,2.292036736962941,19.56960373131379,1491.1247109392666,0.2640642859742002
362,1449.7419563969472,2.2926763825095713,19.5829828222067,1486.8169875203696,0.2580436030527835
363,1449.8004236818247,2.3065936560392655,19.595300310821028,1482.591995195311,0.19957631817533183
364,1449.8421566097818,2.353430245085917,19.60738678900592,1477.7757328801717,0.15784339021820415
365,1449.8465558887622,2.3598650798996674,19.62105497676325,1470.6317773130322,0.15344411123783175
366,1449.825296784564,2.37648527473459,19.63305061540006,1463.3601502073209,0.1747032154360113
367,1449.8252684428599,2.3739476440843563,19.62689896733246,1453.3701961971472,0.17473155714014865
368,1449.8341689257334,2.381155236692228,19.626446922012782,1443.4048752551817,0.16583107426663446
369,1449.7525420411637,2.4173756761932585,19.626211966588404,1433.0424548128678,0.24745795883632127
370,1449.6877920424424,2.462165911742186,19.627309210212818,1420.1733096057417,0.31220795755757536
371,1449.6229506829736,2.4675437189957083,19.62636231056928,1403.6008103634836,0.37704931702637623
372,1449.6472756078265,2.4792733229232335,19.611456018996453,1388.755609772381,0.3527243921735135
373,1449.6358863850146,2.4778983696768706,19.597996966943864,1372.7564302694213,0.3641136149853992
374,1449.6102966471635,2.4908982339064156,19.590199396099543,1355.2482196086328,0.3897033528364773
375,1449.6041625604794,2.4447211097615704,19.585178235835038,1331.4650251328537,0.3958374395206192
376,1449.610911232862,2.4389451889314984,19.582841922686587,1304.5338402214713,0.38908876713799145
377,1449.6288315330253,2.4152457441158153,19.580357844800293,1295.3199774571872,0.37116846697472283
378,1449.639137851001,2.4056492881418827,19.57633680737582,1288.5544009854123,0.36086214899910374
379,1449.6070160075349,2.3649843221143794,19.570357112798007,1283.602752062155,0.39298399246513327
380,1449.624544230062,2.3400534627421146,19.571683336179095,1280.516875943545,0.37545576993807117
381,1449.5855954727067,2.3287274885816807,19.571383478062696,1278.7128934801035,0.4144045272932999
382,1449.578320191906,2.3548974037052637,19.560457207287534,1277.0471543197273,0.4216798080940407
383,1449.5925646844696,2.3243299270781708,19.56207768036539,1274.5534772506035,0.4074353155303925
384,1449.626861776628,2.3103308332996253,19.558439000369955,1273.2131213415987,0.3731382233720524
385,1449.6222662529394,2.2890659618020215,19.55500365454637,1272.6250877422906,0.3777337470605744
386,1449.60613220785,2.2300601762342533,19.559170523772387,1273.1623488926616,0.3938677921501039
387,1449.6031900146597,2.197509286233492,19.558807515903563,1277.0194098833895,0.3968099853402691
388,1449.5835803374102,2.1682990656933043,19.562705862575246,1282.7908505737464,0.41641966258976026
389,1449.49684508927,2.143553247363905,19.571100195728786,1290.0727586498817,0.503154910730018
390,1449.499096511638,2.1254873962141496,19.57417877193043,1299.1669839038364,0.5009034883619279
391,1449.5224032887709,2.1605167257236686,19.58236276239156,1308.8225071766738,0.4775967112291255
392,1449.4924653534065,2.186282708198934,19.588834217434226,1315.274343973662,0.5075346465935127
393,1449.4619787266013,2.1934224627820877,19.594457027296862,1320.029248005471,0.5380212733987264
394,1449.4596226215062,2.1854110754485854,19.601504076539243,1324.2795975965523,0.5403773784937584
395,1449.5141128328232,2.2017293264446054,19.60900676696581,1328.8638207498543,0.48588716717677016
396,1449.525187376541,2.221755278212208,19.615710100361795,1332.469466048921,0.47481262345900177
397,1449.5265135589725,2.2010757168524715,19.621153060221566,1334.9743854533347,0.4734864410274895
398,1449.5488718303557,2.2102346236508033,19.627373122799302,1338.463444418236,0.4511281696443348
399,1449.628880893536,2.2199840675917737,19.633329745051263,1341.4814808222745,0.3711191064639934
400,1449.6612871143734,2.2221614674797014,19.63784889087983,1344.210700060318,0.33871288562659174
401,1449.717288259338,2.2113148932241447,19.6374011075397,1346.9529010917163,0.28271174066208005
402,1449.769029365551,2.2124418972066486,19.637178911771926,1350.3528303592004,0.23097063444902233
403,1449.841025308373,2.228980156990267,19.6363505863295,1353.6164078610727,0.15897469162700872
404,1449.84786578452,2.25864096573733,19.638527640286757,1355.6323048898041,0.15213421547991857
405,1449.8346966618312,2.2467707841719946,19.637961791372316,1355.8882915514544,0.1653033381687692
406,1449.7837738386365,2.246875320871729,19.63852183083236,1356.7879551881938,0.2162261613634655
407,1449.7943789252272,2.2362848985704975,19.63894514945636,1357.6663050518757,0.20562107477280733
408,1449.833740464941,2.2409329302689702,19.640176983974957,1359.1098775145022,0.16625953505899815
409,1449.8145449886945,2.1934108129437493,19.640759511030673,1360.2796690474763,0.1854550113055211
410,1449.820727595531,2.1963699049975434,19.643203290169758,1364.642614710628,0.17927240446897486
411,1449.823450385251,2.2145729237759015,19.647338124236796,1368.325743231292,0.17654961474909214
412,1449.7679191610987,2.247627535629136,19.648478655707866,1370.8935297336984,0.23208083890131093
413,1449.7198675446327,2.235045417790237,19.647762581701812,1371.419164468134,0.2801324553672657
414,1449.7332142822163,2.2012847447128263,19.647320730223434,1372.605731586167,0.26678571778370497
415,1449.7689758666872,2.2081454709614463,19.64882386445963,1375.9472344737871,0.23102413331275784
416,1449.7861340507666,2.2426114176285803,19.649181746887088,1378.8747445362844,0.21386594923342273
417,1449.7822938612915,2.261015809120476,19.648484095706202,1379.4967678099529,0.21770613870853595
418,1449.8101845580602,2.264031107336362,19.648122619618007,1379.1058139877098,0.1898154419397997
419,1449.7826946380922,2.2599803670997005,19.647753382490983,1378.5575922959185,0.21730536190784733
420,1449.6756675359986,2.2896586245640465,19.64736129972261,1378.245082695287,0.3243324640013725
421,1449.5663395594925,2.3248836104858817,19.64692208431729,1373.0930445057963,0.4336604405075377
422,1449.5447842385468,2.3275594333604146,19.645711657731717,1363.531013024005,0.45521576145324616
423,1449.540471540348,2.3180172251059656,19.64500120258391,1355.444119840028,0.45952845965189226
424,1449.507459301203,2.3090091441088747,19.64397871661016,1352.534445117856,0.4925406987970291
425,1449.5023334161847,2.308729875609176,19.64353200800026,1350.3555802772314,0.4976665838153167
426,1449.505329312027,2.3230484740097217,19.641708486320365,1348.296950616748,0.4946706879729845
427,1449.5253990823749,2.297787226546548,19.641531016428655,1345.449126148882,0.4746009176251391
428,1449.5682020569184,2.2747599228695714,19.63922721233651,1344.0054697706605,0.43179794308161945
429,1449.587081370169,2.251389455887958,19.639502906586177,1343.724131460576,0.41291862983098326
430,1449.6592732802874,2.2690394407328336,19.639517542379455,1344.7358776239344,0.34072671971262025
431,1449.7266743691566,2.2978650680922725,19.640040159057357,1344.7314731687288,0.2733256308433738
432,1449.7945418246395,2.3134341149310775,19.637873779153093,1343.2947639326082,0.2054581753604907
433,1449.8283792522143,2.32050859361201,19.634220050095774,1341.0387066311725,0.17162074778570968
434,1449.7720385616872,2.321284138156139,19.631008430847444,1338.5984181588094,0.2279614383128319
435,1449.6777471406792,2.3343379862021116,19.627136062815794,1336.163801901403,0.32225285932076986
436,1449.684119691725,2.3155032824714388,19.627767262389185,1333.1114724667125,0.3158803082749273
437,1449.6921926684295,2.3176300325084904,19.62574108113545,1331.038801501305,0.30780733157052964
438,1449.766669027795,2.34536387063272,19.623751043619425,1328.891437059644,0.23333097220506716
439,1449.8457254155703,2.373772550326131,19.62511004056038,1325.3657884476402,0.154274584429686
440,1449.933134009524,2.423909433346772,19.62400624223568,1320.3470049002617,0.0668659904758897
441,1449.984845060411,2.4410002991023143,19.621991881475353,1310.5076297557528,0.015154939588910565
442,1450.0831004955971,2.4456335296790472,19.619725164612586,1300.3477334293,0.08310049559713661
443,1450.1261599864968,2.430823763650694,19.61542736085784,1291.383031321604,0.1261599864967593
444,1450.155412758661,2.4410982712909894,19.615328424804417,1285.2075749886917,0.15541275866098658
445,1450.1025557050948,2.419824344563949,19.608160231971375,1277.1072373089899,0.10255570509480094
446,1450.0988045057006,2.4112228867320398,19.607866903538483,1270.8079969848345,0.09880450570062749
447,1450.1987353726565,2.402215060178496,19.60585046730374,1265.4644748740452,0.19873537265652885
448,1450.2040609515893,2.3995340474380424,19.606572761838667,1261.0056864469316,0.20406095158932658
449,1450.1693502764256,2.4026145102199803,19.607177903511708,1256.8652760698492,0.16935027642557543
450,1450.1791115742453,2.3778313066914865,19.606613161620228,1252.9539203880763,0.17911157424532576
451,1450.2405190233505,2.3694385521015167,19.604452506073862,1249.275097082613,0.24051902335054365
452,1450.3196833054237,2.3214292919577604,19.605983645910683,1246.2912630625538,0.31968330542372314
453,1450.3360914651432,2.3089795714133867,19.60651841450932,1245.7376410020292,0.33609146514322674
454,1450.4290221562896,2.2885785964746184,19.60426681228906,1245.8315452843278,0.4290221562896477
455,1450.4659217086905,2.288108639810644,19.600446807693135,1247.057363821565,0.46592170869053007
456,1450.4811585577252,2.2855345702554266,19.596794262969617,1248.275202497419,0.48115855772516625
457,1450.46846763818,2.2494756667383644,19.593474295761403,1249.609694604479,0.46846763818007275
458,1450.4481038566314,2.2337311412048146,19.589935932468606,1253.0274656354368,0.4481038566314055
459,1450.4431376151113,2.217260003314904,19.58673501125442,1257.3133571930343,0.4431376151112545
460,1450.4520619678015,2.205106259540039,19.583957948959096,1262.5119985783854,0.45206196780145547
461,1450.4555847040092,2.184733173481265,19.5816652611371,1268.346130646887,0.4555847040091976
462,1450.4376679403365,2.159101311008989,19.580241690502678,1275.3520695935106,0.43766794033649603
463,1450.4330332962024,2.163438935236777,19.580471221056005,1283.8802022977773,0.4330332962024386
464,1450.3478093795338,2.154800709942139,19.590352146969373,1291.2908737391497,0.3478093795338282
465,1450.2734865018922,2.1561242177173345,19.59130370562467,1298.7353364221613,0.2734865018921937
466,1450.2623229621584,2.12326269661002,19.59741960453332,1306.2286732828704,0.2623229621583505
467,1450.2667264803717,2.1015754548245345,19.606762020593543,1314.2559433650333,0.2667264803717444
468,1450.2631591485986,2.0852984796814855,19.59988630489614,1323.1395491625208,0.26315914859856093
469,1450.2357383337483,2.0636043527659322,19.614061872745605,1334.2381149630874,0.2357383337482588
470,1450.2706278939418,2.0589887796244186,19.62568210203779,1346.0889563024562,0.27062789394176434
471,1450.3026810830556,2.016115229006128,19.635908759483186,1357.9976752958462,0.30268108305563146
472,1450.4484656643128,1.9995630309108388,19.65229689848911,1372.7949906550052,0.44846566431283463
473,1450.523603138501,1.9742751710770687,19.669681705637906,1388.8028508686518,0.5236031385009028
474,1450.5782216933994,1.9650255085237438,19.688377909656506,1407.376185873167,0.5782216933994277
475,1450.5482637664022,1.9909747712716142,19.68098130869473,1428.9400723966994,0.548263766402215
476,1450.545207184525,2.0174042059154873,19.69217273559516,1451.99354380097,0.5452071845249975
477,1450.5768131894283,2.0413881393080957,19.696306387608757,1479.3734438009699,0.5768131894283215
478,1450.6690609365123,2.0635631192920467,19.700486268373297,1490.4912129582647,0.6690609365123237
479,1450.6887907415053,2.0922406953653865,19.701512037900127,1497.9498230217325,0.6887907415052723
480,1450.6302186924054,2.1124790769365336,19.711460545486513,1503.709301790448,0.6302186924053785
481,1450.585759940776,2.1167618251989415,19.71581544012418,1508.10465327236,0.5857599407759153
482,1450.5440305775755,2.0901118086533934,19.718131283024675,1512.165643703193,0.5440305775755405
483,1450.5157533751385,2.074296317022992,19.722906268412526,1517.7017542232784,0.5157533751385017
484,1450.502963324665,2.10774008515394,19.728265031299824,1523.9592438839009,0.502963324664961
485,1450.4769583164682,2.1148467573277925,19.728216962279042,1527.6015805985876,0.476958316468199
486,1450.4658768369006,2.1293273300800375,19.725419344598365,1531.0798712286492,0.46587683690063386
487,1450.4282674347605,2.106722865594618,19.730140194858492,1533.949867946194,0.428267434760528
488,1450.4755530733817,2.108960922252065,19.729769488424107,1537.3675431646757,0.4755530733816613
489,1450.4917197696277,2.071089523726218,19.74355409771476,1540.7718885495212,0.49171976962770714
490,1450.5030426227922,2.0757600948775963,19.743256077267766,1546.5954641427309,0.5030426227922362
491,1450.5112694779807,2.0990717867294446,19.7438125758368,1552.351798815622,0.5112694779807043
492,1450.5328892088291,2.144836288602297,19.751840914181177,1555.8965950395534,0.5328892088291468
493,1450.514112161877,2.183017130817046,19.759736913179818,1557.2102450353802,0.5141121618769375
494,1450.4962112292897,2.164547479234642,19.775899163057762,1557.0119811818608,0.49621122928965633
495,1450.4772194127816,2.146472531500733,19.795337972020846,1557.7046502518817,0.477219412781551
496,1450.4562626973766,2.154283065464327,19.802033839186766,1558.9200720915285,0.4562626973765873
497,1450.466278903151,2.1653313457478047,19.801072293148426,1560.06941761918,0.46627890315107834
498,1450.3997694123905,2.1813797365770724,19.8202176756409,1560.6873675763832,0.39976941239046937
499,1450.3584831510288,2.2091612340114826,19.836798818876513,1560.5388587401123,0.35848315102884953
500,1450.3198859256665,2.2240488453031704,19.848343519443905,1558.9958036668902,0.31988592566654006
501,1450.28860713464,2.2474191044046874,19.858775907928873,1556.7234441974924,0.28860713463996035
502,1450.2522086788729,2.2592849577149203,19.867353898820948,1553.2754941797596,0.2522086788728757
503,1450.2424982762009,2.250409651522774,19.875604756750864,1549.278895415706,0.24249827620087672
504,1450.2691758724468,2.248551532760039,19.88604351173615,1545.8751870440167,0.26917587244679453
505,1450.2316101797044,2.2822211821986396,19.89759667768504,1542.6692973977172,0.2316101797043757
506,1450.18687871725,2.2811063632888575,19.90607291418495,1537.700632274738,0.1868787172500106
507,1450.125279380792,2.3104385439075967,19.915521334680548,1532.916763489159,0.12527938079210799
508,1450.1257335484884,2.307007470421358,19.92247573707062,1526.5935467629458,0.1257335484883697
509,1450.1262344656686,2.2957336344150874,19.928234724156766,1520.5898512353149,0.12623446566863095
510,1450.0606932419305,2.3105558086137976,19.945228671140082,1515.8190736499398,0.06069324193049397
511,1450.0197436827991,2.3525906950223834,19.961166652516166,1510.4949567371755,0.01974368279911687
512,1449.9995086721965,2.3858285864138113,19.978202327807836,1502.672368474028,0.0004913278035019175
513,1449.9884109638162,2.4172552538064247,19.995675215388083,1493.1708220101862,0.011589036183750068
514,1449.9971423846202,2.452123843054347,20.01322306529403,1482.339738051067,0.0028576153797530424
515,1449.9678199400785,2.445586369650844,20.029615595770338,1469.8454388707955,0.03218005992152939
516,1449.9099527454357,2.4308805095320802,20.024847125860056,1454.8868335742886,0.09004725456429696
517,1449.8521678915774,2.3842408977476413,20.028729962049255,1441.2624003616197,0.14783210842256267
518,1449.8553678137887,2.3592793242859975,20.01936055279848,1432.219521789024,0.1446321862113109
519,1449.8544992951781,2.3602587038604677,20.01353206590487,1424.6271980719341,0.14550070482187039
520,1449.9317306829873,2.349587444272176,20.011520568510626,1416.888422962952,0.06826931701266403
521,1449.8941622297996,2.3727009638611007,20.00741378982075,1410.1732512997228,0.10583777020042362
522,1449.8103035752226,2.3880269389401674,20.00171183574317,1401.6721431109188,0.1896964247773667
523,1449.7974320320213,2.3850601454013036,19.999378943750088,1389.0917645358427,0.20256796797866627
524,1449.7448155093427,2.3934687893452997,19.997490742513648,1373.779780340601,0.2551844906572569
525,1449.76205782913,2.405228829373818,19.994284109389962,1354.732839948319,0.2379421708699283
526,1449.7583728242491,2.37792741914784,19.993015879045732,1340.566444422031,0.2416271757508639
527,1449.6855830802278,2.3645724771485073,19.991630914427695,1335.5736586459532,0.3144169197721567
528,1449.6732258555833,2.3460405069150445,19.99162088891265,1331.2852040342173,0.32677414441673136
529,1449.672736580427,2.3379864960598575,19.990592474834518,1328.1941869001184,0.32726341957300065
530,1449.678268179155,2.3341394590366105,19.992113780825054,1325.9073676366663,0.3217318208448887
531,1449.652174099275,2.3058231570093994,19.993868823591022,1323.7926008152212,0.3478259007249562
532,1449.693010717963,2.2895002553493327,19.997008453090377,1322.9565143548984,0.30698928203696596
533,1449.7951494185088,2.2892830486066127,19.99972148527198,1322.8761175367786,0.2048505814912005
534,1449.7963077956715,2.313653754750663,20.002421737534515,1322.8080629847523,0.20369220432849033
535,1449.7981760821338,2.3380319104007055,20.004748370177534,1321.680828014582,0.20182391786624976
536,1449.7861804525685,2.3474117955454563,20.00644469703265,1319.510488970423,0.21381954743151255
537,1449.7720195150284,2.3375314299847187,20.008310961599587,1316.9831618190217,0.22798048497156742
538,1449.7516333543895,2.342494804191698,20.009613095263777,1314.9395737266059,0.24836664561053112
539,1449.7503358078084,2.3491519559573364,20.01089571730543,1312.7332970110524,0.24966419219163072
540,1449.730682698336,2.3400314726748723,20.01251258449378,1310.2897948813081,0.2693173016639321
541,1449.7095114247104,2.3299029709068084,20.01378084496382,1308.2698132617784,0.2904885752896007
542,1449.6879502670276,2.303280937070911,20.014768527145137,1306.7279566256727,0.31204973297235483
543,1449.6923971591077,2.3092831786986148,20.008907411597374,1306.4916333460558,0.3076028408922866
544,1449.756096632492,2.2920400324082038,20.007410660292944,1305.6475537165256,0.2439033675079827
545,1449.758676535016,2.2854660804692,20.005259414706014,1305.809660500937,0.2413234649839069
546,1449.757896610072,2.3039098895557566,19.99962111421565,1306.3548674097299,0.24210338992793368
547,1449.7794716784854,2.279238241423463,19.993738971821426,1306.0974641292055,0.22052832151462098
548,1449.7953869482587,2.264695344887243,19.988666370937608,1306.9103892303524,0.2046130517412621
549,1449.813985665931,2.2669370075743176,19.984852583646084,1308.3125243243421,0.18601433406888646
550,1449.7736594605642,2.264810934254328,19.98052974147392,1309.7052670935288,0.22634053943579602
551,1449.760794277699,2.238945051271372,19.980823426705026,1311.1571560011596,0.23920572230099424
552,1449.789180294284,2.2341938730360074,19.977360418440583,1313.602339606604,0.21081970571594866
553,1449.7567235528234,2.272488845466527,19.97356969207067,1316.5954544369863,0.24327644717664043
554,1449.7620729050284,2.2989841453956466,19.975408233779536,1317.4481105972907,0.23792709497161013
555,1449.7783464464335,2.278213218657037,19.977200764253595,1317.059827581411,0.22165355356651162
556,1449.810409854678,2.2685297174505448,19.97847626490966,1317.6294464700431,0.18959014532197216
557,1449.8915947991359,2.2393387326018823,19.980448147666678,1318.6494356993555,0.10840520086412653
558,1449.8949532767172,2.248343072903477,19.98443523936652,1321.0955424199603,0.1050467232828396
559,1449.896157359195,2.223462804664998,19.987154986324555,1323.018926739536,0.10384264080494177
560,1449.9014416836949,2.2488707202184224,19.991227716987648,1326.1562666799666,0.09855831630511602
561,1449.9698109692074,2.257819443499743,19.995236622611234,1327.9273971554653,0.030189030792598714
562,1449.9761876142097,2.2291669403511807,19.999926372906845,1329.2220656371235,0.023812385790279222
563,1450.0706431458188,2.2401775385176133,20.003978368286106,1331.903065868541,0.070643145818849
564,1450.1179669161513,2.245230484189816,20.009305604012024,1333.9709361920804,0.11796691615131749
565,1450.2245656170037,2.2470870840152553,20.014643068468104,1335.7428304181956,0.22456561700369093
566,1450.2643451760555,2.251148572742339,20.019688622529234,1337.387142140141,0.26434517605548535
567,1450.3156456545155,2.2813045041426334,20.024519140323648,1338.796787727412,0.3156456545154924
568,1450.296338858477,2.273230351441831,20.028177699322953,1338.7757915429504,0.2963388584769291
569,1450.2765769775935,2.2704719335676296,20.031718685297907,1339.1320361080923,0.2765769775935496
570,1450.2329630288734,2.3111490737821363,20.03523452006887,1339.6065809800643,0.2329630288734279
571,1450.1550910254814,2.336399240217343,20.033849819497508,1338.012095982535,0.15509102548139708
572,1450.13766952957,2.328406192753772,20.032424942292646,1335.3082868282722,0.1376695295700756
573,1450.148485625369,2.3361173897189706,20.027782799669613,1333.2261627669293,0.1484856253689486
574,1450.1548295452974,2.328309762681487,20.02877882642235,1331.0015951743246,0.1548295452973889
575,1450.0841773256745,2.357359485143728,20.030603148150906,1329.0658694299375,0.0841773256745455
576,1450.0924230561907,2.377663284885039,20.03000874698596,1325.3814734569848,0.09242305619068247
577,1450.1196086910852,2.382982363480883,20.027157099792653,1320.7513750951853,0.11960869108520455
578,1450.0850267752685,2.368315568655006,20.02398334166947,1316.0391142693863,0.08502677526848856
579,1450.0588333752012,2.3522156137080743,20.019095825742532,1312.667688492832,0.05883337520117493
580,1450.0530769824375,2.330988434965166,20.020716158166824,1310.1216147218672,0.053076982437460174
581,1450.0792962394792,2.3282521910118232,20.02190442995869,1308.5202818839628,0.07929623947916298
582,1450.0882095996774,2.326412015411785,20.023366260570725,1307.0502105437647,0.08820959967738418
583,1450.124663661707,2.3252300592166066,20.021347745531703,1305.4881646757208,0.12466366170701804
584,1450.1652130983048,2.314864805066934,20.017310424495736,1303.8914158232865,0.16521309830477549
585,1450.165591761671,2.290557624823502,20.0153783935101,1302.9068835095388,0.1655917616710667
586,1450.1888742242306,2.31234993156291,20.019417655720897,1303.2651557281004,0.18887422423063072
587,1450.2207180579912,2.312461536754984,20.02174304621572,1302.5309020315906,0.22071805799123467
588,1450.217637019204,2.3292652874986075,20.024503057891188,1301.7725847210754,0.2176370192039485
589,1450.240736658421,2.3198673709243116,20.025518000682894,1300.3710794889064,0.2407366584209285
590,1450.2886319677166,2.3042894345923193,20.017831034659988,1299.1840356254,0.28863196771658295
591,1450.3177367646156,2.3203746830980183,20.018886472098604,1298.943035327579,0.31773676461557443
592,1450.3531035956187,2.3171377176350267,20.011080959904714,1297.765793737077,0.353103595618677
593,1450.258674086054,2.285073586712111,20.006405513582127,1296.8040928480755,0.2586740860540431
594,1450.237078215266,2.2529465119305185,20.001878917639022,1297.5651811997757,0.23707821526591033
595,1450.2288462920653,2.2191668163336407,20.004162062959885,1300.064193311174,0.22884629206532736
596,1450.1936804075033,2.19013003942096,20.008365243118597,1304.4864291827505,0.19368040750327964
597,1450.1783248979639,2.158579203338006,20.01496944135115,1310.5363823982964,0.17832489796387563
598,1450.1905382231864,2.130391728170572,20.02425459761743,1318.3745230368495,0.19053822318642233
599,1450.1816063940935,2.1366565860451816,20.031770854290187,1328.0342271237566,0.18160639409347823
600,1450.146037602468,2.1433183938225366,20.042643608296977,1336.11362595636,0.14603760246791353
601,1450.1338131785512,2.148826985780658,20.052255886349748,1343.4569658006628,0.13381317855123598
602,1450.1581077448834,2.1745357390557705,20.05907242186941,1350.1800779070486,0.1581077448834094
603,1450.181540466875,2.1824020956570136,20.066797520155262,1355.290155553739,0.18154046687504888
604,1450.2032473383615,2.1817393043089712,20.07434447003316,1359.844065902214,0.203247338361507
605,1450.2046210759286,2.1637912486418354,20.081631366832248,1364.3799687373296,0.20462107592857137
606,1450.2439358860483,2.188890463525622,20.089721146301756,1369.8319533537606,0.24393588604834804
607,1450.2595298579492,2.2126392934374355,20.096811124966635,1373.9730565451064,0.25952985794924643
608,1450.2734059422457,2.2504149979996284,20.095802128118237,1377.225102597809,0.2734059422457449
609,1450.2785679755025,2.27260949646265,20.09658111727458,1377.9969722867722,0.278567975502483
610,1450.2166871257684,2.2677114950423185,20.095251813158473,1377.5881419614298,0.21668712576843063
611,1450.1519186114926,2.2840202698771437,20.09439432033519,1377.4449214911392,0.15191861149264696
612,1450.0919443891937,2.287031018735151,20.092326262747907,1376.5147493878837,0.0919443891937135
613,1450.0361871753119,2.288946523544178,20.090087228501364,1375.4644340580114,0.036187175311852116
614,1449.9887424346969,2.278927056589638,20.08779490264046,1374.3459856305547,0.011257565303139927
615,1450.0305557706633,2.2718567772074443,20.086483043859932,1373.7096874128404,0.03055577066334081
616,1449.9952240818195,2.2918945292072994,20.086067670167957,1373.4572986846442,0.00477591818048495
617,1449.985349567359,2.2738673259073927,20.083756877788538,1372.2419885303132,0.014650432641019506
618,1449.9273328498157,2.28681940171071,20.08336733398545,1371.9239109331638,0.07266715018431569
619,1449.9254073861568,2.2965243893138343,20.08168693733755,1370.9573298042492,0.07459261384315141
620,1449.9267244616212,2.2868231018653424,20.07924002988927,1369.5745834055283,0.07327553837876621
621,1449.8543078795085,2.285369054030314,20.078056920505514,1368.6601508527842,0.14569212049150337
622,1449.8473205279704,2.2508118425599255,20.07711340053939,1367.8431887103982,0.15267947202960386
623,1449.8131197553535,2.268231437022179,20.07759369300341,1368.8931679527632,0.18688024464654518
624,1449.806676849787,2.2505931102832406,20.078053407135133,1368.947211754263,0.19332315021301838
625,1449.8554791773865,2.2521061344392748,20.079026099223707,1369.9753812437011,0.14452082261345822
626,1449.7995491994723,2.2378096156383336,20.08079583849689,1370.8685812802178,0.200450800527733
627,1449.741347584718,2.194152094262212,20.081084367693325,1372.6325048569415,0.2586524152820857
628,1449.675960683199,2.1722087974164435,20.084184660419144,1377.0143338539433,0.3240393168009632
629,1449.6078948878437,2.1770984475294197,20.091271816663106,1382.5655476298714,0.39210511215628685
630,1449.5939359368058,2.128725404663404,20.089776746717465,1388.1436191510768,0.40606406319420785
631,1449.6058104704462,2.128098826909961,20.084517864595224,1395.201381766087,0.39418952955384157
632,1449.6188494144983,2.1207004166327543,20.084867632830967,1404.5547654938653,0.38115058550170033
633,1449.6352353785924,2.0966961239885693,20.093813272267393,1413.5376764722764,0.36476462140763033
634,1449.647208944813,2.1002236408013135,20.103719846533288,1424.3579501674647,0.35279105518702636
635,1449.6686917306783,2.1392475848863715,20.109874281284803,1435.568588859219,0.3313082693216529
636,1449.7451013526947,2.155589329270049,20.111466871965987,1448.537047596683,0.2548986473052537
637,1449.8149243199543,2.1882689213616753,20.111559001318444,1455.4794334943035,0.18507568004565655
638,1449.843313220827,2.209475176646055,20.113229892614516,1457.647705763512,0.15668677917301466
639,1449.816760756798,2.2209698576770824,20.11513484426528,1458.671279097854,0.18323924320202423
640,1449.8058469023129,2.2206202725590085,20.117455844740345,1459.2070180064163,0.19415309768714906
641,1449.8243153532549,2.196520510002042,20.120026890596456,1459.765679013565,0.17568464674513962
642,1449.8562629352866,2.1742669224349105,20.122256480238633,1461.398895646336,0.14373706471337755
643,1449.9191750100485,2.193177808598557,20.123694928244035,1464.2845731571142,0.08082498995145215
644,1449.922711867833,2.20716689381507,20.126262981031278,1466.1415207491934,0.07728813216704111
645,1449.9412153930848,2.206243790943409,20.129139371584113,1467.2066349905879,0.05878460691519649
646,1449.9567288460676,2.236702509153093,20.13212458001038,1468.2966566464163,0.0432711539324373
647,1450.0321185808968,2.2748252314426414,20.133869371805016,1467.8540939741365,0.03211858089684938
648,1450.0409342511418,2.29086495779312,20.132632476706288,1465.2902036054238,0.040934251141834466
649,1449.9820840439008,2.297916047123411,20.129994329378437,1461.8842475681495,0.017915956099159303
650,1449.9803102885664,2.2983634482918816,20.127299583963193,1458.1260987696485,0.019689711433557022
651,1449.984023056005,2.32239115948203,20.12577842198562,1454.396008616455,0.01597694399492866
652,1450.028309901873,2.349499934349683,20.124677741460385,1449.9105277224494,0.028309901872944465
653,1450.0302887555572,2.350511578495564,20.11844321355141,1443.1425030342084,0.030288755557194236
654,1449.981825142514,2.3331497688784344,20.11083565285274,1436.2550645800288,0.018174857485973916
655,1450.024358483342,2.340442258920639,20.10985662403448,1430.5290039152117,0.024358483341984538
656,1450.0004965768298,2.3366987260244185,20.10881288694954,1424.3300160678375,0.0004965768298461626
657,1450.0011226991296,2.3829202441800383,20.10578976358577,1418.6776968459155,0.0011226991296098277
658,1450.0103548997308,2.415572310482438,20.102923810520263,1409.2115714356964,0.010354899730828038
659,1449.9567569578032,2.4151978449143376,20.097623460355987,1397.072898977626,0.04324304219676378
660,1449.8658098717399,2.436780175748996,20.095459475002052,1380.413658179256,0.13419012826011567
661,1449.8352945616232,2.453124220790058,20.09400653954354,1359.5912230476847,0.16470543837681362
662,1449.8801377207901,2.4368170110353073,20.091869454866995,1332.2113230476848,0.11986227920988313
663,1449.92988906795,2.449752004481794,20.088684564161635,1323.732393113467,0.07011093205005636
664,1449.9239838219344,2.409103656211229,20.08439255605851,1314.9437142448915,0.07601617806562899
665,1449.8952767928938,2.3936742654741265,20.077624417746755,1309.883518875891,0.10472320710618988
666,1449.8793958693327,2.353618263122826,20.073988542381255,1305.4444525626195,0.1206041306672887
667,1449.910331953705,2.3097320728483948,20.075443381329645,1303.0483481906058,0.08966804629494618
668,1450.0110244781176,2.2428705061251613,20.07866176219102,1302.5327328095264,0.011024478117633407
669,1450.050235343893,2.2536126446753175,20.0828681856236,1305.5847939456983,0.050235343893064055
670,1450.1674811590003,2.249162616047378,20.08747597520451,1307.8674268377742,0.16748115900031735
671,1450.2183702910597,2.258681384537708,20.094384034632636,1310.1485462261417,0.2183702910597276
672,1450.2508929208464,2.254590356951353,20.089349207149304,1312.100868501489,0.2508929208463542
673,1450.3236283231327,2.2467878850156864,20.092913809268804,1314.0424802994519,0.32362832313265244
674,1450.335276862686,2.2497458819733294,20.099633938288353,1316.4798983950534,0.335276862685987
675,1450.332523650918,2.2607964476273987,20.094863805887815,1318.4652793546745,0.33252365091789216
676,1450.3204550321823,2.2706352182547533,20.09217695392487,1319.9635826869135,0.3204550321822808
677,1450.3012084214122,2.270172616282143,20.09606385526647,1320.9687345613509,0.3012084214121842
678,1450.2899571648538,2.31006380186239,20.09957501463913,1321.9739135422385,0.2899571648538313
679,1450.29505433719,2.334412122102996,20.10111710133768,1321.1237159232667,0.2950543371900949
680,1450.2569844909474,2.350830785060228,20.100467380626327,1319.2367296543669,0.2569844909473886
681,1450.1673293647561,2.3697888440984443,20.102225723808523,1316.7022901777116,0.16732936475614224
682,1450.1661776789579,2.3691263967494214,20.10103737123888,1313.2958530665483,0.16617767895786528
683,1450.1983254274483,2.3680715653088584,20.10259649252882,1310.0644092556106,0.19832542744825332
684,1450.217039937765,2.3900362472333594,20.104204198648013,1306.9600485326032,0.21703993776509378
685,1450.229242959984,2.441008727380755,20.097133716868225,1302.7610526228314,0.22924295998404887
686,1450.3060097337896,2.4233999965151716,20.08930437533815,1296.6055750510043,0.3060097337895513
687,1450.3269147907158,2.4224723160609907,20.087851395680545,1291.267664475722,0.3269147907158185
688,1450.3473153534144,2.4457010733692535,20.085550451663206,1285.57696302485,0.3473153534143876
689,1450.3106371793415,2.3965998055416167,20.07996447396038,1278.8262408383357,0.3106371793414837
690,1450.2253964745712,2.344809642796967,20.080465445139854,1275.0989424423578,0.22539647457119827
691,1450.1399259171344,2.3182144379347713,20.085147698943203,1273.46579819208,0.1399259171344056
692,1450.0969775796218,2.2812806165180994,20.089968309013223,1273.168103962024,0.09697757962180731
693,1450.076866738958,2.256633529290783,20.091550543653547,1274.7964573217266,0.07686673895796048
694,1450.0576098320935,2.231897596526262,20.089911770711804,1277.81980833884,0.05760983209347614
695,1450.028043147034,2.222549609957175,20.087530650527057,1282.2574709026414,0.02804314703394084
696,1449.9888049848273,2.1991266573605275,20.087204850617418,1287.1337031491687,0.011195015172688727
697,1449.9128575675802,2.167656700532734,20.087535607778527,1293.3591501723433,0.08714243241979602
698,1449.8806654078503,2.1461272641787117,20.08809699326658,1301.474710533015,0.11933459214969844
699,1449.8213056206903,2.16165174545334,20.095611937319916,1310.634930710975,0.178694379309718
700,1449.8547063960948,2.1576166107344843,20.107631493328306,1317.8769467188902,0.14529360390520196
701,1449.8682860157903,2.14005378945324,20.114901086886395,1325.7970859839381,0.13171398420968217
702,1449.908916936811,2.153996084784877,20.118355039944298,1333.773557505048,0.0910830631889894
703,1449.9738111900665,2.1967806346989254,20.12808466075815,1341.1190527397857,0.026188809933501034
704,1449.937906230923,2.1868193059141388,20.132880896678195,1345.3430803012172,0.062093769076909666
705,1449.9359337130068,2.1850373120570916,20.13897076350008,1349.9974623624403,0.06406628699323846
706,1449.9093727936672,2.1823342290334793,20.14605721279755,1354.6353690938638,0.09062720633278332
707,1449.8333574334683,2.1650738366307674,20.15349967964496,1359.3052193293397,0.16664256653166376
708,1449.7742327203166,2.17052492708163,20.161507165861046,1364.829481924845,0.22576727968339583
709,1449.7389179095608,2.1537939413827445,20.169342943204928,1369.9327895373444,0.26108209043923125
710,1449.8080274873582,2.15827083955709,20.177838986621882,1375.8910516568062,0.19197251264176884
711,1449.8597863994767,2.1551125333655086,20.18613971779186,1381.5620164122734,0.14021360052333876
712,1449.9502856981192,2.1359692903992467,20.19501790477861,1387.5273159442927,0.04971430188084014
713,1449.9885788430843,2.159954537143797,20.188376804232377,1394.2161876942403,0.011421156915730535
714,1450.0146893089354,2.1522193156245075,20.188822605180913,1401.0147268826247,0.014689308935430745
715,1450.0936642674244,2.1497773816634704,20.19570288122548,1407.7601147244131,0.09366426742440126
716,1450.1464628391748,2.1729980200997705,20.201697595938956,1414.2975189406427,0.14646283917477376
717,1450.1426824169637,2.1725310568351954,20.198688015934678,1418.8325392811762,0.14268241696368023
718,1450.1090978086581,2.1977521355405005,20.200661779867616,1424.137256768231,0.10909780865813445
719,1450.0255845900824,2.2241735798434794,20.201247075471827,1428.779587161039,0.02558459008241698
720,1449.9538177222269,2.265465585315199,20.20156454382059,1432.0724282824378,0.04618227777314132
721,1449.907583302154,2.287276512387372,20.20176414186225,1430.7196532045548,0.09241669784591977
722,1449.9358705053933,2.3007506513653584,20.20173918355356,1427.721559723601,0.0641294946067319
723,1449.8985778468232,2.3115555904651472,20.201472617306763,1423.599933991405,0.10142215317682712
724,1449.8731540943206,2.3080552060301445,20.200441946425613,1418.8167044963834,0.12684590567937448
725,1449.8743907580276,2.3320422864909753,20.19977407319463,1413.5112088292153,0.12560924197237
726,1449.9303073010183,2.375424707694206,20.19870160512418,1405.4102268880695,0.0696926989817257
727,1449.919660536872,2.3658925324826567,20.196986828614722,1392.2203026650895,0.08033946312798435
728,1449.9814278427325,2.35731016383248,20.193885108608356,1375.9545064340634,0.01857215726749928
729,1450.0028147518856,2.352126262839981,20.19182973946859,1370.6955572488284,0.0028147518855803355
730,1450.0449286300177,2.3721190775906273,20.191244296570527,1366.474161376174,0.04492863001769365
731,1450.1175847752138,2.399470692626907,20.189706175297783,1360.9330264122534,0.11758477521379973
732,1450.0860298845873,2.3876669912230284,20.186363966170724,1352.6590517258362,0.08602988458733307
733,1450.0193649623952,2.366700118939771,20.184762147527113,1346.998198579348,0.019364962395229668
734,1449.9650129046863,2.352168463720715,20.183868178752345,1342.6558614346804,0.03498709531368149
735,1449.965752198901,2.343072234902805,20.181718678863138,1338.953497485495,0.0342478010988998
736,1449.9612994929278,2.364662499528988,20.182681960568612,1336.4957692664934,0.03870050707223527
737,1450.0294494123812,2.3605007814765804,20.179950969148422,1332.3089925107724,0.029449412381154616
738,1450.0854708883855,2.3491647435956855,20.178363954430665,1328.5269500646912,0.08547088838554373
739,1450.1010594058837,2.3355537520328853,20.18023419901113,1325.9756085683935,0.10105940588368867
740,1450.0979168651395,2.311432398874175,20.181446047158524,1324.054943928875,0.09791686513949571
741,1450.024874044445,2.2934113262707623,20.182543731908684,1323.2067884793862,0.024874044444914034
742,1450.019625674821,2.251550682304434,20.18439217592152,1323.2114277698988,0.019625674821099892
743,1450.0314627328366,2.2322126459558764,20.183295540156614,1325.327765319608,0.031462732836644136
744,1450.0525816002992,2.209507435507013,20.177007195001625,1328.221786467219,0.052581600299163256
745,1450.0721157108799,2.1652843954284093,20.174169247591603,1331.8572610996105,0.07211571087987068
746,1450.0488600658116,2.1426532637691693,20.181081833346227,1338.7650697133215,0.04886006581159563
747,1450.0154770566944,2.101984766765737,20.18842305545269,1347.0070161602148,0.01547705669440802
748,1449.9892592134358,2.086510181795042,20.19366467619305,1357.6755011183668,0.010740786564156224
749,1449.957444352365,2.0708799438499224,20.203217913755605,1368.0232690530283,0.04255564763502662
750,1449.9181652934963,2.06174866067467,20.21477534609059,1379.18003682814,0.08183470650374147
751,1449.9907772876363,2.07479450091291,20.227485324538293,1390.7309376489723,0.00922271236368033
752,1450.0785570119342,2.0638268878854036,20.239704424701113,1401.2535446523354,0.07855701193420828
753,1450.1126651820425,2.0974718704018764,20.253103222762174,1412.7236451446956,0.11266518204251952
754,1450.1101554933934,2.1158292333770854,20.255936757584752,1424.7788998462738,0.11015549339344943
755,1450.1064600533148,2.121831116046448,20.26229884074389,1434.0776557571494,0.10646005331477681
756,1450.1249751022408,2.127046632246406,20.26700112355081,1443.7176999920132,0.12497510224079633
757,1450.1756593971095,2.1064567848370706,20.268771012925345,1457.1666186218508,0.17565939710948442
758,1450.2305887272457,2.1052120987316845,20.27044129300353,1475.0771259375574,0.2305887272457312
759,1450.2523838213604,2.1184511503257237,20.271962348393433,1489.0838701250493,0.252383821360354
760,1450.2714506397956,2.1477997390501407,20.274190937566804,1494.900298101226,0.2714506397956029
761,1450.2753635862211,2.1536929624984285,20.278513143889466,1498.4253062958696,0.27536358622114676
762,1450.282189007878,2.1790087789920354,20.283486771132807,1501.6249966055552,0.2821890078780598
763,1450.211239172706,2.197662856512716,20.286477205134343,1503.5674504743404,0.21123917270597303
764,1450.1480896480725,2.2388699543372956,20.286985568640368,1504.5521090602506,0.14808964807252778
765,1450.1198167548212,2.2645957493648674,20.283801654957124,1503.3802386201914,0.11981675482115861
766,1450.134340112524,2.2491828397422533,20.281176604419347,1500.778677740416,0.134340112523887
767,1450.16174204517,2.248706130707298,20.27767502707358,1499.1470216039565,0.1617420451700582
768,1450.1763236267589,2.211530753288809,20.274676316009515,1497.5779363741178,0.17632362675885815
769,1450.2188737721997,2.217650781824687,20.275050280833483,1497.9974127666878,0.21887377219968585
770,1450.2198596707728,2.2249208089910524,20.274911458916588,1498.0886704051102,0.2198596707728484
771,1450.282781344418,2.2207275127462043,20.274112222079438,1497.7974874795923,0.2827813444180265
772,1450.3117855231633,2.2299716860814964,20.273747248480255,1497.7348220219872,0.31178552316328023
773,1450.244902979699,2.224342645409253,20.272717074789412,1497.18485196492,0.24490297969896346
774,1450.253722167267,2.2413776202010363,20.272137679473648,1496.9482424730825,0.25372216726691477
775,1450.2381574546516,2.240592585589049,20.270361412172207,1495.8079931807367,0.23815745465162763
776,1450.2521377099727,2.2144344123696484,20.26885387647758,1494.7323116820169,0.25213770997265783
777,1450.2760922289804,2.2381176623162604,20.269351048954903,1495.0767567241571,0.27609222898036023
778,1450.2446254680165,2.266047017881211,20.26806253656007,1494.1550738374515,0.24462546801646567
779,1450.2459649071402,2.29221850257721,20.264214178229704,1491.7769967928364,0.24596490714020547
780,1450.22474586436,2.293986785578743,20.26396253828907,1487.6850983633954,0.22474586436010213
781,1450.2288041578088,2.3082814337518243,20.2597738157507,1483.8090837325137,0.22880415780878138
782,1450.2333866451418,2.3264738059888534,20.254591361544456,1479.1310231844782,0.23338664514176344
783,1450.2364696841698,2.353327752777004,20.248667827633955,1473.2940377805087,0.23646968416983327
784,1450.1968326491979,2.371945801018011,20.24786753338902,1465.3426649781413,0.1968326491978587
785,1450.160480180635,2.4072739179286535,20.24227684759433,1456.3861493350882,0.16048018063497693
786,1450.1503976014612,2.418968075202402,20.242292213544744,1444.6345568969907,0.15039760146123626
787,1450.109360074662,2.458757708464343,20.231531006011107,1433.5373259794724,0.10936007466193587
788,1450.1703609662177,2.4899969611605406,20.218465847647252,1419.3875100337161,0.17036096621768593
789,1450.1342929948346,2.526997008832745,20.207001502720356,1402.9644665247895,0.13429299483459545
790,1450.087388552875,2.5507336643976877,20.19663865799958,1382.359624162535,0.08738855287492697
791,1450.0067806046663,2.5526359405602888,20.183675188295975,1358.1754460369084,0.006780604666346335
792,1450.0048297742253,2.530491348980463,20.181034598553964,1330.7955460369085,0.004829774225299843
793,1449.9687281727536,2.4984014051426673,20.180150361254007,1304.6514522371788,0.031271827246428074
794,1449.9815344908136,2.475901779938279,20.181053744382965,1295.0697841498115,0.018465509186398776
795,1450.0064274706408,2.4505885700813574,20.176415671507062,1287.4232051388956,0.006427470640801403
796,1449.9784270499454,2.4364665007406914,20.172847898252062,1281.0099478448312,0.02157295005463311
797,1449.9000747713765,2.404587297666887,20.173246470029184,1275.024044112574,0.09992522862353326
798,1449.766355987739,2.3892334440763183,20.174709414036595,1271.1268334152603,0.23364401226103837
799,1449.6970758183727,2.3960691014969213,20.177822262278927,1267.7273854915643,0.3029241816273043
800,1449.6604124148753,2.372070469460242,20.180680798240896,1264.0725551408048,0.3395875851247183
801,1449.7186091139138,2.3383984508548403,20.183581094827392,1261.4537888217226,0.2813908860862284
802,1449.745928986498,2.3363912344741706,20.18008929661718,1260.366290643144,0.2540710135019708
803,1449.7678694820872,2.3371489836205357,20.176052155440672,1259.402563979151,0.23213051791276484
804,1449.780380306203,2.3611039157913756,20.171846752303598,1258.4106971794636,0.21961969379708535
805,1449.8172036322496,2.3685445070142763,20.16991949708065,1256.2130871929514,0.18279636775037034
806,1449.8276879102932,2.3754744022550867,20.16719429351279,1253.6573609847278,0.1723120897067929
807,1449.8452403281294,2.360884833287868,20.16343981684307,1250.7797266962814,0.15475967187057904
808,1449.886332800938,2.3208522804393312,20.15841487774609,1248.7116118346864,0.11366719906209255
809,1449.9109532528612,2.3296734782986688,20.15941655846078,1249.1605575433657,0.08904674713880922
810,1449.9385270231223,2.3104954581786323,20.1509583218029,1248.9831446430185,0.06147297687766695
811,1449.9984067147836,2.291774487503904,20.152307950094617,1249.9047812066062,0.0015932852163587086
812,1450.0221266075503,2.2549286148479313,20.154227440810846,1251.715393724353,0.022126607550262634
813,1450.027029937063,2.234081702902008,20.157321452868633,1255.3871106733716,0.02702993706293455
814,1450.0668102888385,2.2568996444890916,20.160935643197824,1260.0976951112684,0.06681028883849649
815,1450.081981203709,2.254689498465749,20.163380068234787,1263.387289932056,0.08198120370889228
816,1450.0870660427818,2.2363028582316047,20.16567711601565,1266.6927239127936,0.0870660427817711
817,1450.1517583527896,2.22703074477052,20.168402294323148,1270.8513152641767,0.15175835278955674
818,1450.1636214127077,2.2298660130032366,20.17120639653797,1275.365024333875,0.16362141270769825
819,1450.168091332879,2.21550121732869,20.167616711787645,1280.0430791993974,0.1680913328789302
820,1450.152409971735,2.178389865917897,20.164924519500527,1285.5309986752363,0.1524099717350964
821,1450.1797680898912,2.1424676246735705,20.160192681015925,1292.8763561149528,0.17976808989124038
822,1450.1876903718648,2.1064841282006124,20.15555053739192,1302.1616523947937,0.18769037186484638
823,1450.220829272007,2.1276260919636885,20.15370026701645,1313.9814640010004,0.22082927200699487
824,1450.2576418754093,2.1360418846322724,20.166921936196683,1323.5884781317695,0.25764187540926287
825,1450.2509842142636,2.1328809955067625,20.178926190355636,1332.645690927589,0.25098421426355344
826,1450.249979948646,2.1660988894291298,20.18086562494475,1340.5721694274623,0.2499799486458869
827,1450.225842847163,2.1854207352560127,20.18904025913,1346.63530662886,0.22584284716299408
828,1450.2079632425432,2.1557424152385694,20.19430871701132,1351.4247676504558,0.20796324254320098
829,1450.2726245562528,2.1392824913559663,20.20081703305533,1357.7429140660572,0.272624556252822
830,1450.249069240363,2.1454149263606332,20.208642293440644,1364.8784698754462,0.2490692403630419
831,1450.1678498841623,2.126342293498368,20.217500004616852,1371.4806762641947,0.16784988416225133
832,1450.1841504350919,2.115354104277381,20.226863693875718,1379.079203737729,0.18415043509185125
833,1450.2323234806972,2.144241244720705,20.237088973375847,1387.1671953584373,0.2323234806972323
834,1450.2715266236935,2.1661145524602636,20.246590019819426,1393.8073678045034,0.27152662369348946
835,1450.2793965546305,2.207335882850867,20.243104926372634,1399.9087246819438,0.2793965546304662
836,1450.260036131489,2.2500862536400397,20.245182875698887,1402.867132549689,0.26003613148895965
837,1450.2548309417994,2.270592917208423,20.244244211892052,1403.2753096641102,0.25483094179935506
838,1450.2253089522178,2.276794463397424,20.24345833330634,1402.645219634414,0.22530895221780156
839,1450.1758707550214,2.2769067196511346,20.24259327016278,1401.7638181759078,0.1758707550213785
840,1450.1183098199383,2.2895040195394882,20.24159517520102,1400.8545024381574,0.11830981993830392
841,1450.0740256780891,2.307630456645328,20.24085288363396,1399.1272864930438,0.07402567808912863
842,1450.0042463937784,2.310947105503195,20.240212575380383,1395.68166325284,0.004246393778430502
843,1449.9692479080757,2.297606350611918,20.239427244080833,1392.447434885571,0.030752091924341585
844,1449.9134403711805,2.3487944538470336,20.239168283903982,1390.7019500820732,0.08655962881948653
845,1449.909139305382,2.377149498074344,20.23817040564705,1380.6295139945119,0.09086069461795887
846,1449.8992962032887,2.3917586745462116,20.237121208427627,1367.8992712632091,0.10070379671128649
847,1449.9501243659408,2.3770089089173743,20.233784167916042,1360.1832410819632,0.04987563405916262
848,1450.0125934782336,2.3721079174654887,20.232592917143503,1354.9908397821657,0.012593478233611677
849,1449.9992502512232,2.3709137151142405,20.23199711487312,1350.3381453002705,0.0007497487767977873
850,1449.984330083485,2.381466352822862,20.232141579320864,1345.8459340055817,0.015669916514980287
851,1450.0286135488504,2.374823439528483,20.2297372634568,1340.4922131585872,0.028613548850444204
852,1450.0755233446735,2.3688113034706064,20.22954946922234,1335.9852718896693,0.07552334467345645
853,1450.072847808511,2.3702821466982082,20.231080719916505,1332.1940303069139,0.07284780851091455
854,1450.0262230722801,2.379313559499226,20.22837412483864,1328.081906033854,0.026223072280117776
855,1450.0231036536752,2.4010233345796097,20.224264749012967,1323.852198742141,0.02310365367520717
856,1450.0628869637121,2.4008733878548774,20.224908249987195,1319.0505318403339,0.062886963712117
857,1450.0517925948457,2.3865197505746854,20.221906520755876,1313.9215141937354,0.05179259484566501
858,1450.0469261568742,2.363906794144246,20.217128858049776,1310.0247684967803,0.04692615687417856
859,1450.0556664011244,2.3554361352991844,20.218315127976574,1307.2706884228264,0.05566640112442656
860,1450.1169302720352,2.35684486196177,20.219756305412254,1304.8922387795683,0.11693027203523343
861,1450.1485116371814,2.335605790302954,20.221180614727803,1302.4933701132077,0.14851163718140015
862,1450.0880003210304,2.3344094363818058,20.21579812080797,1301.2657372666736,0.08800032103044941
863,1450.0753503114788,2.3080264389283016,20.211599371719203,1300.1391827339598,0.07535031147881455
864,1450.0619298099102,2.3105872103382796,20.208472026896644,1300.0583921258112,0.06192980991022523
865,1450.075693667302,2.324717192473411,20.21126239492663,1299.6588385260575,0.07569366730194815
866,1450.0745680746481,2.3240422782673678,20.209370833710913,1298.6043622222262,0.07456807464814119
867,1450.0463638022306,2.3428753427930036,20.210965232568654,1297.6461195207437,0.04636380223064407
868,1450.0768839266136,2.3081423664068232,20.214521421185808,1296.011412153146,0.07688392661361831
869,1450.101650728039,2.309622146826343,20.220831027744666,1295.8769719204179,0.10165072803897601
870,1450.1343720467885,2.3080774574875638,20.22709892413446,1295.6761087019204,0.13437204678848502
871,1450.1547511059844,2.288341390725966,20.233436791642823,1295.5600060219904,0.15475110598436004
872,1450.1224502400971,2.2861343151084754,20.240362442860338,1296.4340526343567,0.12245024009712324
873,1450.1909930566526,2.2506443648140517,20.24736591898447,1297.3999228717305,0.19099305665258726
874,1450.281430397728,2.2413737282964155,20.25547753797489,1300.169343696917,0.2814303977279451
875,1450.3260991313564,2.2215836211218165,20.264017842212255,1303.356115318871,0.32609913135638635
876,1450.4106247134448,2.220856899532137,20.273324150812247,1307.5467647269954,0.410624713444804
877,1450.3809830767416,2.195556291981745,20.28288863470455,1311.6644152077188,0.38098307674158605
878,1450.2963008359177,2.1856531657435867,20.29358197919114,1317.0696295558482,0.2963008359176911
879,1450.2490059103557,2.1575860904110282,20.30485743917419,1322.958031442853,0.24900591035566322
880,1450.2094834809147,2.1439365331830746,20.317573584975978,1330.309919025971,0.20948348091474145
881,1450.240585264553,2.151674402036302,20.330448120607613,1338.6343649185833,0.2405852645529194
882,1450.1908584370185,2.168903725867041,20.331190754155823,1345.3119400743435,0.19085843701850536
883,1450.15325449292,2.2225095963161,20.331474763968412,1351.7163541477883,0.15325449292004123
884,1450.169720881136,2.281211026606575,20.33712608723484,1354.5625745003545,0.16972088113607242
885,1450.1293830607126,2.330784880834173,20.340759300897865,1354.5529399618442,0.1293830607125983
886,1450.0612563675054,2.3629349264384247,20.33887168975174,1352.1211275315575,0.06125636750539343
887,1450.0081108881643,2.3772850262054046,20.335470333953552,1347.97287302233,0.008110888164310381
888,1450.0424533893076,2.3966016838127553,20.331821350789372,1343.8372894132128,0.042453389307638645
889,1450.0684609482262,2.4025358919321724,20.32920779030126,1337.6833519358074,0.06846094822617488
890,1450.0444046863047,2.404546127811387,20.326546750855833,1332.2861213001916,0.04440468630468786
891,1450.0362833140541,2.39766226924028,20.32297646014133,1327.3626287158038,0.036283314054117
892,1449.937776127878,2.4030593672661493,20.322722021090037,1322.1923970253106,0.062223872122103785
893,1449.8664719736946,2.3943981959227347,20.319852116258275,1317.0391446931355,0.13352802630538463
894,1449.8492348268169,2.3705736302694294,20.312948405286644,1312.6328418788853,0.15076517318311744
895,1449.8651693956342,2.3546263683454995,20.314003148695058,1309.6391919247774,0.13483060436578853
896,1449.925500985691,2.3450102495406493,20.305333735820536,1307.2757462883649,0.07449901430891259
897,1449.9209340509915,2.3607258982677837,20.302494469309245,1305.1620023956773,0.07906594900850905
898,1449.8982212204824,2.366854976656356,20.302460144531977,1302.9467939177466,0.10177877951764458
899,1449.8705043796087,2.346453466930953,20.304013682661477,1300.2483553508894,0.1294956203912534
900,1449.8648346243651,2.3276805277766415,20.30256879265173,1298.3244356853725,0.13516537563486963
901,1449.8613549125455,2.297734449996272,20.308370292480877,1297.2885674432187,0.1386450874545062
902,1449.7944242684182,2.3049999237520318,20.315190749209815,1297.7643561859488,0.20557573158180276
903,1449.7782530191112,2.299814196703551,20.321846561269805,1297.879746160946,0.22174698088883815
904,1449.6998910419675,2.319658579907343,20.328644952615445,1298.2489970452816,0.30010895803252424
905,1449.642532554686,2.3328059737818747,20.334899906079837,1297.65283510095,0.35746744531388686
906,1449.5858915860504,2.3411046836771146,20.3408021879924,1296.4668076748078,0.41410841394963427
907,1449.5403103515216,2.3250094791145615,20.346286935043903,1294.9371223122575,0.45968964847838834
908,1449.5269869101444,2.2958363927113323,20.352369646969326,1294.173497517045,0.47301308985561263
909,1449.481046388327,2.2835538361606615,20.359078729828205,1294.838963466254,0.5189536116729414
910,1449.5363516955604,2.282495935972551,20.366112672302656,1296.1039890303423,0.46364830443963
911,1449.5653889912599,2.2671805897732806,20.37326787645252,1297.3962881029183,0.43461100874014846
912,1449.5703638593257,2.276920818908255,20.380794001040027,1299.4499581868927,0.4296361406743472
913,1449.6149669476906,2.252841196687964,20.388202153870807,1300.9569959065163,0.3850330523093817
914,1449.5854331699961,2.230616454731551,20.396309737566654,1303.6880835534664,0.41456683000387784
915,1449.5764676389988,2.2112459007903262,20.405135107136875,1307.5793672769996,0.4235323610012074
916,1449.5078810824737,2.1898677906298256,20.41476575401749,1312.4655330645019,0.49211891752634074
917,1449.4718521493767,2.1746035372404102,20.42546673746466,1318.452750698669,0.528147850623327
918,1449.453860185537,2.1699933039104633,20.437257009221653,1325.1017370241686,0.5461398144630039
919,1449.4182930824788,2.1412126920907064,20.449445827498632,1331.767976126619,0.58170691752116
920,1449.4700706194135,2.14465587267753,20.46319670349524,1339.9525254549158,0.5299293805865091
921,1449.5094705140539,2.120967738181596,20.476522883231926,1348.0920950135087,0.49052948594612644
922,1449.5329179602325,2.104767075678867,20.48864147884328,1357.7534885370535,0.46708203976754703
923,1449.4881122219306,2.075684772969226,20.5000758640917,1366.7832364332116,0.511887778069422
924,1449.493960611943,2.044140376948524,20.487340357447607,1377.584186227371,0.5060393880569336
925,1449.488433228206,2.0446031704622962,20.501171053468486,1390.4770210136157,0.5115667717939232
926,1449.4853049632716,2.039485152147797,20.514307992261422,1403.1068090512222,0.5146950367284262
927,1449.4595681305968,2.065565932844977,20.526681908297537,1415.8777676659606,0.5404318694031645
928,1449.5243332481766,2.0599455859831695,20.53416409108795,1428.3432852859294,0.4756667518233826
929,1449.587899868028,2.0626945414496127,20.526042266177164,1440.8046379294412,0.4121001319720108
930,1449.595784905908,2.0470860507660924,20.53911731811611,1453.858295756863,0.4042150940920237
931,1449.5439946475672,2.042011109326207,20.549216676258165,1468.7671989755218,0.4560053524328396
932,1449.513668678074,2.013350305055025,20.561731090905848,1487.3567052218239,0.4863313219259453
933,1449.511780246346,2.0013645433418983,20.56482081303307,1514.7366052218238,0.4882197536539934
934,1449.465918663296,2.0214990412203804,20.567078924517592,1542.1165052218237,0.5340813367040482
935,1449.3951108884526,2.0527863028725464,20.570542168740033,1552.7274803194707,0.6048891115474362
936,1449.3815225531973,2.0966594787130215,20.57125929034923,1560.1553259852012,0.6184774468026717
937,1449.3571908348808,2.0922703747583844,20.5757266552191,1565.0688622071455,0.6428091651191608
938,1449.4276239404767,2.108415013430952,20.578531089056472,1570.167179900905,0.5723760595233216
939,1449.3980103635495,2.114831668610369,20.578690080177555,1573.758705624563,0.6019896364505257
940,1449.4172395484604,2.1333232727847746,20.577344343440124,1577.0901746385623,0.5827604515395706
941,1449.427820064666,2.1389314228097644,20.581123131712175,1579.6439910085883,0.5721799353339065
942,1449.425768348059,2.1632017115093496,20.585153443658168,1582.5162078495064,0.5742316519410906
943,1449.4428260970737,2.1763345149986146,20.582350408886832,1583.7728646594937,0.5571739029262517
944,1449.455211308323,2.210098326894519,20.578330856186938,1584.419929727704,0.544788691677013
945,1449.49142137559,2.2373278514959574,20.57082511174829,1583.37376494819,0.5085786244098927
946,1449.46132951468,2.2879511532464076,20.58412800126526,1581.0033149043632,0.5386704853199262
947,1449.4855963144646,2.310580827847014,20.59572435800337,1576.036258728906,0.5144036855353988
948,1449.4442057559293,2.3562651291783028,20.60596424437035,1569.96810154804,0.5557942440707393
949,1449.4336669890022,2.4021455687359365,20.613145682992677,1561.4949921107623,0.5663330109978233
950,1449.4874582178343,2.4055089378322174,20.6173740707366,1550.5400147880575,0.5125417821657265
951,1449.486378524184,2.3876735272144294,20.615814235507475,1539.4272183349783,0.5136214758160804
952,1449.5284073025734,2.3835339798068866,20.631624223294875,1530.5951528238884,0.4715926974265585
953,1449.5713231411182,2.4140593573548945,20.616779499485197,1521.3501136206896,0.4286768588817722
954,1449.5901952445095,2.4266224001984953,20.600648887009573,1510.3892236675083,0.40980475549054063
955,1449.5686849447993,2.410416470054041,20.590861173731238,1497.61037735856,0.4313150552006846
956,1449.5027880088876,2.414279685820301,20.588930529521704,1485.5731851288435,0.4972119911124082
957,1449.5065804471215,2.4189301659482125,20.588718053702596,1473.2352240029045,0.49341955287854944
958,1449.45973083844,2.4113679555948084,20.58800420928439,1460.6123296407973,0.5402691615599906
959,1449.4660892773577,2.385147780054925,20.579751789633317,1450.1066680901513,0.5339107226423039
960,1449.4413427996926,2.3570391022571835,20.576520144804256,1440.7117299227293,0.5586572003073798
961,1449.4095914458426,2.381384547414317,20.575429387355396,1431.4946437088356,0.5904085541574204
962,1449.4206620340192,2.39691688336034,20.57376519072297,1418.9279556249173,0.5793379659808124
963,1449.4372825100215,2.408613696855738,20.571965803482286,1402.2062936028146,0.5627174899784677
964,1449.4728444905757,2.4120775774868974,20.569014779209066,1381.1759891956053,0.5271555094243467
965,1449.4894318937463,2.3963901839224,20.56556382340201,1372.0783091452959,0.510568106253686
966,1449.5052216576212,2.403801091631117,20.56402271433386,1366.005213904354,0.49477834237882234
967,1449.5924481183845,2.4091642690530426,20.561654481006887,1359.808134822869,0.40755188161551814
968,1449.6017996718717,2.4182018495482076,20.558631073372567,1353.4869360294424,0.39820032812826867
969,1449.561647229267,2.4085740099887025,20.554925781981513,1346.903740486757,0.4383527707329904
970,1449.4869090806149,2.4048891130978904,20.551265819346646,1341.6211085902426,0.5130909193851494
971,1449.4663606776824,2.409188466852677,20.548610756624917,1336.8977155239616,0.5336393223176401
972,1449.4714408592172,2.397539641066764,20.54609358248244,1331.1606199881426,0.5285591407828178
973,1449.477717246159,2.391504431158725,20.541989358699787,1326.1292675975228,0.5222827538409547
974,1449.4750778123744,2.393564534329357,20.540477200647185,1322.1702322345598,0.5249221876256343
975,1449.5155935871264,2.3907657307168555,20.54118784306549,1318.1697839656154,0.4844064128735681
976,1449.4882397394115,2.379772057746373,20.532729486572595,1314.4750928417182,0.5117602605885168
977,1449.5164811848306,2.3824164964600496,20.534295473416726,1311.3284484497635,0.4835188151694183
978,1449.5383307178745,2.350284681253637,20.535889743165345,1308.1007286737638,0.46166928212551284
979,1449.5090321992107,2.3487981364704855,20.532576787873495,1306.3008104371258,0.490967800789349
980,1449.4527643951283,2.341410374027736,20.536024539758767,1304.2557942322467,0.5472356048717302
981,1449.4235050274142,2.33542711111226,20.542003829741265,1302.8435666053913,0.576494972585806
982,1449.4750412449164,2.3384517281845,20.548161983797094,1301.7276093466774,0.5249587550836168
983,1449.4900284554349,2.344257773865046,20.55417656647399,1300.4928459071523,0.5099715445651327
984,1449.5170243176563,2.316180299014611,20.559972346333033,1299.0099700186668,0.4829756823437492
985,1449.5562465479752,2.2953350056760082,20.56641667318677,1298.8647676753171,0.44375345202479366
986,1449.555632993862,2.303506510216762,20.573243054043303,1299.7446027562364,0.44436700613800895
987,1449.596180698075,2.3019804896188867,20.580009976520167,1300.1965169555358,0.40381930192506843
988,1449.640016654112,2.3021044242583044,20.586839721422546,1300.719098447146,0.35998334588794023
989,1449.6731007896603,2.2937317263740864,20.593665006848344,1301.2271396955475,0.3268992103396613
990,1449.7282516540251,2.3039526057793505,20.600694678398185,1302.1425720091977,0.2717483459748564
991,1449.8071343561112,2.312513616679938,20.60761152352496,1302.5385321982753,0.19286564388880834
992,1449.8369425334267,2.291657105114084,20.614222922348173,1302.517255844444,0.1630574665732638
993,1449.9559442964996,2.313729786392873,20.621340166916326,1303.5246903204168,0.04405570350036214
994,1449.999072292224,2.3099601055369448,20.62792372322533,1303.435597824437,0.0009277077760998509
995,1450.0084880703348,2.2864376969660127,20.634650786786644,1303.5364248122632,0.008488070334806253
996,1449.9598889646024,2.298711522608004,20.641911573652962,1304.8003262567915,0.040111035397558226
997,1449.9959961608342,2.283704193588151,20.64904790992463,1305.4276645765092,0.004003839165761747
998,1450.0274201971038,2.2494852719103005,20.656506912663087,1306.7951584764614,0.02742019710376553
999,1449.9909020118307,2.2410395319343164,20.66432630714526,1309.9825236664078,0.009097988169287419
1000,1449.9629787819829,2.239164411761996,20.672870348969685,1313.5384509500104,0.03702121801711655
1001,1449.9267738878807,2.2543495015962516,20.68199839738173,1317.0685736792734,0.07322611211930052
1002,1449.892687705059,2.234123995644331,20.690898417568384,1319.6741201317006,0.107312294941039
1003,1449.9241406778917,2.2154728752770976,20.70061603261817,1323.2829171781814,0.07585932210827195
1004,1449.935038806918,2.2199317103802727,20.71111385359236,1327.8189170393646,0.06496119308189918
1005,1449.8934117924423,2.194515958336279,20.721430890148103,1331.9861834410808,0.10658820755770648
1006,1449.7484681418703,2.1686130125962784,20.73299866587008,1337.4406565692152,0.2515318581297379
1007,1449.6510578881753,2.1337214593083305,20.74586600730559,1344.223372924484,0.34894211182472645
1008,1449.63161031209,2.1156667383128442,20.76057786480633,1352.899829721945,0.3683896879099393
1009,1449.6501726948227,2.1164984704002574,20.776159869977455,1362.4291105222094,0.349827305177314
1010,1449.6185814960493,2.0966808134183608,20.792030068261774,1371.7960285512077,0.3814185039507265
1011,1449.5652355225343,2.1011493147488527,20.80813741854067,1382.519134742183,0.43476447746570557
1012,1449.4697425871664,2.094844771731914,20.809627609834255,1392.8795631448852,0.5302574128336346
1013,1449.46396143167,2.1114990117495105,20.81889903012538,1402.424640189329,0.5360385683300137
1014,1449.4620907595634,2.100609964671438,20.829338115610458,1410.7599084272665,0.5379092404366475
1015,1449.5269245810875,2.1523870714487288,20.840331148164367,1419.6231203384189,0.4730754189124582
1016,1449.5644514255807,2.1885049466440036,20.833161144281775,1425.5946632039354,0.43554857441927197
1017,1449.6265349332896,2.1961618318845817,20.838128663429863,1429.8502606364646,0.37346506671042334
1018,1449.649949646058,2.1977671860000583,20.841694558462063,1433.4224785811857,0.3500503539419242
1019,1449.6402150122706,2.21379295405174,20.84341828275231,1436.871546875028,0.3597849877294266
1020,1449.5469146110693,2.2163844609159398,20.843627383712658,1439.3826137239043,0.4530853889307309
1021,1449.556502290116,2.2262917087476057,20.843403978547215,1441.7277522524298,0.4434977098840136
1022,1449.5682899178998,2.2178911907291106,20.843412411242845,1443.3080007787526,0.43171008210015316
1023,1449.5550364517862,2.1951811610733194,20.8431406340977,1445.4612280633414,0.4449635482137637
1024,1449.51416242472,2.1715381301409105,20.843580444345573,1449.121380114269,0.485837575279902
1025,1449.4893501052643,2.1605605428388066,20.844096978801847,1455.0562965887543,0.5106498947357068
1026,1449.441733332531,2.1741441337535043,20.846165680094735,1461.2280007643164,0.5582666674690699
1027,1449.3851152367927,2.180031594223012,20.847013571846805,1467.7450494018856,0.6148847632073284
1028,1449.345312760592,2.1850946564952483,20.848009278391192,1475.0279278219552,0.6546872394080765
1029,1449.4030487557472,2.161443457519996,20.84965384619585,1484.4089115182478,0.5969512442527503
1030,1449.4547391639496,2.149277375309059,20.85066966686348,1495.0248750781745,0.5452608360503746
1031,1449.4987823146453,2.1897356912278862,20.85217426709775,1502.438390112697,0.5012176853547317
1032,1449.5321257442552,2.195024548890309,20.854092671451408,1504.4240108421104,0.46787425574484587
1033,1449.4885036567373,2.20991213889527,20.8566364900069,1506.1911774414639,0.5114963432627064
1034,1449.3991688179945,2.201737792449594,20.85934993789794,1507.143548701878,0.6008311820055496
1035,1449.3722406467582,2.179255573036798,20.861875623766164,1508.4903427947756,0.6277593532417995
1036,1449.3649647173543,2.160742703331972,20.864256639863545,1510.7962665787707,0.6350352826457311
1037,1449.3778559334894,2.154849560287659,20.865551411560485,1514.1957660897108,0.6221440665106002
1038,1449.4096165158944,2.203357398287094,20.866714932666877,1517.7125914346404,0.5903834841055868
1039,1449.449969401164,2.2219066393114995,20.869705641770345,1518.7843747514967,0.5500305988359742
1040,1449.4168393919372,2.237642886186586,20.87156112987044,1518.9427443882703,0.5831606080628262
1041,1449.3650821437043,2.248481111662959,20.872227323110224,1518.2668106484093,0.634917856295715
1042,1449.3910236093268,2.2304045381807556,20.871791689167353,1517.0208797297792,0.608976390673206
1043,1449.4722985735807,2.2242636020813435,20.87321195125015,1516.7826557184608,0.5277014264192985
1044,1449.516343183774,2.2511696336689044,20.87509337499187,1516.8734196769838,0.48365681622590273
1045,1449.5180835836256,2.269197593939006,20.874745568696355,1515.5190612805636,0.4819164163743608
1046,1449.5167352902017,2.253117397777434,20.87308765946131,1513.2086259448834,0.4832647097982772
1047,1449.5620491408315,2.247707058871192,20.87343660380098,1511.8362685402687,0.4379508591684953
1048,1449.614211476849,2.2768304605123664,20.87448615205482,1510.8007940885557,0.3857885231509499
1049,1449.6803035833914,2.28691312157916,20.872862373631133,1508.1654075732818,0.3196964166086218
1050,1449.7024417622304,2.304374140288419,20.870581846031804,1505.0349026088775,0.2975582377696355
1051,1449.679372752945,2.3284791714271673,20.867278239228867,1500.9711331693916,0.32062724705497203
1052,1449.6827965570978,2.3471347278725747,20.861788127721045,1495.522657096321,0.3172034429021551
1053,1449.5979076618362,2.328221347584549,20.855902323066744,1489.031434530051,0.4020923381638113
1054,1449.591151615188,2.367543584125877,20.853844245541765,1483.7259189648112,0.4088483848120177
1055,1449.6108653572203,2.384367397532125,20.847709222466477,1475.867933062178,0.3891346427797089
1056,1449.6179778193462,2.3381468516584736,20.841396293388947,1466.849098865414,0.3820221806538484
1057,1449.7032067274329,2.320278320340484,20.838384680298724,1461.204002397677,0.29679327256712895
1058,1449.7071876221896,2.3028107441158165,20.837882378749846,1455.4942709876211,0.29281237781037817
1059,1449.6661560306482,2.2819903140544184,20.83733417702922,1450.7778422541285,0.3338439693518467
1060,1449.6612893839188,2.27004609620093,20.83700593717588,1446.8638057904138,0.33871061608124364
1061,1449.642253767595,2.228897975679358,20.836630740613042,1446.0281348918563,0.35774623240490655
1062,1449.6074567080236,2.213525860384616,20.83633224717343,1447.5317496392954,0.3925432919763807
1063,1449.5571547315246,2.190557289256558,20.837102631791982,1449.9132631284187,0.44284526847536654
1064,1449.519961456048,2.1787250480411924,20.83801097978136,1453.9055250256904,0.4800385439521051
1065,1449.518952110321,2.159529722697277,20.841078470871288,1458.5696958315878,0.4810478896790755
1066,1449.5775802402507,2.157344147433755,20.84544234598434,1464.6481889222546,0.42241975974934576
1067,1449.6080497657658,2.144394044775735,20.846798391824386,1472.9158569032245,0.39195023423417297
1068,1449.6459416952764,2.1399576700530973,20.848325820085243,1484.0917218487023,0.3540583047235941
1069,1449.6714086106065,2.1240230769712776,20.849583523960234,1497.8470926540767,0.32859138939352306
1070,1449.694780354161,2.11334254889858,20.850200443483626,1510.3156739924316,0.3052196458390881
1071,1449.725696600873,2.124705854535779,20.85153845786201,1520.587625950153,0.27430339912689305
1072,1449.7392530795576,2.1357386067274535,20.85379012197445,1526.0603843922684,0.2607469204424433
1073,1449.7469703273546,2.1609148189541356,20.85369707455297,1530.2572554137284,0.2530296726454253
1074,1449.775270472265,2.1342934326608964,20.858251666471446,1533.107913652715,0.22472952773500765
1075,1449.8381825562933,2.1356141794377566,20.85820264296841,1537.2318942785664,0.16181744370669549
1076,1449.9017429138669,2.1555766012627973,20.86446223612322,1541.131031990761,0.0982570861331169
1077,1449.9513742235147,2.188783253733989,20.869310598518467,1544.006510974175,0.04862577648532351
1078,1449.9654046652406,2.1944704674023363,20.869493195063523,1545.297546259043,0.0345953347593877
1079,1450.0336390245216,2.18692837338217,20.869328474490224,1546.2818334386145,0.03363902452156253
1080,1450.1007621770484,2.2127929424170065,20.869477115596478,1547.6177527838086,0.10076217704840928
1081,1450.0881558969925,2.2092409218111464,20.867470962238173,1547.6176583737602,0.08815589699247539
1082,1450.1181786805212,2.1961295841939665,20.865800058644165,1547.7984734845022,0.11817868052116864
1083,1450.1381031149665,2.188145588560079,20.865293750839513,1548.6491322081179,0.13810311496649774
1084,1450.1510559363255,2.166160679685515,20.865224504028035,1549.8818479348186,0.15105593632551972
1085,1450.1929716515765,2.175861266107691,20.866023509365174,1552.1458620775584,0.19297165157649943
1086,1450.1472158073911,2.1798104971870513,20.866366418985564,1553.9153233822055,0.1472158073911487
1087,1450.108184586001,2.195760530506482,20.86634498650422,1555.4536786903875,0.10818458600101621
1088,1450.0903548653123,2.2190545906889456,20.865047321775172,1556.1598974895762,0.09035486531229253
1089,1450.0473195496993,2.253236882038413,20.861039308750897,1555.6471469581852,0.04731954969929575
1090,1450.02427803711,2.2644602604841144,20.867748690606692,1553.3064972990715,0.024278037109979778
1091,1450.0119482893201,2.2811652854375812,20.861931832244075,1550.571855864699,0.0119482893201166
1092,1450.011273916266,2.2997872365645167,20.854856210472235,1547.2803697916886,0.011273916265963635
1093,1449.9603106805848,2.326497345140507,20.84614194357227,1543.0280875293217,0.039689319415174396
1094,1449.9323010579685,2.30372403145776,20.844303855154894,1536.4835872088577,0.06769894203148397
1095,1449.8946975894826,2.3295104355271086,20.842683060461162,1531.5206012764002,0.1053024105174245
1096,1449.899574959333,2.3391678263229165,20.832967660216593,1525.5477528480455,0.1004250406670053
1097,1449.9420720616322,2.357374768986412,20.82494967518304,1518.8786399500425,0.057927938367811294
1098,1449.9504643867797,2.362169709732605,20.822678381356614,1510.7363830175955,0.04953561322031419
1099,1450.0201688450163,2.3555622634264983,20.82150021626576,1502.3121245840389,0.020168845016314663
1100,1450.085621372501,2.336670493722274,20.81349351435044,1494.9397626835819,0.08562137250100932
1101,1450.0516383958382,2.3589383140348694,20.80782676707122,1489.078209209698,0.05163839583815388
1102,1450.0515775180115,2.3570211505973995,20.801576761864958,1481.9459299187376,0.05157751801152699
1103,1450.0829952621405,2.3735740405879717,20.79506658045161,1474.7363984366882,0.08299526214045727
1104,1450.0694753211876,2.4114593970229885,20.788530752327635,1466.4498437094496,0.06947532118761046
1105,1450.0593601449434,2.45859754326078,20.781666967939067,1455.6947252591099,0.0593601449434118
1106,1450.0253951260825,2.471129125964063,20.772969264394234,1441.4720305526594,0.025395126082457864
1107,1449.9998110748277,2.434729298071387,20.765739388582887,1424.9097498811152,0.0001889251723241614
1108,1449.987078917081,2.415241748164861,20.763436806967903,1404.2636366821832,0.012921082919092441
1109,1449.981320611214,2.4175052232506533,20.761684647431068,1384.1467250331375,0.018679388786040363
1110,1449.958400849374,2.435253945580886,20.759748511682456,1375.7388168888258,0.04159915062609798
1111,1449.9355189897874,2.4314333696018693,20.75896806287801,1366.6041150016242,0.064481010212603
1112,1449.963754543772,2.4109997096969513,20.755120651562148,1359.186318402517,0.03624545622801634
1113,1449.9838908266763,2.4121477778431517,20.75164962229125,1352.950526889542,0.016109173323684445
1114,1449.974510058374,2.4080729256935482,20.74673684677225,1347.8907883527536,0.025489941625892243
1115,1449.9861987585166,2.420599171415783,20.742325686852894,1342.4625717851231,0.013801241483406557
1116,1450.0380137579477,2.410825203936036,20.73881128016335,1337.0870547828567,0.03801375794773776
1117,1450.0477747524699,2.444783772791222,20.73679074394546,1332.2627634786118,0.04777475246987706
1118,1450.120455971588,2.442239315489555,20.7329612296899,1326.0510637864315,0.12045597158794408
1119,1450.2087464820693,2.4304444184169327,20.730045078794205,1318.9484240114293,0.20874648206927304
1120,1450.3532528758722,2.3900982657212455,20.721322384168626,1313.528967213484,0.35325287587215826
1121,1450.439066484484,2.385852387708473,20.723416010781083,1310.151401454586,0.43906648448410124
1122,1450.5311360362348,2.3598926910651863,20.724999718829295,1306.9884730191325,0.5311360362347841
1123,1450.5809089354339,2.316054967707656,20.729957731539702,1304.874999612143,0.5809089354338539
1124,1450.6543211453127,2.2844064038071,20.73673138866904,1304.8551065262016,0.6543211453126787
1125,1450.70388503076,2.2753832672936336,20.7438359196167,1306.410165801937,0.7038850307599205
1126,1450.7132623898206,2.242660348464476,20.7512280480517,1308.406076126984,0.7132623898205566
1127,1450.7156621495676,2.235896578929161,20.757859755489235,1312.215743156432,0.7156621495676063
1128,1450.7624915002098,2.238033356619001,20.766101116477756,1316.251135803713,0.7624915002097623
1129,1450.8477902667528,2.246344124221733,20.775385917239092,1319.9844171663542,0.8477902667527815
1130,1450.8926011416538,2.218013812234518,20.784738699819894,1323.1169815632456,0.8926011416538131
1131,1450.8819465915642,2.1902563000563946,20.795183158529973,1327.7266438851116,0.8819465915642013
1132,1450.8282396546158,2.1914609395689517,20.806763092676825,1333.82176213449,0.8282396546157997
1133,1450.8410725855565,2.1929744805094433,20.818704696178816,1339.5723458303394,0.8410725855565033
1134,1450.8526697109735,2.206206754059045,20.830453582049493,1345.0704497179565,0.8526697109734869
1135,1450.8949006583775,2.205274149587071,20.841703991660875,1349.6847471044991,0.8949006583775372
1136,1450.8806487814372,2.213497909575583,20.852883507625684,1354.251325317002,0.8806487814372304
1137,1450.8639341060543,2.2327349704957724,20.851279938120886,1358.4656409373774,0.8639341060543302
1138,1450.919303010854,2.2616292128724895,20.852648614219234,1361.202987805708,0.919303010854037
1139,1450.9383083535795,2.299186685902659,20.847877979498328,1362.57212912577,0.9383083535794867
1140,1450.9419274868592,2.3339764188550416,20.84992956102644,1362.2012610282159,0.9419274868591856
1141,1450.94714952464,2.3390580603217326,20.851260724535386,1360.3410993204125,0.9471495246400536
1142,1450.9577126223462,2.3475009185682767,20.852522565930517,1358.3140300595117,0.9577126223462074
1143,1450.958970511949,2.342354916823391,20.85385316047143,1355.9861868145883,0.958970511949019
1144,1450.953197782236,2.3399423623396043,20.854598034058395,1353.9026539579786,0.953197782235975
1145,1450.962357504781,2.3265661504012862,20.855603955783437,1351.9646017477862,0.9623575047810391
1146,1450.9720257827883,2.3425580422093693,20.855631670887956,1350.6540516387597,0.9720257827882506
1147,1450.9471579730891,2.3097894327789987,20.856738074391412,1348.6666282321873,0.9471579730891335
1148,1450.908623730018,2.3333510817741523,20.861222595614503,1348.0531621550665,0.9086237300180073
1149,1450.9203034047423,2.3315161358002214,20.857308500024953,1346.6831196932942,0.9203034047422989
1150,1450.9554171157756,2.3335837369885737,20.85378520907182,1344.8352724426884,0.9554171157756173
1151,1450.9939693444687,2.316411818101509,20.84937147896707,1343.5682529277894,0.9939693444687236
1152,1450.9891589096853,2.321240042965602,20.847547671754803,1342.9667358081867,0.9891589096853295
1153,1450.9818920924893,2.2727057820736554,20.84272477575692,1341.919091359199,0.9818920924892609
1154,1450.9742197527185,2.2437977800038675,20.846033467352232,1343.277354531645,0.9742197527184544
1155,1450.9629303549593,2.2596616349328484,20.85565710047868,1346.058869997009,0.962930354959326
1156,1450.9518934307719,2.2496772225408743,20.848985125047637,1347.8320775112688,0.951893430771861
1157,1450.9314294403516,2.248894907036214,20.84777936449723,1350.2512059947205,0.9314294403516215
1158,1451.020144694005,2.183407736780449,20.845974193701103,1352.4325244743434,1.0201446940050118
1159,1451.1185998156006,2.131321150211838,20.858356481152978,1358.203733140238,1.1185998156006463
1160,1451.2204913268802,2.0679069141489768,20.873567550388977,1366.8169629974864,1.2204913268801647
1161,1451.2222853645956,2.0455552857965955,20.892286712264816,1379.2387375400256,1.2222853645955638
1162,1451.2411689445898,2.000359485018431,20.91279416556728,1392.8712617094607,1.2411689445898446
1163,1451.1959657779396,2.006380248368939,20.93637910567053,1409.6536457015907,1.1959657779395911
1164,1451.125307651568,2.009460276364351,20.950789237672,1424.7672447849964,1.1253076515679368
1165,1451.0599502326434,1.9992925422421124,20.96678323536517,1439.4835146330392,1.0599502326433594
1166,1451.0493512795977,2.03713269991927,20.98369061374609,1454.8814853006807,1.0493512795976585
1167,1450.9858313977884,2.0680780133561467,20.98758508768198,1471.6034521306171,0.9858313977883881
1168,1450.9018663070337,2.0806694269123605,20.99650186926165,1484.2858160443254,0.9018663070337425
1169,1450.9252118943905,2.0709894914303417,21.001379394923188,1497.3754495090063,0.9252118943904861
1170,1450.9549979575866,2.051916072962173,21.00390863656119,1517.6249951167424,0.9549979575865564
1171,1450.9746629868778,2.0578986179499403,21.00779202325969,1545.0048951167423,0.9746629868777745
1172,1451.1136596552617,2.050651283877583,21.01156588186338,1554.594394111695,1.1136596552616993
1173,1451.161804546328,2.040997651874892,21.015654753297973,1564.553360359326,1.161804546328085
1174,1451.2010767391753,2.037638262945582,21.018312173827173,1573.9837520438898,1.201076739175278
1175,1451.2169293337583,2.0404150254391378,21.02056725669191,1582.507578262175,1.216929333758344
1176,1451.2417867507113,2.069859208345847,21.022087131558163,1590.4395831836673,1.2417867507112987
1177,1451.2605716465991,2.0854894605211602,21.02648079346996,1597.0785082488067,1.2605716465991463
1178,1451.2876061403203,2.128901217449567,21.02814828171599,1602.4231015559203,1.2876061403203494
1179,1451.4093200406292,2.1773386677404165,21.032122751771137,1605.0992907850189,1.4093200406291544
1180,1451.4098752920313,2.206543862599812,21.039574808463566,1605.7820639776667,1.4098752920313018
1181,1451.5076703127927,2.2490907156696536,21.034090322008915,1605.0172748548543,1.5076703127926976
1182,1451.4897993769018,2.2856319457370002,21.02687206726892,1602.16493516409,1.4897993769018285
1183,1451.3851063851885,2.315410340178049,21.036840723355635,1597.4866231046756,1.3851063851884646
1184,1451.3691801159755,2.288174371334218,21.04505772987357,1591.3266448711713,1.369180115975496
1185,1451.316379096604,2.2924959591018066,21.035138003578336,1586.7198541764708,1.316379096603896
1186,1451.2927552068436,2.2783345731804943,21.02517259992651,1581.9303220713432,1.2927552068435944
1187,1451.2670112284213,2.2796829602784334,21.015169697580404,1578.0049013688788,1.2670112284213246
1188,1451.2727885484892,2.3111199100600306,21.004880954792977,1574.1323070897297,1.2727885484891885
1189,1451.2676829017432,2.305779706368233,20.99344315407566,1568.6354411888087,1.2676829017432283
1190,1451.304674933843,2.284323708523445,20.9820829430977,1563.6430045772222,1.304674933842989
1191,1451.314513471723,2.246251450928805,20.972153312953857,1559.9188486919809,1.314513471723103
1192,1451.342521679153,2.2152042396372904,20.98461210109093,1558.0553320397705,1.3425216791529238
1193,1451.3062735346316,2.2014733736900425,20.98165336737532,1557.8848682001324,1.3062735346316003
1194,1451.3213485597491,2.1561096787326113,20.980394503160458,1558.4215795831767,1.32134855974914
1195,1451.373613972569,2.1295092983243626,20.981198802706185,1561.0854963074685,1.3736139725690464
1196,1451.410742482839,2.1285458803806745,20.986842927847373,1564.9530331195692,1.4107424828389412
1197,1451.410824632459,2.1647519827650736,20.991767420865628,1568.788449534139,1.4108246324590255
1198,1451.342179406696,2.178765101728945,20.991985541735982,1570.9193940097166,1.3421794066960047
1199,1451.331075284928,2.1728778247309903,20.99105912760285,1572.3141492084649,1.3310752849279197
1200,1451.2621569975015,2.205342893394102,20.99041413988401,1573.9685259408948,1.2621569975015063
1201,1451.3306135628266,2.2712371750758176,20.9909451837063,1573.93500765467,1.3306135628265565
1202,1451.3730108798559,2.309656886052815,20.981329663690655,1570.5658615846437,1.373010879855883
1203,1451.4708632851493,2.344447186779993,20.969857074251838,1565.2342876536566,1.4708632851493348
1204,1451.4274590308696,2.3370656720522263,20.956944781723337,1558.081996470938,1.4274590308696133
1205,1451.4048015167427,2.3632394799394585,20.944755814607788,1551.4452596416695,1.4048015167427366
1206,1451.4430093274689,2.411744314170793,20.931452413013773,1543.4141043299376,1.4430093274688716
1207,1451.4920675268997,2.467204203283096,20.91563653325361,1533.045338639507,1.4920675268997456
1208,1451.4524124259071,2.4739308835406084,20.897250537373605,1519.5399318470531,1.4524124259071414
1209,1451.4515614328748,2.49587007704645,20.880146831542536,1504.5410974284086,1.4515614328747688
1210,1451.5220373616348,2.4813878236498854,20.861705703080197,1488.3338956938665,1.5220373616348297
1211,1451.5906452341808,2.454945924171738,20.860155421285143,1470.8737324065335,1.5906452341807835
1212,1451.6804918346966,2.4419835196036535,20.848106866657023,1457.4791504944176,1.6804918346965678
1213,1451.7044823195545,2.418712956255705,20.841395515389706,1444.0362813500444,1.7044823195544723
1214,1451.7133363664352,2.40196468182919,20.839027775937023,1428.496739357307,1.7133363664352146
1215,1451.7149118228676,2.4159603107518812,20.837589247701768,1411.4489964800932,1.7149118228676343
1216,1451.651742727829,2.438944616470704,20.835659499217012,1391.0997517497026,1.6517427278290597
1217,1451.5954133147409,2.4643090994939176,20.83507695018938,1379.2195081927441,1.595413314740881
1218,1451.6182574156542,2.479157062145981,20.832605333330214,1366.426417135542,1.6182574156541705
1219,1451.6526675815269,2.4962063490595052,20.829503091841907,1354.9131809368398,1.6526675815268845
1220,1451.6531343339575,2.4702306559512106,20.82597096293435,1343.0714912240037,1.653134333957496
1221,1451.6481506547877,2.4577971378828796,20.822919317690037,1334.9794979322876,1.6481506547877416
1222,1451.6059537193942,2.443755464429391,20.81217235216354,1327.6093198273682,1.605953719394165
1223,1451.614513151768,2.4398482911775043,20.808435803084503,1321.6702410103037,1.614513151768051
1224,1451.5347003206573,2.4594713701452307,20.804179773757514,1314.8484334363409,1.5347003206572936
1225,1451.4847400485346,2.464540109532693,20.80295782160907,1307.8723921815872,1.4847400485346043
1226,1451.4503799084168,2.4459158922316315,20.802915561954375,1300.761273232472,1.450379908416835
1227,1451.4386315258282,2.4647552221402522,20.79773949511585,1295.9429805675718,1.4386315258282139
1228,1451.3637167756985,2.4526397977491947,20.79403302031534,1289.2236852242145,1.363716775698549
1229,1451.359944293873,2.418743354961312,20.79202609455193,1283.2090107127813,1.3599442938730135
1230,1451.3572653990511,2.3982423794091376,20.793394838899705,1278.7871849087614,1.3572653990511299
1231,1451.3392276225939,2.394108149907869,20.794661823893346,1275.2092957024904,1.339227622593853
1232,1451.2977324629235,2.3628865475523035,20.79238097131819,1271.7694114533206,1.2977324629234772
1233,1451.2185365405626,2.359377657918318,20.787217291631855,1270.0075387174625,1.2185365405625816
1234,1451.1384482510393,2.35549310932414,20.779614356192592,1268.6074863746665,1.1384482510393354
1235,1451.1090744536243,2.355293821590883,20.78019354546055,1267.8138731087472,1.1090744536243164
1236,1451.070985654694,2.372381663394692,20.78084284036878,1267.0492502331279,1.0709856546939136
1237,1451.1373610630556,2.363319144190289,20.773235818133543,1265.0355705468867,1.1373610630555504
1238,1451.1875960705074,2.338232499866931,20.773798922142173,1263.9410302772844,1.1875960705074249
1239,1451.2711641862008,2.371426406483853,20.775097793912824,1263.9948363179549,1.2711641862008491
1240,1451.3139856368055,2.3861094251911052,20.775502404864902,1262.5597429886536,1.3139856368054552
1241,1451.295935125594,2.384146592090234,20.76669841385502,1260.077261683329,1.295935125594042
1242,1451.2559359052661,2.377845875150883,20.766936258004147,1258.1356943107257,1.255935905266142
1243,1451.1894690601898,2.4029282993341763,20.767438789312447,1256.49308832924,1.189469060189822
1244,1451.0821235696753,2.395343419699448,20.767362412471666,1253.7856403405679,1.082123569675332
1245,1451.0479719855555,2.372962759576454,20.767659944251537,1251.426501785109,1.0479719855554777
1246,1450.9496894100303,2.3342459851952717,20.768737473727022,1250.055179185881,0.9496894100302598
1247,1450.8839826059236,2.3315562891792556,20.77419721265818,1250.61286448842,0.8839826059236202
1248,1450.92956658468,2.318255371868878,20.779671114530053,1251.2718762582401,0.9295665846800603
1249,1450.919275251155,2.2882217080076024,20.78563672184399,1252.5225510286111,0.9192752511551134
1250,1450.965255456458,2.2689427445571577,20.79266237205745,1255.1323097996906,0.9652554564579532
1251,1450.9620026693494,2.2476558809104836,20.800261273156217,1258.5972833568892,0.962002669349431
1252,1450.8981478469095,2.207164756804443,20.80833780578417,1262.9996284294657,0.8981478469095237
1253,1450.9191076213137,2.187498452268203,20.81878634010252,1269.3640453649416,0.9191076213137421
1254,1450.9875549212297,2.1751713166508755,20.82344631877031,1276.711857085377,0.9875549212297301
1255,1451.005710214569,2.180388860569107,20.832700855855094,1284.2408225790064,1.005710214569035
1256,1450.9934544036726,2.1600631068564935,20.840966478644074,1291.2906735942468,0.9934544036725583
1257,1450.980539667955,2.1569940199442037,20.84941147517466,1299.1713916370918,0.9805396679550995
1258,1451.0280876824454,2.149347839404337,20.854905011916355,1307.9130181418218,1.0280876824454026
1259,1451.104105941569,2.1328169001520454,20.860025190209353,1316.6329701315112,1.1041059415690597
1260,1451.1401027426652,2.1396166084504173,20.86517902699216,1325.9273995381996,1.140102742665249
1261,1451.1483511215652,2.1094075247567012,20.86445211501536,1336.081285048916,1.148351121565156
1262,1451.1621227163528,2.12033086594401,20.865739417097657,1348.067832876443,1.1621227163527692
1263,1451.156588514219,2.092343261015287,20.881290198203065,1357.7734297750537,1.1565885142190382
1264,1451.1281075910697,2.0662906020584746,20.89860543472637,1368.8844995873242,1.1281075910696927
1265,1451.147697768529,2.08487315781191,20.917389824043603,1381.3341834695764,1.1476977685290422
1266,1451.1844630468622,2.1122314184707487,20.93476348936001,1392.649922978436,1.18446304686222
1267,1451.1615490074946,2.1278049363860982,20.9447081032737,1401.3116789709823,1.1615490074946138
1268,1451.1721662728971,2.1220574998898014,20.95417687185805,1408.8609222483717,1.1721662728971296
1269,1451.195015838847,2.1472550460033215,20.96410474694292,1416.5905668555804,1.1950158388469845
1270,1451.2156396323958,2.1404620390888183,20.973022544506343,1422.7972323177382,1.2156396323957779
1271,1451.2291757929956,2.1269613868842026,20.97616803224159,1429.943833428592,1.2291757929956475
1272,1451.227044069416,2.1046912855433795,20.975273656455368,1438.0582267727168,1.2270440694160243
1273,1451.212673783304,2.0865648105288956,20.971734197106,1447.861575971614,1.2126737833038987
1274,1451.2224918909078,2.0635521194967064,20.96250980581007,1458.0428867970882,1.2224918909078042
1275,1451.2018442102797,2.0629814822882904,20.96397667059542,1472.312879500473,1.2018442102796598
1276,1451.192641431812,2.067862675142824,20.973027062548194,1485.5518391758628,1.192641431812035
1277,1451.1445390747504,2.0738692629410473,20.97857210267525,1499.9031494431886,1.1445390747503552
1278,1451.1604424411485,2.0822459159134277,20.981326277239976,1520.7816516242394,1.1604424411484615
1279,1451.1688242795283,2.0970524736315923,20.983081671385744,1538.5480262827714,1.1688242795282804
1280,1451.19699592954,2.118476865049244,20.984503117300598,1544.9182390293367,1.1969959295399804
1281,1451.1780024196114,2.1199890524710243,20.98436740798113,1549.6998195666276,1.1780024196114027
1282,1451.1729180343877,2.1140494544786463,20.98473331545377,1554.2208626958368,1.1729180343877488
1283,1451.2122254945803,2.1718373209092925,20.986325267988565,1558.9350328982173,1.2122254945802524
1284,1451.2232029037173,2.2089119023471886,20.98680415261183,1560.8681436981747,1.2232029037172651
1285,1451.2428396785904,2.2092275955741214,20.983785001525984,1560.897459322482,1.2428396785903715
1286,1451.2068804059195,2.230502569536227,20.980667187603775,1560.9176750815727,1.2068804059194917
1287,1451.1384100416399,2.2669607508078453,20.98416993699726,1559.7948200667263,1.1384100416398724
1288,1451.1016188032438,2.2727945652222776,20.977263741358705,1556.9786572514897,1.1016188032438095
1289,1451.0713037573573,2.2712773952651535,20.970154834903465,1553.8832784053986,1.0713037573573274
1290,1451.071063799805,2.2664012793566073,20.970747538766084,1550.6484931105233,1.0710637998049606
1291,1451.07266606821,2.2835744577360466,20.982929559540985,1547.9338893314655,1.0726660682100828
1292,1451.0700015828645,2.257864140226321,20.985020163046553,1544.0375536700367,1.0700015828645064
1293,1451.1046665528231,2.243337467169197,20.98401232939765,1541.8688314397568,1.1046665528231188
1294,1451.1220030847328,2.2265684638764607,20.98117517317257,1540.5703019951768,1.1220030847327962
1295,1451.0866366798962,2.2691359397334385,20.980121961813424,1540.1585874662487,1.0866366798961735
1296,1450.996067146326,2.288667765830839,20.98144341852397,1537.4002353306157,0.9960671463259132
1297,1451.0463847206943,2.304148909138322,20.985085706273484,1533.4067325658489,1.0463847206942773
1298,1451.1228759765409,2.28633367810831,20.98832114783627,1528.5209200601446,1.122875976540854
1299,1451.16292096398,2.3027271118877284,20.984599875176183,1525.160896242954,1.1629209639800138
1300,1451.1877424106954,2.292333959578951,20.979802661108238,1520.93867217007,1.187742410695364
1301,1451.2389728725664,2.301381415318348,20.975826438382185,1517.4377659530714,1.2389728725663645
1302,1451.2796010583018,2.3097566543146324,20.97100117159366,1513.471520949323,1.2796010583017505
1303,1451.3430920900796,2.317383310420068,20.965885767840003,1509.0787682923326,1.3430920900796082
1304,1451.3174427488518,2.3145719112714933,20.96030626296756,1504.2785110019004,1.3174427488518177
1305,1451.2963868019526,2.3158041553065516,20.957393395706834,1499.7153804401783,1.2963868019526217
1306,1451.277823024639,2.307768136522584,20.955755646348962,1495.172966291781,1.2778230246390194
1307,1451.3019657768261,2.2914888875245643,20.955319815914763,1491.0773303757817,1.3019657768261368
1308,1451.3012073071297,2.294366986641698,20.95584683714773,1488.1343219459607,1.3012073071297436
1309,1451.3159449364784,2.2620938523129834,20.95534576473392,1485.1974754212865,1.315944936478445
1310,1451.3804486038007,2.2583215318342313,20.95671403338746,1484.1530496688501,1.3804486038006871
1311,1451.4420586447027,2.2539417146263574,20.957988315979538,1483.3312226207036,1.4420586447026835
1312,1451.3404914347154,2.2306103420940158,20.958523889374458,1482.6663250324134,1.3404914347154318
1313,1451.363570652794,2.2091962876225475,20.959289417009025,1483.3324612621595,1.3635706527938964
1314,1451.334854877075,2.196971549213096,20.95983222754218,1485.5259515244645,1.3348548770750313
1315,1451.2489933910056,2.1685877670637934,20.960066769675695,1489.0399596023965,1.2489933910055697
1316,1451.208653482886,2.1268117541223157,20.9611440980782,1498.8227526999883,1.208653482885893
1317,1451.2196053076148,2.110935536570564,20.962836627375978,1516.0153815609285,1.2196053076147564
1318,1451.238106117269,2.1609476607904177,20.964182827020835,1527.2869571311733,1.2381061172688987
1319,1451.237591668264,2.1756760179287835,20.96795134194511,1530.2805177297926,1.2375916682640309
1320,1451.1893590516365,2.1763927679452317,20.971967352721837,1532.5567973962345,1.1893590516365293
1321,1451.1754933740235,2.1830014558628186,20.976236807749178,1534.7446906224827,1.1754933740235174
1322,1451.1894910353851,2.199730377269005,20.979844835819925,1536.5942711154985,1.1894910353851174
1323,1451.2341574712375,2.2102183660588235,20.98167856908522,1537.6586034102766,1.234157471237495
1324,1451.3875309578643,2.2601934126680656,20.98221817740883,1538.161737005549,1.3875309578643282
1325,1451.4154420108123,2.2888059168387573,20.978353976711638,1536.0215506077975,1.415442010812285
1326,1451.4442964322934,2.3217871241412795,20.980628318291153,1532.0456817932077,1.444296432293413
1327,1451.400180938671,2.324206252022229,20.981114542830273,1526.0115792372708,1.4001809386709283
1328,1451.3847346174412,2.327488437282122,20.983413645345525,1519.9525249805256,1.3847346174411541
1329,1451.3893702847283,2.357758505904993,20.97683043933808,1514.2324926800834,1.3893702847283294
1330,1451.3829814446865,2.382816444302094,20.976172069006967,1506.0671585455993,1.382981444686493
1331,1451.3807901758528,2.4125290757890285,20.975128010400883,1496.1854197370087,1.3807901758527805
1332,1451.343422266409,2.4557030464454153,20.972980766566423,1484.1624344401694,1.3434222664091067
1333,1451.309475079188,2.4310929726412454,20.96777458552143,1468.625441674175,1.309475079187905
1334,1451.3222658845186,2.411763552752997,20.960622277495265,1456.0802371773177,1.3222658845186288
1335,1451.2874496319007,2.413762796273617,20.952509221395626,1444.4573576063265,1.2874496319006994
1336,1451.2670920243575,2.373108717940999,20.947240191265525,1427.6301879406303,1.2670920243574528
1337,1451.2682303164183,2.342658269697131,20.94616470620661,1413.2923370593346,1.2682303164183395
1338,1451.2473396591113,2.3272849597266525,20.94597609325707,1409.8131312216676,1.247339659111276
1339,1451.253839240111,2.3150092846219588,20.941851561211415,1407.2539104829643,1.2538392401108922
1340,1451.188173021046,2.3093715429989783,20.93938964563173,1405.28759151366,1.188173021045941
1341,1451.0562733033553,2.303299250797631,20.938115944370274,1403.6178043696436,1.0562733033552831
1342,1450.928082063357,2.3001651604261424,20.937324388841,1402.2844047650196,0.9280820633568965
1343,1450.8830005814725,2.2715281813757677,20.93684862692455,1401.125422261023,0.8830005814725155
1344,1450.9424096589782,2.247673990765998,20.93478204351419,1401.3874885377018,0.9424096589782494
1345,1450.9794371220594,2.2204656663001923,20.92806686757677,1402.7264137044842,0.9794371220593803
1346,1450.9774409933673,2.2190673281393702,20.933557411825056,1405.3708362806044,0.9774409933672814
1347,1451.005140040259,2.174914681068032,20.93916619577646,1408.0642354081897,1.0051400402589934
1348,1451.0001589921123,2.175208033843387,20.94669222463942,1412.9499753020864,1.0001589921123468
1349,1451.0446026981033,2.184738087694445,20.954283126311168,1417.7579447050207,1.04460269810329
1350,1451.0475398702042,2.1934613713241644,20.947765357595248,1422.1207227921868,1.0475398702042185
1351,1451.0407889533676,2.201355853182149,20.946700324989564,1426.6707528633278,1.0407889533676098
1352,1451.0872692758796,2.1993293257086313,20.94858651939772,1430.5599649030185,1.0872692758796347
1353,1451.1666017458567,2.2000708807276483,20.953171065745337,1434.224789582745,1.166601745856724
1354,1451.1930135851758,2.170764807233235,20.956851380379693,1437.7152462937875,1.1930135851757768
1355,1451.2429593732352,2.1614952477983014,20.96278235093671,1443.1769494063392,1.2429593732351805
1356,1451.3039710928456,2.1537812314990536,20.96870787071603,1448.998741980943,1.303971092845586
1357,1451.3410591560314,2.1604737219145953,20.974155381688956,1455.2127249446073,1.341059156031406
1358,1451.3953090328414,2.172335260931617,20.97690259730452,1461.0400136091978,1.3953090328413964
1359,1451.3387050271044,2.2404008507212745,20.978700677162287,1466.23546291079,1.3387050271044245
1360,1451.2302531951611,2.2705675605048214,20.97871614329964,1466.8417113580206,1.23025319516114
1361,1451.1936043846208,2.2881257776772785,20.97917867721355,1465.3003934640385,1.1936043846208122
1362,1451.2115694926356,2.3027718749151163,20.97889087377967,1461.9793449653885,1.21156949263559
1363,1451.2585631342104,2.3325796416112077,20.978262116033044,1456.9743168698608,1.2585631342103625
1364,1451.2226861729885,2.3141906640710435,20.97715642830716,1448.7500017496588,1.2226861729884604
1365,1451.2295278066001,2.2967294840825234,20.976285620600496,1439.7742726267343,1.2295278066001174
1366,1451.2155775042825,2.2841111493349553,20.97545334856127,1437.758771162986,1.2155775042824644
1367,1451.1992417562853,2.276937593849295,20.97421992844583,1436.775798670072,1.1992417562853461
1368,1451.1662634276552,2.3040821242962473,20.972893392470198,1436.060335260261,1.166263427655167
1369,1451.1864797559574,2.3147917608686117,20.971849788662986,1434.0393476875029,1.1864797559574072
1370,1451.1906087828293,2.3454429424207324,20.970896636865696,1430.9715853634464,1.1906087828292584
1371,1451.2230052930345,2.346538393576818,20.97008248014815,1423.4821664525116,1.2230052930344755
1372,1451.2581424130833,2.36835484198811,20.967961717485974,1419.2317259940953,1.2581424130833057
1373,1451.2564191267256,2.3839190089264304,20.96683015208277,1411.4130255087318,1.256419126725632
1374,1451.2391859859024,2.3763911120746837,20.963817000806024,1404.691068639843,1.2391859859023953
1375,1451.2302297994559,2.371618060806092,20.96290756101622,1399.4112224808475,1.2302297994558558
1376,1451.2615542751744,2.334826049394328,20.962564255287475,1394.8201662513545,1.261554275174376
1377,1451.265914401149,2.3262256712841043,20.960456269055825,1392.1647369784905,1.2659144011490753
1378,1451.3293593652866,2.3195616881541015,20.957922604927518,1390.013681443647,1.3293593652865638
1379,1451.345616024518,2.3177463178445104,20.955606781624965,1388.1517922118878,1.3456160245179944
1380,1451.3457343045827,2.263269668307205,20.951926620474662,1386.469420716422,1.3457343045827201
1381,1451.3692032012964,2.242100220448278,20.95567594328344,1387.4040032790342,1.3692032012963864
1382,1451.354805898466,2.24591349314666,20.96072988504967,1389.310490849757,1.354805898466111
1383,1451.4040894446086,2.2784857588539746,20.965408438195066,1390.9924436323208,1.404089444608644
1384,1451.4065397128425,2.2737767447462747,20.969307296945015,1391.1545553484962,1.4065397128424593
1385,1451.3777471099243,2.256909288540837,20.973275453750958,1391.5311569543244,1.3777471099242575
1386,1451.3468165580239,2.25096412692934,20.97737437227776,1392.6626889160889,1.3468165580238747
1387,1451.39190429924,2.2352262343724942,20.981625805295856,1394.0485378626245,1.3919042992399682
1388,1451.4041912806877,2.2419520484620423,20.986648224633644,1396.1510112448389,1.4041912806876553
1389,1451.38163315137,2.241416493357841,20.9914109285808,1397.8932302039357,1.381633151369897
1390,1451.3919375351788,2.2350612995062615,20.99611774188279,1399.625698564056,1.3919375351788403
1391,1451.3938084697793,2.2127431033220835,21.001145449359484,1401.6350447146933,1.3938084697792874
1392,1451.4348834835357,2.2260329810598223,21.007082019760258,1404.7062198334743,1.4348834835357138
1393,1451.4325669127477,2.2360930119070717,21.012264838439805,1407.057356103071,1.4325669127476885
1394,1451.4036246435544,2.22912374564371,21.0173871082563,1408.9346260163393,1.4036246435543944
1395,1451.3842257830702,2.210715740666749,21.022684519719117,1411.12420457505,1.3842257830701783
1396,1451.3957553308715,2.2141368070758465,21.028572185623386,1414.1515982586636,1.3957553308714523
1397,1451.3966743133892,2.2054623942588365,21.021688328483812,1416.9134265804535,1.3966743133892123
1398,1451.330039084972,2.1947409664868567,21.01454043230476,1420.0539327320728,1.330039084971986
1399,1451.2960932775793,2.2028952864640363,21.00738047295555,1423.699642588278,1.2960932775793026
1400,1451.3107905326435,2.2268846094621497,21.006328957052823,1427.620812787695,1.310790532643523
1401,1451.3323143117132,2.231319541798834,21.009204857903185,1429.765131176174,1.3323143117131622
1402,1451.3478991708018,2.2103534035002865,21.011066632812806,1431.5965495623718,1.3478991708018384
1403,1451.3307906311773,2.2422859142923404,21.014929716558065,1434.6200710281366,1.3307906311772513
1404,1451.3369449922657,2.2577986352904116,21.01503150548897,1435.7798130161889,1.3369449922656713
1405,1451.311596108794,2.2415883135257726,21.013838418228744,1436.0667235801275,1.3115961087939922
1406,1451.3001838123128,2.215490287471003,21.01365073176848,1437.2433635802818,1.3001838123127527
1407,1451.336245364473,2.187692811518848,21.015721184796423,1439.8239248795965,1.3362453644729158
1408,1451.4097370900304,2.1961350939762068,21.020263691642104,1444.026096093861,1.4097370900303758
1409,1451.5315500073575,2.1748513592375938,21.019011360476426,1447.269191617485,1.5315500073575095
1410,1451.5793949732667,2.169841550611812,21.02326207433784,1452.155002867085,1.5793949732667443
1411,1451.609204240822,2.1663146789700467,21.02701639393059,1457.3893580902898,1.6092042408220095
1412,1451.6289756995177,2.195616265489061,21.029431282354093,1462.9250216186458,1.6289756995176958
1413,1451.7275802308209,2.2031437889458485,21.031089333343278,1466.3879071332944,1.7275802308208767
1414,1451.8144244834161,2.2179499467196973,21.031467352853568,1470.139387396126,1.8144244834161327
1415,1451.741638573464,2.2438387739866608,21.03182590538031,1472.910134843634,1.741638573463888
1416,1451.7309647466386,2.2617990678100814,21.0319958736525,1473.1265046206818,1.7309647466386195
1417,1451.6945542444378,2.3326665757652876,21.031972685109725,1472.172469389084,1.694554244437768
1418,1451.7222968746205,2.3571626480832233,21.03136198455523,1465.426841981564,1.722296874620497
1419,1451.7121087790188,2.3667377678302786,21.030242122521702,1456.0254954699496,1.712108779018763
1420,1451.6734963777883,2.349909692049278,21.028695082694046,1444.2734432530835,1.6734963777882967
1421,1451.6535608616803,2.346225231197553,21.026727184173705,1430.6439785987875,1.653560861680262
1422,1451.6337873420077,2.3145526417221514,21.025762877831465,1424.4856427217221,1.6337873420077358
1423,1451.670611361364,2.3196286063261824,21.02297099363912,1422.261984725107,1.670611361364081
1424,1451.659145214313,2.349495843906807,21.021019139381362,1419.882020835505,1.6591452143129573
1425,1451.6769424235556,2.348072192596456,21.02040459698862,1415.8406518170186,1.6769424235556016
1426,1451.6981103088706,2.304888558461099,21.020063220120747,1412.0551179068946,1.6981103088705822
1427,1451.7679979650536,2.267386164887771,21.018739868063783,1410.523445025866,1.7679979650536097
1428,1451.7416507977064,2.2579201017328443,21.017930972535066,1410.8919696962482,1.7416507977063702
1429,1451.7049728013474,2.238520841551109,21.016425320943405,1411.7830010284997,1.7049728013473668
1430,1451.7354699961768,2.214695618990399,21.016912572589824,1413.7480913489385,1.7354699961767892
1431,1451.7430321360162,2.2391314318181674,21.00989205239879,1416.5013799764822,1.7430321360161543
1432,1451.7912303529897,2.273393914248406,21.00902873239032,1418.3577211104443,1.7912303529897144
1433,1451.7551519927924,2.278771722708718,21.009076408183205,1418.2499025126392,1.7551519927924346
1434,1451.7609156193896,2.2684389469473456,21.00896996987441,1417.8720137392454,1.760915619389607
1435,1451.7586135200522,2.2684391547193017,21.009447503496137,1418.0213534400743,1.7586135200522222
1436,1451.754094871206,2.279875655604623,21.009939513462882,1418.1618074320816,1.7540948712060072
1437,1451.7290780930741,2.303609691908021,21.0097710824982,1417.7351562272552,1.729078093074122
1438,1451.6808452089801,2.325514436963227,21.007259058823756,1416.1766900610453,1.680845208980145
1439,1451.738359450894,2.329864084033769,21.003891633627404,1413.634739282245,1.738359450893995
