step,temp,fuel,o2,reward,residual_fuel
0,1398.7905169938656,15.96853638291359,4.192651206788302,-0.5152411917699851,-0.031463617086410524
1,1395.1162367484042,15.94961823374033,4.352171187505148,-0.5500921793072735,-0.018918149173259735
2,1389.6050376080427,15.969593353569508,4.481345204900521,-0.6078389508198165,0.019975119829177858
3,1382.8272605555503,16.004593087732793,4.584407720888903,-0.6732298558779075,0.0349997341632843
4,1377.4887283287287,18.567582747032205,4.4594714690414285,-0.7254963426373002,0.038835993409156805
5,1374.920610100621,19.515040733487574,4.279597475873367,-0.7519110935867434,0.027664047479629517
6,1374.861627879379,19.496261941463914,4.13363540435973,-0.7560280051565382,-0.018778792023658755
7,1376.547152459066,19.458448823363746,4.017036593729693,-0.7364319080169912,-0.037813118100166326
8,1379.360225581747,19.338795599706888,3.9312036304503013,-0.7067579678334619,-0.041415354609489446
9,1382.8365025666994,19.296259326108217,3.8642966648396837,-0.6717470662319238,-0.04253627359867096
10,1386.6822501032802,19.253308612473727,3.8129428853571876,-0.6332189429707796,-0.04295071363449097
11,1390.6857843757268,19.210212076075795,3.7743546351359796,-0.593156738519076,-0.04309653639793396
12,1394.4974546850606,19.167119086154226,3.7462338290909796,-0.5550258077970306,-0.043092989921569826
13,1398.1068338678551,19.12427600360704,3.7266759048398357,-0.518956652058887,-0.04284308254718781
14,1401.6951463409464,19.081730616458184,3.7141152159917024,-0.4830783061303691,-0.04254538714885712
15,1405.139481285375,18.344691532608056,3.7640462850684653,-0.4486219065471323,-0.04237819314002991
16,1423.953946524683,18.302637547012353,3.808426413414292,-0.2604929555076023,-0.04205398559570313
17,1446.5301961141222,18.258131301160837,3.8484551690688558,-0.03494326488435945,-0.044506245851516725
18,1466.4676596284062,18.213603883739495,3.88491752925727,-0.16467871344104423,-0.04452741742134095
19,1483.0091277014722,16.752256769309657,4.034237950802976,-0.33011051918219436,-0.04471983909606934
20,1495.1403291582676,16.707451430330888,4.1603421887718,-0.4514118415709459,-0.0448053389787674
21,1503.976578207823,16.663092527161258,4.2673726734732575,-0.5398104256591432,-0.04435890316963196
22,1508.9539158146092,15.744022245006466,4.4302440943861425,-0.5897130812212913,-0.04261967241764069
23,1510.556053249157,15.720240188436414,4.565742129197613,-0.6074442940763288,-0.0237820565700531
24,1509.432385662705,15.642897547525678,4.683170958358244,-0.5996418283334402,0.02939766049385071
25,1506.306888222437,15.683719028276716,4.776126666862987,-0.5642112642500888,0.0408214807510376
26,1501.7752888129273,15.726582456869398,4.848847548452282,-0.5179570829134378,0.042863428592681885
27,1492.4790802464286,15.770075662178312,4.90492440661766,-0.4248537801359089,0.043493205308914186
28,1483.7704973400096,16.447172043453783,4.895575114035438,-0.3377784468536174,0.044227939844131474
29,1475.790619226322,16.49135297311458,4.884298228546136,-0.257910893281553,0.04418092966079712
30,1468.502676007446,16.535415367018313,4.871450403615095,-0.18503861365016747,0.0440623939037323
31,1454.0227214583686,16.57928462399158,4.857330191491786,-0.04024652827673208,0.0438692569732666
32,1440.8376358107787,16.62359903825435,4.8421302436171185,-0.09166815762116358,0.044314414262771606
33,1429.9116972512445,17.822840608967052,4.73166426520125,-0.2008831964667229,0.044312724471092226
34,1416.7609426550193,18.396346390384352,4.594215270442815,-0.3324097771722836,0.044120687246322635
35,1406.764984998526,18.74991850435546,4.45261318158718,-0.43236328628240245,0.04425204992294312
36,1399.2124394554555,18.947729770725253,4.32033433203782,-0.507937921505511,0.04362888932228089
37,1394.2973478800498,18.989575527494434,4.2084460401641675,-0.5572048344548125,0.0418457567691803
38,1391.481696092934,19.021257822101596,4.114108563712475,-0.5861993852868614,0.03168229460716248
39,1390.3078781325032,19.020926256759683,4.036778928541828,-0.6001226046698753,-0.00033156534191221
40,1394.259876527272,18.904113577413032,3.982914559858106,-0.5599865114301655,-0.026184332370758057
41,1398.67398508034,18.70128389590208,3.955321019110529,-0.5149364764847519,-0.04294760525226593
42,1403.2692409779734,18.658143779568118,3.936219726004327,-0.4673268413284359,-0.04314011633396149
43,1407.9298280317628,18.615011545948427,3.9240814317886423,-0.4207025079537993,-0.043132233619689944
44,1412.5732735908296,18.571970829300326,3.917645317896264,-0.3742764157888632,-0.04304071664810181
45,1424.3406529991184,18.529093494944018,3.915871640268111,-0.25660980823799495,-0.042877334356307986
46,1438.3257852534175,17.828042986782073,3.97170707214002,-0.11691457357037052,-0.04460159540176392
47,1452.5062604324548,17.78336514213848,4.02114319973926,-0.025070229248731264,-0.04467784464359284
48,1465.9456455920208,17.738651606233596,4.065334814524784,-0.15946002504633724,-0.04471353590488434
49,1477.7966329341343,17.69396340528297,4.105223858430598,-0.2779688628367694,-0.044688200950622564
50,1488.1840979587396,17.649490439684865,4.141567205182043,-0.38186250312264747,-0.04447296559810639
51,1497.0828383706744,17.605490439923283,4.174964429498744,-0.4708756802903963,-0.04399999976158142
52,1503.9541466085363,17.562492963464734,4.205863907214632,-0.5396417184156667,-0.042997476458549504
53,1508.4965513764564,17.523244461210247,4.2344088665458965,-0.5853404111849704,-0.03924850225448609
54,1511.9337936075237,17.503899627717015,4.2593965929906,-0.6213283029513627,-0.019344833493232728
55,1514.4339744264591,17.506956327872153,4.27963673513858,-0.6465798976294286,0.0030567001551389697
56,1516.1661461504277,17.527524046020385,4.29455285777285,-0.6634125633035864,0.02056771814823151
57,1517.2874802191634,17.557444516734954,4.3043389774661565,-0.6738100774482677,0.029920470714569092
58,1513.9954626761776,17.59197076054084,4.309542110970851,-0.6404152040709074,0.034526243805885315
59,1509.075113847969,16.010745537765622,4.443026405649891,-0.5916119234275629,0.043134093284606934
60,1502.3593167640809,16.05447286415875,4.548910130173858,-0.5236524909516606,0.043727326393127444
61,1494.4216100082517,16.098520762212875,4.632135190054527,-0.4442481572486167,0.04404789805412293
62,1485.8208394175363,16.224517666832117,4.690083272111191,-0.3582190115507365,0.04415407180786133
63,1476.9085142544614,16.26870041443458,4.733990085263582,-0.2690880101240737,0.04418274760246277
64,1467.9354669951306,16.31287768437019,4.766383505549405,-0.17935521771799132,0.044177269935607916
65,1459.1052130008272,16.357019432917742,4.789338846492474,-0.09105568214707772,0.04414174854755402
66,1450.6600973623504,16.401085450783878,4.80456115108577,-0.0066085466916456425,0.04406601786613465
67,1443.853364398263,17.481269720880302,4.728770782299993,-0.06148122856833425,0.04391729235649109
68,1439.3276773115876,17.95746989688635,4.627707601512442,-0.10679013488602322,0.0432482123374939
69,1437.0277514417069,18.122351327884108,4.531361682725513,-0.1299819696355894,0.04065337181091309
70,1436.5628599414026,18.117515292583537,4.452753230124994,-0.13548133026679807,0.02955407500267029
71,1427.972223637195,18.11940389071269,4.3881399627534545,-0.22304431131540242,0.0018885981291532517
72,1421.307373407786,18.16300988291068,4.331593601826372,-0.2910980053290245,0.04360599219799042
73,1416.2809795700098,18.2052600333528,4.281772903572034,-0.3373257884754889,0.042250150442123414
74,1413.1408105415571,18.243976531370112,4.237756018785502,-0.36894525982690995,0.0387164980173111
75,1411.1373410870838,18.26839714591069,4.19966652064029,-0.39005617747683574,0.024420614540576938
76,1410.1265173236602,18.35874055999076,4.161050268362592,-0.4007103863928978,0.004665018245577812
77,1409.9582434663835,18.344566191013215,4.130543270927725,-0.4023015040584778,-0.014174368977546693
78,1410.4400860368091,18.310966914311816,4.108273265923173,-0.3967567485582049,-0.025750458240509033
79,1417.7452682364403,18.25874530675255,4.094279411589183,-0.3231210752244601,-0.031488034129142764
80,1427.4796387240885,18.214675289414753,4.086405852852157,-0.22646181107998017,-0.044070017337799076
81,1437.4396657153493,18.170213168881762,4.083582979177751,-0.1256425531660261,-0.04446212053298951
82,1446.4961058290821,18.125764101765977,4.084900600529441,-0.03504024705089932,-0.0444490671157837
83,1454.7144538081866,18.081551444552765,4.089594108385289,-0.047168179072123166,-0.04421265721321106
84,1462.3789375987258,18.0377255708202,4.097024235228511,-0.12382805433532212,-0.043825873732566835
85,1469.4921613492743,17.994358825705874,4.106660869650694,-0.19496752635456688,-0.04336674511432648
86,1475.189129621558,16.830085193278485,4.209707351118851,-0.25195869863800907,-0.042692720890045166
87,1478.9779992347746,16.790036337735348,4.297478258397725,-0.2900443788824373,-0.0400488555431366
88,1481.2134486564455,16.382055671641155,4.40279058239962,-0.3132604743326283,-0.02878897786140442
89,1481.5336399605303,16.378477031493112,4.489439134554071,-0.31785743337663913,-0.0035786401480436326
90,1480.3426388148343,16.43510192223298,4.555863561249459,-0.30650351410744175,0.02719261944293976
91,1477.9590472756868,16.472278251130458,4.607293541542175,-0.28058884370232134,0.0371763288974762
92,1474.7764380519707,16.5126388508867,4.646167857170123,-0.24808280760558318,0.040360599756240845
93,1471.063509932679,16.554111297805186,4.6746556676228606,-0.21074628404301393,0.04147244691848755
94,1467.0320068781111,16.596037246663446,4.694589483653409,-0.1703654189750887,0.04192594885826111
95,1462.8461943816815,16.638101153452272,4.707497750335675,-0.12847573960987121,0.04206390678882599
96,1458.6316635164292,16.680105750639314,4.714649913333009,-0.08632256612447008,0.04200459718704224
97,1454.4826142931654,16.721892427284594,4.71709987977537,-0.044847934985830305,0.041786676645278936
98,1444.1220719430328,16.763304232437488,4.715724679541012,-0.0588167677189108,0.04141180515289307
99,1434.524262538853,16.80745985396611,4.710988617957518,-0.15503175624904314,0.04415562152862549
100,1424.4972506138377,17.88451145931449,4.619088390269985,-0.25504697981209346,0.043960762023925785
101,1417.0502667271849,18.41283773334566,4.50055538045238,-0.32950108484054,0.04392324090003968
102,1412.413101069483,18.645182185782613,4.384371123748797,-0.37598996438232235,0.042713490128517155
103,1410.0311685059057,18.702418470818422,4.284422684038732,-0.4003269700670376,0.03632693886756897
104,1409.4390143354324,18.712762184876823,4.201619675163626,-0.4082081791265932,0.0103437140583992
105,1410.212245617199,18.691795544762037,4.13543460171622,-0.40100857924532873,-0.020966640114784243
106,1411.9925696831901,18.658189715880773,4.083909109825523,-0.38133822204474654,-0.03360582888126373
107,1414.4928332591637,18.620256682176016,4.044758093989505,-0.3555043878907122,-0.037933033704757695
108,1417.4883866646805,18.580567922133827,4.015897626474618,-0.3252917059869378,-0.03968876004219055
109,1420.584801534448,18.10273048153417,4.031280918758214,-0.2942304356929276,-0.04047327041625977
110,1423.4493701841723,18.06236971190469,4.047193500524884,-0.26551754823695545,-0.04036076962947846
111,1426.1102461707524,18.02287526300447,4.063469303937679,-0.23898417036540195,-0.03949444890022278
112,1434.9273203277398,17.984351135997937,4.079963654395145,-0.15082382891197085,-0.03852412700653077
113,1445.6947703087637,17.554433460277735,4.128621894230123,-0.0436270168182159,-0.04427132606506348
114,1456.1999455763716,17.509915066999614,4.172159693993492,-0.062024162485022315,-0.04451839327812195
115,1465.4501492914228,17.46549243752402,4.2114909070802,-0.15451106929448089,-0.04442262947559357
116,1472.7896464109606,16.826569176688057,4.295955310686816,-0.22793729627150922,-0.044014307856559756
117,1478.0142801198556,16.783842457308634,4.368707749151928,-0.2802715600462693,-0.04272671937942505
118,1481.4042383480926,16.745725403203828,4.4314796743547635,-0.3145033500083878,-0.038117054104804995
119,1482.9726601076964,16.464392124673935,4.505943208542552,-0.3312861499019891,-0.02252156585454941
120,1483.0043673489467,16.475018477997395,4.566134920982946,-0.3333584654072684,0.010626353323459625
121,1479.3627974014412,16.505684495529742,4.612986098231325,-0.2956319404353008,0.030666017532348634
122,1475.1342484150466,16.547959927281948,4.647949315292205,-0.25250342557245176,0.0422754317522049
123,1470.5626850410488,16.590581307372663,4.673136134101115,-0.20566144524433866,0.042621380090713507
124,1465.8371486293856,16.633299264869304,4.690298414037795,-0.15838114403444933,0.04271795749664307
125,1459.3198941060812,17.111571453720586,4.665287080312945,-0.09320498914411701,0.04265747666358948
126,1453.5499549448484,17.155059857875365,4.64122391427104,-0.035582642197603036,0.04348840415477753
127,1448.443764853693,17.19801241329338,4.617982035287918,-0.015615936336746473,0.04295255541801453
128,1440.5071069906332,17.24020098915722,4.595476044102164,-0.09500532804908517,0.0421885758638382
129,1433.3984679312784,17.283834634930155,4.5734553897972825,-0.1661598276781251,0.043633645772933966
130,1427.0604792597353,17.326938687473795,4.551875990093413,-0.22944816672557633,0.04310405254364014
131,1420.0031613403844,17.36921382418301,4.530726158164363,-0.30005127817959876,0.04227513670921326
132,1413.9734135053113,17.4117777215543,4.50990497428936,-0.3602947410130946,0.04256389737129212
133,1409.6798495115972,18.340539405723312,4.416933198681566,-0.4033644800760976,0.04093414545059204
134,1407.3288055005357,18.374141375203827,4.337950389737227,-0.4274451625916504,0.033601969480514526
135,1406.5225508771284,18.381711325277784,4.2725658700828255,-0.4373776931693715,0.007569950073957443
136,1406.9090909529473,18.361854532589415,4.22057326106471,-0.43365176474675987,-0.01985679268836975
137,1410.8255740636334,18.329839256634216,4.180555610020914,-0.3929601076903486,-0.0320152759552002
138,1415.1662469661608,18.28757535540054,4.151194942173817,-0.3493623928662396,-0.0422639012336731
139,1419.7060094696299,18.17951644762215,4.135949768482847,-0.30296347596047785,-0.042499607801437383
140,1424.2752802317273,18.13702174826321,4.126921392887866,-0.2572476885269771,-0.042494699358940125
141,1428.7982876726494,18.094709659654466,4.1229758687810865,-0.2120353843485259,-0.04231208860874176
142,1433.2088984123855,18.052690191108553,4.1231743699831,-0.1679402778824283,-0.0420194685459137
143,1437.457115869872,18.011097485858766,4.126736096841763,-0.12547151763089234,-0.04159270524978638
144,1441.2386677327127,17.56081686038766,4.166453645579366,-0.0876722555733022,-0.04100337624549866
145,1449.7500509483984,17.521257829854825,4.202254799519343,-0.0026439250872817865,-0.039559030532836915
146,1456.9092564362686,17.181398483036975,4.25938505157208,-0.06953863539139547,-0.044019740819931034
147,1462.4227370055403,16.95715685849681,4.324556883812746,-0.12430851403066072,-0.043208301067352295
148,1466.2998229174607,16.916146830372952,4.381349125748374,-0.16321805646895654,-0.041010028123855596
149,1468.737824523979,16.881569120936536,4.430744454550733,-0.18802147710853434,-0.03457770943641663
150,1469.9294855593018,16.86298982565894,4.472766924178752,-0.20089469700890047,-0.018579295277595522
151,1469.7378948708042,16.867714156114005,4.5068392769889405,-0.19970931128130814,0.004724330455064774
152,1468.8158873046616,16.893667851292037,4.532657670323346,-0.19028180951891274,0.02595369517803192
153,1467.3995252952323,16.960632719725968,4.548356383809137,-0.17462917040322737,0.03229286968708039
154,1465.6588753419464,16.995652796954513,4.55836748815637,-0.156861474173611,0.035020077228546144
155,1463.7146031167226,17.03189468595445,4.563614906552026,-0.13726821234436556,0.036241888999938965
156,1459.2950062756736,17.068617101640104,4.564916833826632,-0.09299811542530732,0.03672241568565369
157,1455.2208476185108,17.28003263603971,4.5487075367206735,-0.05274079573085373,0.042045611143112185
158,1449.818192219257,17.321346105449653,4.532039776373606,-0.0018912919807462457,0.04131346940994263
159,1444.0342110456595,17.547093487085068,4.4999241368617655,-0.05977935188852826,0.04252809286117554
160,1439.0266764057626,17.589682066739762,4.470108973732675,-0.1097392846217258,0.042588579654693606
161,1434.7254690958837,17.63111625939723,4.442274537742851,-0.15286074774088548,0.041434192657470705
162,1431.3030167609684,17.893653617824327,4.397995747300534,-0.18715541145182443,0.03957840204238892
163,1428.9303308197377,18.016119111170934,4.351679259021549,-0.21111230128157332,0.035422307252883915
164,1427.5984485800388,18.0548188877303,4.31053719289235,-0.22499615335929093,0.025615915656089783
165,1427.3436133062967,18.03768416192878,4.278200948458907,-0.22824673762308748,0.008787208795547485
166,1427.7593254388964,18.026443389025815,4.252603823985114,-0.2244095437808869,-0.011240772902965546
167,1428.6923537666007,18.00516737249244,4.233352857987711,-0.21407998669703376,-0.021276016533374787
168,1430.00841793924,17.978268142012247,4.2197652709846825,-0.2004781420022823,-0.026899230480194092
169,1432.6507949331817,17.948340959814676,4.211069098971384,-0.17379484583992053,-0.029927182197570804
170,1435.4019554096456,17.911123503712304,4.206979648433165,-0.1467094732940245,-0.03721745610237122
171,1439.1494950809865,17.65591210817507,4.224482174235129,-0.10851720317325089,-0.03709591627120972
172,1442.5453922989104,17.616185579649716,4.24208069730383,-0.07480913823631,-0.03972652852535248
173,1445.6105662261075,17.578030652753622,4.259629506846115,-0.04405149790185078,-0.03815492689609528
174,1449.702828792706,17.54191085790804,4.276971240305569,-0.003175225277991558,-0.03611979484558105
175,1453.8823293965265,17.502690757266787,4.2943965283667245,-0.039133324544832246,-0.039220100641250616
176,1457.3964584654823,17.18720190725178,4.334467013400099,-0.07400241333867598,-0.038841813802719116
177,1459.8663316867598,17.151986001943055,4.370202654909295,-0.09902590771699805,-0.03521590530872345
178,1461.4894823723034,17.12655918798298,4.4015837601836525,-0.11587373285789909,-0.02542681396007538
179,1462.3575789058318,17.11478071561903,4.428278803270208,-0.1249406232179308,-0.011778472363948822
180,1462.5157861976634,17.041645468961132,4.456145350958067,-0.1266398824814064,0.0030417326837778092
181,1462.076093531273,17.05747305471791,4.477702489754067,-0.12203952062003054,0.015827585756778718
182,1461.1530875731914,17.08150774408473,4.493415228751731,-0.1123515860929183,0.024034689366817477
183,1458.6116438392821,17.11033435333861,4.503943964221588,-0.08659563038152783,0.028826609253883362
184,1455.9427308582074,17.148375101577177,4.509468837360815,-0.06034872248054171,0.03804074823856354
185,1453.3633788394768,17.318184451209927,4.500122413282993,-0.03363747851832614,0.03800384700298309
186,1451.0408674306277,17.427911774269695,4.483491428698735,-0.010499249822501043,0.03709809184074402
187,1449.0062837209175,17.50022162557262,4.463944860291168,-0.010124212894966149,0.035227590799331666
188,1445.6179103234101,17.532905868297995,4.445245717881445,-0.044075231573294786,0.03268424272537231
189,1442.62823482574,17.57148518920559,4.426759719000904,-0.07430715956082168,0.03857932090759278
190,1440.0521439225804,17.60782919586319,4.408631167694801,-0.09970209219919525,0.0363440066576004
191,1437.9907904829229,17.725040189555134,4.3841872732192915,-0.12041533860996878,0.033111572265625
192,1436.0734605589041,17.7827792927464,4.359424840236583,-0.1398111503337532,0.02765401303768158
193,1434.7907179901513,17.807613153739787,4.337090222070382,-0.15237483530291684,0.024833860993385318
194,1434.0901708431822,17.820508475025044,4.317722029518667,-0.16010797413410502,0.014737035334110261
195,1433.8991778328493,17.82420324066733,4.301538175377973,-0.16211244864068933,0.0036947656422853473
196,1434.1753311000186,17.818160170485125,4.288761254677894,-0.15922047258226257,-0.006043070182204247
197,1435.5793952214772,17.757480190604404,4.283242947659681,-0.14499907868052106,-0.013973379135131837
198,1437.5738717547117,17.729559381216244,4.280999624447947,-0.12565602547818572,-0.027920809388160706
199,1439.8323062604888,17.697428454368787,4.281785838756299,-0.10209794914104123,-0.032130926847457886
200,1441.9689990284478,17.561004208587235,4.293579123854417,-0.08041405051704714,-0.03317133486270905
201,1443.9100078668598,17.47663792581303,4.310144030263181,-0.06107328382491687,-0.0314377099275589
202,1445.611721376123,17.42238500160951,4.328160802484279,-0.044144202972036056,-0.02882354259490967
203,1447.5695018601893,17.387428822854595,4.345791174633431,-0.024654274451256696,-0.0253306120634079
204,1449.4043944046048,17.348618859391326,4.363419630009954,-0.006122914686652621,-0.02699919939041138
205,1450.9336890161,17.315290239583444,4.380598578229403,-0.00958879309888971,-0.024480170011520388
206,1452.1309399017719,17.295986879002047,4.396262786396063,-0.021827079960730772,-0.01930336058139801
207,1452.998024613105,17.282722209643985,4.410191425872665,-0.03060675740681745,-0.01303824782371521
208,1453.538279406023,17.276373973738814,4.42213168808165,-0.03605179525208541,-0.006348235905170441
209,1453.494349755441,17.27670385655336,4.431895745069412,-0.035611309426381015,0.0003298828145489097
210,1453.1539307220132,17.287753083969875,4.4389993289349,-0.03261124168032893,0.011049227416515352
211,1452.5628336181826,17.30349339511566,4.443537969477766,-0.026097444554752658,0.015740311145782473
212,1451.1717524563467,17.322619330550953,4.445696683279144,-0.012056086992417931,0.019125935435295106
213,1449.4016288654952,17.35076241460018,4.445166975767772,-0.00688542620644057,0.028143084049224856
214,1447.573293460481,17.46029252672931,4.435781814845254,-0.02453172074682925,0.030789637565612794
215,1445.8658497675758,17.49071328306934,4.425599998680681,-0.04137839044680049,0.030420756340026858
216,1444.25468966927,17.519143294937816,4.41492760885584,-0.05765217775445535,0.02843001186847687
217,1442.8125422665244,17.599634565396983,4.399598502577547,-0.07206795983635857,0.02649618685245514
218,1441.6414409511258,17.64210091036191,4.383558285718813,-0.08388326204521492,0.023519471287727356
219,1440.742696300464,17.660972357805875,4.368863133209531,-0.09303783937973549,0.0188714474439621
220,1440.1085523613826,17.67473449211946,4.355688466535813,-0.09942540769921152,0.013762134313583375
221,1439.7284197878837,17.683260248865988,4.344188515022038,-0.10323943987786834,0.008525756746530532
222,1439.6150989094333,17.68670437474182,4.33447710081417,-0.10435717399273699,0.0034441258758306503
223,1439.7430564272142,17.68499852016946,4.326653143599371,-0.10308443377267622,-0.0017058545723557474
224,1440.0806531485675,17.678915683258378,4.320734588115609,-0.0996311667481973,-0.006082836911082268
225,1440.5897838408225,17.61377270491052,4.321204856809512,-0.09444920266968665,-0.009553247690200807
226,1441.691525204963,17.601741331528906,4.322573680971257,-0.08333256051951139,-0.012031373381614686
227,1442.8409345200248,17.581373157810454,4.325360603940161,-0.07242433483343576,-0.020368173718452454
228,1443.960470749737,17.510628651577058,4.333427121824055,-0.06041445420383297,-0.02017655670642853
229,1445.3279720170683,17.491776188212455,4.341582289795003,-0.04685268916349969,-0.018852463364601137
230,1446.6902316756484,17.47045508076531,4.350011888431761,-0.033344547651770425,-0.02132110744714737
231,1447.870034367643,17.410728388646266,4.361805024593871,-0.021408413491624288,-0.020233535766601564
232,1448.8260218221583,17.37866272207869,4.374095802518704,-0.012108965944610191,-0.01654169410467148
233,1449.553187575354,17.363372497568612,4.38542375756403,-0.004922777673464225,-0.011995159834623337
234,1450.0647275986655,17.358839723782456,4.395083098975002,-0.0011242095553711806,-0.007225824147462845
235,1450.3794000954742,17.360830158847047,4.402841100578521,-0.0042460996521663215,-0.0027048371732234957
236,1450.516306359757,17.362162759820595,4.409093761741848,-0.005566807412246817,0.001332600973546505
237,1450.1748479311495,17.374972746499058,4.4131741117844125,-0.002096688808082945,0.004814695939421654
238,1449.7541974033861,17.399987057450836,4.414475829328336,-0.003281708251984128,0.013051518797874452
239,1449.2497836529265,17.4210482388619,4.413822117969441,-0.007596724451532282,0.01399712860584259
240,1448.3988752777873,17.4403010717877,4.411712733148451,-0.016104176227750032,0.014926418662071228
241,1447.567562431862,17.46857297185204,4.407672657921981,-0.02478979080150566,0.019580569863319398
242,1446.7593649164578,17.48719252708695,4.402838206182478,-0.03250245229826305,0.018619555234909057
243,1445.7604829567902,17.510659607051412,4.39695622598139,-0.04249712477303319,0.017600011825561524
244,1444.768630615653,17.537169505834356,4.389966613287957,-0.052517689846145,0.019639971852302554
245,1443.8915994758731,17.555904883324878,4.382704075830815,-0.061174464677446846,0.01873537749052048
246,1443.184405016139,17.572127141237036,4.375423112199377,-0.06840726179644661,0.016222257912158967
247,1442.667790063432,17.584906558871047,4.368408388012547,-0.07366638339349492,0.012779417634010316
248,1442.3137096477262,17.593843823849934,4.361925960885272,-0.07724711878825019,0.008937264978885652
249,1442.1653824787415,17.59945160540916,4.356152102731887,-0.07867912355455019,0.005607781559228898
250,1442.263616861862,17.60105150210835,4.3512867954878525,-0.07776461986738469,0.0015998966991901398
251,1442.5284028160593,17.57593716879119,4.349349586866423,-0.07517084196654877,-0.0029488045722246173
252,1442.8957640065878,17.55565937218558,4.349418177335461,-0.07132451871123976,-0.005770392343401909
253,1443.3917704183664,17.54838035685312,4.350069262653041,-0.06623315811524208,-0.007279015332460404
254,1443.9375543321357,17.539263208036534,4.351348206014748,-0.06080827002705518,-0.00911714881658554
255,1444.5480642721516,17.529781523918025,4.353171782797513,-0.054555810808676594,-0.009481684118509293
256,1445.227164462449,17.51973491368186,4.355488124747879,-0.04778484798727504,-0.010046610236167909
257,1445.914745995304,17.509124538873547,4.358254604976515,-0.04090891650417461,-0.010610374808311463
258,1446.5888350164853,17.499014299188964,4.36134932755102,-0.03416166334752006,-0.010110239684581758
259,1447.2259814249364,17.489786105429047,4.364641128056174,-0.027828390343102003,-0.009228193759918213
260,1447.7649179476527,17.434467043522744,4.371861078209384,-0.022478789088102077,-0.007948508113622665
261,1448.1640739038655,17.41181637959211,4.379632449591427,-0.01859586208306837,-0.005582496896386147
262,1448.4179661404764,17.405888807094993,4.386489375349168,-0.01612327923955945,-0.002553090453147888
263,1448.4019716516398,17.408555197865443,4.391894157016754,-0.01628099565926959,0.00045403130352497103
264,1448.1984329296984,17.420819799096577,4.395323814771566,-0.018520798833333175,0.0055053126066923145
265,1447.9332786461782,17.436879298918175,4.3968237518050906,-0.020990475194084864,0.008737929165363312
266,1447.6280381582658,17.451281106382673,4.396876784466582,-0.02380427318068314,0.009584476798772813
267,1447.3016072682944,17.461282689780063,4.396102941853771,-0.027025637976917097,0.010001583397388459
268,1446.9669842397332,17.474069130640796,4.394423482964126,-0.030336316103578155,0.010063168406486512
269,1446.6323231989186,17.48395169846373,4.392238723232127,-0.03369482806916949,0.009882567822933197
270,1446.3076399098459,17.49350844792681,4.389666242685766,-0.03695618273752643,0.009556749463081361
271,1446.0024395168857,17.5025672981854,4.386816519394617,-0.04002539475159211,0.009058850258588791
272,1445.4453269631279,17.510972073149258,4.383792908085828,-0.04561213789819476,0.008404774963855744
273,1444.8571384233055,17.522446116414702,4.38037588799697,-0.05181970940846441,0.012315711379051209
274,1444.347023993248,17.53596947864316,4.376468802362797,-0.056531333332118266,0.012299978733062746
275,1443.963477091058,17.54642331302784,4.372410704796858,-0.060549843524258906,0.010453834384679795
276,1443.752150163989,17.55422959775351,4.368445135205007,-0.06274325332601166,0.0078062847256660465
277,1443.716125690327,17.55864235200606,4.36483275786217,-0.06317809614404041,0.004412754252552986
278,1443.8221326221733,17.559721245250326,4.361782441285123,-0.0621120598790958,0.00107889324426651
279,1444.0211499265197,17.558224387379955,4.359403504917111,-0.06004607584626683,-0.0014968578703701497
280,1444.3104657356207,17.555175662698815,4.357701918876284,-0.057050529324869786,-0.0030487246811389925
281,1444.6279067971686,17.519097889195418,4.359254893973503,-0.05386099813791134,-0.004449385777115822
282,1444.9475106900816,17.514464026297663,4.3609070128292275,-0.05054334081124807,-0.004633862897753716
283,1445.2648762635463,17.51011063678119,4.362617509282208,-0.047379284702665246,-0.004353389516472817
284,1445.5757259916911,17.50611794216487,4.364346399377697,-0.04427880957310435,-0.003992694616317749
285,1445.8989256042034,17.502559904734824,4.366054852074782,-0.04105420967659256,-0.003558037430047989
286,1446.245877133085,17.49909671803865,4.367738794903203,-0.03755071374253703,-0.003463186696171761
287,1446.5964700022307,17.49553877411339,4.36941038320008,-0.0340447757006018,-0.0035579439252614977
288,1446.9350405307546,17.492265382017226,4.3710485872056175,-0.030678049875364193,-0.0032733920961618423
289,1447.2434470908393,17.489558140727908,4.372613150248322,-0.027622144172291883,-0.002707241289317608
290,1447.4736367748164,17.448734010861973,4.377232239835983,-0.02535139685026479,-0.0018295953050255775
291,1447.6067323516297,17.448643191544125,4.3810273150525205,-0.024106554082420642,-9.081931784749031e-05
292,1447.655884296283,17.45052312204034,4.38398564880993,-0.023638232018577128,0.0018799304962158203
293,1447.4465097658774,17.4540336057672,4.386124605760847,-0.025697957664290245,0.003510483726859093
294,1447.1981279913466,17.45534011026251,4.3877717829132425,-0.028475851688403962,0.008081799745559693
295,1446.928913299269,17.463556299269293,4.388451041212572,-0.030757965778047947,0.008552787452936172
296,1446.6583848039963,17.473394324772535,4.388204069573898,-0.03342768851353867,0.008668152987957001
297,1446.4015822778322,17.481821246587216,4.387312904779488,-0.03600830033900593,0.0084269218146801
298,1446.1668238389188,17.489746084951342,4.3859345318569565,-0.03838196995586713,0.007924838364124298
299,1445.9581467429257,17.497034961127223,4.384208619099387,-0.04048212878956747,0.007288876175880432
300,1445.7770173288245,17.500799846750603,4.382485704185038,-0.04229870971355922,0.006600046157836915
301,1445.6260582759064,17.50670934441398,4.380589989806221,-0.043808472090381655,0.005909497663378716
302,1445.2784834153113,17.511904096704825,4.378610988858382,-0.047286640384140814,0.005194752290844918
303,1444.9971438272296,17.520356428724632,4.3762974835084965,-0.05035431970060017,0.008452332019805909
304,1444.7914332596188,17.52732219110142,4.3738311670201595,-0.05223432436811436,0.006965762376785279
305,1444.658988674551,17.525200047916826,4.371982209040768,-0.05357058441818026,0.005361050739884377
306,1444.576164396448,17.52906386872297,4.370150312061388,-0.05438807902889494,0.003863820806145668
307,1444.5784636554279,17.53190970478123,4.368415594815616,-0.05431716192050999,0.0028458360582590105
308,1444.6652116084988,17.533152011423464,4.3668916053752795,-0.05350823685661453,0.0012423066422343255
309,1444.8162157564013,17.53288602218041,4.365663670675146,-0.05198867202451538,-0.00026598924305289986
310,1445.0176035967086,17.531558192931207,4.364765274427281,-0.04993014803352935,-0.0013278292492032052
311,1445.255710441639,17.529482377357873,4.364198225152685,-0.04751769421602376,-0.002075815573334694
312,1445.5011433279853,17.52695377100268,4.363939882458863,-0.04503384579833209,-0.0025286063551902774
313,1445.7615882759553,17.524531972818167,4.363925950797567,-0.042394798057514435,-0.0024217981845140457
314,1446.027886647627,17.5220883071796,4.3641142231912875,-0.039723320269135914,-0.002443665638566017
315,1446.3160518986608,17.519800881520005,4.364455534979041,-0.03685510501128874,-0.00228742565959692
316,1446.612970081839,17.51739128366122,4.3649323229820185,-0.033882516401529304,-0.002409597858786583
317,1446.8620092668127,17.515114617943855,4.365509338266883,-0.03139320054601512,-0.0022766657173633577
318,1447.1024774367904,17.513988061938527,4.366074552957228,-0.029090236603299218,-0.0011265560053288937
319,1447.2810873043445,17.455077047824993,4.371352237076668,-0.02722940392913188,-0.0007237862795591355
320,1447.3746377143934,17.45574721767767,4.3756251717742485,-0.026393018469289018,0.0006701698526740074
321,1447.3829184897702,17.44046595936718,4.380377762655398,-0.026341236348737314,0.0023743823170661927
322,1447.3137052245586,17.441257621871518,4.384210192518085,-0.0270257093010855,0.004001997783780098
323,1447.1884555431743,17.448604800045317,4.386752373605127,-0.02825374712542725,0.0053850233554840095
324,1447.0299370770335,17.457814287258934,4.388084362801404,-0.029792087937712493,0.006299610435962677
325,1446.8591682493038,17.466674873799768,4.388452506810235,-0.03145380769734857,0.006754512339830399
326,1446.6894882183608,17.473483729184355,4.388197965235447,-0.03311055212086785,0.006808855384588242
327,1446.530657776916,17.480083226848617,4.387449930194998,-0.0347123876092428,0.006619201600551606
328,1446.3867121735639,17.484914332300526,4.386441743524299,-0.036168891688757865,0.006259067356586457
329,1446.2617519120502,17.490752769306404,4.385137913382206,-0.037424543914569314,0.005838437005877495
330,1446.164804344493,17.49611059767018,4.383630930931801,-0.03840001741928063,0.005357828363776207
331,1445.7533421308565,17.500845838755474,4.382008241420979,-0.04252883741928372,0.004735241085290909
332,1445.4145229402848,17.51090628919016,4.379855496012583,-0.046387291532091694,0.010060450434684754
333,1445.053617984197,17.51933418330561,4.377401517270584,-0.049627075789953776,0.008427894115447998
334,1444.7722558570704,17.527804746896138,4.374697040245526,-0.05228170837680409,0.008470563590526581
335,1444.6044249317356,17.53454411369573,4.371928628030116,-0.05412887036173743,0.006739366799592972
336,1444.5419296383186,17.529069813243893,4.370105889846404,-0.05480823957987241,0.004464007169008255
337,1444.5602085769176,17.524353618955747,4.368996651932988,-0.05460128986090467,0.002430250868201256
338,1444.6341807494434,17.52528325173868,4.368011107252965,-0.05380825431409221,0.0009296327829360963
339,1444.7550439324332,17.525234765013256,4.3672069229505475,-0.05254737262650451,-4.8486725427210336e-05
340,1444.9048579448322,17.52442184520284,4.3666139236294725,-0.05102786386017669,-0.0008129198104143143
341,1445.0836313128427,17.523212303792633,4.366226507910233,-0.04920334903155208,-0.0012095414102077486
342,1445.2826396350376,17.521635785897768,4.366037660062825,-0.04721030129808923,-0.0015765178948640825
343,1445.4933444365774,17.51987725348542,4.366026512096688,-0.045084757085974154,-0.0017585324123501778
344,1445.7437370491486,17.518109331665137,4.3661618453356095,-0.04256356844930678,-0.0017679218202829362
345,1445.9924564127064,17.485023606192257,4.368976584077169,-0.04012495390307322,-0.0022631021216511726
346,1446.2266237665906,17.48306671101221,4.371444587319361,-0.03776438302825454,-0.0019568951800465586
347,1446.4426962987159,17.48162342644849,4.373586295192505,-0.03562439807447391,-0.0014432845637202263
348,1446.575021063249,17.480741860806877,4.375414537192716,-0.03430596125971988,-0.0008815656416118145
349,1446.6415713228866,17.481574612758987,4.376845643143363,-0.03375571853050588,0.0008327519521117211
350,1446.674912530065,17.467405373994946,4.37917706021469,-0.033381585431541225,0.0021398592740297317
351,1446.6732717299037,17.470216936264872,4.380859061344481,-0.03333445300055246,0.002811562269926071
352,1446.6452734331642,17.473684918899774,4.381954898729984,-0.03361290770485539,0.0034679826349020004
353,1446.5998759618824,17.477618635092615,4.382532022098818,-0.03404781373697006,0.00393371619284153
354,1446.5386460458094,17.475129859781212,4.38320864597971,-0.034641432653015725,0.004212647303938866
355,1446.4662899018883,17.479580574741906,4.3833997651354535,-0.035360907746792236,0.004450714960694313
356,1446.3909537471727,17.48416488680834,4.383181852861094,-0.03610382223884699,0.004584312066435814
357,1446.1286512406775,17.483226534727336,4.3830798469281795,-0.03871570518403359,0.00456213615834713
358,1445.8860919227695,17.49097764492345,4.382362781337963,-0.04145797817608127,0.007751110196113587
359,1445.6730220844047,17.498128028217078,4.38119045823123,-0.04332985184620156,0.007150383293628693
360,1445.4961400940338,17.50452327952099,4.379706533347154,-0.04511411225863412,0.00639525130391121
361,1445.3662076729909,17.51007018909168,4.3780364214920935,-0.046422757443413044,0.00554690957069397
362,1445.1919308843424,17.51461000629079,4.376295935909433,-0.048181400393734745,0.004539817199110985
363,1445.0794989244293,17.51979541890633,4.37444498581271,-0.04926957029734922,0.005185412615537644
364,1445.0278448418421,17.523710701617716,4.372607249830223,-0.049848564571993846,0.00391528271138668
365,1445.0234194201146,17.514686211969835,4.371837787618608,-0.049885428968157154,0.002719051018357277
366,1445.0116392776374,17.509641097804746,4.371619115334655,-0.049972384653981405,0.0018312767148017885
367,1445.0321314160221,17.51160159664436,4.37127959209664,-0.049691608052260104,0.0019604988396167756
368,1445.0793157982014,17.507216284104473,4.371359550782227,-0.04926571626371924,0.0013717563822865488
369,1445.1163263930227,17.508135575015878,4.371349992451129,-0.04888198261686057,0.0009192909114062787
370,1445.197135955042,17.509282640513813,4.371248416427137,-0.048051417908231996,0.0011470654979348182
371,1445.3083914276956,17.501721529323035,4.371783018093973,-0.04699060823694026,0.0004018403589725495
372,1445.4355930554927,17.496541799308716,4.37264467899755,-0.04568971165524317,-5.458174273371697e-05
373,1445.5684977219396,17.49255822069918,4.373676778982454,-0.04433183753029198,-0.00022272923961281778
374,1445.701282108926,17.49236559719521,4.37453884216282,-0.0429901894843033,-0.00019262350397184492
375,1445.8403740873555,17.492309795629453,4.375250294074673,-0.04160994132026644,-5.580156575888396e-05
376,1445.979886929462,17.49227556742936,4.375836481770905,-0.040203288041946054,-3.422820009291172e-05
377,1446.0369797912479,17.482818292474615,4.377090004191116,-0.039643456141877774,9.831234347075225e-05
378,1446.0421959847931,17.484534514343608,4.377977642924555,-0.039739831104620864,0.001716221868991852
379,1446.0478669981487,17.487231884544958,4.378485077593121,-0.039619444851748536,0.0026973702013492586
380,1446.021870264056,17.489925917072465,4.378681017683197,-0.039781631126825236,0.002694032527506352
381,1445.9986415914602,17.487369728490968,4.37905058028794,-0.04007025932952046,0.0032607849687337877
382,1445.981551912179,17.490558195889253,4.37909306006804,-0.0401917126352555,0.003188467398285866
383,1445.9230830655351,17.493612752884882,4.378878275090041,-0.04078256038491418,0.0030545569956302644
384,1445.8453887075964,17.497381517693658,4.378394167947908,-0.04161753370535052,0.003768764808773995
385,1445.7614295291223,17.501429025858897,4.377666437724096,-0.04241357904442339,0.004047508165240288
386,1445.69781563777,17.505506156787533,4.376736515801081,-0.0430248058986399,0.004077130928635597
387,1445.6561157023552,17.50913532900836,4.3756774038703234,-0.04348363884722858,0.003629172220826149
388,1445.6360031488223,17.51230800117578,4.37454966131758,-0.04368561851711775,0.0031726721674203875
389,1445.5802824725129,17.515051098570485,4.373400746505236,-0.044240132752142926,0.002743097394704819
390,1445.5592186251492,17.51840171742465,4.372184823786351,-0.0444685658944536,0.0033506188541650773
391,1445.5759598451953,17.521076579049485,4.370969177464884,-0.04430797727098025,0.002674861624836922
392,1445.6265357243774,17.52305316574152,4.369810820816808,-0.04380447024950627,0.0019765866920351985
393,1445.6527229845294,17.49701383576947,4.370988902410701,-0.04353180168219523,0.0013862714171409608
394,1445.6799143688274,17.498904535893672,4.371800421303544,-0.04325129918243192,0.0018907001242041588
395,1445.712567374491,17.500804254945688,4.372310621754744,-0.04287522814787053,0.0018997190520167351
396,1445.7481025987113,17.489823885051422,4.373626301952488,-0.04252598800808755,0.0018295791000127793
397,1445.7868211694934,17.491644940873496,4.374556343032857,-0.04213264063286033,0.0018210558220744133
398,1445.8342146877656,17.493445842316262,4.375171807052858,-0.0416598685602753,0.0018009014427661897
399,1445.8913412005904,17.49513113980543,4.375538765038444,-0.04109814838945568,0.00168529748916626
400,1445.9581443129464,17.496690028136484,4.375712278232211,-0.040431197786347184,0.0015588883310556413
401,1446.0339394103426,17.498132762288563,4.375736658816192,-0.03967222131447216,0.0014427341520786285
402,1446.1236271092869,17.499480852460376,4.375646484966215,-0.03877319330515775,0.0013480901718139649
403,1446.2234895524232,17.500655629834046,4.375476539602258,-0.03778243575558236,0.0011747773736715318
404,1446.312490262038,17.481287904704715,4.376919914901382,-0.036884428225989724,0.0010814689099788667
405,1446.2192111653978,17.482678453872705,4.377989846968656,-0.03783879637182281,0.0013905491679906846
406,1446.1284138083488,17.48097912807148,4.3790060601682965,-0.03904829728600361,0.004714902862906456
407,1446.0459666401807,17.485562053584864,4.379464838319048,-0.03955353133314475,0.004582925513386726
408,1445.900339725633,17.48708992833375,4.379716178478185,-0.0410204616634087,0.004344336315989495
409,1445.7793041398688,17.492465134431708,4.379483015566352,-0.04231004557950882,0.005375206097960473
410,1445.687132586396,17.49726093420862,4.3788999092208805,-0.04318661476814441,0.004795799776911736
411,1445.622699138772,17.4984916226597,4.378321190157371,-0.04383631079394036,0.004162777960300445
412,1445.5846758749901,17.502070241946118,4.377554195757208,-0.044211657117486994,0.0035786192864179613
413,1445.5723188051527,17.505112420919673,4.376676653483354,-0.04433045597975934,0.003042178973555565
414,1445.5839760098195,17.507656696218387,4.375749150641384,-0.04421003026928929,0.002544275298714638
415,1445.6168378034827,17.50975748725547,4.374816921667418,-0.04387597039133652,0.0021007910370826723
416,1445.5356162123694,17.497912894256896,4.375020434048609,-0.044680809110091105,0.0017310786992311479
417,1445.4700723494257,17.501711312376447,4.374876907472456,-0.045506010447775226,0.0037984181195497516
418,1445.4008237123587,17.499844471043506,4.374911773953738,-0.046027848794958574,0.003437558934092522
419,1445.367283694337,17.50328407218174,4.374659280263374,-0.04632736727704469,0.0034396011382341386
420,1445.3517475860108,17.506018393910086,4.374228786665634,-0.04655305208088066,0.002734321728348732
421,1445.3777360943916,17.508396479538238,4.373681444757955,-0.04625826266610375,0.0023780856281518936
422,1445.4319365606339,17.501288229557723,4.373813510582067,-0.04575639815565864,0.0016204480081796647
423,1445.4876413423033,17.502436570222528,4.3738279621587095,-0.04517079731130479,0.001148340664803982
424,1445.5603842495057,17.50361135923773,4.373743808693234,-0.044398802339983376,0.0011747890152037145
425,1445.6386339000485,17.494850516081915,4.374390738954238,-0.04363859113579338,0.0009254876524209977
426,1445.7163272756966,17.49575746091561,4.374847106236452,-0.04283858152490666,0.0009069448336958886
427,1445.7937345293149,17.496752833151383,4.375139985588759,-0.0420714974470593,0.000995372235774994
428,1445.7906058816618,17.49783078371094,4.3752920565379245,-0.04210219901576011,0.0010779505595564843
429,1445.8102270311701,17.50041972319142,4.375205186581895,-0.04204882858039127,0.002588939480483532
430,1445.8105206730463,17.491092974860297,4.375896135091571,-0.0419357601565639,0.0021792706102132797
431,1445.8190039887209,17.48857022794174,4.376668871747689,-0.04184706169448418,0.002550286427140236
432,1445.8314214165039,17.488271172476935,4.377326954618289,-0.0416999652956656,0.00240849182009697
433,1445.8474480323043,17.488532970689054,4.377845188422287,-0.04153148945466,0.0023487940430641178
434,1445.814247067925,17.490831034287627,4.378082342384291,-0.041862602365199564,0.002298063598573208
435,1445.7900131984782,17.49401892612856,4.378016294111892,-0.04218885083945451,0.0031878918409347537
436,1445.7749298962804,17.49289445474993,4.378054026329587,-0.042270129208413894,0.002993610128760338
437,1445.7110288725985,17.49570230327796,4.377855509366387,-0.04290828743408838,0.002807848528027535
438,1445.6641430567508,17.499358968141188,4.377393902803939,-0.043443451066011676,0.003656664863228798
439,1445.6368100872724,17.50264728971075,4.3767466637840675,-0.04366873345664317,0.0032883215695619587
440,1445.6239016932477,17.498030873002243,4.376593181361192,-0.0438007104945882,0.002891047298908234
441,1445.6281403784928,17.496114315914323,4.376623946819659,-0.04374668626365292,0.002610146813094616
442,1445.578144551245,17.498407972494473,4.376461736879872,-0.04425020351084413,0.0022936565801501274
443,1445.5227175956504,17.501667578408828,4.3760623497339255,-0.04486941897691622,0.0032596059143543245
444,1445.4790241048959,17.504970899487247,4.375464904875721,-0.045214130467447836,0.0033033210784196854
445,1445.4520078374348,17.50800746519338,4.374726851942488,-0.0455065971628801,0.0030365657061338426
446,1445.4540251085252,17.510700642766764,4.3739015620659405,-0.04549408772802281,0.002693177573382855
447,1445.4885861893663,17.51284678958576,4.373049441249123,-0.04516884118177586,0.002146146818995476
448,1445.5271112596774,17.514411831165063,4.372222806981473,-0.04478699792719454,0.0015650415793061257
449,1445.5778174475854,17.49863789844949,4.372834012663515,-0.04422575924443663,0.0015257043763995171
450,1445.6313664975028,17.492115580141252,4.373868205174939,-0.04370305088682926,0.001358545757830143
451,1445.6824090222494,17.489519009116545,4.374928434818446,-0.04317656796179563,0.0013651276007294656
452,1445.6872766959232,17.490986460197224,4.375677903023808,-0.0431374653887633,0.0014674510806798936
453,1445.671362405835,17.493327932927265,4.376101121800707,-0.04337377810658609,0.0023414727300405504
454,1445.663909425826,17.49286328773867,4.376486132002575,-0.04339830095081424,0.0027154248207807543
455,1445.672963983039,17.49541377141993,4.3765934148416745,-0.043286854283562666,0.0025504836812615395
456,1445.7011139195,17.49766186453323,4.376497672600517,-0.0430190998617968,0.0022480931133031846
457,1445.7427301968876,17.493543846797415,4.376755688372139,-0.04260595831697856,0.0019154902547597885
458,1445.794271369856,17.495250753950543,4.376827772852315,-0.04207814461160296,0.0017069071531295777
459,1445.854208787869,17.496821328889794,4.376758534742025,-0.04147154534269703,0.001570574939250946
460,1445.9203279886292,17.498292389031715,4.376581544456788,-0.04080667159344102,0.0014710601419210434
461,1445.8907639104855,17.49971154060609,4.3763204393562365,-0.04109755175190003,0.0014191515743732454
462,1445.8316060660925,17.502897035595247,4.37584601452327,-0.041860573680553445,0.003185494989156723
463,1445.7615638344387,17.493688366551623,4.376209518594482,-0.042433574789365595,0.0036776263266801836
464,1445.699980214565,17.49226959324453,4.376623534087533,-0.043014293682288096,0.003818584606051445
465,1445.654734036923,17.49587105824623,4.376668715071895,-0.04347437159120545,0.0036014650017023087
466,1445.6096607263178,17.49534064185841,4.376749109106284,-0.043938671906500984,0.0032486733049154285
467,1445.5832438255175,17.49616497106266,4.376747668031912,-0.04417229837693412,0.003201306983828545
468,1445.5748889000265,17.498989811757326,4.37651564036936,-0.04428875762865118,0.002824840694665909
469,1445.5482983579811,17.50146498683256,4.376123106378918,-0.04455198298213191,0.0024751750752329826
470,1445.5422460206112,17.504253452861427,4.375573355062877,-0.044608868889251876,0.002788466028869152
471,1445.5496982172074,17.499004650894893,4.3755514910804285,-0.044542487595288095,0.0023937683552503588
472,1445.56732264831,17.501155399937524,4.375357803403057,-0.04435107544816219,0.002150749042630196
473,1445.596264705531,17.503130608830944,4.375037565436842,-0.04405490695961134,0.001975208893418312
474,1445.6403827421225,17.496146992450452,4.375345671435159,-0.04361478219195533,0.001789112761616707
475,1445.6227428837453,17.497699750443793,4.375471426970564,-0.0437962066393743,0.0015527579933404924
476,1445.5986678812683,17.500394916390874,4.3753542975484,-0.04412756198269108,0.002695165947079659
477,1445.6021313740273,17.503184915935496,4.375030252659439,-0.04398816961948114,0.002789999544620514
478,1445.601313706343,17.496515810339364,4.375309535159807,-0.04403847981388708,0.002273830771446228
479,1445.6033502855792,17.498874204828056,4.375345818812493,-0.043974953515933064,0.002358394488692284
480,1445.6233532195915,17.501179596072646,4.375187174835188,-0.04377176812849484,0.0023053912445902824
481,1445.65356878076,17.495172689387736,4.375547971188088,-0.04349627484788471,0.001985764689743519
482,1445.6938948256493,17.497001220004794,4.37569439667544,-0.04307677515077558,0.0018285306170582772
483,1445.6987549520952,17.498678910637434,4.375677364696569,-0.043027534477489554,0.0016776906326413155
484,1445.718144259541,17.501027031706805,4.375471510020107,-0.04288560044826227,0.0023481210693717005
485,1445.7522683249515,17.503119405264194,4.375131720418298,-0.04250289150168328,0.0020923735573887825
486,1445.7484153823145,17.50496649658137,4.374702148642375,-0.04254037440087586,0.001847091317176819
487,1445.751266042787,17.49401587211803,4.375244784817262,-0.04255809065800804,0.002554602175951004
488,1445.763969876982,17.496455778566155,4.375490357325729,-0.04237177080296305,0.0024399064481258393
489,1445.783879374163,17.490902592543023,4.376145533144482,-0.042178545193655735,0.002266517095267773
490,1445.7546966119519,17.493058696317927,4.376506580515374,-0.042464075212517396,0.002156103774905205
491,1445.7393761470234,17.496106849167006,4.3765535443086785,-0.0426954434371828,0.0030481528490781786
492,1445.7407187540948,17.498878019790606,4.3763655945558275,-0.04262051068159963,0.002771170623600483
493,1445.711100385443,17.501335513520495,4.376010649370883,-0.04292036383494178,0.002457493729889393
494,1445.7026452025461,17.504342078718796,4.375473897811224,-0.04302845512137992,0.0030065651983022692
495,1445.7148835765533,17.506939976218597,4.37482146134862,-0.04289203100431678,0.0025978974997997286
496,1445.7396554303707,17.49513888295096,4.375250848791115,-0.042641424881874175,0.002218105643987656
497,1445.77004947724,17.497154657275498,4.375438217416161,-0.04231973835954477,0.0020157743245363237
498,1445.8075758834445,17.49909414752674,4.3754333645453665,-0.0419318695728839,0.0019394902512431145
499,1445.7784027566029,17.50093559800935,4.375278901857876,-0.042225776410834893,0.001841450482606888
500,1445.7619141675243,17.49296409776976,4.375803673453714,-0.04250304989545612,0.0030633661895990375
501,1445.7086465633947,17.495779653178356,4.37600389897431,-0.042938315444152976,0.0028155554085969926
502,1445.6681823238007,17.493607683728733,4.3763455772446225,-0.043381686218806406,0.003450649976730347
503,1445.644546530853,17.493761482142837,4.3766131850198775,-0.04358229551752174,0.0031730417162179948
504,1445.637912045566,17.49659617734793,4.376600972103427,-0.04365471419545201,0.0028346952050924304
505,1445.6487123450302,17.499103388615875,4.376386068207121,-0.043545624943412804,0.0025072112679481507
506,1445.681342550513,17.501291699388055,4.376031018255847,-0.04321846454444767,0.0021883107721805575
507,1445.733162635678,17.50309977667126,4.375592121220219,-0.04270639699211869,0.001808077283203602
508,1445.7087266770188,17.493448044908888,4.376020965170625,-0.04294390359055569,0.001496373675763607
509,1445.6911285087497,17.4922008245435,4.376474540058218,-0.043230285983502204,0.002912084385752678
510,1445.6822932797993,17.494969128183687,4.376620245692568,-0.04319144527656363,0.002768303640186787
511,1445.685203602032,17.49756281573292,4.376527768166211,-0.043165425588774724,0.002593687549233437
512,1445.6438997920552,17.499936961121524,4.376257921433442,-0.043582956295510934,0.0023741453886032106
513,1445.6295419319224,17.503097418062055,4.375778374571391,-0.04378321183596882,0.003160456940531731
514,1444.9781104044614,16.8047462054449,4.432454407239583,-0.05027117511481265,0.0026376653462648393
515,1444.027720740764,17.318505401939653,4.43694435248995,-0.0608605359983585,0.014015099406242371
516,1443.3068054480116,17.543465384635276,4.422242377809364,-0.06730277462526146,0.017723390460014345
517,1442.9483206301754,17.624340280615268,4.403577662071799,-0.07096460071223419,0.013245320320129395
518,1442.917239031703,17.6357197729028,4.387342663057258,-0.0715128331729693,0.0063930854201316835
519,1443.1212521592622,17.616915481496928,4.375566650559023,-0.0694069384792806,0.00019848470110446216
520,1443.418040116407,17.612890151102423,4.366239270310309,-0.06624198034549181,-0.004025330394506455
521,1443.8120866294316,17.60741531546819,4.359038222074393,-0.06202408422965618,-0.005474835634231567
522,1444.2864169911877,17.60052361484277,4.353696552296051,-0.057277516587241735,-0.006891700625419617
523,1444.8049925346218,17.592620280344367,4.34996224357302,-0.05205123804108098,-0.007903334498405457
524,1445.3389918355545,17.584408292878745,4.347571194035825,-0.04664094694117694,-0.008211987465620041
525,1445.8045209592383,17.49326512512771,4.35305875308394,-0.04197770913859131,-0.007982800155878067
526,1441.9906010677669,17.48704532605616,4.358066833483521,-0.08027028943076402,-0.00621979907155037
527,1441.5317140274342,17.526322906436597,4.358963695542489,-0.0892325976708571,0.03927758038043976
528,1442.4436115797462,17.53313323852626,4.359142582092475,-0.07881060903161596,0.006810332089662552
529,1443.7384983070117,17.516252279253877,4.360668781055202,-0.06498414606608777,-0.016880959272384644
530,1444.9455561398595,17.494810137124933,4.363672516059417,-0.051000556887061066,-0.021442142128944398
531,1445.8719107429147,17.473847227426255,4.367848667743448,-0.04149427928531168,-0.019308274984359743
532,1446.618773393366,17.459667230280125,4.372431901491135,-0.03432509385016374,-0.014179997146129608
533,1447.1906207417962,17.449230164172135,4.377043070206583,-0.028468085685851748,-0.010437066107988358
534,1447.5904386884663,17.434410917309172,4.382035257406892,-0.024465280079152763,-0.006740396469831467
535,1447.8299401152058,17.429066318011664,4.3865656115657385,-0.02206049091078512,-0.0031414758414030075
536,1447.93367415345,17.429979225532275,4.390205899173408,-0.020989894789670414,0.00012488740030676128
537,1447.4390947596783,17.434660313081327,4.3928083965371885,-0.02587572533250068,0.0027916166931390763
538,1446.935485216871,17.460414493460178,4.392837812754928,-0.031677358084468775,0.01311371922492981
539,1446.719605654063,17.47321417369318,4.391815944184835,-0.03283534735856392,0.012799680233001709
540,1446.5845774362713,17.480717049915313,4.390364876912485,-0.03468390603837406,0.0075028762221336365
541,1446.3878309177462,17.486596556384086,4.38869452848053,-0.03628402779787393,0.005879506468772888
542,1446.1109665765985,17.492439636003063,4.386847346299864,-0.03898398564793296,0.006816020607948304
543,1445.7682675989695,17.50044172794728,4.384678725958037,-0.042435931143932064,0.008002091944217683
544,1445.4110930086113,17.509295133661315,4.3821769569627875,-0.04597420129086913,0.008853405714035034
545,1445.0669734143553,17.51729562287437,4.379471706408192,-0.04933938581413258,0.00876220613718033
546,1444.7117887893994,17.525481775451773,4.376584428564798,-0.05293971746198395,0.008186152577400208
547,1444.4051411513865,17.533515602398985,4.373560336395089,-0.05596382104915393,0.00803382694721222
548,1444.180775503542,17.540355905194158,4.3705215912715065,-0.05831159737978396,0.006840302795171738
549,1444.04771025819,17.539648353615757,4.368087641385156,-0.059697817865271646,0.005091098323464394
550,1444.1132505699788,17.537814363875004,4.366241676119962,-0.05905146649500239,0.0032513763755559924
551,1444.2754449508457,17.537393474523487,4.364762379680309,-0.05761277706425062,-0.00042088935151696205
552,1444.4875493035063,17.53531319418973,4.3637193571086685,-0.0552904460631612,-0.0020802803337574005
553,1444.7285450008906,17.532506183852018,4.363093467484721,-0.05278722299148967,-0.002807010337710381
554,1444.9721004005514,17.50849726557958,4.364542246794308,-0.05030920362845791,-0.0031090866774320606
555,1445.2180231185282,17.505599865915656,4.3659670213287045,-0.047840937516068605,-0.002897399663925171
556,1445.4716494692693,17.502906968111574,4.36735540005546,-0.04530395549329114,-0.00269289780408144
557,1445.727823960464,17.50032612536329,4.368704777080788,-0.04273296590093878,-0.00258084274828434
558,1445.9742224532115,17.48125140948917,4.371370052022791,-0.040278889798623825,-0.0023696994408965114
559,1446.205841492325,17.47932845375265,4.3737127214180225,-0.03798625944718879,-0.0019229557365179062
560,1446.422010323494,17.477920558608574,4.375748763513285,-0.0358314028243035,-0.0014078951440751554
561,1446.5842116476465,17.477024439561617,4.377491548879918,-0.034209061133246906,-0.0008961190469563007
562,1446.6861563410685,17.465777853807936,4.379839703868349,-0.03325672644695259,0.000286779529415071
563,1446.743460343589,17.467314007251094,4.381639656499487,-0.032690333955483764,0.001536153443157673
564,1446.7590362552487,17.469750085777175,4.382916541319868,-0.03249962995580517,0.002436078526079655
565,1446.7406222997627,17.47298611172153,4.383699138832409,-0.03267377174420062,0.0032360259443521503
566,1446.5733638677973,17.47683983140303,4.38402594282032,-0.03432813069574195,0.0038537196815013885
567,1446.4044699205836,17.483289162746203,4.383766882733043,-0.036214861960331746,0.006449331343173981
568,1446.2437365398073,17.489599449864162,4.3830387767981955,-0.03757653902444872,0.006310287117958069
569,1446.0976802504904,17.495596765285864,4.38195162931536,-0.03905449466472191,0.005997315421700478
570,1445.872099085232,17.50117351852967,4.380604436104351,-0.041321065365468715,0.005576753243803978
571,1445.6805381251418,17.50798873894526,4.378942797858961,-0.043318465465761166,0.006815220415592194
572,1445.5268991888195,17.513983215695756,4.377090385857691,-0.04481308247831521,0.00599447675049305
573,1445.412881769999,17.519116982749242,4.375151876573038,-0.04595725326970978,0.005133767053484917
574,1445.2740674125541,17.52339328036322,4.373212839918609,-0.047345072818409335,0.0042762976139783864
575,1445.1887431801795,17.52798713960363,4.371247419684851,-0.048144324360848714,0.004593859240412712
576,1445.156956473126,17.53149045140161,4.369349484453038,-0.048539490012983605,0.003503311797976494
577,1445.1768395190384,17.533951611375947,4.367592051569849,-0.04833581999198032,0.0024611599743366245
578,1445.2446238996558,17.535455265945334,4.3660280779542235,-0.04764951154393657,0.001503654569387436
579,1445.3679584065617,17.53611977605759,4.364691315823037,-0.04640433038009633,0.0006645101122558117
580,1445.5077650971514,17.500418811099955,4.366512653731801,-0.045015061452716054,-0.00026261413004249337
581,1445.6438916560792,17.500012529496455,4.368039352149626,-0.04357545018655401,-0.00040628160350024705
582,1445.778610061033,17.499815241172332,4.36930736725409,-0.042234798717606735,-0.0001972883241251111
583,1445.9092843459857,17.48296243414296,4.371724351030191,-0.04092356021335945,-3.3251591958105564e-05
584,1446.0232119061693,17.476464767564444,4.3742372670393905,-0.03979019943653839,0.0001899333903566003
585,1446.1192552100485,17.47466154657438,4.376445217386242,-0.03885139207347265,0.0006293751299381256
586,1446.1999337688205,17.47475822772633,4.378247835886922,-0.0380445837824368,0.0010685898363590241
587,1446.2755294641452,17.476200900038588,4.3796080878761225,-0.03728211360613841,0.0014426723122596742
588,1446.3466277710104,17.477816993741204,4.38059142732989,-0.036551064428931565,0.0016160937026143075
589,1446.413087600978,17.47958990596037,4.381252883295428,-0.03588480584187437,0.0017729122191667557
590,1446.4700703687606,17.476264504727958,4.382067028975882,-0.03531468597090452,0.0019268088042736055
591,1446.5158213263826,17.478430321452258,4.382557637891145,-0.03486568752817675,0.0021658167243003845
592,1446.3407638248607,17.480852501665293,4.382761996634651,-0.0366179981002665,0.002422180213034153
593,1446.1812355066386,17.48721323368424,4.382409771783737,-0.03858150011420548,0.006360732018947601
594,1446.0448412632716,17.49312719275528,4.381637658670703,-0.0395962646620751,0.005913959071040154
595,1445.8364381822933,17.49847398010367,4.380567586455904,-0.04169233534933255,0.005346787348389626
596,1445.6290753029853,17.504940702592076,4.379161666678017,-0.0438212404841488,0.006466722488403321
597,1445.4500662801458,17.505035818904236,4.378001039555119,-0.045522203067646386,0.006238063797354698
598,1445.309092606343,17.510572391166882,4.376596876629041,-0.046979223090040705,0.005536572262644768
599,1445.2135788879232,17.51525754162629,4.375062592534113,-0.04794935330109183,0.00468515045940876
600,1445.1616036983557,17.518993702321843,4.373499160524232,-0.048478861992828116,0.003736160695552826
601,1445.1499132282256,17.521856783866482,4.371983175252301,-0.04858817563283537,0.0028630815446376804
602,1445.1433226099805,17.523946235492424,4.370569317342445,-0.04864413689206458,0.002089451625943184
603,1445.158633889434,17.509300055768666,4.37060683966339,-0.04842439370426291,0.0019821256399154665
604,1445.1877342538596,17.510894956853566,4.370507272649906,-0.04816137991690539,0.0015949010848999023
605,1445.246650279131,17.50269641814771,4.371095612281892,-0.047556673096453325,0.0013631422072649003
606,1445.327571300806,17.503563667405572,4.371507179170768,-0.04677387628687939,0.0008672492578625679
607,1445.4216582472113,17.49711035098263,4.372372029037729,-0.04581674694581579,0.0005339550785720349
608,1445.533454674496,17.497496361442256,4.3730496611538765,-0.04468024771693535,0.00038601045962423087
609,1445.6210355666237,17.491565160003855,4.374090017270664,-0.04381171602685526,0.00016529352869838477
610,1445.7164358060973,17.489106214298243,4.375144054329492,-0.04289061501652213,0.0007150243036448956
611,1445.8163049826899,17.48977323981964,4.375953855392122,-0.04184175005132602,0.0006670255213975907
612,1445.91458036426,17.486139764032412,4.376914819904811,-0.040855890358657235,0.0006839655339717865
613,1446.0077294743157,17.48695638007586,4.377636076942146,-0.03993597030779029,0.0008166160434484482
614,1446.0952777134096,17.487963609351862,4.378145196936325,-0.03906628418915943,0.0010072292760014534
615,1446.081741187927,17.489164118795742,4.378464569699799,-0.0392019161375174,0.0012005094438791277
616,1446.0767832560743,17.492250718875873,4.378474218407298,-0.03942077650288183,0.0030866000801324845
617,1446.0259469352932,17.49516962948357,4.378243596972587,-0.03975729959431192,0.00291891060769558
618,1445.991255512276,17.498894858314742,4.377750061696041,-0.0401680766995878,0.0037252288311719894
619,1445.9314061935875,17.502280082880606,4.37706872221775,-0.04071993849065621,0.0033852245658636095
620,1445.8922734707096,17.506072816207162,4.376200081678106,-0.0411180161689731,0.0037927333265542987
621,1445.836906962728,17.5094346761248,4.375213065243128,-0.04167401771361028,0.003361859917640686
622,1445.7892658855003,17.51304089236175,4.3741090117755625,-0.04213177677692784,0.003606216236948967
623,1445.7520215361794,17.496321899758968,4.374569964007659,-0.04249946475080606,0.0034094151109457017
624,1445.6924732621483,17.499511503370794,4.374687290430819,-0.04309724852842919,0.003189603611826897
625,1445.6367915159421,17.49401999048569,4.375232264530781,-0.043667771743280355,0.0035464726388454437
626,1445.5869514603296,17.49744384109654,4.375399346220831,-0.044142747599503304,0.0034238506108522416
627,1445.545083305274,17.49605947325918,4.375649483746342,-0.04456521773304075,0.0032633427530527116
628,1445.5220001407079,17.496531855245426,4.375815993461344,-0.044798933498450426,0.0030739936977624894
629,1445.516267211704,17.4970215714979,4.375912511815494,-0.04487483557717496,0.002698916755616665
630,1445.533706574159,17.499388991247397,4.375798191323967,-0.044696083959022415,0.0023674197494983674
631,1445.5694167393485,17.49707920431471,4.375893204309055,-0.04434782452579384,0.0019475005567073822
632,1445.6244253950829,17.498720323213696,4.375837002720401,-0.04378638421494315,0.00164111889898777
633,1445.6964062175664,17.500051864900946,4.375682103831024,-0.04306689554550985,0.0013315416872501373
634,1445.7865303370147,17.50113434401652,4.37546662654841,-0.04215960288702036,0.001082479115575552
635,1445.7732820806934,17.501963708934692,4.375222159475553,-0.042292490612805975,0.0008293649181723595
636,1445.7763217078175,17.493105181274,4.375745615356242,-0.04242973137122817,0.002758849412202835
637,1445.7361599725411,17.489844200547324,4.376441336523391,-0.04266797554053255,0.0024630967527627945
638,1445.712435663075,17.49308158473252,4.37674726884484,-0.04295307211249337,0.0032373841851949694
639,1445.6805723658608,17.49598607399641,4.376760778485782,-0.043227565833522025,0.002904489263892174
640,1445.653073950829,17.494693483055503,4.376877486923045,-0.04348117885021566,0.0030236728489398956
641,1445.6316574235807,17.497609158993633,4.376734918803938,-0.043694225455274134,0.0029156759381294252
642,1445.6270170718099,17.496106230111444,4.376740832294521,-0.043743583537971066,0.002778133377432823
643,1445.6110539678416,17.498565841482602,4.376544681915549,-0.043921312522211334,0.0024596113711595536
644,1445.6074613955677,17.496589889132476,4.376545313430844,-0.04394485085377028,0.002654259465634823
645,1445.611322801242,17.49568479354388,4.376619795684886,-0.04391022755151198,0.0024197038263082506
646,1445.6220782459588,17.497969087351922,4.376494198643207,-0.04379275854223806,0.0022842938080430033
647,1445.636633417759,17.495576985102794,4.376586691664829,-0.04364572762321813,0.0021636757999658586
648,1445.5977576124753,17.49768547668745,4.376490230010261,-0.04402794229677738,0.002108491584658623
649,1445.5469667314344,17.50075670659234,4.376160150545688,-0.0446266065176792,0.0030712299048900604
650,1445.5274131747242,17.50399805225124,4.375624602617493,-0.04474287982815895,0.003241345658898354
651,1445.5368293817914,17.506630865965686,4.374970299779628,-0.044692559376530876,0.0026328137144446375
652,1445.549018948726,17.50872558179935,4.374262591274652,-0.04456362030081891,0.0020947158336639404
653,1445.5894423826821,17.510777159888946,4.37351461533909,-0.044109889947585544,0.002051578089594841
654,1445.6295427826599,17.512334772308073,4.372773986985038,-0.04375396874044781,0.001557612419128418
655,1445.6927888237417,17.513935496766766,4.372035860531951,-0.043076422966539664,0.001600724458694458
656,1445.7504463663909,17.515160707120497,4.371330472650313,-0.04253308774658763,0.0012252103537321092
657,1445.8090204493133,17.516545929868418,4.37063885418441,-0.041925796746286326,0.0013852227479219438
658,1445.865203106518,17.491481882732533,4.372119960974313,-0.04135181067769281,0.001423640176653862
659,1445.8818826338063,17.49302615972998,4.373208270225803,-0.04119323734401632,0.001544276997447014
660,1445.886703987867,17.484610847247566,4.374788383148087,-0.041209072905776335,0.002305404841899872
661,1445.8883903408312,17.487153108281817,4.375876322172641,-0.04113978221092339,0.0025422610342502594
662,1445.895453061368,17.489757036281553,4.376555639176638,-0.0410516360828683,0.002603927999734879
663,1445.9096836057147,17.49226710559222,4.376907556255847,-0.040912549811760075,0.002510069310665131
664,1445.926189098884,17.487784309484333,4.377562462358735,-0.04075022678445521,0.0023888915777206424
665,1445.9458070735868,17.490151381477983,4.377906048239781,-0.04054411122253896,0.002367071993649006
666,1445.969841833129,17.492478845253856,4.377997588322476,-0.040305542490486915,0.0023274637758731844
667,1445.995801563407,17.48758526409299,4.378472554642751,-0.040048018851925916,0.002267118915915489
668,1446.0216671378887,17.489846335745163,4.378677252249961,-0.039783933347487165,0.002261071652173996
669,1446.0475414440093,17.48636617770536,4.379129502802885,-0.03952724102133743,0.002287626266479492
670,1445.914730442244,17.484975350602188,4.379614006647155,-0.04085558640283125,0.0023165345191955566
671,1445.800554825695,17.490623163835206,4.379549760502054,-0.04227807198880555,0.005152736976742745
672,1445.6515070197024,17.495313604951896,4.379113775815015,-0.04353115938898099,0.004690441116690636
673,1445.5409077622026,17.49979755894188,4.378389839651582,-0.044640657089621526,0.005187788233160973
674,1445.4697909966917,17.50415681132022,4.377439973893209,-0.04538494361856465,0.004359252378344536
675,1445.4366987233482,17.507703291037117,4.376371265648878,-0.04571429003266303,0.003546479716897011
676,1445.397869932312,17.510499627673063,4.3752664082586366,-0.04609631498497493,0.0027963366359472276
677,1445.3877476394478,17.504603809395938,4.374842231468246,-0.04612897312611039,0.002860831841826439
678,1445.3960064044081,17.501583215835854,4.374741249405855,-0.04609455664656253,0.002314624935388565
679,1445.3776151104528,17.503562293815776,4.374496713862176,-0.04625740359101883,0.001979077979922295
680,1445.3758598274646,17.50118018150016,4.374490860934791,-0.04628945858487668,0.0024596465751528743
681,1445.3527136101468,17.499995611592162,4.374582864587217,-0.04650413933108894,0.002146892249584198
682,1445.3224829277099,17.500532232766446,4.374614454899844,-0.04681314934968896,0.0025266785174608234
683,1445.3301783436032,17.50316161362588,4.374425485952365,-0.04670848679816572,0.002629380859434605
684,1445.3663491571715,17.501451869845265,4.374410251677184,-0.04640720700619568,0.0019223950803279877
685,1445.4244963663118,17.49949653304858,4.374557549694561,-0.04580489530558679,0.001423805393278599
686,1445.5020694041043,17.500566194464692,4.3745909213378855,-0.045014720356673484,0.0010696614161133766
687,1445.5939367922542,17.50134674373759,4.374554499598831,-0.04408954329177959,0.0007805492728948593
688,1445.6952447845385,17.501949007042924,4.374475416815494,-0.04306538075137042,0.000602263305336237
689,1445.745223010151,17.491767997762192,4.375242561011579,-0.04255551784107183,0.0005247838795185089
690,1445.762930674309,17.493317358663308,4.375745005479529,-0.04247315095906969,0.001549360901117325
691,1445.7806422488788,17.489928299577304,4.376433963851756,-0.04225605189611542,0.0021741047501564028
692,1445.7719600617272,17.489170023890498,4.377060876006109,-0.04228254302652431,0.002195541188120842
693,1445.7501182118751,17.49185467557824,4.377355554236756,-0.04254772893121072,0.00268465168774128
694,1445.7315314122927,17.494763565155033,4.37735947592967,-0.0427071096659779,0.0029088895767927173
695,1445.7291387761863,17.4935673978911,4.377460442506669,-0.04271674566444517,0.0028275553137063984
696,1445.7174501427373,17.496089680193478,4.377337114190057,-0.042856025873759335,0.002522282302379608
697,1445.6954380918573,17.4942102872459,4.377389568962112,-0.04306171619119141,0.0026832534000277523
698,1445.683347458182,17.49706670536378,4.377199155386604,-0.04318384188996561,0.0028564181178808213
699,1445.678250750817,17.495278997756582,4.377189107720348,-0.04323753744073656,0.0026559686288237573
700,1445.6794285908843,17.497799730151932,4.376974874382669,-0.04321923771450429,0.0025207323953509333
701,1445.620924156243,17.495017089698397,4.377026600423635,-0.043802638649101486,0.0024019302800297737
702,1445.5789532695076,17.498481955010377,4.376785866983933,-0.0443167608081194,0.0034648653119802478
703,1445.5237113520413,17.497978598540843,4.376629599854067,-0.044798289850443776,0.00311083160340786
704,1445.47203882061,17.499020535284867,4.376416313736856,-0.045298990456010414,0.00330461822450161
705,1445.4466545968826,17.502205887967936,4.375981112099482,-0.04554538058531762,0.003185352683067322
706,1445.4493488334874,17.5048699930033,4.375406536093346,-0.04555863642989607,0.002664105035364628
707,1445.4548610227114,17.507006297046534,4.374760805001901,-0.045504169872099286,0.0021363040432333946
708,1445.4790235593157,17.500708477180247,4.374745963346389,-0.04521481238008846,0.002085824310779572
709,1445.487389828134,17.49745173621818,4.374999934060289,-0.045158367128487954,0.001763170212507248
710,1445.5099776980842,17.499522949195352,4.375038930521193,-0.04493102729562452,0.002071212977170944
711,1445.5170323031152,17.496703972597643,4.3753012743866995,-0.04485429061377545,0.0018250765278935432
712,1445.534054259285,17.496065539687905,4.375568569093798,-0.04468960742950685,0.0021265767514705657
713,1445.5287426260657,17.495570800705437,4.375828180823266,-0.044729508722775785,0.0019572269171476363
714,1445.5411917443728,17.496196208171817,4.375989954143277,-0.044629621070469055,0.002372612059116364
715,1445.5488956539184,17.498247483581576,4.375954978039201,-0.04454317712575175,0.002051275409758091
716,1445.5613001193851,17.49668247367701,4.376054190243259,-0.04439654387533665,0.0021467261016368867
717,1445.589352983841,17.495850067287975,4.376203568500699,-0.04411394650256852,0.0020719626918435097
718,1445.6300359315494,17.49765662316262,4.3761784269257245,-0.043726181366225775,0.00180655587464571
719,1445.6814742257168,17.499264867864838,4.3760263850771794,-0.043205088860074736,0.0016082447022199632
720,1445.6944049894607,17.500720525048962,4.375782754456286,-0.04307120885720224,0.001455657184123993
721,1445.6922428346754,17.50291166219889,4.375403917619261,-0.04315111964982635,0.0021911371499300004
722,1445.7101399169549,17.505381811671246,4.3748914107980195,-0.042926502062693994,0.002470149472355843
723,1445.7082546856382,17.494643117963296,4.375348721254415,-0.042953646127007236,0.002108219638466835
724,1445.693477945245,17.491521824974143,4.375978787891733,-0.0431029964067875,0.0024859782308340075
725,1445.6701579119785,17.49423869856032,4.376273419624872,-0.043321510415748894,0.002716873586177826
726,1445.6507049635693,17.49709172256621,4.376281868524284,-0.04350656540627824,0.0028530240058898928
727,1445.6432710430186,17.49498332957977,4.376461094496654,-0.04357665383203766,0.0027593813836574556
728,1445.6240395134405,17.494308831309798,4.37666317979262,-0.043782721334978306,0.002528216689825058
729,1445.5991252551066,17.494896024704595,4.376780904291088,-0.04402907524050533,0.0027314946055412292
730,1445.586242406187,17.495873317297974,4.376797574029102,-0.044145757271671755,0.0028133079409599308
731,1445.5859482162698,17.49844747836558,4.376600882771829,-0.04416443252463751,0.002574161067605019
732,1445.5991293668958,17.500782814052382,4.376248752308539,-0.044032588869122265,0.002335335686802864
733,1445.631013358706,17.502875671338717,4.375788977031203,-0.04371411425298675,0.0020928572863340377
734,1445.6828914356618,17.504646092456262,4.375267282490061,-0.0432033292602614,0.0017704211175441744
735,1445.6752528940574,17.506089530501942,4.374721535209231,-0.04328016936661243,0.001443438045680523
736,1445.6598533309757,17.5086418755245,4.3740654448037075,-0.04351235738793093,0.002552345022559166
737,1445.673732226606,17.511321317952554,4.373308486635957,-0.043275387474488974,0.0026794424280524257
738,1445.7161116148857,17.5134610632327,4.372512920954108,-0.042892853565933815,0.002139745280146599
739,1445.7551592285847,17.51510367727695,4.371726322675296,-0.04249812083774259,0.001642614044249058
740,1445.7803343924525,17.493605943757245,4.3728381068699,-0.04220650427153487,0.001741096004843712
741,1445.7922474432664,17.495649441692184,4.373582775258233,-0.04210776576034504,0.0020434979349374773
742,1445.799960986845,17.497954596939632,4.3740050260498435,-0.042026555862801164,0.002305155247449875
743,1445.808937274471,17.489354084282127,4.375054105593336,-0.04191924238026104,0.0023913064971566203
744,1445.8176548335139,17.491738725303616,4.375719477954724,-0.04182411821242795,0.0023846410214900973
745,1445.830303382932,17.494137055276838,4.37606909176565,-0.041698335065852916,0.0023983299732208254
746,1445.8431573917903,17.48926250242914,4.376754123549324,-0.0415746173096818,0.0023364176973700523
747,1445.8553916174683,17.491612672780704,4.3771237936908065,-0.041447459090736626,0.0023501703515648844
748,1445.8782587643313,17.49398608391459,4.377232968048961,-0.04121973643491856,0.002373411133885384
749,1445.9152183779302,17.496181218673538,4.3771431046101466,-0.04086564385819202,0.00219513475894928
750,1445.9645281138105,17.49814658255602,4.376908807053842,-0.04037769594954171,0.0019653638824820518
751,1446.024093718744,17.499926903632534,4.3765711952193,-0.039777567093156,0.001780321076512337
752,1445.9571408027393,17.501571575527144,4.376159950927748,-0.04044215689079692,0.0016446718946099281
753,1445.9055015690615,17.491050284466663,4.376682530514137,-0.04117542270199465,0.003949055820703507
754,1445.8623154836378,17.488421949531368,4.377325833305889,-0.041409774308422125,0.0036197643727064136
755,1445.7654395570592,17.491844081293277,4.377573684987542,-0.04236536769048826,0.003422131761908531
756,1445.6913289854738,17.49617197008007,4.377423248294841,-0.043177285847750685,0.004327888786792755
757,1445.6434267155523,17.499998619939618,4.376987176380304,-0.04361585673720128,0.003826649859547615
758,1445.5799752046332,17.503284017156297,4.3763611147498365,-0.04425437321795471,0.003285397216677666
759,1445.5422750778534,17.49971708433455,4.3761392339630465,-0.044599706202707236,0.0035099670290946964
760,1445.5277372865576,17.502709074334557,4.375712786295078,-0.04477442483733284,0.002991990000009537
761,1445.5358475131336,17.505249101312216,4.37515552820273,-0.044686721170899085,0.002540026977658272
762,1445.5647827850237,17.5073687344951,4.3745253601432985,-0.04439421152924069,0.002119633182883263
763,1445.6123491164217,17.509122657978292,4.373865291707519,-0.04391307980575221,0.0017539234831929207
764,1445.6762635999874,17.51057061088955,4.373205708878271,-0.04326796105732001,0.001447952911257744
765,1445.6826638634036,17.51177189938476,4.37256668166246,-0.04319802780756845,0.0012012884952127935
766,1445.6841019979797,17.514058880430962,4.371855787254399,-0.043267549275301465,0.0022869810461997988
767,1445.7180470252238,17.516437243965772,4.371078493971724,-0.04282866799662315,0.0023783635348081592
768,1445.7675879881726,17.494280532098426,4.37225175997373,-0.04238219128455057,0.0017976518720388412
769,1445.819631129759,17.495851183406128,4.37308548447051,-0.04182638875884322,0.0015706513077020645
770,1445.8756900303567,17.497427665538204,4.373640308438036,-0.04124368277887015,0.0015764821320772171
771,1445.8880905235924,17.486138568856756,4.375017809072215,-0.04112103124447913,0.0015571173280477524
772,1445.899045129004,17.488539492749613,4.375951156091718,-0.04109392936644099,0.0024009238928556446
773,1445.912507665614,17.490979291350584,4.376517120306039,-0.0408788108146723,0.002439798600971699
774,1445.9310910368988,17.493385243640283,4.376784596540667,-0.04069247426213906,0.002405952289700508
775,1445.956459530703,17.495712618567982,4.376813733973972,-0.04044326242917123,0.002327374927699566
776,1445.9811766640694,17.487862668254532,4.377479124608897,-0.04019860086083327,0.002223699912428856
777,1446.0029952209745,17.490129856460847,4.377839470309315,-0.03997439661964336,0.002267188206315041
778,1446.0276318914237,17.485897794156433,4.3784807979151745,-0.03973124189770033,0.0023427963256835937
779,1446.0567485729584,17.48821645097351,4.378817205916888,-0.039434928221276096,0.0023186568170785907
780,1445.9488700252446,17.490479250787853,4.378908144477465,-0.040516885447827916,0.0022627998143434527
781,1445.8589238517695,17.490883663293246,4.378949665507196,-0.04165625870901977,0.0047177720814943315
782,1445.7870593587945,17.49247435368976,4.378853721532374,-0.04217168607275653,0.004294975474476814
783,1445.6592979559264,17.496359624344915,4.37845754315508,-0.04344799092266839,0.003885270655155182
784,1445.566930922777,17.50115737840912,4.377740604423573,-0.04442193911313552,0.004797754064202309
785,1445.511081880336,17.505199718851657,4.376822374602773,-0.0449647225588069,0.004042340442538261
786,1445.4906119543816,17.508499088887184,4.3757998016304125,-0.04516817749688471,0.0032993700355291367
787,1445.502850948592,17.511110140573294,4.374747916649289,-0.04504032234902297,0.0026110516861081127
788,1445.4744606361646,17.50111932532231,4.374701820387077,-0.04531605345297975,0.0020044535398483277
789,1445.4606601785804,17.498642045140674,4.374866464788507,-0.0454675095119228,0.0027455665171146394
790,1445.4226284920878,17.501102048412374,4.374800441730317,-0.045802271403663324,0.002460003271698952
791,1445.4050930357992,17.503977296755128,4.3745113375280305,-0.04599059414911381,0.002875248342752457
792,1445.4040852895585,17.500763063509172,4.374536939223016,-0.04599960759410578,0.002470643445849419
793,1445.4069908675206,17.50292434823156,4.37438131242539,-0.04596102719714054,0.002161284722387791
794,1445.4230800781718,17.505013206791286,4.374082996929836,-0.04577644183454822,0.002088858559727669
795,1445.4607038919617,17.49968239921886,4.374274011818301,-0.04541635459960617,0.0018549233675003052
796,1445.5218975066782,17.501173556556882,4.374308786649178,-0.04481740153616556,0.0014911573380231857
797,1445.59644285841,17.495560469731014,4.3747960034659075,-0.044073927395968444,0.0011075975373387337
798,1445.677593741266,17.49649572593279,4.375119092118816,-0.04324129672089611,0.000935256201773882
799,1445.757742702987,17.491041382540082,4.375829753756253,-0.04242690672140725,0.0008919186890125275
800,1445.7586555235866,17.488091517160942,4.376653559297735,-0.04242384061511984,0.0009958771988749504
801,1445.7339277337483,17.489474726519646,4.3772160439729575,-0.04281023247615394,0.0024909753352403644
802,1445.7195688744432,17.4916127113263,4.37750256528824,-0.04285002444183192,0.002948107197880745
803,1445.7216450241042,17.494351442308247,4.377513703670926,-0.042804487380551565,0.0027387309819459915
804,1445.7063388955175,17.496782002934335,4.3773242117303655,-0.042967428080410174,0.002430560626089573
805,1445.710263365326,17.499521634691476,4.376944945631912,-0.042928273459845054,0.0027396317571401598
806,1445.7337448408507,17.50190144065869,4.37643946968754,-0.0426985341704858,0.0023798059672117235
807,1445.7325830368475,17.503934303634882,4.37585885385074,-0.0427088639306271,0.002032862976193428
808,1445.7414497515979,17.495061936942275,4.3761077986706844,-0.04263140990692136,0.002491937205195427
809,1445.7145326307652,17.497380613875922,4.37612245114402,-0.04287199971950258,0.002318676933646202
810,1445.6978140761896,17.500342736360963,4.3758924015226786,-0.043086203793243384,0.0029621224850416186
811,1445.6558752331962,17.503094517779882,4.375478885255625,-0.04346228177465037,0.0027517814189195636
812,1445.6088451910414,17.50627476718777,4.374879911935028,-0.04395439488848296,0.003180249407887459
813,1445.5763327994355,17.498329652794435,4.375038028560361,-0.04424119488059659,0.003225478157401085
814,1445.55953013762,17.501256255381538,4.374928522229717,-0.04443458618083014,0.0029266025871038438
815,1445.5584795821567,17.496945179811185,4.375191028134198,-0.04444655894104699,0.0026130549609661106
816,1445.566762556132,17.495323827302816,4.375538779902857,-0.044361716594582955,0.002319633401930332
817,1445.5872824231985,17.497478238492075,4.37564787787077,-0.04414369798928192,0.0021544111892580985
818,1445.6201193225083,17.49942193850762,4.375578499039189,-0.043819877892287876,0.0019437000155448914
819,1445.6645544676114,17.501165261491003,4.37537914404309,-0.043374493027101835,0.0017433229833841324
820,1445.6493857448818,17.494055874387236,4.375796652060409,-0.04352370098057236,0.0015677386894822122
821,1445.6425629406074,17.493252939320747,4.376204624488244,-0.04368543503915362,0.0026783831417560577
822,1445.6500644801115,17.495769430845623,4.376333514191655,-0.04351554436057313,0.002516491524875164
823,1445.67321800398,17.49802305936778,4.376255037225622,-0.04329410626047093,0.0022536285221576692
824,1445.7159688112251,17.50000389959628,4.376028811850002,-0.04286759071711458,0.001980840228497982
825,1445.7124606837137,17.501656878515725,4.375708225604696,-0.04290817929376772,0.0016529789194464684
826,1445.7333964255915,17.50417395062709,4.375239649750605,-0.04275244506327681,0.0025170721113681794
827,1445.7253110889767,17.494066462447137,4.375681401484316,-0.04279100833791062,0.0020758798345923424
828,1445.704068851202,17.496686986801414,4.375829488655728,-0.043013775939948574,0.0026205243542790414
829,1445.6977082567016,17.49953200553098,4.375718425205705,-0.04304536687051268,0.002845018729567528
830,1445.7071931665932,17.502089360882728,4.375418366097342,-0.042956834671849714,0.0025573553517460827
831,1445.732437708815,17.504356158864883,4.374987074897382,-0.042704678648808565,0.002266797982156277
832,1445.7212036002616,17.506349332225707,4.3744705339863685,-0.042815326459517564,0.001993173360824585
833,1445.7159497776522,17.509013995495824,4.3738292141569035,-0.042907651214407,0.0026646632701158527
834,1445.7239670408255,17.495213211389185,4.374431131973936,-0.042772408715152324,0.0025438720360398295
835,1445.7377899821524,17.497526126788856,4.374735693137442,-0.04264519584211257,0.002312915399670601
836,1445.7595375968876,17.4997430012244,4.374804270312644,-0.042414228127536265,0.0022168744355440142
837,1445.7898927040287,17.50183132930279,4.374689845425745,-0.04211392759542833,0.002088328078389168
838,1445.835772863011,17.503786410825253,4.374436247756471,-0.041655596025482286,0.0019550815224647525
839,1445.82271661008,17.505493274765016,4.374088812746509,-0.04179765565746947,0.0017068639397621157
840,1445.8202801663754,17.49208928436645,4.374899290133711,-0.04190643148464233,0.0027991954237222673
841,1445.8252924029184,17.494697354516468,4.375350750098558,-0.04176618849818624,0.0026080701500177383
842,1445.8405040602254,17.49717004053899,4.375518879367971,-0.041608497810495915,0.0024726860225200657
843,1445.867266881195,17.49946511962124,4.375469191506288,-0.0413450918820763,0.002295079082250595
844,1445.9059460468125,17.501568152910554,4.3752565875793055,-0.04095974411116913,0.0021030332893133166
845,1445.9616843388608,17.503483748404765,4.374925709895393,-0.04040190039090248,0.00191559549421072
846,1445.9367810361553,17.505131882770442,4.3745197046542215,-0.040658935751300765,0.0016481343656778336
847,1445.9363433742078,17.508267664505624,4.373930524273062,-0.04078533099487231,0.0031357817351818085
848,1445.9599074523214,17.510940708933852,4.373228955169837,-0.04044719920748093,0.002673044428229332
849,1446.0058526626572,17.513182957997998,4.37247043191167,-0.03998455290983656,0.0022422490641474725
850,1446.071910450675,17.51504682653256,4.371696127503328,-0.039318733546208476,0.001863868534564972
851,1446.1547838906663,17.51659493126579,4.370934686769688,-0.03848373747347068,0.0015481047332286835
852,1446.162894977529,17.5179061397598,4.370203153409974,-0.038394739848631614,0.0013112084940075876
853,1446.1986702482877,17.520628087005097,4.369380858526122,-0.03815437139225196,0.0027219472452998162
854,1446.259759604569,17.522862274727302,4.368523998900705,-0.037451179906620384,0.002234187722206116
855,1446.3430106660876,17.524677724360007,4.367673015463878,-0.036611767148074244,0.0018154496327042581
856,1446.406428618468,17.479726478253127,4.370648624877535,-0.035969455296922206,0.0014780348166823388
857,1446.433817141631,17.481676870566428,4.37292923853689,-0.03570906433335267,0.0019503923133015633
858,1446.4240625807042,17.468268662487517,4.37589506050177,-0.035830241265748554,0.0026590630412101747
859,1446.3932997907011,17.471630452369702,4.378052309043799,-0.03613727477708607,0.0033617898821830753
860,1446.3498480910268,17.471903306258543,4.379798955228467,-0.03653811399469077,0.0037277389317750933
861,1446.301332715953,17.475829453406558,4.380910360354959,-0.03700651366209286,0.003926147148013115
862,1446.255276427864,17.479802548153028,4.381497031256001,-0.03745193048120655,0.003973094746470451
863,1446.2171767847976,17.483683148411735,4.381660978741714,-0.03783748160079995,0.0038806002587080004
864,1446.1883802217333,17.484320481389332,4.3817433328290685,-0.0381350424244124,0.0036921538412570953
865,1446.1777295269949,17.48509717783306,4.381747391547318,-0.03824297764809671,0.0034894246608018877
866,1446.1838409846257,17.48823574124251,4.381494236294463,-0.038196676278878385,0.0031385634094476702
867,1446.2018056304396,17.485770732533556,4.381488089498817,-0.038013029641269895,0.0028277039527893066
868,1445.9505111937451,17.484219904906983,4.381609782760031,-0.04051519225440643,0.0026246620342135433
869,1445.7375518799477,17.49159450075769,4.381106919261307,-0.043099474582172656,0.0073745958507061005
870,1445.4768043990236,17.498054429806704,4.380166665790468,-0.04532342268993261,0.006459929049015045
871,1445.2809649249334,17.50771545937161,4.378606158608336,-0.04725206063149471,0.00707702785730362
872,1445.1309449740893,17.512548419552317,4.37693159321302,-0.04883003168439245,0.005682213604450226
873,1445.0438768165636,17.514845319600465,4.375370746916927,-0.04966168797529918,0.004677652195096016
874,1445.0136976547115,17.518256580965282,4.373812084675397,-0.04998966253591334,0.0034112613648176193
875,1445.0282616427348,17.513824820349285,4.372896145114883,-0.04982767291535311,0.0023083679378032686
876,1445.0554854322154,17.51000629972134,4.3724571241809755,-0.049527768164944065,0.0014821430668234825
877,1444.3961554352072,16.746572171675993,4.434484963959037,-0.05605942743283777,0.0012723252177238465
878,1443.4284037154505,17.310935633213603,4.439228010500194,-0.06695576463978568,0.013670343160629274
879,1442.6740545051646,17.555971681753025,4.423092962777302,-0.0736435228413825,0.017511022090911866
880,1442.287681860604,17.643873295209367,4.402678903792878,-0.07755043225608234,0.013238513469696046
881,1442.2829346761723,17.650121292865833,4.385428789057164,-0.07786970481959997,0.006247997656464577
882,1442.567614204475,17.649179002384653,4.371360698952,-0.07504288676901524,-0.0009422904811799527
883,1443.0839864573934,17.643090846504084,4.360322389164327,-0.06967472196600512,-0.006088155880570412
884,1443.735478644379,17.63329351779353,4.3520716128406605,-0.06301613083920757,-0.009797328710556032
885,1444.3934278478011,17.548179222935588,4.352261516431045,-0.05624287889422476,-0.011568902432918549
886,1445.0013073197792,17.537147388154416,4.353318758913478,-0.050040633567382434,-0.011031834781169892
887,1445.5054826188689,17.527565752262024,4.354968709034199,-0.045090193700189046,-0.009581635892391206
888,1445.9121375561792,17.52033501669183,4.356912563843986,-0.04111371447042757,-0.007230735570192337
889,1441.7112817648792,17.51529846332386,4.358918111929243,-0.08310660057142967,-0.005036553367972374
890,1441.2437431392802,17.555510665396003,4.357276520205818,-0.09208744415120919,0.04021220207214356
891,1442.3039965934026,17.562177416601923,4.355385608084061,-0.0803145791525958,0.006666751205921174
892,1443.8088503378508,17.548368128282764,4.3549635551856625,-0.06450194741499672,-0.019237756729125977
893,1444.4492070131632,16.700627587851052,4.423894828773055,-0.05599579150166846,-0.02411637306213379
894,1443.985987453736,16.69061443221188,4.481236748193551,-0.06155044720493606,-0.0100131556391716
895,1442.6755694485478,16.700663747008804,4.527435892113152,-0.07525055255813186,0.010049314796924592
896,1440.7502232391037,16.72300230425215,4.563493683229298,-0.09372669185360565,0.02233855724334717
897,1437.989053454488,16.75135553639746,4.590744045813624,-0.12071093294531693,0.02835323214530945
898,1435.8447060335911,17.64429922254545,4.540117985100758,-0.1421149119245638,0.033972954750061034
899,1434.6153989253905,17.671872942166154,4.4963512909488035,-0.15448593425903026,0.02757371962070465
900,1434.3268897241026,17.94523092329564,4.438123787526299,-0.15807530596289096,0.014131687581539154
901,1434.8860384947325,17.9416704670346,4.390668195205498,-0.15290882943693304,-0.0035604562610387805
902,1436.3107048587478,17.923976087645315,4.353200594186133,-0.1383063437253463,-0.01769437938928604
903,1438.1690801297627,17.8962716997421,4.324741163929705,-0.11931019955376541,-0.0277043879032135
904,1440.1654517871623,17.865451535657666,4.303923054928413,-0.09865705974649927,-0.030820164084434512
905,1437.1800069464266,17.83433181352975,4.289395309239648,-0.12822988634008198,-0.03111972212791443
906,1434.6238985566135,17.868969151452802,4.274651994519788,-0.16033672043896105,0.034637337923049925
907,1432.504685566997,17.796355543667065,4.2684964604777536,-0.17536731763506394,0.030495604872703554
908,1430.7970088066475,17.80301506734184,4.262904706288583,-0.1925963876229366,0.02483084797859192
909,1429.5073496511966,17.830175774937544,4.256099894828742,-0.20561443138977895,0.017951568961143496
910,1433.8193737169183,17.853458133982613,4.248617315050509,-0.16261623168977393,0.009851880371570587
911,1437.9895583232683,17.812078390168146,4.245863152296876,-0.12522757918592106,-0.041379743814468385
912,1443.4453047252825,17.77129293148418,4.246937726522551,-0.06560638126022468,-0.040785458683967594
913,1448.1404812041415,17.463670011125775,4.2729578224392935,-0.018745367821561557,-0.04228725731372834
914,1451.8996579534528,17.42284301396486,4.297630683299012,-0.01914260554980956,-0.040826997160911566
915,1454.610578235553,17.2048312648777,4.335678349339384,-0.04641701098845715,-0.037714710831642156
916,1456.3061275725918,17.174183906579398,4.369381937612626,-0.06376801097925182,-0.0306473582983017
917,1457.148472195747,17.15666399743595,4.398450606971887,-0.07279746687295528,-0.017519909143447875
918,1457.6645401221697,17.133850395435886,4.424151243401927,-0.07822195910755227,-0.0017543302848935128
919,1457.325295539516,17.138818537572817,4.44481976869913,-0.07392520263734241,0.004968142136931419
920,1456.7625480531428,17.158017756918863,4.460198999237877,-0.06904858825233987,0.01919921934604645
921,1456.1979123713131,17.179965909699394,4.471016365234425,-0.06225401705657987,0.02194815278053284
922,1455.6766531597864,17.201546516398384,4.478123038172152,-0.05680328620601813,0.021580606698989868
923,1454.8714032580044,17.222148551920846,4.482266911638193,-0.0488118896976971,0.02060203552246094
924,1453.8588438096488,17.245962607244447,4.483718803279301,-0.03890964007660159,0.023814055323600772
925,1451.218549769802,17.36017012329508,4.4755763162133535,-0.01236996781511152,0.025658756494522095
926,1448.7856462466602,17.463523357608363,4.460453450511195,-0.013263759744281742,0.036860978603363036
927,1445.5423970703077,17.498688151934193,4.445179033643117,-0.04474564772467602,0.03516479432582855
928,1442.6621430877947,17.53675538549666,4.429543157484568,-0.07366881304571735,0.03806723356246949
929,1440.2681274618226,17.666386577802534,4.406128277999323,-0.09754406312553329,0.03581385612487793
930,1438.3469703782139,17.738595954761276,4.381027126536353,-0.11692898304409027,0.031826987862586975
931,1437.0058708017186,17.764927081451187,4.3582924026636185,-0.1304908781000813,0.02633112668991089
932,1436.2346890330382,17.78146092312552,4.33829878354635,-0.13852554166310255,0.01760680675506592
933,1435.9519888710413,17.78863740878321,4.321317553462243,-0.14152314339932445,0.007176485657691956
934,1436.0617273742403,17.786376702582015,4.307577689704036,-0.14032644544348613,-0.002260706201195717
935,1436.4717257227296,17.77700926790155,4.297076508184395,-0.13599341562063044,-0.009367434680461884
936,1437.125197230689,17.762863120233188,4.289621562525747,-0.12922589899189915,-0.014146147668361664
937,1438.4973079184836,17.74540279785312,4.284935364630556,-0.11535833828633485,-0.01746032238006592
938,1440.4140806356609,17.71942476907886,4.283215606867931,-0.0967109642828109,-0.025978028774261475
939,1442.372607322745,17.68908626118816,4.284284668367407,-0.07670997468419499,-0.030338507890701295
940,1444.3470821858746,17.65927754322208,4.287597267229166,-0.05658215713371646,-0.029808717966079715
941,1446.8532527391721,17.630272820388445,4.292683864245772,-0.03154787212152314,-0.029004722833633423
942,1449.4703002900203,17.597925275360712,4.299498315179056,-0.0056312793192068965,-0.03234754502773285
943,1451.6950523491666,17.33206403053123,4.326812345871813,-0.01696987920598758,-0.032153987884521486
944,1453.3962433208771,17.304513139489476,4.351461309855806,-0.03442274289304805,-0.027550891041755676
945,1454.6074936448774,17.28454561925251,4.373305206076446,-0.04683327352925289,-0.019967520236968996
946,1455.3637911914618,17.273459001842326,4.392123199352131,-0.054526002197296745,-0.011086617410182954
947,1455.6602964993212,17.21006482967568,4.412734525587651,-0.0575117962021568,-0.001998305320739746
948,1455.5454779262548,17.217056163190133,4.429064481325976,-0.05635374314606679,0.006991333514451981
949,1455.1066632308675,17.23119038992954,4.441299996022258,-0.051780921631170714,0.014134226739406586
950,1454.38823966059,17.250080279050596,4.449789436334237,-0.044357962844064784,0.018889889121055603
951,1453.4488286671633,17.272378542063958,4.454928563336607,-0.034829124060863706,0.022298263013362886
952,1452.407880704377,17.34644258080681,4.453090134232486,-0.024297073739508047,0.024480929970741274
953,1451.3605173859557,17.395856014588087,4.4475445565584995,-0.013658076856097523,0.025009959936141968
954,1450.3294378906016,17.430845599027737,4.440137834025423,-0.0033561053271341738,0.024392695724964143
955,1447.9585068191675,17.45767947250116,4.431871457408052,-0.02050572532853721,0.02348476052284241
956,1445.7866855841846,17.49221339040506,4.422270916810701,-0.04323805989625953,0.034533917903900146
957,1443.8576776792063,17.52462733202684,4.411749606211542,-0.06163522083614907,0.0324139416217804
958,1442.2123715302876,17.55414272361505,4.400710133719643,-0.07816613970048138,0.02951539158821106
959,1440.569367948443,17.641263212508957,4.384538279923875,-0.09469552036851382,0.025623393058776856
960,1439.3869327888808,17.69168186295315,4.367157147697046,-0.10624308542815697,0.024499259889125824
961,1438.6563099549726,17.70884639728352,4.351501933525569,-0.11417037300614993,0.017164534330368044
962,1438.3337470696379,17.717691873344624,4.337941805601243,-0.11749443513054757,0.008845476061105728
963,1438.349213644223,17.695835479284895,4.328608605225858,-0.11729829747868961,0.0009411368519067764
964,1438.934218180009,17.690465026284826,4.321394254337207,-0.11128897718510643,-0.0053704530000686646
965,1439.8538194890145,17.675677823211323,4.31668689684368,-0.1024034801171979,-0.014787203073501587
966,1440.9530104128673,17.656487285281788,4.3143951144585895,-0.09091022935692991,-0.019190537929534915
967,1442.131198155267,17.635578098084103,4.314224551680611,-0.07885988337414573,-0.020909187197685242
968,1443.3325274945241,17.5338308273024,4.322399477170949,-0.06669747927691333,-0.021136729419231417
969,1444.4859849528357,17.513303330368462,4.330780423122468,-0.05520107372017265,-0.020527496933937073
970,1445.5442946699081,17.455812022633104,4.342350988470846,-0.04471463218647386,-0.0189517080783844
971,1446.8449874206428,17.4391932746239,4.353196936143829,-0.03178342180048958,-0.016618748009204865
972,1448.1376814767823,17.399934521836606,4.365298838513453,-0.018882714733376816,-0.01921404302120209
973,1449.2141977268398,17.370909960003967,4.377594285649507,-0.007974765580952408,-0.018046614527702332
974,1450.0518900967968,17.354957298382494,4.388980203808778,-0.0009561670495395447,-0.013673953711986542
975,1450.510093682892,17.34698209241897,4.39896839053072,-0.005594897358485014,-0.008734348416328431
976,1450.7466409191404,17.34573922865957,4.40726027046913,-0.008215557657097179,-0.0012428637593984604
977,1450.7545766448252,17.348925983169377,4.413799190440085,-0.007988728275172434,0.003186754509806633
978,1450.5721817501053,17.37248216123719,4.417236093944567,-0.0061475761981455435,0.007444341480731965
979,1450.2489872027336,17.392265683627663,4.418437645368492,-0.002813211951552148,0.01067774072289467
980,1449.3523208787897,17.410423691365217,4.417939045143798,-0.006689996802947462,0.012809796631336213
981,1448.4511374900833,17.444551320153344,4.414741283134982,-0.016305363853678045,0.020977184176445007
982,1447.3552431340315,17.46489918358909,4.410456290887785,-0.026510500733754726,0.02034786343574524
983,1446.3404229202633,17.48711643047916,4.405127003829227,-0.03678270914279892,0.022217246890068057
984,1445.278963320058,17.507454643922916,4.399094949638585,-0.04739827014405137,0.020338213443756106
985,1444.2451025034125,17.52763569779979,4.392499469479441,-0.05756469092256339,0.020181053876876832
986,1443.3204325213349,17.54659387447225,4.385541913551269,-0.06691796250709331,0.01895817667245865
987,1442.5453254037438,17.563103067654243,4.378487586423336,-0.07479164431160824,0.016509193181991576
988,1441.9449047025082,17.57647173829662,4.371610550413536,-0.08086500522887946,0.013368670642375947
989,1441.5241911614892,17.5862353739916,4.365173496576506,-0.08511859187984783,0.009763635694980621
990,1441.3933946018562,17.610488298001915,4.357913163480018,-0.08643452024693715,0.006078973039984704
991,1441.497023979277,17.610987401033967,4.351918903641119,-0.08558774720802376,0.000499103032052517
992,1441.7828634703917,17.60717697034332,4.347314998969261,-0.08260231866835284,-0.003810430690646172
993,1442.2914406173547,17.58054866979401,4.345715861859228,-0.07739467561183347,-0.006901248544454575
994,1442.8906042522501,17.5701547865061,4.345253957571288,-0.07144322095184406,-0.010393883287906648
995,1443.5661518900947,17.558740000822947,4.345808012341204,-0.06444057133857768,-0.01141478568315506
996,1444.2847828669326,17.546632961579963,4.347251724499473,-0.057221396686657044,-0.012107039242982865
997,1444.9983686840394,17.497515498678617,4.352449447537551,-0.0500241910310001,-0.012185817956924439
998,1445.662372932422,17.46950025160256,4.35900098641983,-0.04345347351742021,-0.011413789540529252
999,1446.2559587642231,17.45289050660944,4.365730596664138,-0.03759134465487932,-0.009904466569423676
