adim,fuel,fan,sicaklik,o2,efficiency
0,15.76220128029397,1002.6314102099776,1398.237290169006,4.21150225749312,0.5803562624401264
1,15.88024695470361,999.1637870640628,1394.38006703931,4.372665893026411,0.5023377387697374
2,15.866466739668386,1003.4278980325394,1388.103497465039,4.509169861228556,0.4383735229682329
3,15.766932984561107,1001.7632802989787,1380.564462736615,4.62797856261511,0.4
4,15.809359626696137,1001.5789786428179,1372.1109580726206,4.721795260504752,0.4
5,15.792544670136941,1002.1377375356888,1363.0138221747734,4.800521492747286,0.4
6,15.69229810902444,1001.0991588663841,1353.639260731221,4.872483986686284,0.4
7,15.84782129754338,1000.6787498768414,1344.355562715359,4.9184660475544,0.4
8,16.102138610754754,998.8261235772063,1335.7875118278816,4.933987941148097,0.4
9,16.137583839241277,993.2871539427638,1328.460619062199,4.939631848779372,0.4
10,16.105015568719118,990.7684737486258,1321.9654361513499,4.945017209877319,0.4
11,16.033799449307864,992.4495616108609,1315.7002787204963,4.956523889679774,0.4
12,15.985238760479167,993.9690366837559,1308.3102313748827,4.971076469763976,0.4
13,15.894241955530404,992.536974814828,1302.087693037083,4.989363205560526,0.4
14,15.92868704067357,994.1698732613158,1295.9482698981221,5.002777947781341,0.4
15,15.77106195042837,992.520340972513,1289.6485705423456,5.025412112366913,0.4
16,15.743640090734818,991.1708908333432,1283.9603992160287,5.045192857396027,0.4
17,15.763980987429454,991.907652110746,1278.3644494471755,5.060307801767731,0.4
18,15.789128939942476,994.5252821398252,1272.260672275356,5.0726258937751485,0.4
19,15.734486263662092,994.9527767635689,1267.260171689632,5.087515314662413,0.4
20,15.779262521049173,994.6624121268161,1263.9514691463778,5.095846008370914,0.4
21,15.928975011652938,996.8074676621776,1260.9454680056901,5.092064334464477,0.4
22,15.989203426767359,994.6760569906446,1258.3884005769244,5.08243014931037,0.4
23,15.981047379571828,995.532265068693,1255.7019700713854,5.075843922967826,0.4
24,15.996446216213538,996.9936273020278,1252.9369890026555,5.070289614284979,0.4
25,16.01038203456897,994.9474545959795,1250.2459333614252,5.063049339523267,0.4
26,16.050468476179034,996.6889274199619,1247.9266292034708,5.055153003665219,0.4
27,15.984808569085267,995.3536426385015,1245.1474760132387,5.053034260574539,0.4
28,15.979441931343272,996.391394052293,1242.3763087728175,5.0525199929452835,0.4
29,16.088875064542716,997.677504298082,1239.9456896704787,5.044127717190052,0.4
30,16.07027247700568,997.4485615458099,1237.9830782365082,5.03859317380357,0.4
31,16.044927385027872,996.7754915844642,1236.0204130933068,5.0356172082523045,0.4
32,16.133767613080334,994.5880316217068,1234.8459785187783,5.024263173331975,0.4
33,16.113245740602878,994.1546428335408,1234.760753892054,5.016302270192309,0.4
34,16.132891505232823,997.4505180173646,1234.7783416251436,5.010660559371194,0.4
35,16.068705104091155,997.3257637013261,1234.7698214243537,5.011185354936252,0.4
36,15.956048346242723,999.4026808644536,1234.4853844324969,5.022392146926299,0.4
37,15.948961783776651,997.3845293568189,1234.3646792007485,5.030635107703092,0.4
38,16.03131195633179,1000.5221669278088,1234.109422366631,5.033036733442525,0.4
39,16.152951894021715,997.9416783939173,1233.9051973781122,5.023114801509217,0.4
40,16.05020110734,999.3407131272342,1233.5588072782775,5.024433281869922,0.4
41,15.949012196117708,995.2420779810404,1234.1512071583209,5.030685025420263,0.4
42,16.147891670020854,993.9010103426018,1234.869162952091,5.018545177389519,0.4
43,16.22151037396864,994.6692570943993,1235.5441373696303,5.003155176062053,0.4
44,16.105863049717307,998.5831337144599,1236.2987992622848,5.002944965036117,0.4
45,16.039223628278258,997.6245058291698,1236.9087647810886,5.007493642833569,0.4
46,15.992840096017613,996.3798017564726,1237.5935425600635,5.01407302460486,0.4
47,15.93393408044381,997.9774542992342,1237.5397310962485,5.025489742572338,0.4
48,15.873902708074782,1000.1075805474138,1236.426698686963,5.0413675904992905,0.4
49,15.915034216881452,997.9065825737306,1235.453138256733,5.049362204431606,0.4
50,15.74307970996599,995.5684101444116,1234.9616971645405,5.068202251804672,0.4
51,15.774133738202684,997.0116753555724,1234.7916714523835,5.08220446396272,0.4
52,15.837004381951166,993.559529974708,1234.3535113832259,5.08593866701726,0.4
53,15.923199381555913,996.6455882209654,1233.1224463209726,5.084289918188453,0.4
54,15.854746268183941,995.9348946981733,1233.0867945237185,5.087994648270359,0.4
55,15.79230624181783,995.2778123486485,1233.3984690508016,5.0956383716359195,0.4
56,15.821696909740961,994.7043289416873,1233.0604173221398,5.099070865957338,0.4
57,15.710200472249406,994.1744405015619,1232.2816994570235,5.110596404511977,0.4
58,15.732821027125354,995.7374841890935,1231.0281320002825,5.1193804554100915,0.4
59,15.778284262072884,993.1037149701083,1229.799339020573,5.120876992057081,0.4
60,15.830075239317008,992.7014429005891,1228.4429449787312,5.117567675762666,0.4
61,15.743470124141673,991.8132077007932,1227.4689679360872,5.121259900602328,0.4
62,15.79362314343353,991.278963831479,1225.7337473948717,5.119785131869119,0.4
63,15.785822413550823,989.6116791544258,1224.509430801747,5.117952829938051,0.4
64,15.706821669654559,989.6591549196158,1223.6585114543934,5.12294217482426,0.4
65,15.785132471541955,991.0665456491508,1223.2107259466154,5.1216978662922426,0.4
66,15.87772106315458,990.4565876215735,1222.6226698611595,5.112650065320556,0.4
67,15.78840554978643,991.6102132643463,1221.6491550585995,5.113401873262155,0.4
68,15.907075396931639,994.0628332589637,1220.7736964290007,5.10617483658149,0.4
69,16.073375457800516,996.3079199365068,1219.4116841494135,5.088355911057362,0.4
70,16.36249180650853,1000.3480201771382,1218.3904683213852,5.053172119893076,0.4
71,16.217168398545216,1000.9961777797486,1217.9489226360688,5.036687247184697,0.4
72,16.051106211830728,998.9527848850748,1218.0850930247784,5.035195448433761,0.4
73,15.96419411426114,999.5369763549572,1217.603321878712,5.041516278822611,0.4
74,15.963651527573857,997.2013601011861,1217.6030187601957,5.044977974037701,0.4
75,16.062595553712175,996.7694293202197,1217.6694753566958,5.039404318627643,0.4
76,16.0033541606932,995.7802486653393,1217.4204247209516,5.038927307253815,0.4
77,16.018413754141136,996.7040630202494,1217.5385279309187,5.038003891603023,0.4
78,16.038221949518935,996.9973021058115,1218.147094765057,5.035849653791785,0.4
79,15.93196178742857,998.8036932546828,1217.936372032046,5.044132390941141,0.4
80,16.18744226336079,996.5595315399086,1218.7927821642581,5.028349784654063,0.4
81,16.062375170664758,997.3224210824958,1220.4647686105518,5.026205274807975,0.4
82,16.13840298367878,996.6025215186053,1223.7384035059113,5.017689539784374,0.4
83,16.168461796423053,995.0581580813274,1226.2494882172557,5.007082692128979,0.4
84,16.040935459078298,993.448298041608,1227.818242142067,5.00758947514934,0.4
85,15.939170818250377,991.4899750529839,1228.8715681393785,5.014840751495093,0.4
86,16.13731919583943,993.5665214719912,1229.7203654259163,5.006163981774804,0.4
87,16.078027668372773,994.0169486132719,1231.0338756080284,5.00423485714755,0.4
88,16.032740967821262,994.1029929838867,1231.8772964758487,5.006418853666456,0.4
89,16.133768845040198,992.6016474933173,1232.9692984286742,4.998818715494757,0.4
90,16.14811076658304,992.9273869451588,1234.1542026170166,4.991660839391074,0.4
91,16.393948454578833,994.4102000884169,1234.8467260001205,4.966822531859342,0.4
92,16.38975232978272,993.5651015358516,1237.2945908391077,4.946159132495921,0.4
93,16.28835585667494,992.1715250376617,1239.170713584238,4.936447720967651,0.4
94,16.1095778495364,992.2605523668713,1241.230480268915,4.943161406918714,0.4
95,16.148806156775,993.7009614860782,1243.064964674631,4.946549841425168,0.4
96,16.151391375668908,991.165009493403,1244.2727955061152,4.947199913925987,0.4
97,16.239851376999564,993.1041180264662,1244.6903264585985,4.941969988118913,0.4
98,16.43735760685824,994.5424510272375,1246.2732735406864,4.922628619601645,0.4
99,16.226482583017734,997.0557385428822,1247.1626675825212,4.925901449727559,0.4
100,16.19163058144977,994.1195861500177,1247.963830856629,4.929213544789937,0.4
101,16.102099725630193,994.2295628428991,1249.0928522997867,4.93932906665848,0.4
102,16.030254565901668,991.5329991487977,1250.2791464791346,4.951456378890961,0.4
103,16.139023115945918,987.9614130584856,1253.0455883687323,4.949812089927702,0.4
104,16.22505621299768,988.8999776728849,1255.555646733781,4.9421427031352465,0.4
105,16.3399566944809,988.6267145122325,1257.5438798299847,4.9262575516691705,0.4
106,16.298731416031735,988.8743031633506,1258.5263792742892,4.9167878342421,0.4
107,16.381979159833215,987.6667802717265,1259.9837675314823,4.901306773022377,0.4
108,16.33564944042924,986.2977296231464,1261.6434116192966,4.8913633652015704,0.4
109,16.42853801326688,980.2296820389504,1264.5350895347399,4.8710314726425645,0.4
110,16.46452389990505,978.3182035085325,1268.792205155335,4.8499734763191125,0.4
111,16.454984201929456,979.4501116153602,1271.6702478830125,4.834341225981209,0.4
112,16.497106215889467,979.6928476606929,1274.3343305497194,4.818264078173588,0.4
113,16.545051324421582,980.89020436731,1276.4046626549878,4.802067944372297,0.4
114,16.66689044106006,980.0187623885087,1278.32505587245,4.778171611907568,0.4
115,16.51590153718467,974.634795731061,1281.4676212026638,4.766845153718156,0.4
116,16.465331927570702,971.2757390099213,1285.29830995064,4.759150559619311,0.4
117,16.3527519682387,967.3915039169187,1289.8710665356905,4.759104545004559,0.4
118,16.26192594325183,967.6631131837282,1293.7007700544018,4.766694452388097,0.4
119,16.38377144298776,966.5401852431618,1297.7985343168916,4.76211202868111,0.4
120,16.170893149099328,969.1479069691649,1300.8518860884458,4.777722293042801,0.4
121,16.148053676422897,970.2845497940012,1303.7892311796852,4.793248453502083,0.4
122,16.198594641022478,972.1841165458931,1306.2892339613418,4.803285769916046,0.4
123,16.37457016932872,970.9749623309642,1308.6841050452638,4.796221528615824,0.4
124,16.638077574627808,971.7947234880859,1311.361112530846,4.769514765023384,0.4
125,16.57104240339827,971.4109301337243,1314.4365116485799,4.752803185294564,0.4
126,16.59875599143503,973.7546234151698,1317.933067305708,4.73860676762334,0.4
127,16.340205205537213,969.4377459458261,1320.7194773512178,4.744830915989682,0.4
128,16.3422213438951,968.4445654255327,1323.005003294844,4.749019114350134,0.4
129,16.35003119101291,968.3918451140065,1324.4131392502022,4.751775359743724,0.4
130,16.41893802578181,971.4831438198315,1324.8646680541815,4.750741436250757,0.4
131,16.389952903407142,974.1928018486987,1325.6418305684026,4.754310784656805,0.4
132,16.35047080012107,973.4900826930884,1325.1462277626285,4.759932872148661,0.4
133,16.539948601590062,968.6495002247242,1325.210509461272,4.7453993776098535,0.4
134,16.575002982546128,968.5395456323007,1325.8015591433555,4.73053414240443,0.4
135,16.685531574302875,969.0804535622732,1327.5821593926687,4.70972117941268,0.4
136,16.684009980200372,969.5477027071562,1330.9429822669456,4.693132134783033,0.4
137,16.75142955623315,966.8788466578721,1334.229732469962,4.672001935260066,0.4
138,16.6560152726152,966.5998662455213,1337.6404058818127,4.662261517716754,0.4
139,16.612657633595372,967.9625304416237,1339.2299464045216,4.6588477357241915,0.4
140,16.60849318117499,966.4062831227496,1340.914406351745,4.655212230569015,0.4
141,16.739769385222747,968.8184202177748,1342.39143802062,4.6433268005908275,0.4
142,16.751520230780514,971.4482665881271,1344.0153379708565,4.634608632765719,0.4
143,16.753778928003786,972.3846232129896,1345.3520732632344,4.62798304002044,0.4
144,16.67790566132905,973.179269429737,1346.2828879445606,4.629351169861832,0.4
145,16.472141624978015,968.0842678413605,1348.5919796805217,4.6434362521815675,0.4
146,16.57424565867503,968.4930128869611,1350.7462647446848,4.646951089304505,0.4
147,16.464243242134007,967.8192976701982,1353.27007659429,4.658313324521172,0.4
148,16.389667909630095,969.894682996352,1355.0925910412077,4.675293644877632,0.4
149,16.4682748991034,968.692272214285,1357.108382162874,4.681884721838928,0.4
150,16.449514138997685,968.2292040721219,1358.348172244052,4.688472454747554,0.4
151,16.282850589833156,969.0059395982341,1358.8898043119004,4.708081353028094,0.4
152,16.18818313522952,972.3208748379178,1358.5969134220115,4.734402965049546,0.4
153,16.222280445989323,969.8358745643422,1359.014793478082,4.751321594465023,0.4
154,16.199524628303685,967.6612739916181,1359.4489862389817,4.7654104779740045,0.4
155,16.24272077429476,966.8735271554747,1359.7892926252866,4.772837836792855,0.4
156,16.219038127042293,968.6324824506273,1359.3390043082775,4.782193387160919,0.4
157,16.297568953681843,969.0189864549003,1357.673855420322,4.783739596336978,0.4
158,16.428774212843507,967.0009892331884,1357.061875467032,4.77275978818304,0.4
159,16.590303844648364,963.6275257496363,1356.5785082676232,4.748005805592154,0.4
160,16.513159387534564,964.5436152885495,1355.8951018898574,4.734704348594385,0.4
161,16.433668730080853,968.1976671690884,1355.4087632115475,4.73305559360502,0.4
162,16.32947944795314,965.4147632765262,1355.105966486233,4.738114087306439,0.4
163,16.38267233070117,966.381819880676,1353.7566867339074,4.738646224556171,0.4
164,16.504644690647417,963.134404780867,1352.4677154839858,4.7266599500306885,0.4
165,16.423000990807463,966.3526520684223,1351.2073950194392,4.725936123020106,0.4
166,16.325855693594622,967.5175299348175,1349.7130492227427,4.734161946226656,0.4
167,16.254670346559024,969.5904079631523,1348.1677774560371,4.748291483605198,0.4
168,16.231081209585792,968.5908051552668,1346.51704472045,4.761049708806293,0.4
169,16.37474187988138,968.7825421999896,1345.3859688728073,4.759916456700446,0.4
170,16.308837901368193,969.6939015937432,1344.9378089136178,4.765061850799427,0.4
171,16.25236332237281,970.9094024084018,1345.1655997156424,4.774815095171975,0.4
172,16.22250372423899,972.1233052489282,1344.631613501028,4.7861705924644,0.4
173,16.341242986296887,967.7577010858811,1344.1571415576675,4.782478331001552,0.4
174,16.26815398656047,970.8343598784414,1342.7682600860758,4.7877494637076525,0.4
175,16.32291085749835,971.7870210286254,1341.6665140048958,4.788317272863151,0.4
176,16.32537036562011,974.6239826705154,1341.010224759902,4.790726628368218,0.4
177,16.269078468814563,971.1647851054202,1340.2637321239808,4.794687320330111,0.4
178,16.373768622237048,968.3898355206262,1339.4023156584294,4.787281946515073,0.4
179,16.405886368993748,969.2285298819263,1338.2559154771245,4.779218930658927,0.4
180,16.30130929123982,969.5843576081746,1337.0504945503058,4.781422302211982,0.4
181,16.25002796937137,969.2876698973231,1336.707091622787,4.7871954805991725,0.4
182,16.23272941285539,968.2111189901763,1336.0500262931096,4.792529252429352,0.4
183,16.240522659512525,966.0825008239939,1335.310625027144,4.794656845879644,0.4
184,16.108782259180742,967.8077203423727,1334.1120097471714,4.808471563979892,0.4
185,15.795135588709798,967.9600713222073,1333.1413113457309,4.845546016073736,0.4
186,15.80323975899276,971.763987876225,1330.8952078935201,4.878160554910001,0.4
187,15.771698466332113,970.8815885665596,1328.7592868530392,4.906814937313859,0.4
188,15.65790732935582,972.4689265083027,1326.1117055074033,4.940810570082684,0.4
189,15.722749818742518,972.7042194343787,1322.9617198807232,4.963565942172552,0.4
190,15.709418714086441,974.1764667280465,1320.1556253738204,4.984427784112752,0.4
191,15.662463911748093,973.8714167246412,1317.4634456893273,5.005141023148231,0.4
192,15.487957752477113,974.8247198658835,1313.8453093101514,5.037107219667727,0.4
193,15.500668211252457,976.828752578416,1309.6146262495924,5.063795850853268,0.4
194,15.528494005147586,973.7533795706627,1305.691598404628,5.081081622554439,0.4
195,15.73090699738514,978.8846503985279,1301.5553742027223,5.082594006369614,0.4
196,15.695760749828734,976.0849334946136,1297.3398287754105,5.084589726469007,0.4
197,15.76041402999751,976.8045421469574,1291.777290108148,5.081486775036289,0.4
198,15.901531263243267,976.2750465846483,1286.9922448356003,5.067009955915512,0.4
199,15.963431971772012,975.2996958592655,1282.819137867275,5.049343073187115,0.4
200,15.857160803623408,976.1014103013484,1278.433759731396,5.044146805329149,0.4
201,15.953682240493073,975.9280718677633,1274.9669034291665,5.031867090008837,0.4
202,15.834783988313438,977.6335129617537,1271.5810121164295,5.032803402081358,0.4
203,15.7718647767954,976.6107834904886,1268.2742771035305,5.037939752465802,0.4
204,15.705651601372665,976.8771009726793,1264.1508288940297,5.04776383649313,0.4
205,15.774308437040554,975.4784274447549,1260.556607627978,5.049151551597647,0.4
206,15.78356211597609,973.8349069753265,1257.5991749826148,5.048290765865851,0.4
207,15.689972433913125,974.5020678761484,1255.8266963745034,5.055737444024985,0.4
208,15.742778333684692,973.860214402691,1254.0494156476168,5.05704318076021,0.4
209,15.754964661023395,975.8949399988159,1252.5458426534556,5.058656270763644,0.4
210,15.650812396046742,974.2161276352537,1251.9829883717634,5.0672211455135,0.4
211,15.510346679148295,972.3553109937984,1251.7388551235924,5.084316423812383,0.4
212,15.591849114907367,968.8965272185458,1251.1947237670095,5.089059332433145,0.4
213,15.426738342059249,971.0084571551782,1250.7353571150834,5.108037988891412,0.4
214,15.4994292934691,971.710676020072,1249.4384069419414,5.1181910600998375,0.4
215,15.683619459758614,973.6253714677619,1247.77506279253,5.11291206786002,0.4
216,15.655363875494418,970.9371803138168,1246.2381336381081,5.108860068057059,0.4
217,15.669486717998588,972.5175393604508,1245.094806607394,5.105578060968444,0.4
218,15.640991419422534,972.8592751649954,1244.0755012522013,5.105473803223651,0.4
219,15.581550863773527,974.0366740734606,1242.455117409796,5.111135907655357,0.4
220,15.726952500568723,973.7071738350751,1241.3743845250344,5.103647509350234,0.4
221,15.645777805030468,973.31427336343,1240.5076071322676,5.103843586102855,0.4
222,15.65130980327695,975.1366107099122,1238.9656229119753,5.104929981177242,0.4
223,15.593073293019028,975.0433384715853,1236.7443730196865,5.110509398944342,0.4
224,15.810837581124172,978.321005312482,1234.951880496682,5.0997667400211295,0.4
225,15.774129211313781,975.8880655449104,1232.7995556854853,5.092118265220717,0.4
226,15.591046273019236,980.9181073351139,1230.5792643176298,5.1046107651952015,0.4
227,15.581193155351224,980.3875714640419,1229.4215246790902,5.115258726831579,0.4
228,15.444451320253847,977.7429712308481,1228.2144163463356,5.133165280361271,0.4
229,15.510794419848303,978.4834664659745,1226.9521890875956,5.142986910554516,0.4
230,15.405304191245936,979.3802716968146,1225.3073220088065,5.160339293548877,0.4
231,15.287681390401078,975.1972239241146,1223.5973659211961,5.181017998773133,0.4
232,15.209698758698142,973.075837114762,1222.68283104287,5.202743509291917,0.4
233,15.178909635234971,975.9938188666464,1220.7932193019544,5.225280509291155,0.4
234,15.180682884599888,976.2570079764481,1218.7906286372408,5.243814910319439,0.4
235,15.305629086674488,974.1343502899722,1216.8057137398123,5.24719778631812,0.4
236,15.257593980665703,973.2170986792268,1216.131694894131,5.253203731282352,0.4
237,15.30186881033476,972.1421321848723,1215.4174287586068,5.253697792402735,0.4
238,15.395794590850212,973.8317715598171,1213.7267489512915,5.247704675105185,0.4
239,15.393839635252359,971.999348909793,1212.401966299163,5.241564766369232,0.4
240,15.399953331534578,972.3784070011465,1210.5210599699212,5.236316997862631,0.4
241,15.419399180900694,972.4362494299315,1209.2298078044728,5.230468441753181,0.4
242,15.298228402025734,973.06591055128,1207.3728576950864,5.236050725600833,0.4
243,15.330121848630514,971.6320915181607,1205.185198710471,5.236937898710327,0.4
244,15.393443961306895,970.4296990799239,1202.9666049519983,5.231581688928891,0.4
245,15.467188311755455,968.6418131936643,1201.111938090649,5.219811566859445,0.4
246,15.440306318702175,968.1165623667041,1199.5991232634628,5.211959773609631,0.4
247,15.467038139864385,969.1809025448715,1198.8834553845666,5.2041414198941025,0.4
248,15.271047037896793,969.5375014155272,1197.82751507407,5.214016351446377,0.4
249,15.21586938423574,969.2912283788027,1196.939853885394,5.226436730760659,0.4
250,15.140156872832772,971.1667958237971,1196.181350352232,5.244226597218637,0.4
251,15.063676037375524,971.6604134066206,1195.1206059133656,5.2654374764803595,0.4
252,15.146853269870256,968.7658012026525,1194.3330202635937,5.273844827209302,0.4
253,15.132782070512823,967.8434730505019,1193.6959942832605,5.281191473135499,0.4
254,15.042564227996706,966.654868218847,1192.424828928915,5.293689739632667,0.4
255,15.029706107088975,967.4083038958235,1191.184262060151,5.305558681172718,0.4
256,15.01854520302979,966.4401714317752,1190.3274731626996,5.315471374172456,0.4
257,14.98619208720254,966.3946568379124,1189.7744755092601,5.326209270024684,0.4
258,15.09447054079386,969.1155852458709,1188.8348385456666,5.328222851272445,0.4
259,15.172714451143733,968.1475496884781,1188.2799423451304,5.3227480606604285,0.4
260,15.11681672488897,969.8436556839702,1186.5880650843192,5.324108950680706,0.4
261,15.277302670584499,969.1405606340004,1184.9907461589494,5.3115784291573185,0.4
262,15.27950510558868,968.2194161326088,1183.3891036745804,5.300427033276547,0.4
263,15.160959362567917,968.0262757799156,1181.5576968175571,5.300824432667334,0.4
264,15.26527834746218,966.1437654691946,1180.6192114941027,5.2912021749273155,0.4
265,15.236934117611758,965.5028278264376,1179.8409829292696,5.285143665185952,0.4
266,15.34816800620702,960.9475265800418,1179.3235982453004,5.267641846079755,0.4
267,15.258620864595724,960.0,1179.00054894702,5.2598918167306365,0.4
268,15.418673006480416,960.7887238469099,1178.8176103780972,5.241053606857806,0.4
269,15.382701432348691,960.0,1178.7533950088741,5.227949596571865,0.4
270,15.461987252975172,961.5168311807332,1179.3398929295483,5.211871795248433,0.4
271,15.422569655516627,961.277565946064,1180.4668509272162,5.201728319710121,0.4
272,15.381774373306472,960.3801961178002,1181.3792138402387,5.196066048640751,0.4
273,15.341499740698064,960.4578941915197,1183.0756555505338,5.194772969084359,0.4
274,15.24043186612699,961.4832432767304,1184.4398111376872,5.202747074466485,0.4
275,15.385408509292741,962.8794604961631,1184.9715653303667,5.198493889818214,0.4
276,15.272893283339062,961.054834110816,1186.1311985670743,5.202821605124244,0.4
277,15.364935713472235,963.0068359352333,1186.8801137209853,5.200324337663965,0.4
278,15.496545630054882,960.4928054995701,1188.5753371799,5.185620808954042,0.4
279,15.501089649521443,960.0,1189.891107230117,5.1728200171834215,0.4
280,15.559623280650285,960.0,1192.154814325014,5.157539999595664,0.4
281,15.478096998800877,960.0,1194.1436633742044,5.151672712926437,0.4
282,15.306058257494861,960.1594107973258,1196.2586459721574,5.161041058359976,0.4
283,15.370853210524656,961.4146166601703,1197.8012870160535,5.1643769936861945,0.4
284,15.412124423160357,960.739334681642,1199.0679768188895,5.163229263981337,0.4
285,15.556073230804522,963.9907758250363,1199.8306196694164,5.152982718567078,0.4
286,15.489192717462014,965.4237117958069,1199.9018417704585,5.151129326471637,0.4
287,15.504238829527194,966.3078781648336,1200.6788027741882,5.149048406450394,0.4
288,15.399453177882737,965.6607491166026,1200.778734369813,5.155415905924897,0.4
289,15.408001592191628,965.7253167972332,1201.2789839862787,5.159987492243224,0.4
290,15.488215824616084,962.6297925638672,1202.7851957651174,5.1548408696301005,0.4
291,15.528864910054583,965.1315906877778,1204.0272792524368,5.149190155206981,0.4
292,15.68365411557268,965.5054420013025,1205.660369769165,5.13218982709811,0.4
293,15.75411855641895,962.5487182547205,1207.3155388318914,5.110255920790462,0.4
294,15.787804672494802,965.4972333816953,1207.9130172026144,5.091746365648465,0.4
295,15.642955965546527,966.7240088840896,1208.7671652584886,5.089333009043651,0.4
296,15.780754432275687,967.7245615842919,1209.8305532240004,5.07684958376795,0.4
297,15.707147772178377,969.9687482484603,1211.4208326758378,5.074324916423138,0.4
298,15.816341965205654,969.9228593304879,1212.6622988584893,5.063296647724216,0.4
299,15.762315796305089,971.4807884095378,1213.7993321222184,5.059846280297416,0.4
300,15.764679607415355,969.789515017208,1214.5016705753308,5.055545205678907,0.4
301,15.68609368357761,969.9235705614451,1215.1500769101992,5.058541712179194,0.4
302,15.726839189236006,967.3804187678088,1216.4462432796659,5.0557465020310355,0.4
303,15.77464437717968,966.3723787371006,1218.0394865222408,5.048785711487573,0.4
304,15.822095017835858,965.2326188706047,1220.5857096660118,5.038338538428441,0.4
305,15.945925889987915,967.6599385915291,1223.2926639712443,5.021487451356705,0.4
306,15.886373876113312,967.9066248853376,1226.0848409561067,5.012722645369834,0.4
307,15.994800138035112,969.2269039758427,1227.9332308944201,4.997673041328771,0.4
308,16.014072499769203,966.8268939455676,1230.8414605486544,4.981943021031302,0.4
309,15.913067880860517,969.935635081929,1232.8762292183815,4.979648710143684,0.4
310,15.8620048181504,971.2328284855445,1235.166644471633,4.982920926913642,0.4
311,15.794654645664076,969.7894112138662,1237.0074909186005,4.990016777303201,0.4
312,15.837756733474034,969.7975559870332,1238.650089803809,4.992319229455324,0.4
313,15.958640380883736,973.9287409099599,1239.3691870659468,4.9874518043554765,0.4
314,16.057547092892726,973.206962885507,1240.487391698917,4.97483219508174,0.4
315,16.383157268791646,976.3098672307378,1241.9155117754651,4.940221047587811,0.4
316,16.409917342272173,979.0920260264305,1243.6726850324328,4.911756385487505,0.4
317,16.527775603067926,978.3691666036948,1246.5303656129734,4.878237503769435,0.4
318,16.599023050498516,980.9060245786146,1249.0620830584612,4.846847543985631,0.4
319,16.598556891404197,979.0331309272104,1252.6040080983914,4.8197299638836375,0.4
320,16.596382191110436,980.1252353244357,1256.1988004415257,4.7984968956323115,0.4
321,16.593001284101618,981.9523002827509,1259.0078188870893,4.782743328495471,0.4
322,16.618600845606302,980.2305448519481,1261.7100566856916,4.766431760171412,0.4
323,16.517840279792395,981.6653755497528,1263.7732957526719,4.762375159591536,0.4
324,16.385340877662525,983.1379368495027,1265.6663198951528,4.7709898546007015,0.4
325,16.499656504192725,984.1069457071494,1267.9573908302173,4.76944460220455,0.4
326,16.54547739877678,986.7073321553992,1270.3839631347043,4.766398903889175,0.4
327,16.6306935417656,986.7741584932666,1274.5429943962974,4.756988088776948,0.4
328,16.670690536125335,983.8639523092127,1278.9750139917885,4.7438025501307,0.4
329,16.481677776885586,983.7251320123347,1283.7010804904407,4.748331582981408,0.4
330,16.508959145079817,982.5105981171222,1288.5089232185142,4.748897768885376,0.4
331,16.418046945303278,980.0280154969845,1293.0692470634885,4.7549145538315445,0.4
332,16.40315293210754,980.2357740835846,1297.0936186026963,4.761222521737228,0.4
333,16.592215489901154,978.6490258529468,1301.016261115667,4.749745281534632,0.4
334,16.484026022938988,981.7843904413155,1304.4500456811588,4.751545523437459,0.4
335,16.417083772432086,982.9987120811719,1306.787122504222,4.759410269668932,0.4
336,16.357881802311447,984.1259531537655,1307.8758015329158,4.77154954082788,0.4
337,16.43475095837339,985.393195637255,1309.2719599067207,4.776180031062353,0.4
338,16.2712009369573,985.3036711704143,1310.577853656972,4.793274660307812,0.4
339,16.12639799904313,982.8571909891097,1312.1254953876858,4.817276013358368,0.4
340,16.18767545234552,982.6223424013642,1313.5085598789547,4.831771983843617,0.4
341,16.283700496113394,983.5072590936563,1313.512292120229,4.836480510084184,0.4
342,16.192742321914007,984.1552807273114,1313.4314757324832,4.848264507952066,0.4
343,16.234273155516217,983.1155653036385,1312.8492203990832,4.8537474616214595,0.4
344,16.377300347562773,980.5499062262201,1312.5945985287522,4.844615663233789,0.4
345,16.22640204642817,979.2425940821242,1313.5358645141666,4.848470669743683,0.4
346,16.09666271280021,981.4803115824626,1313.3490233116363,4.863925787856128,0.4
347,16.176135201665577,982.7308006063936,1312.531304971093,4.871049862620348,0.4
348,16.10476953962362,980.4207593814751,1311.5473358389315,4.880977214663038,0.4
349,15.974971693972417,980.723556823196,1310.7604348188888,4.899953638150602,0.4
350,15.98319095222798,978.4570428315186,1309.1469019633637,4.913129143048051,0.4
351,16.10426253805867,974.4150506383417,1307.2830052053523,4.910983340971834,0.4
352,16.24139740413303,975.3082312901184,1305.9836706869544,4.898692366586482,0.4
353,16.193594003663055,975.4230597122369,1305.436379833861,4.892607071764021,0.4
354,16.249511373564943,974.9464286112637,1304.629596591725,4.8826872294288854,0.4
355,16.13677128865097,975.2718501129339,1304.1108695214764,4.884012097108506,0.4
356,16.158238735218927,974.6308278481426,1304.5017029714377,4.8828595560400805,0.4
357,16.292088052077606,980.0732257943765,1303.5625367570876,4.875090759037633,0.4
358,16.439797051204792,979.1603216245015,1302.3432062323766,4.855959410534527,0.4
359,16.488129351139012,980.0398270311692,1301.8846124955687,4.8369868952987956,0.4
360,16.4705042366962,980.6659072531435,1301.2469615308628,4.823343073805575,0.4
361,16.28319960758277,980.7337139702433,1299.941904915561,4.827512936350412,0.4
362,16.26122225421978,979.8632176417154,1298.8154171500319,4.832070117729634,0.4
363,16.174001542901944,981.1680759846355,1298.1620391347471,4.843921155896737,0.4
364,16.024444427334345,980.8261393577225,1298.0429670046803,4.865602310588,0.4
365,15.829377358997728,979.8127567870652,1297.2710735985497,4.898555621035887,0.4
366,15.976581735337222,977.7027790699464,1296.8176047751492,4.911952650814548,0.4
367,16.11120758743026,974.352933219514,1296.1164456447693,4.909404107137081,0.4
368,16.08819374768112,974.2818067996066,1295.614260173437,4.909141220732407,0.4
369,15.991759867026369,976.2616024548079,1295.5716230436944,4.918302956123014,0.4
370,15.901934037162423,976.1309921736154,1296.1335821345497,4.9330574045872115,0.4
371,15.770063418722394,977.2816529366064,1296.4279692193688,4.956802418803594,0.4
372,15.57219435591881,977.5320727137733,1296.0134063160672,4.992632507624875,0.4
373,15.381159701517031,979.8381783724692,1293.6320055959723,5.039367948294013,0.4
374,15.418214726548523,978.5569070232019,1290.902602324941,5.073694231857085,0.4
375,15.506223373702738,975.0154079148991,1287.9963282708777,5.091972344407486,0.4
376,15.528889050142677,975.4643296635965,1284.277985992745,5.105447542462158,0.4
377,15.492261300696033,974.6315579131339,1279.723423333415,5.118860849108419,0.4
378,15.583566232773661,971.1670650274513,1276.6664944866125,5.119779164887393,0.4
379,15.543576515632674,966.550013460167,1275.0551577585418,5.120309652526046,0.4
380,15.645486738335705,966.0013621809804,1273.6236642314789,5.112001768623385,0.4
381,15.649724545901655,967.1151978805245,1271.7926336692412,5.105685049977769,0.4
382,15.807149969413155,967.9245524500154,1269.796060801596,5.088252407133539,0.4
383,15.786627031755295,968.9338106662221,1267.3644247747682,5.076397773678123,0.4
384,15.737495158436001,964.9919153693422,1264.6256225930804,5.0677119580878935,0.4
385,15.809306281218916,965.2766474338583,1261.251384428618,5.0549364417908595,0.4
386,15.796958018709434,964.8410243516803,1258.5686378417738,5.04514028738944,0.4
387,15.5987526752037,967.2263013237883,1256.2546909103746,5.055108050842478,0.4
388,15.497758682904808,970.927670048513,1253.6160645783534,5.074333080680527,0.4
389,15.474682293211945,973.1112748213399,1250.4957589295784,5.093634212921685,0.4
390,15.465855389846942,971.4839836327358,1248.057224471204,5.108952243763838,0.4
391,15.417761722128212,971.2981214061635,1245.3897037090944,5.125302731737089,0.4
392,15.38091812725023,972.106690709938,1243.1556743247174,5.142332268842237,0.4
393,15.393188431602686,971.4551610169583,1241.0071404261466,5.1548012035488835,0.4
394,15.412369942233095,973.4594267033268,1239.5182300284353,5.164973441818511,0.4
395,15.44752598067758,973.9103407178458,1237.9103032468533,5.1707826167328985,0.4
396,15.370382238865098,974.5721640741186,1235.9506204449958,5.182350665200954,0.4
397,15.562803959775954,971.7595106732086,1234.9121312336279,5.1739853959408375,0.4
398,15.649866073302325,970.1998482424714,1234.2668044868878,5.158832054432529,0.4
399,15.796440171461965,970.184488348468,1232.9728693624156,5.134416667014244,0.4
400,15.922167555179428,970.2907155907327,1231.6781316350214,5.104201915329011,0.4
401,16.024302413008062,970.97221124906,1230.7849434637078,5.071594569083059,0.4
402,16.09287073260284,966.3897509242065,1230.8938948012794,5.035788802078504,0.4
403,16.004708522218607,968.5035098694175,1230.891919708311,5.015230690729949,0.4
404,15.883732640850837,968.4175523936751,1230.850632604403,5.008194204597846,0.4
405,15.822852881403104,968.4521859835203,1230.9069267953994,5.007425562905513,0.4
406,15.796648936003654,970.2053803731092,1230.8574258855892,5.010262078094373,0.4
407,15.724404069038268,969.4718444229112,1230.9707716991509,5.017937317899299,0.4
408,15.679251479385632,965.3620555137443,1230.9551394344403,5.024813883750421,0.4
409,15.771483637317397,964.8891949087304,1232.033104079834,5.022557973184768,0.4
410,15.960665770074446,963.8242357054551,1233.8159848465118,5.0044430534743505,0.4
411,15.973010368154481,965.108323966388,1236.3531799795178,4.989550789481973,0.4
412,15.9715606504238,969.898116701408,1239.0373686283567,4.981078687248849,0.4
413,15.957151395588147,969.1501887760437,1242.2235479522851,4.974743654211282,0.4
414,16.036628209834273,967.511072295296,1245.8474781802663,4.961814909800838,0.4
415,16.023296129580654,964.5489499714499,1249.158730726024,4.950063472505772,0.4
416,16.11031142386888,965.2489691939929,1251.6905415367896,4.933845618606827,0.4
417,16.136042050430035,963.3057417014616,1254.122865832637,4.91697519162276,0.4
418,16.160881098458475,963.537579251089,1256.4277598703159,4.90128686367846,0.4
419,16.05628045901021,966.9059809273815,1257.884888902134,4.899516910687123,0.4
420,16.09574123163434,966.5385901551144,1259.0690734893997,4.894563067471549,0.4
421,16.08737021543919,968.5047261789741,1260.5035313365454,4.892671394312284,0.4
422,16.15565699462329,969.231378000905,1262.8681642147144,4.886089175504142,0.4
423,16.03909715915794,969.7884806783782,1265.0104564837495,4.8906381954598634,0.4
424,16.00304064736854,967.7574883419833,1267.0831804518377,4.89577949976067,0.4
425,15.912322611368664,964.6900679065749,1269.0730492063924,4.905089877340073,0.4
426,15.86573324316472,965.4184962983506,1271.0726360612189,4.917082361988991,0.4
427,15.75950631229294,966.7294160375475,1272.4068443544716,4.93658811951478,0.4
428,15.999811171882213,968.45553867459,1273.8902650077878,4.934250076273895,0.4
429,16.014746016160128,972.5250691673325,1274.982945098073,4.934188970394492,0.4
430,16.046024470189842,970.8772931258756,1276.3311882240196,4.930337069622731,0.4
431,16.044152934751096,970.5218078248977,1277.079853695483,4.927062705978402,0.4
432,16.041732600673665,970.828374114329,1277.988078104531,4.924807281605671,0.4
433,16.024245967528703,969.556388544591,1278.9257862081886,4.923425220189915,0.4
434,16.145649215561242,966.2464627257907,1280.6602797520125,4.909868552480763,0.4
435,16.08012207931872,965.942114434241,1281.7612635208689,4.903876875224586,0.4
436,15.989564744685632,966.8388349908531,1282.4625567342716,4.907041966001535,0.4
437,15.848309857687976,968.2166330674535,1282.265279956468,4.922222305149992,0.4
438,15.973087241926304,966.029055217694,1281.993223816099,4.922819566557353,0.4
439,16.09027293967488,967.1354328126392,1281.1458433567734,4.914569327153154,0.4
440,15.961589574825316,968.6551144396094,1281.506682690167,4.9194690147272055,0.4
441,15.852283426624561,969.0964091758837,1281.6899827487287,4.932752875789517,0.4
442,15.600218739722319,971.7062460215448,1281.281472388465,4.966217404729584,0.4
443,15.627688795239198,971.6435180836602,1280.4817514738609,4.991366043202559,0.4
444,15.672451163188398,968.1679858428399,1279.8388657896178,5.00570244366753,0.4
445,15.693831823474346,962.5780076133177,1279.6127272620156,5.011485040948719,0.4
446,15.7037923744286,960.5769237966937,1280.2177708766249,5.013899975129944,0.4
447,15.66129602966286,960.0,1280.404714875243,5.018916868062505,0.4
448,15.54824374591923,960.0,1279.9013728902669,5.032269352894735,0.4
449,15.545345935710793,960.0,1278.4999020110342,5.043455199507397,0.4
450,15.399667499796202,960.0,1277.5847647589717,5.06453243551272,0.4
451,15.399467020893756,960.7542834838191,1277.0104643456,5.0824023904867595,0.4
452,15.264833406649698,962.7027224796732,1275.1913136860635,5.109531032402362,0.4
453,15.343924474426625,963.6918534623848,1272.5703765126184,5.126060979737356,0.4
454,15.279316034130689,960.8080407781782,1268.8799964805394,5.142715175903775,0.4
455,15.312400034143604,962.9222233913316,1265.239530284592,5.155266314334726,0.4
456,15.485079694193391,965.1140301259443,1261.930410822126,5.153103871920205,0.4
457,15.477649188612034,966.5469805838413,1258.881417122012,5.153021200602577,0.4
458,15.345385907695093,965.5169150788092,1256.1223967319258,5.16298323591685,0.4
459,15.37102839172297,967.7912762874114,1253.0262788644875,5.170776018153499,0.4
460,15.31690871765594,967.2926144921157,1249.5009382461988,5.181211771035065,0.4
461,15.297676020539807,968.9035346150907,1245.935146805583,5.192558640019249,0.4
462,15.352667117093635,967.0178285714715,1242.040935826952,5.195943606406925,0.4
463,15.365361377775598,965.5144719697818,1238.6202883400547,5.196545366271012,0.4
464,15.407015108070413,964.8030695326515,1234.903019257348,5.1930970462774,0.4
465,15.4097990621126,965.8106288077785,1231.8589383282986,5.190803633970307,0.4
466,15.412486300566126,963.8764410573737,1228.9804001453617,5.187241188812762,0.4
467,15.549335579445852,966.7940578438123,1226.3936324633783,5.175342379004072,0.4
468,15.435838429139705,968.7292400991055,1224.7622443527748,5.176323339868966,0.4
469,15.46127500924566,968.1022809504544,1223.316019866506,5.17457506933554,0.4
470,15.346465004558404,969.2632980483781,1221.0721977099204,5.183401490007204,0.4
471,15.472512518724889,966.1612783199972,1219.517297231487,5.177993425185627,0.4
472,15.461249780800355,970.1735218812026,1217.435835921859,5.177512459107398,0.4
473,15.512295013787341,969.9730520405379,1215.5151297658135,5.172795095284012,0.4
474,15.398819130201044,969.2468444972521,1214.068299726883,5.177651093252782,0.4
475,15.198325937086837,971.77885100811,1212.2579222207523,5.199931512250676,0.4
476,15.081393034708556,971.9524382176951,1210.394109566576,5.227888444541748,0.4
477,15.100919489344934,974.7230653338215,1208.0853729622866,5.251312021247335,0.4
478,15.296437014363223,975.3755788322215,1205.8597292648305,5.255034962206212,0.4
479,15.513200011724724,977.4196925488453,1204.5123100913409,5.241919251617876,0.4
480,15.339998456801293,976.4826296977782,1202.7648910393036,5.244609980488377,0.4
481,15.26544364346655,979.0263638304076,1200.912014880868,5.254832060512171,0.4
482,15.082726585996987,977.0841924843872,1198.4988898404765,5.276677522530503,0.4
483,15.076791789808723,977.2801575232928,1196.658103564797,5.295223942499453,0.4
484,15.139262697315896,979.6167178930765,1194.5181844170756,5.307093323952062,0.4
485,15.227179747762335,980.35795543421,1192.7090561721275,5.310202010961815,0.4
486,15.207504240739757,980.046319295081,1190.4476871084303,5.314123419822517,0.4
487,15.2070142018944,977.7157310248108,1187.5542571930566,5.31561709633041,0.4
488,15.170233273934928,977.8613616496343,1184.2381489151612,5.319957745252097,0.4
489,15.097936950455924,976.1946164451525,1181.3588670747924,5.328165073547996,0.4
490,14.977169164757058,976.6205003495429,1179.4542211694147,5.345086194429665,0.4
491,15.105099524433227,974.5911929803295,1178.9937358453094,5.346972888188771,0.4
492,14.931055498604723,971.745362382924,1177.766079893183,5.360591406930304,0.4
493,14.92407188553419,971.3219980174188,1176.1429515467385,5.372009229698164,0.4
494,14.956169710605586,972.6500735338859,1173.4932163115077,5.379752835193424,0.4
495,14.989322395739961,975.386350683623,1170.7038805170994,5.385461979795557,0.4
496,15.078116497711548,974.7455555707871,1168.579717507142,5.382402783250884,0.4
497,15.10920291041576,973.7809448537524,1167.2608430989528,5.376624614735985,0.4
498,15.051690422490351,973.1797402036827,1166.0226901600665,5.37613192635158,0.4
499,14.98106289662606,974.3852194194293,1164.6888417768148,5.382410945577103,0.4
500,15.047288821846758,974.3678569834848,1163.2891235642353,5.382134632731422,0.4
501,14.915221244249025,970.5956603134657,1161.8933812028874,5.389848837956715,0.4
502,14.871448466179205,972.7701663541375,1159.6383576093497,5.40139552423207,0.4
503,14.682734343479458,975.529076626758,1157.5807983764942,5.428371261250985,0.4
504,14.629538710118576,974.961126323902,1154.5196471377699,5.454409142335787,0.4
505,14.495715924121107,972.540199798821,1151.4976607803483,5.484865982444076,0.4
506,14.461587961055203,973.978447664562,1148.3755292089527,5.51371684386112,0.4
507,14.442681465221916,971.3910361171702,1145.6344654435125,5.536963505932764,0.4
508,14.397878551551,970.5041678574007,1143.3643260846857,5.5590165905323135,0.4
509,14.342181902064388,971.0141015544993,1141.0887087760696,5.5820371599749965,0.4
510,14.389819327539787,970.3334709030696,1138.6200155446036,5.596506539735667,0.4
511,14.336227108187588,971.0944327403388,1135.7227314486772,5.613326274453853,0.4
512,14.386250120257463,972.408330413273,1133.155580045942,5.624023883017154,0.4
513,14.415124267880955,973.0728670020676,1130.0224859273746,5.630938716356398,0.4
514,14.610872618843608,978.5030995651854,1126.5486227911308,5.624717580271627,0.4
515,14.591988204651368,978.9942191747672,1122.4440152192744,5.621530769434748,0.4
516,14.43806351614167,979.5815504809631,1118.226095929442,5.631940332561004,0.4
517,14.503286173248279,982.9009807399581,1113.3575238209398,5.637655668061582,0.4
518,14.303485102470972,985.3049471862597,1108.1982782847117,5.660487385309382,0.4
519,14.289810855318096,985.5682777070956,1103.1389367777028,5.680525930803662,0.4
520,14.427001332118222,984.7778900013888,1098.3713170057492,5.685148799239352,0.4
521,14.37590200123954,981.762548574679,1093.9564800683522,5.690835790557431,0.4
522,14.35129896213466,983.2936111921717,1089.9228029718786,5.698667167132731,0.4
523,14.528463029088606,981.6991946595099,1086.2832412142022,5.689405669474308,0.4
524,14.7044375529554,981.8520165279339,1083.4793172491964,5.667546136636535,0.4
525,14.639129560813396,981.3907783682147,1081.2476758846028,5.654609592778658,0.4
526,14.657767677411643,981.2627026411151,1080.3301688538902,5.642381694677103,0.4
527,14.676214133534868,980.1926162777315,1079.6490505035351,5.63003838854872,0.4
528,14.662662129035235,978.5672165212653,1078.5402821724158,5.6197955451152675,0.4
529,14.633123932972207,979.155083983695,1077.8591984453803,5.614254702683704,0.4
530,14.526350658151335,980.0833048108749,1076.095295401952,5.619138458853532,0.4
531,14.604302194115899,978.1593921268708,1074.6523847115398,5.615318461404659,0.4
532,14.680305904257938,978.3162736453577,1074.1188519030034,5.606093642731752,0.4
533,14.595379095443981,980.8818875842254,1073.1220756568684,5.607409114374029,0.4
534,14.60883258992572,979.2653050983023,1072.2543618366199,5.6061662451922905,0.4
535,14.611603990369199,980.785403649053,1072.200120428822,5.606069808123391,0.4
536,14.427198403563015,980.9364943092357,1072.778229528023,5.621174578819793,0.4
537,14.498376317644144,984.2999642384486,1072.5867401615149,5.630286614918617,0.4
538,14.570998959816517,983.7667477852798,1072.55422802254,5.631420650562732,0.4
539,14.398214481703768,982.3422164395099,1072.5337173044422,5.645393561644878,0.4
540,14.4518570921466,984.9103184140082,1072.1211275263233,5.654409159699569,0.4
541,14.356247661770178,987.4300266243775,1071.1393957768478,5.671520052161817,0.4
542,14.296892800776044,988.914802700536,1069.3349065061548,5.691523953934877,0.4
543,14.389300443544736,989.4522001988644,1067.9419577284787,5.700781873330465,0.4
544,14.519318557428791,990.4768576175757,1067.0120614781129,5.6985229279767875,0.4
545,14.2848010300511,985.2313355354588,1066.0052102962416,5.7118697504299965,0.4
546,14.192131491834669,984.0384998764603,1065.026232962686,5.729485315746472,0.4
547,14.194759988287542,985.0332767057166,1063.8855396971476,5.744467329858771,0.4
548,14.047070466493269,978.4343156844492,1062.2917997880393,5.763832954619805,0.4
549,14.056107012728607,975.9399464173815,1061.2640143051897,5.7770885571995985,0.4
550,14.162558771890104,978.1873171896094,1060.4637799808866,5.7809579258601556,0.4
551,14.126849734597231,980.9727652002952,1058.5503305107216,5.789154749385465,0.4
552,14.136590110109653,984.308281485297,1056.66836515925,5.797601811500805,0.4
553,14.130491577484795,984.7923459948494,1054.3655381933113,5.805392727290708,0.4
554,14.13477229826366,983.4746033555522,1052.0509029136758,5.810435244301072,0.4
555,14.112502199884066,981.146342587229,1050.538800341129,5.814629855548298,0.4
556,14.083899589430601,976.827904588972,1050.1324023417226,5.817142102970599,0.4
557,14.09533985130166,978.4629424317667,1048.476343100721,5.819503336265935,0.4
558,14.157590465138227,975.8779874853016,1046.833175358195,5.814398201465859,0.4
559,14.100400040616961,974.9913868445585,1045.4095671970776,5.814215322337272,0.4
560,13.973742354678278,976.9839136426467,1043.0580806431033,5.8259221778060954,0.4
561,13.884700974113889,974.9233533548307,1040.9458297852243,5.841240477332663,0.4
562,14.026296310340914,974.8695563139,1039.5746446439268,5.8421896415050325,0.4
563,13.854231060157918,975.9796095692029,1037.8213447862054,5.857868328632339,0.4
564,13.906462685226089,976.4709198742378,1036.1539188982695,5.866827914266765,0.4
565,13.945471802073936,975.2053946640225,1034.7012530938582,5.870030212399266,0.4
566,14.052323574854148,977.721927764151,1033.2557099233788,5.865826669020016,0.4
567,14.244389870766202,978.9433551218196,1031.9764838522572,5.847607504829495,0.4
568,13.99905747684926,978.4216953146555,1030.5868778848671,5.852321978609943,0.4
569,13.985926116312315,976.3675596871183,1029.516808253279,5.855708015358572,0.4
570,13.90324340705372,973.1979151049442,1029.0110677729544,5.8628451451889365,0.4
571,13.798533338914343,973.9392752869118,1028.014013537245,5.877814966715753,0.4
572,13.625193935717139,976.736721841395,1025.8811775065994,5.906370385992207,0.4
573,13.597025317117373,973.3463856556374,1023.5836432525554,5.92952467515444,0.4
574,13.578208674221578,972.3842568087471,1022.0324515190575,5.9493215189166655,0.4
575,13.644104956229596,971.2271427121248,1019.858048039477,5.959295108378949,0.4
576,13.696638113714695,968.250613214287,1018.3929125019699,5.960930185807975,0.4
577,13.853852251819312,968.6994752220859,1017.372420636706,5.949762749611762,0.4
578,13.819280732563369,968.5386041164871,1017.0033629250644,5.94330901792863,0.4
579,13.783460182305317,966.5763103803743,1017.7608984953501,5.939460719251049,0.4
580,13.640716681886785,965.9917355113311,1017.2151104893509,5.947528174588639,0.4
581,13.673300755866713,966.2071482841907,1016.6116629694188,5.951643569496104,0.4
582,13.542730314987837,966.4477572759026,1015.453389560882,5.965870310146582,0.4
583,13.464373177445045,964.3100099371433,1013.904326193274,5.982323445771868,0.4
584,13.564995663405035,964.2555227604336,1011.6931447889282,5.98755095512636,0.4
585,13.680880005729025,967.2112136731412,1009.3628377859793,5.984601946672334,0.4
586,13.784816207899272,969.7779887456055,1007.0506348126828,5.975630575253463,0.4
587,13.801394278156666,968.7830755111377,1005.4295777279626,5.966167136383297,0.4
588,13.939771697907144,966.5832202738086,1004.6342440954791,5.945435823208331,0.4
589,13.980918533203834,964.934066403161,1005.0090766736275,5.923826866698203,0.4
590,13.974582350722857,965.6082808213336,1005.2927865386196,5.907135021292382,0.4
591,13.839312588707287,968.2618651559972,1005.1111504122807,5.906508062768528,0.4
592,13.787284284140602,968.1084043837936,1004.2320055540703,5.910129693484371,0.4
593,13.714295797175534,965.953074594741,1003.6690689708447,5.917434620505623,0.4
594,13.686233598725531,964.9330238385502,1002.5481182851968,5.924946745148704,0.4
595,13.678970341342902,965.9481205572881,1000.9944024785987,5.932467653868705,0.4
596,13.606808993441517,962.788238029655,1000.1986456070565,5.942142953178716,0.4
597,13.506604493047565,962.4579437475788,999.8431651813653,5.95801570790787,0.4
598,13.47058182524853,960.3272739417996,1000.036216474567,5.972364352825144,0.4
599,13.409894450981856,962.7329874675495,999.8705537990821,5.990908333307848,0.4
600,13.419298787702969,965.5487841643168,999.9603508254563,6.0074746172095725,0.4
601,13.233679684035769,967.5064158799813,999.6629666416202,6.037707732737712,0.4
602,13.121003091082882,968.5053918247099,998.8797589036407,6.072462044461112,0.4
603,13.073556523266308,968.3521857766381,997.2443296996406,6.104722089823928,0.4
604,13.217003295579184,966.9907173195531,995.6200759474589,6.118423586634472,0.4
605,13.0,969.2432696617748,993.1900945436207,6.149095252904568,0.4
606,13.147333903861165,969.7040543552592,990.8003806911819,6.162554245850787,0.4
607,13.122604060142221,972.9024988302505,988.1551050253664,6.178029566918492,0.4
608,13.06270901967682,970.6017186095308,985.452391712918,6.193874563053979,0.4
609,13.0,969.4576578320277,982.4558770247013,6.211127131025275,0.4
610,13.0,968.3126972393635,979.5589151719495,6.224408646553685,0.4
611,13.033372655204339,970.4523214959152,976.4016787897798,6.234189831841634,0.4
612,13.0,968.9086541222439,973.6023656204871,6.243770604626556,0.4
613,13.0,968.6908643137837,970.1803701024521,6.251462189214997,0.4
614,13.0,970.6339320751811,966.3255781187559,6.2592382478051345,0.4
615,13.056516189715083,970.5090894770135,962.6360730851925,6.260901731821316,0.4
616,13.251597828510565,968.4446151668172,960.3384297759798,6.244762974613709,0.4
617,13.203300934611812,971.2547885525531,957.050727761294,6.237600506952495,0.4
618,13.288622314253656,973.096179641597,954.6929217775709,6.226146911989284,0.4
619,13.0,972.2923996101601,952.2022443340769,6.239733521936494,0.4
620,13.0,972.3894564062125,949.570897825236,6.250947917031022,0.4
621,13.0,973.6535894544918,946.7067191960152,6.261099405593034,0.4
622,13.0,971.4282199520625,944.2380104040523,6.267741246870047,0.4
623,13.120611311025527,973.6417546386688,942.0494104499797,6.265004632603266,0.4
624,13.0,973.0734790663806,939.815156321966,6.2721873489088615,0.4
625,13.0,972.5743304622763,937.7800466982591,6.277699819934747,0.4
626,13.0,972.5984928381487,935.8887620953125,6.282238312932133,0.4
627,13.0,969.5449128136513,934.6652909336938,6.283651370691469,0.4
628,13.0,970.4259925143741,934.3274245306878,6.285476174307871,0.4
629,13.0,969.7981876689479,933.8507006510238,6.286497892810179,0.4
630,13.0,969.119030066005,933.8504126372347,6.286822258834247,0.4
631,13.0,972.8096672135181,932.2311778018051,6.289878360657503,0.4
632,13.029426239502195,971.524774398913,930.890855793761,6.2890082728926116,0.4
633,13.0783899986432,970.114071773711,929.863154441766,6.283226991343745,0.4
634,13.070903129027348,966.8127452341453,929.2465953930172,6.276602364594769,0.4
635,13.0,963.6426343089059,929.4549759363967,6.274567770505244,0.4
636,13.137917368598313,965.6828552359129,929.1103424729191,6.2631712030107956,0.4
637,13.136158549305687,969.2556289405725,928.5423022066776,6.256670765298664,0.4
638,13.173805626480947,966.1439051820563,928.3880575892663,6.245911424066516,0.4
639,13.183890042400472,964.7502584578755,928.4493485781459,6.23521106886373,0.4
640,13.211882549216885,961.984328097884,928.8510511121206,6.222058186588256,0.4
641,13.029169281345746,962.6589981696992,929.0115518432166,6.226714201947088,0.4
642,13.085467352110031,961.0914540571717,929.341418252726,6.224746392849402,0.4
643,13.07929891089346,964.6486340914062,929.3280693475781,6.226326102511399,0.4
644,13.0,964.7439870915636,929.3272034671157,6.234173858300569,0.4
645,13.0,963.3829145934252,929.6201559748508,6.239580047239095,0.4
646,13.075109078754693,964.1905451977656,929.8449778447336,6.2384857769897355,0.4
647,13.040278123300906,963.9164726116493,929.7198659066332,6.24022766218984,0.4
648,13.08295199234135,963.8749583372761,930.2703472928425,6.238137314684514,0.4
649,13.024669373604931,964.1959695776835,930.674076541512,6.241428769831035,0.4
650,13.0,964.1754450107127,931.1604493221068,6.246128227689548,0.4
651,13.0,963.1738801087912,931.7112912882682,6.249224600067675,0.4
652,13.0,964.090829739205,932.237399540333,6.252456839338333,0.4
653,13.0,961.6710988868575,932.1007211387576,6.253277959015897,0.4
654,13.0,962.6937541901993,932.1301046184692,6.254724404560826,0.4
655,13.0,960.8496199531903,932.2869701889937,6.25451632442449,0.4
656,13.0,963.1526774058725,931.8697343170567,6.256086810146921,0.4
657,13.068132504458683,960.8856740552543,931.7693110355225,6.250092965641883,0.4
658,13.14211483238111,960.299446260649,932.1940633706262,6.23868898909721,0.4
659,13.161815400097213,961.9815150712502,932.3695288365509,6.228999441957633,0.4
660,13.175220686433194,962.9795371299217,932.708386787113,6.220713037980159,0.4
661,13.287192451617917,961.8059390455157,933.0470172150975,6.203880613915924,0.4
662,13.308078928098654,964.5322602960316,933.1330644132028,6.190432282190636,0.4
663,13.228389389747354,964.0220121198979,933.246017793076,6.18553113162881,0.4
664,13.317815221350445,964.6809149159661,933.4296264000972,6.174702439723336,0.4
665,13.307523263237453,963.1967365641617,933.7865644321906,6.165541932343877,0.4
666,13.287465941689602,960.0,934.4324315221112,6.1572526677671044,0.4
667,13.265194304164037,960.0,935.0493427337303,6.15227550903274,0.4
668,13.027620907801595,960.0,935.3475136797708,6.1676087368213,0.4
669,13.101329931303408,960.0,935.9239554232972,6.174158482207352,0.4
670,13.140103640707467,961.4737628654867,936.6585815301223,6.177474850617722,0.4
671,13.224619852318805,962.0541064947399,937.4505437728425,6.173726347685062,0.4
672,13.27401838825646,964.5403992828093,938.0960296683675,6.168495364271237,0.4
673,13.143493019468863,965.5243353970973,938.970940731797,6.1756163467116245,0.4
674,13.138797250795902,965.597129603862,939.8048968364975,6.18189432294901,0.4
675,13.152878925781504,965.9804879175127,940.1498920328994,6.1861813278689635,0.4
676,13.20493309905645,968.1735122194955,940.7080821873697,6.187100731235596,0.4
677,13.20698177658449,968.4458836800826,941.1430963082835,6.187893136892846,0.4
678,13.13769154229861,967.1741596868844,941.470688734853,6.193243884138776,0.4
679,13.036957428346803,964.4105774307951,941.7550910098673,6.203774220486977,0.4
680,13.057549330222084,965.417016728145,940.8168471534659,6.21148719418005,0.4
681,13.004422598411832,966.2790237019209,940.094703608115,6.222805026404078,0.4
682,13.0,964.646275372893,939.6822252172503,6.231212705833252,0.4
683,13.0,965.050416629671,939.5948882980327,6.238412533755297,0.4
684,13.051602603984135,963.3028500823118,939.9183410576845,6.238778267543988,0.4
685,13.0,965.6467914274187,939.3468566529824,6.2450671537051985,0.4
686,13.090001919486335,966.1086839842254,938.8404579401756,6.243218274269914,0.4
687,13.0,964.9680133798186,938.4395129774065,6.248194803016473,0.4
688,13.0,967.5793858750409,938.0374945895011,6.254249754195039,0.4
689,13.0,968.3596585363886,937.5716635600761,6.259804700293441,0.4
690,13.0,969.2004749891413,936.7274839249727,6.264995413332413,0.4
691,13.0,970.7391598111583,935.3374143942967,6.270415043749814,0.4
692,13.045022400165164,969.5874236060713,934.2918108986785,6.27030919757954,0.4
693,13.0,967.0635230493224,933.2718369694815,6.271993565440511,0.4
694,13.0,970.7958107265545,931.973293930849,6.276196356570494,0.4
695,13.011269020733085,974.0233072359348,930.4861624827355,6.281161728283863,0.4
696,13.067134310668363,972.784995063801,929.5148012539486,6.279731857593183,0.4
697,13.151464976259318,975.0315034989585,928.313567169912,6.2733662220117115,0.4
698,13.042724659747796,976.4769396356904,927.3846979395729,6.278125409219595,0.4
699,13.15451060648833,975.7353900642869,926.3210942450966,6.2723321836864425,0.4
700,13.202975337404583,974.5543643164398,925.5524160991528,6.262728345473409,0.4
701,13.260006843110029,974.0885503880982,925.0213269991366,6.249840428162646,0.4
702,13.168284944294761,973.6276159700609,924.5412928214661,6.246419383118967,0.4
703,13.074994661528645,974.045940473659,923.9663253144187,6.2515540614155185,0.4
704,13.140729138167936,972.2637546928065,923.8565654002562,6.249045343737403,0.4
705,13.263949150251818,971.3567958119478,923.8049117513616,6.236232994939924,0.4
706,13.24590648309368,968.5352816147573,924.0645447308802,6.225068250953078,0.4
707,13.205732998830108,964.6208017576397,924.7192704106423,6.216236791245903,0.4
708,13.24473285928979,965.0310383315629,925.63446687725,6.20611806453914,0.4
709,13.264360206937882,967.6514736136678,926.7046264044416,6.198197810863064,0.4
710,13.248180363845485,966.1336442372002,927.3567182107147,6.191877940617583,0.4
711,13.300986558812102,967.1483245825169,928.4709030250001,6.183147423104676,0.4
712,13.331209256759045,963.3332397305388,930.139098803728,6.170634395719772,0.4
713,13.265212750978394,963.6064229919122,931.897008397884,6.165973474262144,0.4
714,13.012314748133267,963.8491976736182,932.770815886504,6.183001881118763,0.4
715,13.04489194321315,962.2051310076982,933.2321403813597,6.193060051959827,0.4
716,13.0,965.9466390114645,933.4872080561046,6.207804901699725,0.4
717,13.0,965.7900363041538,934.1941796949881,6.219777286839714,0.4
718,13.0,966.2002531714849,934.6465337023616,6.229904766606208,0.4
719,13.0,966.3290134190895,934.8052326477623,6.2383066427619225,0.4
720,13.0,966.9840862464072,935.0129756470501,6.24569141626706,0.4
721,13.0,962.7408128958135,935.630328310695,6.248539015888224,0.4
722,13.0105214731615,961.9037763039182,936.1938680987089,6.249381433127348,0.4
723,13.059625025108703,960.2798409613132,937.1496793846769,6.244831777879295,0.4
724,13.0,961.2257499438141,938.0231106597635,6.246688724818545,0.4
725,13.0,960.5886417159036,938.5721815828582,6.247729767488431,0.4
726,13.095200608748149,961.2053998934373,938.0008936248593,6.241269897913053,0.4
727,13.22430772729294,961.2291907352923,937.8199994554974,6.225440157010206,0.4
728,13.27846291471002,961.0880222673112,937.6280276638505,6.207927484192353,0.4
729,13.173309935785346,962.136609477363,937.3417468737471,6.202952925850237,0.4
730,13.023067786689444,963.0516881248041,936.8389986486856,6.211843375891285,0.4
731,13.08456801590127,963.1246815365813,936.3970138364883,6.214162929213058,0.4
732,13.131758699324475,960.0,936.3195416003341,6.209846281045911,0.4
733,13.141791680045813,960.0,936.28805235665,6.205486734364303,0.4
734,13.030255998285314,960.4277973823988,936.1551981162112,6.211350016819946,0.4
735,13.0,960.5084681696422,936.1715754751295,6.218691415728605,0.4
736,13.0,961.014449887069,935.8280393425374,6.22509388501208,0.4
737,13.01473575742551,960.9000639382824,935.5042522001464,6.229053227950434,0.4
738,13.025747714654528,960.6988239740338,935.6429887328375,6.231247854602157,0.4
739,13.0,960.0,936.3643613214298,6.234623240773769,0.4
740,13.0,960.0,937.2446646092274,6.237391057434491,0.4
741,13.0,960.0,937.5609647498372,6.239660667096282,0.4
742,13.0,960.0,937.1637590681494,6.241521747018951,0.4
743,13.0,962.9124572430712,936.8007023723588,6.245249650231302,0.4
744,13.002122315615434,961.1053115281635,936.8239783322974,6.2467668930728655,0.4
745,13.0,960.6790953520655,936.9166991739629,6.247862248405911,0.4
746,13.0,960.0,936.5576455094857,6.248247043692848,0.4
747,13.0,962.8006984800373,935.8387342547082,6.2506799038790435,0.4
748,13.020526608823202,963.5631966865933,935.124955789698,6.251573863402848,0.4
749,13.0,962.3358833498314,934.61833974438,6.253056495802808,0.4
750,13.0,963.448998874864,934.095327929242,6.255113769707699,0.4
751,13.082322950261782,964.614728154761,933.4900063037392,6.25095459414992,0.4
752,13.094413149439367,963.4097261512387,933.0860705864943,6.245645077601085,0.4
753,13.030899701635917,968.488039678129,932.2106063409351,6.2503207980118685,0.4
754,13.0,973.0549698006034,930.9292262962927,6.260132611538988,0.4
755,13.204374661028329,971.7625341262453,930.0808619191532,6.250499719962177,0.4
756,13.0905163953299,970.2238184453579,929.3688246122218,6.250741977287316,0.4
757,13.083397485363568,969.8876038440267,928.729273987925,6.251268207377772,0.4
758,13.053413254261061,974.1189299739929,927.7223425412432,6.257348909971898,0.4
759,13.007478679057284,972.3275399267078,926.868549763524,6.264734568708986,0.4
760,13.062038806023603,970.9482944260197,926.3325626972821,6.2652894456991906,0.4
761,13.188604812709851,967.8250397030909,926.1873863618289,6.253040290194224,0.4
762,13.154329616815959,970.4350990888333,925.8534901055413,6.247770156584221,0.4
763,13.241706964982809,970.7923455231534,926.0264852025837,6.23657824843617,0.4
764,13.266939085197423,967.0805501353485,926.6686109247897,6.222532797577649,0.4
765,13.167536628151295,968.7906869065774,926.7812285792436,6.220431560062521,0.4
766,13.103652495870094,971.0636964225007,926.4730707327946,6.225647551784173,0.4
767,13.024170052571417,971.8856632693719,926.8950955663049,6.237041377198531,0.4
768,13.032563000734802,971.9589450417617,926.7063373585775,6.2457538433343185,0.4
769,13.106102017649448,966.8017700580568,927.0084187677685,6.2429896328157195,0.4
770,13.21451725436955,964.5261123392544,927.5045521860438,6.230142889810287,0.4
771,13.241671179109717,963.2500492542254,927.9766805244219,6.216424838123784,0.4
772,13.109623119303324,961.1060230329863,928.7674401292138,6.214346119364973,0.4
773,13.156431778603363,960.0,930.2288017597108,6.207980212931811,0.4
774,13.118642570510461,961.3567209302704,931.2807548171317,6.206873984765254,0.4
775,13.146350267986973,962.9363217839231,932.5345524174544,6.204896782876259,0.4
776,13.257599392031347,962.1416427760024,934.0152553293962,6.193583421580389,0.4
777,13.423999053356896,961.820179606879,935.2169517980451,6.1704652588383935,0.4
778,13.378102594232002,960.0,936.2836576759239,6.153882968246843,0.4
779,13.341922900200869,960.0,936.9631550960518,6.143242094557996,0.4
780,13.378492133074667,960.0,937.7347294675942,6.131528140422695,0.4
781,13.526284146911292,960.0,939.0220677659522,6.109845134661019,0.4
782,13.494619313678783,960.4183799421104,940.7677396626083,6.094969015344441,0.4
783,13.501803335556065,961.7681265715131,942.4769876767726,6.083203927688864,0.4
784,13.493759171992144,960.0,943.6623815090718,6.07287722116967,0.4
785,13.278514646795028,960.7159390200629,944.7073607951385,6.082540354322208,0.4
786,13.307964577761895,961.9305080245445,945.3495075948309,6.088975689316063,0.4
787,13.358054767543035,963.2347319205577,945.96239141668,6.091145286967497,0.4
788,13.326356214640168,966.5074281403565,946.6791642820806,6.097988921127063,0.4
789,13.29501197226397,966.2119055074928,948.0322648477173,6.105938737514444,0.4
790,13.225833861849278,965.5662052511165,948.9734498298463,6.117622672741366,0.4
791,13.247235307976371,967.0200955049484,949.4835739800463,6.126553714481831,0.4
792,13.347280516060486,968.4360727714745,950.0534393259304,6.126771953117873,0.4
793,13.441732243645095,968.3651351508317,951.3690386058394,6.119178684780008,0.4
794,13.53038577138474,969.0953067007534,952.5197603412923,6.1062594481478145,0.4
795,13.346778151752112,972.2953737553065,953.1698677085813,6.113089339479037,0.4
796,13.35659347135622,971.0718034998822,953.8044549519852,6.116962723339491,0.4
797,13.247095294535027,972.6594538278174,953.0902918633674,6.13028735276281,0.4
798,13.446504478690994,973.9982943331503,952.6152924902182,6.125929993782738,0.4
799,13.471390855413858,972.3822063312571,952.6175205790818,6.119101482183855,0.4
800,13.410276635278798,972.3211362554201,952.4512988931734,6.118450187764875,0.4
801,13.435134370830419,973.2985769970094,952.1032417476266,6.116623697392675,0.4
802,13.452086723472492,974.1455866374499,951.4269103798578,6.114380968317733,0.4
803,13.625431341800724,975.6119281513013,950.9997864304372,6.099484762450969,0.4
804,13.649033834530417,975.7614440223109,951.1851947569309,6.085454111932837,0.4
805,13.509916153082015,975.3444043864545,951.7523407474846,6.085002393471223,0.4
806,13.535757244327053,975.1237642833366,952.7309191844851,6.082353446438199,0.4
807,13.442405700653204,974.3598347035255,952.7544895415757,6.087232467257809,0.4
808,13.514129109496178,974.2086839017977,952.8907279437642,6.085257757353134,0.4
809,13.49023500188112,973.1614717775387,952.5936780331186,6.084799429339664,0.4
810,13.6507907292197,974.1231361786632,953.3470812198423,6.072030004617759,0.4
811,13.77666670902744,973.7559845149242,954.4206658402622,6.050994924618123,0.4
812,13.888442721788245,976.4518570503079,955.1555046727073,6.026649902892358,0.4
813,13.90961144340619,975.805938916263,956.2012264322896,6.004468763037274,0.4
814,13.976303909738172,977.7889123736009,957.29623451679,5.982329247941204,0.4
815,13.790244969320389,977.3257940335785,959.0918803660252,5.97902946470831,0.4
816,13.527016218925725,978.4302316344385,960.427194969237,5.998669650765839,0.4
817,13.456907973936325,978.4752223055615,960.7593293400374,6.020537862060916,0.4
818,13.40801061098717,979.131592692251,960.8949430631119,6.042961903835422,0.4
819,13.305645791368258,978.0028389671037,960.3964426604891,6.068861533333562,0.4
820,13.225215221233817,980.1321028195908,959.7764736916789,6.098281739185904,0.4
821,13.33814772749761,978.7577067376556,959.1823119604803,6.112138420135004,0.4
822,13.451700026830235,978.3898182023123,959.4592091828944,6.113943280879084,0.4
823,13.421547420633773,977.5814758211217,960.3072833253268,6.117276230827425,0.4
824,13.486531549570438,974.3726316572735,961.9477162146286,6.112272860580491,0.4
825,13.308171785163161,974.8558957484242,963.294415696582,6.123111004578278,0.4
826,13.46054159772339,970.3597669942778,965.3693598301286,6.116147548235906,0.4
827,13.33674457292341,971.3347079939055,966.2131936778086,6.121291262297534,0.4
828,13.28963865306784,973.2500299114538,965.510549788697,6.130806586968333,0.4
829,13.1863221319086,972.1232481357393,964.4544005100513,6.146200332285082,0.4
830,13.284197578799402,973.8177591429352,963.1385106083575,6.152105872246339,0.4
831,13.225813323259866,974.2573929885023,961.3184611182423,6.162051939564509,0.4
832,13.201334609001664,975.2209146520589,959.1083017195501,6.172936537672237,0.4
833,13.275716075887612,979.8372896080367,957.2009444743829,6.179273434113375,0.4
834,13.28955315447698,975.5530766689507,956.3470805574433,6.180100058150835,0.4
835,13.308791696810061,975.779963998798,955.4309480479988,6.179377243003458,0.4
836,13.294242028501898,975.488853002656,954.9012187955025,6.179753453563668,0.4
837,13.376725429937277,975.7449359134459,953.6925965234994,6.1735150013382984,0.4
838,13.295372804978737,974.1391535392252,953.3628082280939,6.173833635550197,0.4
839,13.390648391225795,975.3129265387871,952.5144483812967,6.167196367083512,0.4
840,13.607670590052905,976.3086664997317,951.7441141615316,6.144771532263153,0.4
841,13.613574625532712,979.582850180733,950.4325927376964,6.1283759727938865,0.4
842,13.582174844323502,976.8677874209764,950.001043692797,6.115445016703128,0.4
843,13.436119561394705,975.7167367552713,949.3542394440691,6.1159070761263745,0.4
844,13.462596619799692,978.155604584219,948.460868828308,6.115966043719266,0.4
845,13.509067000553845,981.5752129869345,947.7316013868895,6.11480206158266,0.4
846,13.444367641817484,980.4039285016112,947.1622682866313,6.1182493367556745,0.4
847,13.505457980968725,979.3506906657723,946.8805441765527,6.115287552078213,0.4
848,13.729505667214166,976.484976358143,947.1049195941587,6.092383231706148,0.4
849,13.730563900878437,975.530225815053,947.9340226044438,6.0727934187354355,0.4
850,13.744334674046387,975.5760469493993,948.466650132422,6.055639065293732,0.4
851,13.612072257023126,978.712961119927,949.0705904646142,6.054752487303595,0.4
852,13.694279251140903,976.3685443221786,950.9390029902008,6.045535158693281,0.4
853,13.548044265307029,975.8546839129713,952.6017837453626,6.049538793805806,0.4
854,13.67507153104994,976.0122042898322,954.089125680421,6.042560191846473,0.4
855,13.766933059985218,974.2022613859009,955.0966909210294,6.027962497259857,0.4
856,13.798531042326813,975.4432590924645,956.169951061913,6.014348394848039,0.4
857,13.77707031688774,974.6330316422521,957.5126857143651,6.004326069400868,0.4
858,13.894458401343833,975.3418569937767,958.5847060183096,5.987050680238188,0.4
859,13.558971024887631,975.4644034514655,959.5563076374386,6.000393534650805,0.4
860,13.532787548420721,975.1334291551279,961.3750465817697,6.013224172397996,0.4
861,13.778064167122453,973.512239549915,963.3986279336223,6.002475670728845,0.4
862,13.668804005827496,971.8788704155195,965.40622628602,6.001355812675563,0.4
863,13.44700189688248,971.6680077786906,966.3715995833721,6.018403785261415,0.4
864,13.422043123199929,973.9117073745514,967.263117703872,6.036118990661623,0.4
865,13.341691862560483,973.6613064570158,967.191864890081,6.057022461015592,0.4
866,13.231271830907293,972.223830368,967.5424325065151,6.082100099769249,0.4
867,13.164902346450848,974.0259751987247,967.8400315956353,6.109449899309057,0.4
868,13.187220343047791,974.8499555198684,968.0175143170999,6.130675837372582,0.4
869,13.129465718576865,976.2843665011734,967.7187119022442,6.153885229198303,0.4
870,13.0,977.136452656783,967.5482067729911,6.184141046151137,0.4
871,13.02955415050123,976.9375720551488,965.7498947186939,6.206385297138664,0.4
872,13.032154046185068,979.9601862570238,963.5678082835894,6.226698215809771,0.4
873,13.00471875529173,981.8677788036126,962.3232447300217,6.247038961057103,0.4
874,13.052413286667822,981.5749591402366,960.6699974330668,6.259599403390349,0.4
875,13.036251879425667,980.6239721195307,958.1650925992524,6.270500730115786,0.4
876,13.11039832949036,981.0891847477109,955.7625841026371,6.273732270878261,0.4
877,13.143231448992125,979.4523280769598,953.3915379038884,6.272461548134719,0.4
878,13.173540242435037,979.0608687814176,950.8220113328804,6.2686467776574295,0.4
879,13.09087119865605,976.0585124678875,948.3747055512978,6.270004598750643,0.4
880,13.165334198705501,980.1328911462684,945.9575499921267,6.268113125963892,0.4
881,13.197877462517077,979.3400375220494,943.6229361219092,6.263303285420165,0.4
882,13.146956405492295,978.2640489889142,940.9785721031733,6.262707037623324,0.4
883,13.237757927434737,983.2777833171442,938.3638124660775,6.25858819720892,0.4
884,13.206869464692343,980.7438788772171,936.2073170961407,6.255819321487832,0.4
885,13.25680589801158,981.3550137120225,934.1442791234324,6.249930056000805,0.4
886,13.163994447234465,983.0871360823761,932.2352926475539,6.253994894570936,0.4
887,13.049918990988239,981.8441147845284,930.3593551843859,6.265710584381712,0.4
888,13.12622780880969,983.0555607302006,928.9018695367824,6.269997346569108,0.4
889,13.151542424063726,986.2162007981054,927.4415954240333,6.273833225095548,0.4
890,13.095252321694456,985.0272272721598,926.2546183272597,6.280679808667231,0.4
891,13.218530926195573,981.3312507754429,925.2602537954667,6.273425521404662,0.4
892,13.338447439255123,975.8784946859497,925.366402018692,6.253555144798472,0.4
893,13.348970421014032,975.4240719657269,925.7842951883249,6.23605795433557,0.4
894,13.365596586026651,974.2060973669861,926.1741530020777,6.219430779154511,0.4
895,13.42715599973091,975.9358117739683,926.9642923771719,6.202073524309808,0.4
896,13.5733432431338,973.1975501436505,928.0717392162702,6.173824028013748,0.4
897,13.542532235323456,974.4453597149778,929.347015845552,6.154120660645164,0.4
898,13.464311367236046,972.7008570923036,930.2804100230717,6.143037264760286,0.4
899,13.555761627682156,971.7938171427148,930.8751040570322,6.125789842649141,0.4
900,13.508772392976786,970.6507711107845,931.9265545488526,6.1146227739779855,0.4
901,13.30709639726688,971.7036449537936,932.7335707771858,6.122742712662366,0.4
902,13.216094702424268,976.3541422346524,932.6223268315802,6.140353496830426,0.4
903,13.366337282438005,974.83421931035,933.2952170401858,6.14136745447874,0.4
904,13.33814008892995,975.501527284341,934.3498149000333,6.1450076592321725,0.4
905,13.24494924466411,973.3304023091439,935.4101624001744,6.153966812442143,0.4
906,13.148438961586757,973.3834001435347,936.2600013991903,6.169240204770199,0.4
907,13.033772131085955,976.4885849924242,936.7698727335999,6.1934824796134915,0.4
908,13.0,977.27022134227,937.6137136528399,6.216711920617819,0.4
909,13.0,977.4981846945991,938.0765218643312,6.235932402535729,0.4
910,13.141727871436876,977.687065021154,938.2071589469467,6.240253989581468,0.4
911,13.107662164085207,979.1617985801822,938.526003214511,6.247696439134379,0.4
912,13.211598558237787,982.2474355192315,938.4190395899833,6.2476383071635375,0.4
913,13.274563632039087,982.4848207080043,937.4822839250633,6.242624596319118,0.4
914,13.309177145063737,984.8590173211572,936.0819539777498,6.237479629781863,0.4
915,13.273347300231956,988.6171663935181,935.1211614690804,6.239029932839672,0.4
916,13.34979942434235,990.7058589319014,934.021835320752,6.235632565323791,0.4
917,13.213407162368352,994.0192731799692,932.1402718303385,6.246497640780824,0.4
918,13.26372636846103,994.3635243729558,929.9675749474171,6.251555171035594,0.4
919,13.19219987026047,996.8090956079722,927.1293767229066,6.263396343131129,0.4
920,13.185987437948313,998.5083523036469,924.1628544322822,6.274898422279946,0.4
921,13.205939742694776,998.9317837861855,921.3841460850869,6.283019739038895,0.4
922,13.113629333429579,996.4295271074992,919.5345719199865,6.295331119377298,0.4
923,13.0,996.2473178290577,917.4852504191315,6.314574490168152,0.4
924,13.05202075654223,994.5749870877028,916.1917308793589,6.324838635951557,0.4
925,13.124545933472548,995.9135834934407,915.2126485606291,6.328340456917941,0.4
926,13.257042714440312,994.8022810888034,914.7330910960931,6.319544168551785,0.4
927,13.409010803918614,996.8394478140932,914.2065044073256,6.3014524778636885,0.4
928,13.221057417550986,996.9005292838312,913.9190581336545,6.302023019824534,0.4
929,13.313893555654621,997.8522755950654,913.089378857693,6.295623815237891,0.4
930,13.429965058684033,997.7969094650782,912.7522645126567,6.280849247455011,0.4
931,13.377604282445027,996.9232147410057,912.2255901045397,6.272352511295901,0.4
932,13.261700132344432,1001.0952072323943,911.2431177968211,6.278010901115142,0.4
933,13.339439738990727,999.6237603142504,910.6399953788692,6.275185486241667,0.4
934,13.407737252927706,999.8829636397177,909.7641071974497,6.267483330920541,0.4
935,13.413167187740306,1002.2185147534299,908.307436083078,6.262489505926299,0.4
936,13.417541002969925,1001.5729005808366,907.306590214072,6.257549056935975,0.4
937,13.619691531177347,1007.4562623280742,906.4908679676278,6.241425969079711,0.4
938,13.669117675357974,1006.102750529669,906.6232586591246,6.223142677615539,0.4
939,13.813906228463889,1007.5503121987296,907.5965275437591,6.197412614676913,0.4
940,13.688833276222882,1008.5369343344018,907.5569690862495,6.187280811058942,0.4
941,13.544790674715452,1008.2225815117612,907.8429092379806,6.190506242753477,0.4
942,13.49357038663663,1009.4350229278298,908.4260873071953,6.198253424395345,0.4
943,13.488127440123257,1014.4311794180277,908.2185150670662,6.208828005237339,0.4
944,13.783808793419128,1012.897167554609,907.9697699020574,6.192176368367691,0.4
945,13.752677230728821,1012.5770770500068,908.1897234229153,6.180824109016152,0.4
946,13.890685331573545,1013.2504688595075,908.8881021696121,6.160746318554842,0.4
947,13.886302463351482,1012.8934724799432,909.706873296857,6.144370809104724,0.4
948,13.753233469871837,1016.0312101182071,910.1315505878873,6.144189419157311,0.4
949,13.835552609429538,1016.810174214112,911.4742287508474,6.137902456172283,0.4
950,13.746274997963473,1015.9683120916917,912.9163764320729,6.1394064651690154,0.4
951,13.755973578211869,1013.2221137156024,915.1306520163223,6.1377710585961145,0.4
952,13.785072946125002,1010.9011956454225,916.8334525218537,6.132297410799418,0.4
953,13.580437914709416,1011.6414916778265,917.4227259949652,6.145091458173906,0.4
954,13.693042543240947,1015.5788489346992,917.4419025702564,6.149357168863585,0.4
955,13.507127324418999,1015.054808862792,917.1956101235621,6.16765186901689,0.4
956,13.386179686752183,1016.3251000476789,917.8870331714625,6.193497704228506,0.4
957,13.470363574279968,1014.4506867211367,918.5001247036797,6.206394725338395,0.4
958,13.584398784904197,1017.7178678904221,919.4575743747025,6.210121314200272,0.4
959,13.53433207035193,1016.4740548458549,920.3248782287483,6.21632824631853,0.4
960,13.46779705521045,1018.5005831898752,920.1981217524852,6.228387227520942,0.4
961,13.504204885664596,1015.6719072634032,920.6820453624448,6.233161865201795,0.4
962,13.536454465631907,1017.7021264715321,920.5541009108786,6.23597647814651,0.4
963,13.50211932955343,1018.6429019418372,920.3291440590227,6.24180155433706,0.4
964,13.509617543584818,1022.2701133218133,919.89853832666,6.248707534565929,0.4
965,13.541359021517328,1021.898861438658,918.6316058708256,6.251495858353291,0.4
966,13.486217615743938,1022.3991369904202,917.8410192104296,6.258666647855861,0.4
967,13.590421210786415,1023.960104516903,916.2570152884902,6.257211268911119,0.4
968,13.602074083005467,1021.947288939973,914.4858506170712,6.2535438968825305,0.4
969,13.71405610516619,1016.5599473656173,913.9054106821709,6.2373126507379,0.4
970,13.90331502103183,1015.940103565401,914.2893050299464,6.2080681883818,0.4
971,13.914761559221606,1017.111224678446,914.5144547458888,6.184037685710391,0.4
972,13.989232949604013,1013.5210402693598,914.9853255383258,6.155532692084516,0.4
973,13.909983273606661,1016.644538433978,915.3955671321414,6.140996245446254,0.4
974,13.99111000769893,1015.9672990411492,916.1761625075582,6.12193468951188,0.4
975,13.76944564687611,1014.3131385221737,916.720116581848,6.12316807985979,0.4
976,13.689686307941376,1014.5257552322626,917.1135902380205,6.130858131355649,0.4
977,13.55733127027299,1013.9132751945705,917.4344470969796,6.147516992352019,0.4
978,13.650799847332594,1011.3222341978561,917.72738274369,6.1515801792582145,0.4
979,13.591022026958932,1014.6071330412952,918.0596165866023,6.162280419527871,0.4
980,13.579387518698187,1014.7193953714799,918.3165064405637,6.172090258885677,0.4
981,13.55716856168721,1013.394377718224,919.0772321199175,6.180948346980154,0.4
982,13.509211885409123,1018.8754181594335,919.9933754207997,6.196274665376624,0.4
983,13.514050082402688,1015.1090999891369,921.125172884092,6.205599532466671,0.4
984,13.58940217574865,1016.7996190594919,922.3798143788275,6.208366182829466,0.4
985,13.6734077231562,1015.6291938911648,923.3694509698759,6.202885061365558,0.4
986,13.59702104144898,1015.748756910641,924.5518246768747,6.204723251036992,0.4
987,13.617223149816182,1015.14916369901,924.7024715560985,6.204126357803807,0.4
988,13.532782507165903,1018.8622465024595,924.0300942698724,6.213344485269383,0.4
989,13.509530517122633,1016.9341818950279,922.9104899291037,6.221345885574274,0.4
990,13.15015294581665,1017.6965810563705,921.65815796893,6.257851742717384,0.4
991,13.156947088472332,1015.4835987265841,920.2453482460768,6.285558313595593,0.4
992,13.045788216126537,1017.5313919592818,918.385630502012,6.3189097364477425,0.4
993,13.03192874115355,1020.3174368003805,916.12600527734,6.349496749381168,0.4
994,13.0,1019.4558792086214,913.7196601640567,6.3765359791742755,0.4
995,13.026540820812428,1018.2323780976863,911.5556684542576,6.395614264887965,0.4
996,13.006128417060042,1020.3150593468912,909.5911136752338,6.4145010678322345,0.4
997,13.0,1021.6988730221667,907.9321037909519,6.43153522362719,0.4
998,13.130937226847648,1020.134482108817,906.3393757952508,6.433620361670571,0.4
999,13.200942698726015,1021.9816305554709,904.9047687050963,6.4310057719299145,0.4
1000,13.259348682498281,1024.6540241253097,903.0934464220156,6.426109200887504,0.4
1001,13.512557512621376,1028.734150565439,901.3639753617992,6.404486362623806,0.4
1002,13.460290589132338,1031.1908194190266,898.0539434820238,6.392884129888411,0.4
1003,13.54874788129968,1030.3388647234453,895.3379983800344,6.375497491379611,0.4
1004,13.459416360132785,1028.8271905151298,892.4950310037033,6.367397794010667,0.4
1005,13.344917606857553,1027.3618099179048,889.8708447509014,6.369005052554284,0.4
1006,13.669833866359358,1028.1950189183397,887.699231396545,6.344400753837891,0.4
1007,13.691339473029068,1026.9176491519784,886.1224254786218,6.321502099170031,0.4
1008,13.515611476606743,1027.0088814200312,884.4938994067428,6.317154665804666,0.4
1009,13.480201943548625,1026.9067654187916,882.9745161252993,6.316406237789638,0.4
1010,13.44563229742598,1024.6274046856972,882.328483438653,6.3168943615842394,0.4
1011,13.647463544453627,1020.6450230436374,882.6623986981939,6.297790293067315,0.4
1012,13.630912489732463,1019.4234175439575,883.4221572713413,6.2825539753174935,0.4
1013,13.537272631056126,1021.4774759634842,885.0248481026723,6.279265312178832,0.4
1014,13.683426983456089,1018.8580654549803,886.6923960355849,6.2626446003825755,0.4
1015,13.533971988105398,1018.277544014788,888.5533647542677,6.2607902047209185,0.4
1016,13.527980458772939,1020.1714979122739,889.6837947610526,6.261191057201907,0.4
1017,13.69470904301113,1021.1454057075283,890.3375508938034,6.248630970625586,0.4
1018,13.712320398700056,1017.289823592149,892.8209755398458,6.233977679566876,0.4
1019,13.69208195890631,1017.8770542045095,895.1890964190487,6.224059812541624,0.4
1020,13.681727178085518,1018.0505722490318,896.5878825540401,6.216904533911251,0.4
1021,13.681167473690747,1020.1666707485005,897.5591630384408,6.212682714943084,0.4
1022,13.620406494827776,1019.320741850793,898.3056014824698,6.213546688335203,0.4
1023,13.727418631614162,1018.0920306740658,900.1359986938479,6.204581209048951,0.4
1024,13.595197697546453,1016.2151032632875,901.768890824251,6.206615653643689,0.4
1025,13.686346070333112,1015.7469362941652,902.9844765255953,6.200481318958592,0.4
1026,13.853315842972616,1012.6030873946635,905.2816490523609,6.179429644928688,0.4
1027,13.889993177269881,1011.8007712570883,906.9511698777704,6.158563449465388,0.4
1028,13.902662203760412,1009.7983780782064,908.7731286593239,6.138904047097441,0.4
1029,13.980469077317409,1012.4457162351921,911.187959478477,6.118426347095328,0.4
1030,13.980407714408377,1010.5978556564866,913.7688807812425,6.10024266507302,0.4
1031,13.982254162014657,1007.6749129004887,916.4112014083926,6.082971409392808,0.4
1032,14.116794348384433,1008.4149376098491,918.9910331005965,6.058373814385172,0.4
1033,14.237017629275009,1006.5890592966534,921.8171352597893,6.026998775959758,0.4
1034,14.189597973700282,1008.9317603359463,924.0779428634532,6.00691746069019,0.4
1035,14.380330099312014,1009.1291955905078,926.9900506941549,5.975013413916601,0.4
1036,14.444170353541178,1011.1669842987102,929.1626225081058,5.945175638250053,0.4
1037,14.564874312804664,1012.435577802186,931.8256447911659,5.911803791341098,0.4
1038,14.466995143465986,1013.2615843814001,935.1135512252632,5.893062023567999,0.4
1039,14.235254876751732,1014.5951886441225,938.0189898620082,5.897639793412564,0.4
1040,14.194959073591553,1014.8556513081335,940.6061079960241,5.90488344749335,0.4
1041,14.086821080253642,1015.8928537676043,943.0242901873733,5.920444405714528,0.4
1042,14.035230934426757,1016.158654560499,945.0021138421412,5.9376212835722955,0.4
1043,13.945893862322688,1016.941986500738,946.4757627892982,5.9595991478948305,0.4
1044,13.932800036104872,1015.8479849015503,948.3491955836308,5.977863958908842,0.4
1045,13.98261023002792,1014.9655312746295,950.6166385877335,5.988103479950989,0.4
1046,13.81942193383861,1016.7194253110384,951.9838865893363,6.011161578661665,0.4
1047,13.841616834653028,1013.98336030962,954.2140096356127,6.026186987168792,0.4
1048,13.95140434263915,1013.9099744545586,956.5808722383871,6.029480507285585,0.4
1049,13.78991796880262,1014.0332840353635,959.0185931248847,6.045471082294364,0.4
1050,13.80237514177601,1014.5052092734495,960.6370029346942,6.057922129106171,0.4
1051,13.85995212582066,1013.1944579428429,961.157692278588,6.062435868349785,0.4
1052,13.669450351289283,1013.711110008402,961.0927713369957,6.082095528505815,0.4
1053,13.501838697550378,1013.8138467995424,960.1407306650461,6.111991343191405,0.4
1054,13.492733933065177,1012.5376788608777,958.9377539958858,6.1362851696256895,0.4
1055,13.56681106304955,1011.3434742591829,957.492432294285,6.149249705560599,0.4
1056,13.492445487341081,1010.4349200621474,956.0085056305288,6.1652709129011605,0.4
1057,13.440608767625648,1011.1986698080931,954.6269306004064,6.183221794463502,0.4
1058,13.395547558663313,1010.6237818837619,952.5070797313186,6.20118930407023,0.4
1059,13.430497845426752,1011.379588232991,950.5410138309682,6.2136379141134555,0.4
1060,13.345801639756186,1011.1620034008957,949.0591679329453,6.230602654143235,0.4
1061,13.431270414946962,1010.3199693579438,947.084707730422,6.236892654922593,0.4
1062,13.299372166772109,1010.2205393662372,945.1234081517237,6.2527540113287845,0.4
1063,13.257713043600747,1009.4060466181209,943.5103854548436,6.2685489506098495,0.4
1064,13.204337281320472,1008.7958509900633,941.0795659032877,6.285401360219055,0.4
1065,13.327316703761216,1010.7480275688587,938.0208398895898,6.290646303190315,0.4
1066,13.43276811953948,1009.1944258221122,935.4568671176279,6.285155143808809,0.4
1067,13.41775084843393,1009.0871294942039,933.4773088199759,6.281798488486821,0.4
1068,13.63564780788299,1011.2114794723225,931.4654847133402,6.262845500180071,0.4
1069,13.680217784303078,1013.798806038831,929.3474215245309,6.245617810179767,0.4
1070,13.81267813246447,1015.9796087679018,927.3025545833892,6.222315131590946,0.4
1071,13.792419641841876,1016.3836012365874,925.688038583802,6.205167877308118,0.4
1072,13.727922265963212,1015.520659990129,923.9443543736951,6.195725470770681,0.4
1073,13.68452823753667,1014.219070309591,922.8649095106576,6.190544855614512,0.4
1074,13.668911284191243,1014.5120009090632,921.2770433386527,6.187794424147043,0.4
1075,13.643510842061549,1009.7608231916928,920.0560759371307,6.1840229041202255,0.4
1076,13.550325231169515,1012.3330672980102,918.3758872188846,6.190490002364708,0.4
1077,13.59509282630887,1010.8340458442162,917.5542482017578,6.191001354831327,0.4
1078,13.55742453519208,1007.4915090443308,917.5267704639494,6.191971958783305,0.4
1079,13.389477464072055,1004.6607455490874,917.4527531104453,6.204352431473452,0.4
1080,13.49842870600751,1002.1114140515818,918.6618757702377,6.203673628976293,0.4
1081,13.55609872052734,1002.4164373747238,920.0169752092404,6.198634814974357,0.4
1082,13.405499946946845,1003.1721628296988,921.6019963519294,6.2073812477137285,0.4
1083,13.497494130301131,1007.1958911798373,922.6603805115548,6.2100774965290055,0.4
1084,13.667525276271355,1004.8418057496328,923.7572276025937,6.196613786723612,0.4
1085,13.628176989007212,1008.5002971711608,924.2675163496245,6.1915549062330895,0.4
1086,13.646550463083226,1011.8928350402906,924.4135425700442,6.188469902558432,0.4
1087,13.678269674403671,1013.991773430737,924.3058776928395,6.1849349030192835,0.4
1088,13.798633126343214,1014.0955381801514,923.9613719731655,6.172278548255239,0.4
1089,13.63797095856604,1012.0423813971231,923.9052499523971,6.173477463171504,0.4
1090,13.614325435965752,1010.9679031724007,923.7414186594531,6.175580579971847,0.4
1091,13.497019318962197,1009.9680999938058,922.7528252423043,6.1861355404266405,0.4
1092,13.44107761960465,1011.413564877729,922.0655848641882,6.200454935123316,0.4
1093,13.420586217705633,1010.7604298561997,921.6372060950579,6.213377626061502,0.4
1094,13.557243405668196,1010.5970266188796,920.6942927548663,6.212683074383099,0.4
1095,13.591620343659972,1009.5480767087814,920.3943645073667,6.2085112525020865,0.4
1096,13.51041238424334,1010.0828460621898,920.7521468635701,6.2121309586343605,0.4
1097,13.542290704795219,1014.1606276871722,920.5535745255171,6.2155768242158125,0.4
1098,13.447660073188956,1013.3111014171149,920.3771018179851,6.225493407347304,0.4
1099,13.243478337777942,1013.463246299867,919.9833255229937,6.250425758464274,0.4
1100,13.161723821146639,1014.9564560587938,919.7421677513246,6.278680132057049,0.4
1101,13.161972008820955,1015.0708209361718,918.6307187582714,6.3019148963536775,0.4
1102,13.150458273569152,1012.8982231109042,917.5589379421203,6.320265821565788,0.4
1103,13.100808550738567,1012.4355136365551,915.9298317315255,6.339021147226826,0.4
1104,13.218764399061207,1012.0741487301467,914.299113959815,6.344487970474706,0.4
1105,13.266611763732243,1012.7661933174518,912.7005562437362,6.345583864605054,0.4
1106,13.181711377524183,1011.2287378476914,911.859334914528,6.352258241017722,0.4
1107,13.115675384440127,1009.8452762341087,911.2360707670733,6.362081794051071,0.4
1108,13.270513336792213,1008.2121528087347,910.6244392601584,6.356249108762622,0.4
1109,13.238170534407331,1009.8189216732939,910.0524801490408,6.355324077898593,0.4
1110,13.199615120009629,1013.0511536940548,908.7769378461202,6.360159868462365,0.4
1111,13.266656755604343,1009.7459257466168,907.083908869056,6.356147821935594,0.4
1112,13.145857207015991,1009.2896044813365,905.0816618809903,6.362384704017731,0.4
1113,13.209704273299776,1007.2089274853585,903.5015757689374,6.3607083732594125,0.4
1114,13.276300426030177,1010.1248196318222,901.8555422521778,6.356095958899189,0.4
1115,13.182994898370302,1010.9916499665839,899.9617550328473,6.360594030577252,0.4
1116,13.173851905205636,1011.9915437577233,898.6305653830254,6.36578553446078,0.4
1117,13.117272239292975,1014.260550666296,897.3184587203282,6.376381627166538,0.4
1118,13.348166715341831,1016.8353108048223,895.7898487944361,6.368148245267272,0.4
1119,13.36822263853628,1019.3140621976522,893.9660736733523,6.361631838119403,0.4
1120,13.405187193822519,1017.0540115617174,893.275036299329,6.351559042519392,0.4
1121,13.305654838334922,1016.1624853638675,892.5044111231173,6.350759140412255,0.4
1122,13.228484833835687,1016.3525563126614,891.5149695549113,6.356553247089368,0.4
1123,13.185551372900361,1013.319335662044,891.0845733489341,6.36251982218037,0.4
1124,13.122579675891199,1014.337616879574,889.9518626056332,6.3733282814350325,0.4
1125,13.041843269319704,1012.2502060675138,889.2104994179132,6.38721091459496,0.4
1126,13.043318252134126,1017.7061216085947,888.269615039242,6.402598810339565,0.4
1127,13.0,1015.0619266753009,887.0971880597532,6.41675784104497,0.4
1128,13.0,1014.2413919774584,885.9893833434463,6.427747921991834,0.4
1129,13.0,1016.2322537198737,884.5038677623686,6.438264879845528,0.4
1130,13.0,1018.1192654356997,883.9322190976551,6.4483153661427215,0.4
1131,13.0,1018.6955653073485,883.3959489015283,6.4569924476093865,0.4
1132,13.0,1018.0253896918456,883.0823328057431,6.463601001646732,0.4
1133,13.0,1021.4943473952518,882.0273510805988,6.471642547981131,0.4
1134,13.10368516186335,1020.7141887194621,880.9129763269614,6.4691736645889675,0.4
1135,13.089683974616655,1020.2231701983903,879.7511234076569,6.467922147227264,0.4
1136,13.05322288018908,1019.062550298063,878.4798617931624,6.468998074982641,0.4
1137,13.013728792287903,1017.7504116818892,877.0294394104935,6.472115815811506,0.4
1138,13.0,1017.9162273722943,875.6684461947018,6.475919636858889,0.4
1139,13.0,1020.8656738589552,873.9691341315836,6.4812685516616595,0.4
1140,13.164088223625056,1023.0586207561541,872.4391449892076,6.473903240019574,0.4
1141,13.143072957035377,1025.7595072441961,870.824286361323,6.471622922243732,0.4
1142,13.043053124190937,1024.1239181415074,869.3701342532207,6.476690177045956,0.4
1143,13.088996670091865,1027.5601796724895,867.7923900148035,6.479688633130179,0.4
1144,13.049665710183511,1029.668637318876,866.1067664207158,6.486955487143621,0.4
1145,13.0,1029.8657090295087,864.4523268227792,6.497121975484077,0.4
1146,13.0,1031.2646886785235,863.2249523059724,6.5065161245379075,0.4
1147,13.0,1030.6056747908747,862.0621539208199,6.513721112262985,0.4
1148,13.0,1030.691698444721,860.8082704680867,6.519694236079856,0.4
1149,13.0,1031.6462257159499,859.3903195874996,6.5253138202267404,0.4
1150,13.0,1031.6663686353554,858.0163452292187,6.529937107274256,0.4
1151,13.18257433387426,1031.670792510514,857.0051230301312,6.518811572538634,0.4
1152,13.05769507634655,1031.475765860523,856.6863642471505,6.519746326833195,0.4
1153,13.12475571070656,1031.188355310478,856.4230098668319,6.514815347939001,0.4
1154,13.267709396775464,1029.5332324363565,856.1174702602078,6.4978384971273755,0.4
1155,13.393695186405358,1027.452396801775,856.4690546909094,6.472048808993544,0.4
1156,13.459023713862198,1027.6448262856554,856.8193930175784,6.445708094149842,0.4
1157,13.618238376259455,1029.5157991768351,857.1064053881227,6.412512141272635,0.4
1158,13.467370188957267,1029.6622113402752,857.3357919728733,6.397731095775221,0.4
1159,13.411178370270578,1024.6527809228267,857.972258919987,6.386415504494827,0.4
1160,13.507286564080436,1021.9572476244726,858.9659180032903,6.367244934873206,0.4
1161,13.717008141120127,1023.3157635558692,860.126763265218,6.3354136585519285,0.4
1162,13.70288667671593,1023.8213669757099,861.3020039026761,6.310848254224992,0.4
1163,13.911753071756126,1025.7715643135207,863.4198591417904,6.275110410061605,0.4
1164,13.874809186768564,1027.34797307981,864.8224798115906,6.250016197156125,0.4
1165,13.925316922358997,1025.3463644079575,866.7797768446267,6.223798234265261,0.4
1166,13.918104522018634,1026.0974852838392,869.2905122588376,6.203456749432734,0.4
1167,13.709243807565583,1025.5920495522453,872.0343853673816,6.203462720042079,0.4
1168,13.67140411597297,1024.9413437350017,874.8227752135209,6.206067941940855,0.4
1169,13.534003322608703,1024.023115584452,877.9370349971259,6.2187384362497635,0.4
1170,13.579512835278033,1023.0873347902522,880.1562287272781,6.224701753927316,0.4
1171,13.608706519982121,1024.1806011457331,881.8283586843722,6.228032475873634,0.4
1172,13.685931350023793,1021.5161952955311,884.0921483807743,6.222438563935857,0.4
1173,13.669487853711889,1021.7201871685447,887.0826703360483,6.219349536521486,0.4
1174,13.741748985039624,1023.9972957505154,889.6555627688247,6.21263284847757,0.4
1175,13.92913681338941,1020.6864526163606,893.5124260255301,6.1893088335393935,0.4
1176,14.220652774566117,1017.5268588545465,897.6416181227129,6.143971804058797,0.4
1177,14.144749936680771,1019.121807717864,901.7107929906117,6.114204001137366,0.4
1178,14.232807736927933,1018.7351442665246,905.7296154911661,6.082306001736382,0.4
1179,14.0685313771902,1016.0835477070101,908.6806956106569,6.0675696993463495,0.4
1180,14.114655269080693,1011.1111052193535,911.7877268218783,6.047957520420564,0.4
1181,14.122451551360328,1008.0364026359556,914.4006015277796,6.028913946360479,0.4
1182,14.06030245912893,1007.2755421813935,917.1172126713162,6.01780182894471,0.4
1183,13.867597770533155,1007.0371958737882,919.5792031040968,6.024257530007277,0.4
1184,13.898115649269966,1006.7038687985677,922.1964347726517,6.026805288559342,0.4
1185,13.914079914046187,1006.6035439003541,924.5122174886767,6.027514005231474,0.4
1186,14.023709744575116,1005.3192075461028,927.2012432285599,6.018165244867983,0.4
1187,14.013147981275225,1006.5019644794496,930.4640489309468,6.012256532908399,0.4
1188,14.00937531178076,1004.2521972412171,935.0215727336772,6.006018867620523,0.4
1189,13.921968705259305,1001.2706175918725,939.0196360740207,6.005792775754494,0.4
1190,14.021126265861655,1001.1744267853544,943.2054676938877,5.997431504322199,0.4
1191,13.734646528249314,1001.1047628907511,945.9419457323428,6.013933720001076,0.4
1192,13.699798297847837,1002.402138784781,948.3504091750594,6.031294150422052,0.4
1193,13.674780175778407,1002.109619060015,950.4387574179522,6.047353039390842,0.4
1194,13.712563515659692,1003.1608189339943,951.8897780083104,6.05822838091488,0.4
1195,13.586532109939567,1003.5063352914161,952.0403130828033,6.07770665780625,0.4
1196,13.512490875852494,1002.291710033673,952.1843017685119,6.098811237811916,0.4
1197,13.368559918861994,1000.5976346949959,952.1879654684354,6.126598310265786,0.4
1198,13.44960709852222,1000.1628215302608,952.6519248109468,6.142431815403586,0.4
1199,13.348984662967817,999.2242808615824,952.8585890331906,6.162928618304567,0.4
1200,13.297612011469333,997.5399174431515,952.9726398740435,6.182660791019493,0.4
1201,13.274188207089937,997.1215069133937,952.5566573552575,6.20043904757912,0.4
1202,13.181849441659178,995.986913155434,952.4744698790772,6.221705388987998,0.4
1203,13.169799130012393,995.2178039512658,951.0377887164544,6.2395470938527025,0.4
1204,13.24945921616903,995.7641253026369,949.5241858406318,6.248080488542676,0.4
1205,13.387538005980634,995.4643111873172,948.1992995658798,6.243567414013869,0.4
1206,13.382057996288674,996.8043897503254,947.059511557048,6.241327618685908,0.4
1207,13.467060988501144,995.0886231202392,945.744390794832,6.231247422421032,0.4
1208,13.55337742545863,993.0871071701107,944.5738196967915,6.214414736197371,0.4
1209,13.600351498567381,994.4222924987802,942.9068081011542,6.1977826123479955,0.4
1210,13.614442086157066,993.0495719564751,942.0044584888661,6.181955011243696,0.4
1211,13.705463639071526,990.8397263933562,941.1433063997796,6.159867453788283,0.4
1212,13.739136773062118,992.6017991554339,940.1551016704658,6.140336015173263,0.4
1213,13.69709898817586,992.89973132037,939.201540754308,6.1279808000065445,0.4
1214,13.849635126411544,994.7495743429004,938.014115688383,6.106782751678248,0.4
1215,13.812251641712658,995.9812822501113,936.8674900065021,6.0933865015964885,0.4
1216,13.875713085132789,995.576299052227,936.3927902532649,6.076909340075552,0.4
1217,13.852755445809317,996.4943340404811,936.5991229965468,6.0659682003650195,0.4
1218,13.895586602021899,995.1936157452782,937.0079161513167,6.052512960685517,0.4
1219,13.81569397466268,996.8927781137841,937.615948608017,6.04929305640671,0.4
1220,13.869661362270957,995.43804565711,938.7879882218183,6.041142742245495,0.4
1221,13.904634273347725,994.7847285935313,940.2329148935663,6.0311075906400395,0.4
1222,13.765474146342687,994.826632872946,941.5074603747737,6.034282611537655,0.4
1223,13.759911851063727,993.531658301281,943.1739182529003,6.036361678667718,0.4
1224,13.696238116690624,995.9634796546702,944.5256822650684,6.045108388230502,0.4
1225,13.618737619040994,996.6888018109298,945.3290138128239,6.059162374290045,0.4
1226,13.735709162145936,996.2126683739162,946.8576324861716,6.060767771477951,0.4
1227,13.762778136436918,998.2291418189217,947.9173421350056,6.061396574517399,0.4
1228,13.81202993591369,998.3656397324803,949.2203820940069,6.057990528379156,0.4
1229,13.6581737993961,995.7081933786163,950.3660807315996,6.065761664578492,0.4
1230,13.627672135828034,996.2244174124478,951.4596546620237,6.075016857578307,0.4
1231,13.534548438397614,997.5976471510531,951.7681975316552,6.091254346074555,0.4
1232,13.489939252061195,997.2286790679433,952.1510507113579,6.1079356094780595,0.4
1233,13.4402121074835,996.7357591370461,952.5163545391772,6.125305300256064,0.4
1234,13.289889137816226,999.4322338011574,951.629674035525,6.153871374621305,0.4
1235,13.282320947969128,999.1353157528177,950.6218775600553,6.177689558030563,0.4
1236,13.461712218405733,999.6715431458797,949.4641474222,6.18296600171523,0.4
1237,13.608528969458746,1001.1516948595792,948.0875073043484,6.176413815336161,0.4
1238,13.650363802544549,1002.1092799461356,947.3739610103123,6.16834621427099,0.4
1239,13.622056501026325,1001.2573768674157,946.9421840759337,6.163400015350106,0.4
1240,13.680654408881363,1002.3931364113853,946.7791985270692,6.155414145420309,0.4
1241,13.784586106445131,1001.408182033039,946.2127261050316,6.139627808242935,0.4
1242,13.818022766054801,1000.5046545002425,945.7914434659231,6.1232675011193916,0.4
1243,13.63708559127141,1002.9385392978828,944.6412738079586,6.1264782521084005,0.4
1244,13.566242132692393,1003.6511072948042,943.2100371888007,6.135439096760138,0.4
1245,13.539032510786598,1003.8176749410459,941.5702915771202,6.145136484817264,0.4
1246,13.580239092320967,1002.7368426307255,939.4881767638868,6.148903831954515,0.4
1247,13.417010469219461,1003.2228089762424,937.2699270672206,6.165699490244127,0.4
1248,13.48656494323247,1003.5784705675574,936.012991080527,6.1740568185883005,0.4
1249,13.619427587587582,1001.4700239932837,935.8465968863176,6.168458306923672,0.4
1250,13.708200068863826,1004.8627565974267,935.7306256876841,6.159177946037513,0.4
1251,13.712397177084688,1003.5995446762262,935.6795212110512,6.150270074214626,0.4
1252,13.738722104280308,1003.8238750362559,935.9730856927786,6.140983940021616,0.4
1253,13.870671929927566,1002.2982010200877,937.0827446330337,6.121432960675231,0.4
1254,13.959948089123523,1002.6107039388852,938.465824965442,6.098341762088313,0.4
1255,13.969849645732474,1004.5100813926008,938.9026653381356,6.0800337533959645,0.4
1256,13.898151346299422,1003.2072036065783,939.1338308631337,6.069895395691675,0.4
1257,13.921470226309275,1003.629870990231,939.282983215774,6.059995860041794,0.4
1258,13.784479457461607,1002.1139054495761,939.6404498417133,6.061927056490388,0.4
1259,13.999703686906038,1001.9658004426014,939.4860541910406,6.045810546162763,0.4
1260,14.02953892969882,1002.5097927299264,939.7698235776983,6.030568129822303,0.4
1261,13.947006275793923,1004.0696614035644,940.5094490698882,6.0259931776175035,0.4
1262,13.94958027599211,1002.5811324958958,941.763321132405,6.020906041659175,0.4
1263,13.918393963968814,1003.3073751410088,942.8556965064294,6.019832175031595,0.4
1264,13.933482449241701,1002.3226519964988,944.087766960706,6.016974122683229,0.4
1265,13.88503504391267,1001.3605398106722,945.8639308753699,6.017862284908572,0.4
1266,13.79316551447987,1000.9031398028717,947.8048425252085,6.025752361472705,0.4
1267,13.736088875604306,997.3207785094149,949.8096990801339,6.0341782620463515,0.4
1268,13.616138194522236,1002.3518693095042,950.6118850341975,6.054693374819636,0.4
1269,13.775515194932407,1002.3411935447316,951.5185829303907,6.058483407942042,0.4
1270,13.827150653118482,1001.8016703236201,951.8056054534212,6.0569637059042885,0.4
1271,13.755520696321897,1004.5111814064337,952.7189387250054,6.063619540681355,0.4
1272,13.925523275791543,1001.708522053794,954.1212891580212,6.053065903933694,0.4
1273,13.758489773387756,998.9023719924709,955.1356488243337,6.05594045017069,0.4
1274,13.755440183249236,998.7774441936011,956.0569750804079,6.0584523451752,0.4
1275,13.741971904912587,999.2295532322871,956.6742812026008,6.0619545212178165,0.4
1276,13.732412448619892,997.3361460614672,957.4420209514906,6.0641760885198615,0.4
1277,13.729804796961156,995.2155815845401,958.0952635645539,6.064607724256533,0.4
1278,13.595118535068286,994.1135779740605,958.1882888171017,6.0751351121529655,0.4
1279,13.442780294387129,994.527416734288,957.6880633557495,6.096529513359237,0.4
1280,13.538851663245675,992.3807069121048,956.8682979448765,6.104599057459689,0.4
1281,13.566787678594869,995.0241884974414,956.5829546189177,6.110931624526238,0.4
1282,13.499601980672022,995.5193794474018,956.375353159216,6.121989109113233,0.4
1283,13.583954479123332,995.8520636389319,955.868015162159,6.124414469549925,0.4
1284,13.534505769078992,997.659956454325,955.92535718397,6.131810980661273,0.4
1285,13.42974348484237,997.3667095012621,955.0513521354109,6.146215598943879,0.4
1286,13.332328419575047,996.6961517487753,954.0685966740826,6.1654812034083815,0.4
1287,13.399326493500523,995.2981486460002,953.2088967892286,6.174747026122386,0.4
1288,13.312289523625076,996.1422086333565,952.1202970797726,6.190095771276533,0.4
1289,13.240192327358741,997.471192914287,950.7887961786021,6.209578237298201,0.4
1290,13.195203734857815,997.8443070550502,948.7491840934986,6.229512401505562,0.4
1291,13.241470234238435,996.9216339547851,946.2391677580624,6.241379976962413,0.4
1292,13.288132607043842,998.0896980622458,944.265478970465,6.248181196196614,0.4
1293,13.237786271862895,994.9880339742957,942.7675691454618,6.255527640429156,0.4
1294,13.30732783582174,998.064977622513,940.8715245581001,6.258194957491175,0.4
1295,13.218598656722268,999.9340334069368,939.2079148234006,6.269046112171064,0.4
1296,13.232613721939089,1000.5223638832805,937.3732726010446,6.27724352571917,0.4
1297,13.0,1001.6529657880897,934.7487683727518,6.303829333225515,0.4
1298,13.0,998.8749599418877,932.0324173324628,6.323529522960989,0.4
1299,13.11497769321134,999.467831162423,929.8511671132807,6.3307359120975715,0.4
1300,13.091977261049601,997.383297887047,927.599426024029,6.336948839349643,0.4
1301,13.058724711055046,996.6455281162771,925.2177828615843,6.344203084135194,0.4
1302,13.101131580689303,998.6565485371628,922.6871494750791,6.348206406911024,0.4
1303,13.0,1002.831915670741,920.0417768529426,6.36291018191412,0.4
1304,13.0,1002.3557996401458,917.8005379365072,6.374607333697528,0.4
1305,13.0,1001.9941260996416,915.5093418054842,6.383925572963302,0.4
1306,13.0,1002.9905966331893,913.5870045373543,6.392319860884599,0.4
1307,13.05281389128077,1001.9158859405946,911.57648119862,6.394074744500996,0.4
1308,13.045161583845099,1002.5633989370745,909.7300448213758,6.396628615455423,0.4
1309,13.145438391748282,1004.0749618817538,907.0226784933083,6.391670910482383,0.4
1310,13.17220752087711,1003.644598207481,904.6612147518587,6.385092664234333,0.4
1311,13.150476762820414,1005.3955334289583,902.8675681141209,6.3827980468867604,0.4
1312,13.18357574466587,1005.4575540464016,901.1877470135018,6.378258499452128,0.4
1313,13.137017825479596,1009.6156341150601,899.106583334795,6.381484292243538,0.4
1314,13.153251234150144,1010.0051147917992,897.3703545708905,6.383097295567552,0.4
1315,13.095243614681905,1009.0939162494877,895.3411552756249,6.3884714748582,0.4
1316,13.031815864621032,1006.5818791402893,893.600869463286,6.396162517556951,0.4
1317,13.0,1005.9670642022232,891.9867460278183,6.404604364933581,0.4
1318,13.014707695104672,1006.5375774541533,890.4441835557719,6.410756074956923,0.4
1319,13.035079127997413,1006.4968811364859,889.2708212604749,6.414104957263911,0.4
1320,13.0,1003.7279502149327,888.3472872289775,6.417624395318896,0.4
1321,13.053941684155358,1004.3702273493932,887.9439341982137,6.4165877816084596,0.4
1322,13.0,1002.7796140316339,887.7635849831236,6.418943369126852,0.4
1323,13.0,1000.7971636331008,887.6665994777933,6.419376218390643,0.4
1324,13.0,1000.7845811732986,887.7212953567656,6.419721642447341,0.4
1325,13.08222979279055,999.34038506057,887.8061111391283,6.412193259245766,0.4
1326,13.175274588654156,1000.9637056560368,887.9783796100195,6.399643594672675,0.4
1327,13.009293681479402,1001.9900008507838,887.6327855972077,6.403692708624289,0.4
1328,13.0,1002.3401683779707,886.9763918521935,6.408037188365663,0.4
1329,13.0,1003.1434873691354,886.1470080540984,6.41220697091091,0.4
1330,13.0,1001.4967517067608,885.5788252624732,6.414381260437257,0.4
1331,13.243996593772279,1000.4999673312889,885.5532507487692,6.395471207217935,0.4
1332,13.350812454834804,1000.2623169276104,885.6360373281141,6.37105630770688,0.4
1333,13.359835638273406,999.7938607619889,886.136282087488,6.3499445626960025,0.4
1334,13.414370313566675,1000.8282058322776,886.4521814593224,6.3289583229952555,0.4
1335,13.231807793725322,999.3762901422076,886.7485187397958,6.325570967300385,0.4
1336,13.128014125104565,999.3157681548284,886.902939366227,6.331229599607821,0.4
1337,13.222595089041217,995.9857535747576,887.7914407417813,6.325623030704482,0.4
1338,13.421329572809224,996.3270248634988,889.2718518650033,6.3050430632845105,0.4
1339,13.383581726287382,994.2702487200379,890.1328079811585,6.289697321253442,0.4
1340,13.410800161321294,995.4942539356532,890.8940973320804,6.27581487022,0.4
1341,13.39470237473125,999.3971813943032,891.3107053517225,6.268697384651455,0.4
1342,13.327901544151597,999.1575621917916,891.6659132844376,6.268138858243119,0.4
1343,13.445836256438652,1000.4450592613725,893.121568298457,6.259016589684788,0.4
1344,13.496893072508293,1001.4761574393106,894.9554387393746,6.2481434766802675,0.4
1345,13.50600248149947,1000.1085454827114,896.8629742430109,6.237449188474613,0.4
1346,13.55913467820623,1002.25250230834,898.7917293222725,6.225958740391274,0.4
1347,13.389038157003426,1000.9200613788612,899.6938321581318,6.229429535332944,0.4
1348,13.460080836631018,999.0466291517931,900.2869472898436,6.2250536646422825,0.4
1349,13.512900920777584,999.3656696414124,901.3181857157276,6.217390188009635,0.4
1350,13.534989319387657,998.4672194462041,903.3044826202407,6.208621844888872,0.4
1351,13.445969172631004,995.4850703211939,905.1447801972711,6.206452025184292,0.4
1352,13.666902954549974,997.4569934539974,907.0667452007858,6.188108838256517,0.4
1353,13.659314142032345,997.9195834658826,908.813119934945,6.174037300783668,0.4
1354,13.725925382605896,995.3663737580528,910.4991861816541,6.155124942937142,0.4
1355,13.832094893306154,989.3352895821331,913.3492343875554,6.12638113745157,0.4
1356,13.880562405811665,987.5015856248359,916.5922880042629,6.097464171639734,0.4
1357,13.927048935109754,987.5872195320749,919.8386278330786,6.070018119733661,0.4
1358,14.097292790790467,985.9573200931271,923.5727559746696,6.03236782530861,0.4
1359,14.231152875197518,984.7295566088841,926.7151521337656,5.989627348588235,0.4
1360,14.12059787015657,985.8503140008174,930.0136232763577,5.964462005277776,0.4
1361,14.0509296308339,986.0181538100135,933.3639455126328,5.9496465991764,0.4
1362,14.173330244370938,981.9528852044804,937.1309739280316,5.9244220449692415,0.4
1363,14.148022576319795,982.776995874079,940.2444135155623,5.906429080818728,0.4
1364,14.262015677838445,982.1132215534975,944.4520021203718,5.881857520572843,0.4
1365,14.202679181861797,982.503121865946,948.3509896557254,5.86685258425864,0.4
1366,14.296707364557484,982.6921645059068,952.4334599980439,5.847007469626913,0.4
1367,14.38506797977008,980.3016100308807,957.1357363472484,5.821706386970604,0.4
1368,14.471035967867731,979.7124583231589,962.0166505579265,5.793488796514052,0.4
1369,14.494362378234513,980.7514288885105,966.8691751603594,5.769229599831912,0.4
1370,14.384796971516934,982.1786657738763,972.075961459667,5.759369734674855,0.4
1371,14.425544927883687,980.9211746321487,977.7166075990627,5.74700405894863,0.4
1372,14.310740649098308,981.6065988796516,982.2431370952676,5.746764191246579,0.4
1373,14.511399157679064,984.4179204892017,986.0109560522943,5.732295045546498,0.4
1374,14.673303694575036,985.9585075956518,990.2086311534886,5.7083641911697685,0.4
1375,14.71018274681239,986.1052473961353,994.1608904566854,5.68583806972118,0.4
1376,14.787150733247051,985.4657182705874,998.6727578157805,5.660593342262983,0.4
1377,14.79424309938664,985.6039959229994,1002.7316798567546,5.639417615491557,0.4
1378,14.759413504502861,986.7249099615138,1006.955059518121,5.625747205046007,0.4
1379,14.788361915216415,986.2639418017154,1011.446982533758,5.611823312428338,0.4
1380,14.727532950778402,985.9295325114488,1016.0640461374785,5.605123850032281,0.4
1381,14.53142097661113,985.2331539593492,1020.2875623794359,5.615130099211076,0.4
1382,14.477826083821935,987.0669264921002,1023.2610212135171,5.629101330211181,0.4
1383,14.417865847173834,987.667449835188,1025.9020393865353,5.645911685817525,0.4
1384,14.341877808268846,987.3323337089175,1027.5235967941426,5.665652572162582,0.4
1385,14.332389368658516,985.5149658254065,1029.9523875408142,5.68124156413055,0.4
1386,14.539821306491913,987.276391748628,1032.8895801115002,5.6784048375824945,0.4
1387,14.46708160832065,988.0352997489719,1035.6108541307472,5.682596744395904,0.4
1388,14.502215186530888,986.3515399777442,1038.6302734104438,5.681890069584512,0.4
1389,14.497666469622436,985.8348349948408,1041.46803486948,5.681291688417853,0.4
1390,14.484693939829999,984.001690344127,1044.053176396221,5.6804752736398925,0.4
1391,14.527803343610039,983.2702296338024,1046.6816567841804,5.675729928748054,0.4
1392,14.628997721569155,981.2271833140003,1049.1447563129484,5.662024598352157,0.4
1393,14.500863050806343,980.7669346089708,1050.4630516207644,5.6609094447012565,0.4
1394,14.512148051779814,978.6082931775445,1051.637663741025,5.657440875505808,0.4
1395,14.432645445468607,976.1235980527537,1052.5986260552836,5.659215172238949,0.4
1396,14.210804707191851,978.0930466613387,1052.6242667800127,5.680287823840192,0.4
1397,14.167844312121542,976.477854958712,1052.507862815823,5.699857036711172,0.4
1398,14.319835998007369,980.0380595596641,1053.0600744923383,5.706174545373105,0.4
1399,14.366803326899593,985.6777388956602,1052.6547075873655,5.71178032993683,0.4
1400,14.2258920903516,984.0823962148291,1052.3825543901157,5.726686260463079,0.4
1401,14.295112732082934,985.7158057756012,1051.899551905564,5.734487270280262,0.4
1402,14.186591365850365,986.5669750997048,1051.1016173161058,5.7503959483879,0.4
1403,14.143608478000308,985.9420038491555,1050.4409592622023,5.766481147765854,0.4
1404,14.057097036025901,987.7096530427061,1049.8844976890482,5.78807706908425,0.4
1405,14.094075152762178,986.1534843714055,1048.7749425971442,5.801587409350142,0.4
1406,14.00085849286481,983.5885795350778,1047.8288000559157,5.818344485758723,0.4
1407,14.025189655647175,984.5824462861538,1046.3736694644379,5.830848309054998,0.4
1408,13.98699945466413,986.6134435435312,1043.6354836354415,5.845757781308856,0.4
1409,14.048786312157507,986.8906252911261,1040.8617275176082,5.853143875963841,0.4
1410,13.96900365093737,987.2940586530054,1038.845872018934,5.86602530827742,0.4
1411,13.888944766530603,986.296311539338,1037.1126333917734,5.882376197990343,0.4
1412,14.145721310722154,987.9165878546377,1034.9022043686305,5.876025077257973,0.4
1413,14.22478455066439,984.3677038249168,1033.7096353388154,5.86167315396288,0.4
1414,14.18793241262586,982.2215292360771,1032.3952670778485,5.851293625592251,0.4
1415,14.3252063713138,985.6132234058215,1030.9172591315087,5.8341285052166825,0.4
1416,14.369730165252546,982.7582366535154,1029.6314215775215,5.814256252083299,0.4
1417,14.212317661950797,984.2344755303592,1028.4824225421166,5.811940790874638,0.4
1418,14.19788517677864,984.8655964161715,1026.9328140248433,5.8116986627614775,0.4
1419,14.228735785428743,988.4819218893322,1025.327517887449,5.81171294802751,0.4
1420,14.289461997378444,991.1874047399675,1023.49624308484,5.808807460940207,0.4
1421,14.102326461381724,990.2642973537728,1022.0035546660039,5.821019808346307,0.4
1422,13.995919140022979,991.970826782951,1019.8569399751183,5.841019675769205,0.4
1423,14.046556659058167,991.8399187953456,1017.4329016459859,5.853182502561796,0.4
1424,14.153928913442174,991.7178524645045,1016.4849300584552,5.854289277757343,0.4
1425,14.007886791091368,989.6918296929275,1015.9938800415098,5.865599722440888,0.4
1426,14.033220745033594,986.855567088135,1015.5832581183985,5.870659781836013,0.4
1427,13.999206682956572,983.1633464472596,1016.1259905108359,5.874797340888447,0.4
1428,14.029954964373978,988.3618145585234,1016.3335267149738,5.879607431646129,0.4
1429,14.04812262196147,986.3691134680156,1015.9553508542543,5.880560563064954,0.4
1430,14.077253585919944,988.0315891986664,1015.4115602722173,5.880218380106077,0.4
1431,13.962144763129917,987.3478065695631,1014.9827979366017,5.888827543410596,0.4
1432,13.992834528597728,985.5341272241172,1015.020220418801,5.8920079481011145,0.4
1433,14.040739906136308,985.2837664878465,1014.2316804532765,5.890511779778267,0.4
1434,14.033232175756831,984.1948439300694,1013.11945859369,5.889075228026463,0.4
1435,14.004104466928798,987.379192773363,1012.014358867443,5.89268493968094,0.4
1436,13.808791157788514,987.2810889549831,1011.2356477979514,5.911531740373861,0.4
1437,13.857544354121067,990.4091174337755,1009.4512766143094,5.925366795267727,0.4
1438,13.949319558675803,988.6353603150694,1008.122726584634,5.9278707101827415,0.4
1439,14.046176413415461,988.7858949392493,1006.8400934179871,5.922122582419609,0.4
1440,13.975593023727875,985.3708744908238,1006.0997991801489,5.920595436800101,0.4
1441,13.949060395224896,984.7083233286438,1005.5525400834441,5.921010535114759,0.4
1442,14.131586152430069,984.8905282754695,1005.3934889042124,5.906572657793772,0.4
1443,14.157672208153482,985.465720787533,1004.8024501701804,5.893036691455966,0.4
1444,14.200008169671465,981.5329744178414,1004.9398741921518,5.875504348028228,0.4
1445,14.080765512694567,982.9323558750187,1005.1643118715435,5.871930268727261,0.4
1446,14.16868014493368,985.5762265368016,1005.2196914762541,5.863813906174196,0.4
1447,14.178062159391244,985.2955373939701,1005.2384053003802,5.856179589667229,0.4
1448,14.17886849325679,986.618037688395,1004.2708245262942,5.850853366750609,0.4
1449,14.289236216953519,984.6456117641804,1003.9793027980784,5.835975459579778,0.4
1450,14.155436710579318,986.7323960482903,1003.9206864133118,5.836287280279383,0.4
1451,14.033373011647964,984.1525328396083,1004.417144431177,5.844567642143966,0.4
1452,14.174997769431785,983.895270170116,1004.663011966693,5.839589473088695,0.4
1453,14.130223585211139,986.0062577651183,1004.5497892256433,5.840762227419705,0.4
1454,14.040136393765021,983.7882947737323,1005.4002346337652,5.847409031234622,0.4
1455,14.100931634337575,983.5360134342708,1006.3421383657422,5.847700498610632,0.4
1456,14.182122643458795,982.5571068298163,1007.5907082045245,5.840564519200607,0.4
1457,14.061101067667725,985.7436758382531,1007.7729615880153,5.84701194542841,0.4
1458,14.099489154999516,987.2949920079941,1008.2007480350152,5.850334555462779,0.4
1459,14.159527448256531,988.6810837344722,1008.549521445932,5.849200651711216,0.4
1460,14.124215593721507,988.6167063560781,1008.8428601665188,5.851107866089471,0.4
1461,14.201584664789488,986.7141361357898,1009.8936416359636,5.8449108383054265,0.4
1462,14.11836205370764,988.8499135705621,1009.9635746719011,5.848244875040806,0.4
1463,14.221305707151581,988.3295408084113,1009.5967315632049,5.842172827996192,0.4
1464,14.118853511818912,986.1285597272364,1010.0695467407252,5.843902201124827,0.4
1465,14.02056121917129,985.2466931618302,1010.2339731968457,5.8526860421220235,0.4
1466,14.107923624904554,985.5607740231561,1009.9625087650574,5.852986981074365,0.4
1467,14.31363617944957,986.5872316579338,1010.150136125361,5.837198923029758,0.4
1468,14.37506488654842,985.5037956503824,1011.0169941042653,5.8184136838673535,0.4
1469,14.270315876528864,985.6554343407558,1011.2569753546649,5.811684515702902,0.4
1470,14.425372379258423,986.8241493286833,1011.7883226059597,5.794378928935866,0.4
1471,14.663811765806782,988.0769652058257,1012.8621873293606,5.761650209921284,0.4
1472,14.507577554312661,986.0509522444075,1013.9822599025742,5.746048454293795,0.4
1473,14.591457828323865,983.7783512157221,1015.8256249501661,5.724682232309371,0.4
1474,14.562306644317117,988.612925275441,1016.8130965072222,5.713199103028323,0.4
1475,14.518089098579873,986.4525547967863,1018.4703658453192,5.705763154773648,0.4
1476,14.475931013421295,985.0998449239647,1019.6322869256096,5.70208818726012,0.4
1477,14.366124435140392,983.3299882884395,1020.2879314490419,5.706710095859686,0.4
1478,14.17412104908145,984.2400098097802,1020.9423644958242,5.7268785538902,0.4
1479,14.28725884061314,981.3815970357576,1022.7614998422613,5.732010109094091,0.4
1480,14.133057160847976,978.999948274058,1024.7059643135935,5.747018819167845,0.4
1481,14.211384619362947,982.5893999865164,1025.5907255397053,5.755638667013099,0.4
1482,14.227877579022524,983.4905291684972,1026.9970037158153,5.762040391244405,0.4
1483,14.244421937588035,985.6198131606906,1029.1788489873652,5.7675475388301995,0.4
1484,14.281049856606009,987.6728288678727,1030.2149399692123,5.7706222461830325,0.4
1485,14.584565910760842,989.9836181501288,1031.6773513027906,5.750087130964208,0.4
1486,14.535832727537736,991.753144273341,1032.8335708291024,5.738568573966913,0.4
1487,14.438074753430929,993.762643582704,1033.4680217008818,5.7386313203510175,0.4
1488,14.494382615611219,990.3079418542368,1034.244711726608,5.731469539381888,0.4
1489,14.50285064087427,987.5872305071957,1034.760885092869,5.7228480141843425,0.4
1490,14.483533879318449,987.3392620594163,1034.3842398398658,5.717169465130176,0.4
1491,14.547660664067031,984.5205217529433,1034.9859161911727,5.705141646384412,0.4
1492,14.60555279305467,986.6027184001179,1034.7653786800731,5.692122030897279,0.4
1493,14.76052207380203,985.8175491516457,1035.314049202937,5.668188268623311,0.4
1494,14.836670911910844,988.2147723634974,1035.9784514479588,5.644152001256565,0.4
1495,14.8772761221447,988.9172176805145,1036.8747407889834,5.621655052895187,0.4
1496,14.672215439967879,988.2198657330797,1037.9268759135134,5.619437916114087,0.4
1497,14.937554959314513,989.7387342063457,1040.5555982241915,5.597084582998367,0.4
1498,15.055232799626422,989.3861428893941,1043.0971053735375,5.568871657697572,0.4
1499,15.11715778218293,991.1252579475001,1045.116630644972,5.54199132036033,0.4
1500,15.186387999016942,989.3062856488482,1047.759544576812,5.512916807366335,0.4
1501,15.21039129997532,986.3086475404475,1050.823175865946,5.48484794254699,0.4
1502,15.302271434006679,983.4539844421181,1054.179663439641,5.452164903539747,0.4
1503,15.386948864592966,986.0421104953031,1057.7564477303533,5.420401595222504,0.4
1504,15.486677225829693,984.5832789703576,1061.8963193350132,5.385103004089241,0.4
1505,15.528806459318403,986.6067211692254,1066.7063128945174,5.354245080701611,0.4
1506,15.606527233387329,984.6235730761589,1072.098914761899,5.321090981908485,0.4
1507,15.62439500817617,983.2163549452085,1077.7593285240248,5.291380609435379,0.4
1508,15.452730779925743,981.8068727810702,1082.1640920400937,5.279980936223968,0.4
1509,15.340723110826776,983.5783255238006,1087.3970208305634,5.281125689182883,0.4
1510,15.333137921441478,985.4143403942037,1092.5761390374953,5.284072275527784,0.4
1511,15.60780881445319,987.4680648397248,1097.6792863497087,5.2655949866345,0.4
1512,15.533859689636259,987.8932039364321,1102.7907146442187,5.256808137379157,0.4
1513,15.418081912895158,992.1462168029293,1107.1287555369886,5.262279558632131,0.4
1514,15.281983461417108,995.351994891965,1111.0103673901478,5.280311657749667,0.4
1515,15.341468431121815,994.2718197926192,1114.94860996458,5.2894202549266724,0.4
1516,15.447262378458182,993.8782202798449,1119.105461711717,5.287946262003831,0.4
1517,15.402948970818017,995.2663095047642,1122.935803889784,5.291408274933495,0.4
1518,15.362326912036492,996.5667192255194,1126.6036952276656,5.298549869928337,0.4
1519,15.491394257590633,997.9823034628004,1129.9572087817555,5.294928776028807,0.4
1520,15.557688134484485,999.2732608063438,1132.1111288049824,5.287517907163146,0.4
1521,15.473607359728549,997.114516438879,1133.7062193090478,5.286680064864555,0.4
1522,15.573615504062492,995.1927761456027,1135.438744054367,5.2763675329630235,0.4
1523,15.441799127319248,997.2385828168276,1138.2050215170134,5.280229920954672,0.4
1524,15.41676749654969,999.8000933547121,1139.9997484686269,5.287379165940952,0.4
1525,15.37081479273867,1002.6836834541313,1140.59405714607,5.2991767959002996,0.4
1526,15.278661436217902,1003.9517514698379,1140.0471910788326,5.317340284181716,0.4
1527,15.323169715353961,1006.1398089436541,1139.4674363274942,5.330251299451684,0.4
1528,15.34783724928904,1005.6486337704506,1139.412260003008,5.338451172668941,0.4
1529,15.385576848439646,1006.7835766636017,1138.9655100885727,5.342949005491727,0.4
1530,15.418922949551328,1006.3955962795236,1138.3781181898632,5.343618871853201,0.4
1531,15.596280206446567,1008.0767970181998,1138.5330945724395,5.33094551499457,0.4
1532,15.742106678213581,1007.9751066800425,1139.3436589821754,5.308559545202046,0.4
1533,15.722674751869674,1007.6643152064571,1139.9265597900185,5.291556068638969,0.4
1534,15.649875745915239,1007.2587648060522,1141.138900899688,5.283255756521137,0.4
1535,15.64639368128057,1005.7779867912527,1141.808100151121,5.275614586727271,0.4
1536,15.762874824249593,1004.2202296040977,1142.670969726411,5.258652324059383,0.4
1537,15.651557591457232,1003.0960481337203,1143.413932114566,5.252990231743902,0.4
1538,15.558224718267784,1004.7915816375869,1143.396623944728,5.2572563017711715,0.4
1539,15.540942092367324,1003.7717648014682,1143.6462378000228,5.261395833854013,0.4
1540,15.542455726612118,1002.3710930256984,1144.0983985616283,5.263607648108976,0.4
1541,15.659215642830038,1003.0544753105912,1144.7428016399672,5.2563963524520965,0.4
1542,15.93062449142472,1003.4751344522446,1145.8458690416421,5.228621577217388,0.4
1543,16.18236654431508,1004.6560229448482,1148.266452512124,5.186166652663135,0.4
1544,16.158585673142227,1003.9843349733092,1151.8189869467535,5.15278919121441,0.4
1545,16.208180651405375,1005.0637526555541,1155.3192555916487,5.122182810970568,0.4
1546,16.238676868032734,1005.664295427559,1158.4821912888851,5.095047438683465,0.4
1547,16.25002693640743,1008.6896540908115,1161.3953696443732,5.074156076969879,0.4
1548,16.284247718214257,1012.2891173066713,1164.6092946032331,5.056949832266675,0.4
1549,16.297804368647583,1010.2700265086444,1167.3817808707188,5.0402064294933275,0.4
1550,16.356456943616895,1012.0150194556204,1169.5017872258315,5.023002965460605,0.4
1551,16.342665718847055,1011.8252032097469,1171.5664750447086,5.009879642760083,0.4
1552,16.296946972699082,1010.7848963586564,1173.6834855769364,5.002068182101444,0.4
1553,16.373573826561486,1010.5743955699555,1176.4484828805303,4.989241699267465,0.4
1554,16.39158109814667,1011.0186357119725,1180.582270295886,4.977588274657027,0.4
1555,16.199959104582813,1008.0951629934576,1185.9640714632408,4.981481670415308,0.4
1556,16.20852154421632,1008.5461396994896,1190.6410417299014,4.984315470760008,0.4
1557,16.25923645421931,1008.896196953429,1195.1472515981427,4.982759407881197,0.4
1558,16.341114553219164,1010.7959435694125,1199.324174909684,4.976228566511987,0.4
1559,16.35095064076131,1011.6469573791063,1203.1957797066646,4.9707128379554195,0.4
1560,16.23073156614148,1012.1645000867942,1206.7889142936754,4.976405505603979,0.4
1561,16.08076024014604,1013.4322323318543,1209.7409806796852,4.99428755541341,0.4
1562,16.26378963847529,1013.1332600224325,1212.7447181109042,4.993767650759755,0.4
1563,16.314313425710292,1014.4516599678593,1215.3244008948711,4.990209235409655,0.4
1564,16.169416642288454,1013.9364425406562,1217.3601614756424,4.998742795588841,0.4
1565,16.377307168148768,1017.0300018004571,1219.413969250555,4.991090231962878,0.4
1566,16.407667906928268,1014.259115730867,1221.8174119596813,4.9802392603479175,0.4
1567,16.584622347541423,1013.5753074952735,1223.3740685181629,4.956363787710634,0.4
1568,16.451612544013503,1012.0970002492982,1225.1806802614094,4.946537861014406,0.4
1569,16.413549922551322,1013.1305013281107,1227.0832541086481,4.942372405364971,0.4
1570,16.309028313895173,1013.2567708923416,1229.188092725014,4.947593697382373,0.4
1571,16.451129562142057,1015.7870960455963,1230.9685674008035,4.942175568645768,0.4
1572,16.483630680126804,1014.5870967049113,1232.1706234916828,4.93416951221848,0.4
1573,16.32086350294196,1016.563687505184,1232.1563801224393,4.942400182312656,0.4
1574,16.376942545362866,1019.7474573415752,1232.7472369028615,4.946973482439555,0.4
1575,16.47013402351557,1020.169583456764,1233.5570468140845,4.943427108292056,0.4
1576,16.615314150405442,1019.8801683512783,1233.7402344127613,4.928436163701919,0.4
1577,16.740939528681018,1017.2579417907607,1235.6726823822003,4.903895079945576,0.4
1578,16.87943323646315,1018.874990269061,1237.9102760409796,4.873676174115014,0.4
1579,16.66420715078536,1019.2384691838796,1241.0808192856668,4.866759737115144,0.4
1580,16.496244150987305,1015.7992088372479,1243.5147700064722,4.872214114296694,0.4
1581,16.475630150565998,1015.3212144155007,1245.4703715827648,4.878009915917154,0.4
1582,16.623189571950117,1016.0044313469002,1246.6767976803635,4.87122042933056,0.4
1583,16.62513552093731,1014.9500225912345,1248.772464649241,4.864696894359035,0.4
1584,16.663370813795307,1014.5866956375509,1251.0311394222804,4.855948332373044,0.4
1585,16.715154860117792,1012.712614189502,1252.5650039563998,4.843125913704334,0.4
1586,16.722627221944332,1011.6958451575036,1254.5706866607072,4.831232211599335,0.4
1587,16.726143227589198,1014.8537444740577,1256.7403204878108,4.823579419775253,0.4
1588,16.760449729289785,1017.2569937872368,1259.4042808720744,4.816317459641297,0.4
1589,16.90296696079482,1017.6047441554946,1262.7443339085437,4.798979043451265,0.4
1590,16.88573884737247,1011.9918761800632,1267.4034767497164,4.781926095414887,0.4
1591,16.85618464979341,1011.0669672566802,1270.752336599079,4.76965861590514,0.4
1592,16.923559868533406,1012.8886466464555,1272.8991574843385,4.755470569450385,0.4
1593,16.930255979260455,1011.5220069121032,1275.0951091950205,4.7422559855497015,0.4
1594,17.05883780854952,1010.7538377692869,1278.3264589796709,4.720331583789669,0.4
1595,17.032231824884327,1013.0647971484776,1281.3121900863644,4.706274900622231,0.4
1596,16.93726344053713,1013.4793164566819,1284.3059291114985,4.702822613390786,0.4
1597,16.864551428190726,1015.1677701564562,1287.1099096730547,4.70721023450698,0.4
1598,16.869958545220907,1019.8982671195768,1289.1157063399594,4.713942469922671,0.4
1599,16.78294351549208,1019.4099321120735,1290.8231506942732,4.726204589927304,0.4
1600,16.81276454149879,1018.2423470222121,1292.555538314817,4.7329398597579,0.4
1601,17.053603929194306,1017.1028430361844,1295.2180019087125,4.717919921243075,0.4
1602,16.954749514920614,1017.7847405616043,1297.5821806949014,4.714197468924581,0.4
1603,16.802602010835724,1016.3830739957621,1299.6157834361939,4.722518892133458,0.4
1604,16.887614033139418,1013.9570832510193,1302.0887282776282,4.7205612276990525,0.4
1605,16.984250286134674,1013.7065052303107,1304.5326300677182,4.710869391284413,0.4
1606,16.848300321226315,1012.9051776677833,1307.57512921475,4.713426112919448,0.4
1607,16.85907235519537,1014.0099356541232,1310.0406761273719,4.715477531081899,0.4
1608,17.05894114903552,1009.6492047563572,1312.412227974418,4.697529703583781,0.4
1609,17.16625657114136,1011.9863384807286,1314.2614416691233,4.675809541836459,0.4
1610,17.108395265781557,1008.3939311384719,1316.6386521554414,4.660011575126912,0.4
1611,16.89969600562105,1009.0004783776943,1318.260123421382,4.664570695678252,0.4
1612,16.769099742064874,1010.095643789463,1319.5799821221701,4.679809446239459,0.4
1613,16.766347274963106,1008.4521523420924,1322.1133409001113,4.691287673776993,0.4
1614,16.73650899075267,1009.4623037088846,1323.541469602826,4.703901879376743,0.4
1615,16.908020713187003,1011.5552063334692,1323.7330774847367,4.70181182439539,0.4
1616,16.851898491051127,1010.3541424373042,1324.4995484056117,4.703776282998124,0.4
1617,16.791533236079022,1005.8246324627669,1326.1721180615045,4.706895878147936,0.4
1618,16.937618376324806,1007.0460702058922,1326.8872801160817,4.6984392754436985,0.4
1619,17.062808104226196,1010.01311101146,1327.5089064369483,4.683517439511132,0.4
1620,17.009558091058327,1010.9505337677487,1329.269840898567,4.67634181672626,0.4
1621,16.87362213652292,1012.4085298639263,1331.2813306691976,4.682668737296009,0.4
1622,16.963821708233723,1012.5132398239253,1332.7703560806444,4.680564863892755,0.4
1623,16.92621772585864,1012.5753530984088,1332.9224240501842,4.681959642777288,0.4
1624,16.83923894083966,1012.1017825114051,1332.2621967036553,4.689853248410581,0.4
1625,16.806870747653885,1011.1461841043982,1331.607810388429,4.698248701381326,0.4
1626,16.871937108943627,1013.1860342628646,1330.5539528613845,4.70135787649254,0.4
1627,16.838262335983178,1014.0515843194665,1330.3879617348166,4.707313658372854,0.4
1628,16.984618692471553,1015.4707794904186,1329.8208979162205,4.701310069611721,0.4
1629,17.08448229299272,1013.8572112180374,1329.3354320060284,4.6870064157790825,0.4
1630,17.08768043453513,1007.4169924368105,1330.6702314234324,4.6701472621108655,0.4
1631,17.014799863054066,1008.7426773470849,1332.6226835136008,4.663280774196528,0.4
1632,17.094817310870056,1007.8137342994224,1334.3816288324535,4.6504089473272145,0.4
1633,17.302549126929353,1004.1246880685565,1336.0081712023887,4.620089286335478,0.4
1634,17.244122907001774,1003.4952538309046,1338.466292502797,4.599525902731071,0.4
1635,17.205217843678824,1005.6730823826723,1340.504338124961,4.587489688335345,0.4041594669167782
1636,17.212674301946056,1003.4016295391033,1342.2984718850844,4.575293432411513,0.4095636302431159
1637,17.153190500355358,1004.8847959717366,1343.6975853991248,4.571274792643034,0.4113301925865651
1638,17.140652286703656,1008.3711494678176,1344.9948237743743,4.571639814095535,0.41113336043465815
1639,17.050621473057667,1011.0012554036882,1345.586049451836,4.581284809865255,0.4068001502484152
1640,17.070336456296022,1008.2489356060075,1347.1646156695115,4.58550184419914,0.404878632875209
1641,17.046360328176657,1008.0797724641493,1349.111468834837,4.590791254207595,0.40247510091970146
1642,17.10672867481056,1007.6872807383378,1350.928275643447,4.5898985453828915,0.4028267831666517
1643,16.97867130246971,1008.1184235152076,1351.9992836564993,4.599957316553644,0.4
1644,16.95406227116325,1011.008922242485,1352.925999028283,4.612401775989845,0.4
1645,16.88364606658076,1013.340396395822,1354.4326842352236,4.630123239425934,0.4
1646,16.721805918574574,1013.5694863340154,1355.0032482102818,4.658053608331867,0.4
1647,16.741922786553037,1012.3275171073285,1355.0533964718215,4.6783736316481574,0.4
1648,16.830560904491414,1010.2794914215951,1355.1754175062856,4.686244236351177,0.4
1649,16.821515501407344,1011.8753460921272,1354.6348088589227,4.694643788678605,0.4
1650,16.798634729533404,1008.8057686405748,1354.2831915438353,4.701080637711261,0.4
1651,16.776314612312905,1008.6463081633142,1353.352676197973,4.708062301776488,0.4
1652,16.75019485424233,1009.2543419565335,1352.4157134109369,4.716381446487176,0.4
1653,16.795256994713124,1006.9152472654417,1351.6262273574512,4.717752311444202,0.4
1654,16.70158663067754,1008.8859152013446,1350.8987404910956,4.7280209878174935,0.4
1655,16.673351537322624,1009.4890439817627,1349.2610045475221,4.739204639630552,0.4
1656,16.716897350510123,1011.1711500190403,1347.3178143419004,4.746088342427759,0.4
1657,16.753936167199875,1013.3514675012021,1344.8370281139496,4.750354486638098,0.4
1658,16.810610638372914,1013.7590288749687,1341.6195321848709,4.749529403504882,0.4
1659,16.893464031599695,1015.000636520877,1338.760742199139,4.743020711421459,0.4
1660,16.85016903272953,1015.8689489295214,1336.6087841574956,4.741878095401658,0.4
1661,17.018007052761135,1018.2937143685789,1334.5120939784551,4.7290585499403655,0.4
1662,17.184486397880914,1015.331411958019,1333.1700259104755,4.702702329956534,0.4
1663,17.015350373600743,1014.9922399514805,1332.0755565332581,4.694655611437024,0.4
1664,16.923951247661158,1013.6011132378442,1331.1150991630643,4.6944747470273,0.4
1665,16.996759683776972,1009.6878297741463,1331.0225088074642,4.685418090513386,0.4
1666,16.95188612254879,1007.0304557769763,1330.7960734977871,4.679649724853684,0.4
1667,16.855672709918753,1005.6514376851097,1330.574476078936,4.681739687415403,0.4
1668,16.870296235260454,1005.4570570862222,1330.6272204398706,4.68211147049233,0.4
1669,16.881451669914373,1004.5371845364909,1330.9969970852264,4.680809286847896,0.4
1670,17.010402096589083,1005.151375345208,1331.73227428923,4.669667995642992,0.4
1671,17.048568593191302,1004.9113327632085,1333.1006157381998,4.657231698560645,0.4
1672,17.082244328280233,1008.3709228443226,1333.9185578142738,4.646897403982976,0.4
1673,17.128873183226812,1007.8516618791224,1335.878525835717,4.6342202111133615,0.4
1674,17.155133339283655,1006.7637645503365,1338.952454178694,4.620856482626751,0.4
1675,17.364408120167635,1004.4285151631115,1341.4365993951944,4.591030841637148,0.402559786188059
1676,17.408157912427637,1003.6618442825772,1343.7323737553263,4.562418979816504,0.4153119944747839
1677,17.45996145130063,999.6712336243429,1347.156777665202,4.531706966269248,0.4291529936646001
1678,17.388868435834098,1002.4614027602248,1350.083162122594,4.514442204251151,0.43698246878648384
1679,17.267817505505477,1001.1902166768213,1352.4751553323763,4.509216364743713,0.4393214890149179
1680,17.18901768357891,1001.2710849732109,1354.734336727783,4.5114318342275235,0.43824051606658543
1681,17.15122360536314,1003.6028664599207,1356.5224797186224,4.518099878079994,0.43512914409043946
1682,17.320121959171562,1003.5838000708683,1358.9608938823133,4.509750886375671,0.43889904318826667
1683,17.21806846733821,999.8325672740832,1361.8640127016915,4.508408592536378,0.43943781967920226
1684,17.115695667995404,999.3883577135858,1364.6820441079694,4.515337994322716,0.43617621766254117
1685,17.206771328065383,1000.1933343915139,1367.409662748894,4.514185963215109,0.4366312914003501
1686,17.122229566420653,997.0081707290857,1370.355187175373,4.517742066739682,0.43492030846636737
1687,17.31722332163134,999.6805416364843,1374.0726676739666,4.506743494360008,0.43987151332984503
1688,17.395452831616755,999.5176642785472,1377.9649587582373,4.491208614170067,0.4469346521579667
1689,17.345218268573607,999.6164777526227,1381.9871413234357,4.482649883892603,0.4507895200377669
1690,17.274796504784995,995.8805625744321,1385.7336238556306,4.478562239727175,0.45258291182539573
1691,17.418646746874142,994.7557981224982,1388.7541740955314,4.462604607802337,0.4599326480730227
1692,17.574757853082374,993.9296090931939,1391.502322898427,4.43613735111848,0.4722691090042681
1693,17.413528846840563,995.0983200069037,1393.8997655140324,4.428493380478562,0.4758027157007272
1694,17.37148599969347,992.8248969255161,1397.419972137026,4.423942358173161,0.4778477575311898
1695,17.410856515144115,994.6921689392439,1399.9082333144129,4.418404819002483,0.48039216813101965
1696,17.438313326526924,992.5980291902464,1401.9193856211941,4.410037096606082,0.4842957560784765
1697,17.27044466883801,994.3046398359112,1404.0707255550674,4.418183988595494,0.48037243878817526
1698,17.242682298415815,997.7124679007006,1404.9889897134672,4.429709498954694,0.47490160879821847
1699,17.295798438936753,996.0465354510866,1407.049461794421,4.433560321513959,0.4730263820423753
1700,17.224801845486258,997.3693732992841,1409.1122440215288,4.443519903042568,0.46828331705335685
1701,17.276982383573845,999.9347362025019,1410.2919580075984,4.449361980678343,0.4655092484049337
1702,17.40487136476152,998.1957894310317,1411.1846876403126,4.442386753037789,0.4687549609927307
1703,17.412175979711073,1001.3609402798338,1412.5778178036653,4.438462987280553,0.4705576545495486
1704,17.47368342243868,1002.6408187062893,1414.725044695856,4.431186699230319,0.4739183963141291
1705,17.41203021386028,1000.5464991404438,1416.0332097976398,4.428675137642375,0.47506318522752433
1706,17.30148824896399,997.3890482574003,1417.293275571026,4.4332621136440045,0.47286562783471764
1707,17.396566706029244,996.5470055709487,1418.7879406989855,4.4286170381830114,0.47500919966184607
1708,17.310957312023557,996.5855992299089,1420.301481544697,4.431833252789315,0.4734496948502351
1709,17.29301458000508,998.6008714825396,1420.389089790923,4.437460374650023,0.47080030085995095
1710,17.160362558635462,999.6807387669908,1419.975917483707,4.453731317429174,0.4631845347155362
1711,17.242490783136265,999.3338242461188,1419.78862573077,4.460099704624093,0.46021510019211037
1712,17.167247931388452,1002.5965131231736,1418.6485137948266,4.473937220759811,0.45380506852748526
1713,17.035134189064202,1006.4508061429574,1417.1222685753012,4.498994164536794,0.4422596563271453
1714,17.172121134238562,1007.662367540171,1416.09449393753,4.509262225690565,0.4375695815372452
1715,17.201828929032136,1007.3271229917406,1415.1176206009086,4.515000869967513,0.43496708874437146
1716,17.299820868693935,1004.9051276743556,1414.8837892514453,4.509867628505505,0.437324883298825
1717,17.556868978819143,1006.6398758510536,1414.4123884707074,4.485963868568811,0.44834849329911036
1718,17.50911139547831,1008.3995279271448,1413.4380382772786,4.471595832100859,0.45504047091431893
1719,17.498155227359092,1011.788194043335,1412.9068044536066,4.463271211839681,0.4589322510844673
1720,17.506851425121777,1015.457270765937,1411.6141047380747,4.458508191946635,0.46119228811725155
1721,17.680435844526368,1012.6248608435166,1410.8922130078226,4.4382758949792445,0.4706949140068477
1722,17.942819554130356,1010.0101321113954,1410.272435169371,4.398266679795663,0.48963203733887894
1723,17.90343365100451,1009.7166159225942,1410.7722706804368,4.368455841109836,0.5038413334561338
1724,17.96477059274634,1011.2238955583543,1411.0776727142722,4.34013800191295,0.5174303340618375
1725,17.88922170509797,1010.6223282755931,1410.9803088059334,4.322636444004361,0.5258744210376587
1726,17.873361804603988,1012.6159951482473,1411.7108954156795,4.311088449743413,0.5314332122458307
1727,18.139840296710997,1012.7528036975325,1412.901085420244,4.279945899337711,0.5464929476240729
1728,18.325213199318565,1012.4703468565712,1415.1714706645453,4.239046797032177,0.5663162523330094
1729,18.13753711971263,1011.9667030511454,1419.2835381927214,4.220465667650135,0.5752272765301962
1730,18.316123619824445,1010.739413264894,1423.2593602378645,4.189707221689317,0.5900803056952717
1731,18.274776268748578,1010.9722554200584,1427.1781254656294,4.1680402302006705,0.600494093111917
1732,18.489881264176937,1009.3196423169177,1431.4187953844548,4.1314455414476,0.618135271865672
1733,18.247180403485242,1008.4434636840444,1436.7820328887037,4.120609019959355,0.6231873872644034
1734,18.46072397379613,1009.1625857676701,1443.4624291469454,4.09481594806841,0.6354112795361415
1735,18.330570694630282,1008.245873387573,1449.6777116147707,4.083608720531915,0.6405725780819459
1736,18.331296529376253,1003.6382598264172,1456.4026257834178,4.070876122884314,0.6464322631363458
1737,18.428143810753646,1002.8335374043528,1462.3807703639536,4.05191266282804,0.6552869991761817
1738,18.30184428777039,1004.9780332645804,1467.6541745544635,4.04830506147042,0.6567971723994509
1739,18.333646856262888,1005.8799269883981,1474.057384447139,4.04342975411517,0.6588637103022972
1740,18.399488293894287,1002.582181934135,1481.5235512927243,4.031558344539604,0.6642136423682306
1741,18.56946684221264,1000.2609679280362,1487.6864500362797,4.0061783039304535,0.6759888760173571
1742,18.636731243200526,996.2855342268252,1495.2364978912765,3.9768643959041046,0.6894466199233313
1743,18.69911680713013,997.3666412797538,1502.1332905755871,3.948546159970185,0.702320804442538
1744,18.5416140194521,996.0526875772658,1510.1984036180943,3.937202985314339,0.7071998067514416
1745,18.487160366879827,997.5473595316762,1515.9779112473886,3.9334815065822855,0.7086551255427107
1746,18.62065692408647,995.7714343215309,1522.89221818815,3.918177955908205,0.7153525788454905
1747,18.61985390498045,995.1530307005218,1528.646227454398,3.9052271539393204,0.720982476225611
1748,18.62330969236774,995.4045501651746,1534.0246315315567,3.8945152380948227,0.7255804908616823
1749,18.434734351045158,994.7220036192764,1539.670219606491,3.9006258388065174,0.722566553785418
1750,18.41732264686677,995.2001994379478,1543.8876707238992,3.9074209318944804,0.7193005864203591
1751,18.386670573363844,994.7771728946007,1547.8863361286108,3.9151779876064987,0.7155987955447513
1752,18.493396470131092,997.4686133529299,1551.5608847627423,3.914851861993031,0.71558223234121
1753,18.409464834235052,997.2948380666191,1555.9593647784461,3.921311958158961,0.7124444981111346
1754,18.57040183904978,998.4525477448822,1560.2332511885413,3.9143326934983307,0.7154289840412168
1755,18.362989848595717,998.718877461331,1564.4809318375378,3.9257607496021554,0.7100349490608749
1756,18.49885659208866,1002.9574430044713,1566.7581983787543,3.9272330808796623,0.7092612807096109
1757,18.492885850088925,1004.2679923292441,1568.3081501038978,3.9299190968529647,0.7079649830117798
1758,18.488021253185654,1002.0895212399967,1570.7885179557709,3.930872240666537,0.7074189748110017
1759,18.380180565265025,1001.3440704515797,1573.0747636587057,3.9399029988144965,0.7031803566353192
1760,18.37092292880886,1002.5394213005411,1574.9091295038165,3.9489684397888363,0.6989313935381128
1761,18.461487693317626,1000.9590998307019,1575.533331006836,3.9478064258009398,0.6994390777265298
1762,18.5144453539876,998.3499341068664,1576.3608683548189,3.940553345013695,0.702736804025164
1763,18.63554801600802,998.5544798815146,1577.0427797293194,3.9248639458334793,0.7098841984934083
1764,18.713244553286952,997.2407877425153,1578.7201551460685,3.904656126222185,0.7189799886777024
1765,18.640393552377247,998.388383374632,1579.7999110007393,3.8949066802331447,0.723324270273274
1766,18.69734927869632,998.8119127958397,1581.8775374295294,3.8825779008097703,0.7287539950497262
1767,18.653159708528122,999.0272125192827,1582.5787132976568,3.876242239947671,0.7315469247207276
1768,18.741542153349,1000.0342656143524,1584.050974527719,3.8645857167898603,0.73665134196581
1769,18.83175040211879,995.1462435918976,1586.1353433251672,3.8439602050620123,0.7456227067855444
1770,18.803881921352918,994.8848254773875,1588.2691335978955,3.8291270655987946,0.7519747046622592
1771,19.04392137051602,993.8549714375146,1589.9057457797128,3.7965692977992034,0.7658435955246204
1772,19.169602865354662,995.9240482581034,1591.4736446314566,3.76116545852169,0.7805732972572687
1773,19.169474612459087,994.9249332664576,1593.9761175905896,3.731389460207071,0.7925873246592507
1774,19.138637974937573,995.5808724820575,1596.8164540006064,3.7099890016543355,0.8009788762168383
1775,19.1370175913949,998.8006517346292,1599.994348985755,3.6950071964991436,0.8066932944936631
1776,19.193299105636722,996.6059954358888,1603.815285547921,3.6764636307661966,0.813652802000311
1777,19.3033967393523,999.8753139569757,1606.6287368832798,3.6547323330398847,0.8217213894726549
1778,19.24136845247712,999.7893042765529,1609.769750984663,3.6419165971893492,0.8263130643027918
1779,19.316352366998547,996.2352585801871,1612.919141840203,3.622593149750766,0.8331883811208046
1780,19.17733265502744,997.4717300638207,1616.3720232514406,3.619043386155034,0.8342830968262134
1781,19.19723550801409,997.4471453651022,1620.1321651393519,3.6144875328282335,0.8357147487783787
1782,19.057669292187324,1001.2221924147434,1622.9446057268283,3.6250110198271495,0.8317909180057195
1783,18.91561153126557,1003.3840664864723,1626.6516504015644,3.6468836161870133,0.8236024917501781
1784,19.022043909265566,1003.62034204721,1630.5956585589133,3.6563001155958594,0.81989689095327
1785,19.075236715995523,1005.751634634243,1633.8312604193347,3.661285986140938,0.8178620405566953
1786,19.076524126964824,1003.4381063905112,1636.8246375978426,3.66352016541123,0.8168677904910454
1787,19.060192078608623,1002.0001385435477,1639.6988489263358,3.6655997437122343,0.8159363334951981
1788,19.111960139544845,1003.5749083573164,1642.4617272490223,3.6642650379585584,0.816297135284443
1789,19.286679139072536,1003.0853038571319,1645.775345483279,3.6485224015970017,0.8220041068983058
1790,19.250903315289246,1000.5035153129264,1648.8791849671027,3.6365852079606764,0.826232481206699
1791,19.29802098399415,1002.1050878559008,1652.1021749667518,3.6241570421348137,0.8305709569692555
1792,19.201199211696867,1003.1823245999067,1654.1286554620085,3.622692612368209,0.8309914340217359
1793,19.08767953301586,1003.7702103209092,1656.0315550620144,3.6312130497064827,0.8278150254307819
1794,18.994448308970078,1006.1989549884593,1656.470528648367,3.6476547949215563,0.8217704062061142
1795,19.013901472278896,1003.2548833668186,1656.1826332472936,3.65732159534636,0.8181936349740278
1796,19.040167069366948,1004.1739390459094,1656.3866378736045,3.6637967531940556,0.8157564603939081
1797,19.05216291576536,1004.3073839836902,1656.8300657091465,3.66822696643445,0.8140638939500867
1798,19.090914018986176,1005.2836640618347,1657.0773161062807,3.6694310688754457,0.8135960481832872
1799,19.043856404056633,1006.0498746013011,1657.0808930503836,3.674843236336941,0.811543157662153
1800,19.22495669771091,1007.8264500873141,1657.1562529123196,3.6658247887253657,0.8149534430669167
1801,19.107956725101538,1009.3398528159189,1658.216827492212,3.6691350319083367,0.8136494737985053
1802,19.08895489752516,1006.1634742917571,1659.3268768114215,3.6710009185036485,0.8128863706676384
1803,19.18607765807803,1006.3200836854744,1660.6120029023468,3.664712470221074,0.8151944862729309
1804,19.16685236145371,1008.051871353324,1661.0051375865514,3.6624362653463964,0.8160297465648547
1805,19.287974666419167,1007.931140676447,1660.694509584685,3.6505803901956644,0.8204685789615316
1806,19.306336804521706,1004.3529819269002,1660.395691247207,3.6366529306316675,0.82560746951617
1807,19.34476715305067,1007.9629221474871,1659.9227705241983,3.6248210005141663,0.8299220853092788
1808,19.17381413104241,1008.8798956098342,1659.640529596001,3.6297823307138652,0.82814507968783
1809,19.125289512430832,1008.4231577470805,1659.4655772718204,3.6374707594863147,0.8253572726254289
1810,19.242161735727453,1007.2609630487484,1659.639304110348,3.6333458537999843,0.8268518367326403
1811,19.020288370026467,1009.7626594022041,1659.1917682124426,3.6499862050254905,0.820766623312407
1812,19.08085332115562,1011.4349755027832,1659.5647122164394,3.6599461961961692,0.81703757692598
1813,18.998305655457223,1013.9909814381444,1658.7147153472222,3.676791524684132,0.8107178343025306
1814,19.063713731839183,1017.3097401362717,1657.228446112643,3.687768527618111,0.8065879340804696
1815,18.977388272257965,1019.641763801771,1656.0587626554664,3.705587196472069,0.7997234711250144
1816,18.925227365730674,1026.6355256782097,1653.7579827854363,3.7297483781923124,0.7902661218203965
1817,18.72715442022109,1027.2530847660025,1652.0263829367238,3.7662139429803267,0.7755230174582509
1818,18.89627806829908,1025.9790391558056,1650.37213588947,3.781331743104256,0.7693289235614142
1819,19.001633988132117,1027.5678636329267,1648.7631448035795,3.786319804741826,0.7673208246088762
1820,18.908293571641664,1026.5751221626113,1646.2606852602387,3.7972872815686745,0.7628277422630787
1821,18.904365014863902,1029.1941699160234,1643.2075644581278,3.8085816543281483,0.7581847856755727
1822,18.788115867458487,1028.1867474583623,1641.123683482261,3.826581308938896,0.7505745457637467
1823,18.984801523318648,1027.6628961934314,1637.7599694703622,3.8248718423665284,0.7514700081900868
1824,18.91024464338725,1030.64576052669,1634.687622342813,3.8318179134411245,0.7486183557684845
1825,18.908571675123248,1034.3215968127347,1630.8130719503622,3.8404293389210777,0.7450664063687845
1826,19.044469723275697,1036.1557126169994,1627.4180575324192,3.8377717108676452,0.7463807719055872
1827,19.056510290682034,1039.2676679849599,1623.4243727779933,3.836961138953563,0.7469205469638591
1828,19.117740169932667,1038.9726112867722,1619.5418730636047,3.8310697013878237,0.7496568111943285
1829,18.909450999195307,1041.144779579235,1614.4735586540942,3.8449022728456765,0.7438838942032419
1830,18.85469959168562,1040.3247579028591,1610.852608364847,3.8600993300754673,0.7373893206871374
1831,18.858844888345086,1036.4942799753435,1608.5379044285269,3.8693263220476823,0.7334217475728898
1832,18.69490129941126,1038.4585567903753,1605.4047379494841,3.891774918824735,0.7235653584689745
1833,18.839938506953068,1037.7725835786337,1602.4134643815614,3.897811731833525,0.7209918796777431
1834,18.767478801543,1039.265960567421,1598.6652165625114,3.9098123186303666,0.7157503881774006
1835,18.803475559442912,1039.122098336586,1596.3778410651087,3.916602384901685,0.7127774612436735
1836,18.84810399143104,1039.996454051425,1593.6584783640265,3.919184216702514,0.7117270667400578
1837,18.827987295236284,1042.3860656839233,1590.8290890583582,3.9247518015863982,0.7093206562122314
1838,18.845452991212852,1042.1700410299056,1589.0757914365531,3.927726609877541,0.7080427188598473
1839,18.927347635255693,1046.013465230216,1587.071627669013,3.926379151060532,0.7087464589947882
1840,19.059851835359748,1045.8291876280482,1585.7441387128354,3.914306677730842,0.7142957708226219
1841,19.055913600289866,1047.827698948363,1583.1331896463987,3.906239956728565,0.718065235459078
1842,18.966413659369266,1049.331199989071,1580.2870919285822,3.9080758274655043,0.7173634898006294
1843,18.952416721212224,1047.38699045733,1577.948706176256,3.909255248849992,0.716935093210564
1844,18.95769603436378,1045.3350190483345,1575.0493697111167,3.908239658529326,0.717525368177873
1845,18.840936468963513,1045.899371979792,1573.2083580984104,3.917375116967072,0.7134647202749071
1846,18.831913354880598,1043.247347343348,1571.3007851578425,3.9235986311437276,0.7107171392616971
1847,18.855877996331945,1040.5788647922063,1570.0657642834929,3.9247261494605183,0.7102581026353127
1848,19.046764889430637,1041.168587576175,1569.2292249440727,3.9104972680009413,0.7167649884769378
1849,18.948207137526875,1042.120979973049,1568.355257545653,3.9076037333417006,0.718114854202397
1850,18.968129813987705,1042.0171970228973,1567.7302766352957,3.9035244938904294,0.719987632776828
1851,19.005858156219627,1040.9111654781784,1567.8837170591394,3.896260197565387,0.723256583478974
1852,19.058212304723074,1036.7445655389536,1569.4896704860078,3.8828751440090965,0.7291882504530248
1853,19.091434980520837,1039.3222927974741,1570.7809213534815,3.871133204834187,0.7343619833772186
1854,19.03293199592903,1039.0224690716402,1571.5479313235774,3.866059011874873,0.7365776278808821
1855,19.0994293913433,1039.221675843323,1572.221513181992,3.8566146068143734,0.740719135285919
1856,19.178122940063698,1038.2638425943246,1573.1317802929375,3.84171523592709,0.7472131565846946
1857,19.139487121646802,1037.1097750498245,1573.5302877440292,3.8317825958169047,0.7515194484639934
1858,19.02279221524811,1035.641972725146,1574.091313150033,3.8320644801199966,0.7513706036517827
1859,19.297310817939593,1033.6334069774655,1575.0989270286502,3.8083434893313375,0.7615431887310441
1860,19.416779091296675,1033.1457006490343,1577.5884229941448,3.7787606236016025,0.773938960180802
1861,19.35154564264815,1035.571942034168,1579.2398826739898,3.761667789613938,0.7809661006996405
1862,19.460856340167474,1034.9621802713648,1581.1593199910303,3.738257815650095,0.7904506807649898
1863,19.247916835803284,1035.5602660694497,1583.2669924546237,3.7369152061597375,0.7908897335517312
1864,19.199144863604,1037.488220154792,1585.2749869895567,3.7412574452342886,0.7890295079226832
1865,19.192383341760937,1038.8232662305554,1587.093029789263,3.7463799276737126,0.7868546205949044
1866,19.161764188229544,1037.825960043323,1588.432113521559,3.7523285970230784,0.7843565916520325
1867,19.202321306671404,1035.2219109719806,1590.341291792152,3.7519235170725542,0.7844284288309731
1868,19.281486208084846,1038.9768672971993,1592.1314471461512,3.7479607427514834,0.7859605464216465
1869,19.263041755279403,1039.5577734499034,1593.4779382923552,3.7466577135429104,0.7864256421607169
1870,19.441014839473027,1035.3230235076267,1594.5519096138012,3.7278437981952166,0.7939837523069984
1871,19.316297556327882,1036.7078782358944,1597.2687858289835,3.7236552341632994,0.7955257166783688
1872,19.417139583732784,1034.9768825448493,1600.7804152441308,3.7106711684351685,0.8005098086883308
1873,19.369040973555066,1037.237305407821,1603.4016494175871,3.7056637326462307,0.8023512486922472
1874,19.355145912530464,1035.2794487694478,1606.772877222457,3.701213000067622,0.8039270739204032
1875,19.51120320927725,1037.2778546932684,1608.3099292167371,3.686321191941424,0.8096373738227887
1876,19.524079194472744,1039.0953748878346,1609.3240419595513,3.674431729034858,0.8141464156151473
1877,19.353838591445843,1041.1358869766007,1610.0350059800833,3.6801370586699393,0.8119283160360624
1878,19.365851682350634,1038.4335379348172,1610.7690303746351,3.681790743306378,0.8112561482068128
1879,19.416525254434642,1039.1681828966287,1611.5944316503014,3.6795611119886824,0.8120694175826986
1880,19.52414486787467,1036.5733197320264,1613.2165017592158,3.6669764229454134,0.8167782781113451
1881,19.591183816070128,1035.0926102557655,1614.8952749216028,3.650059138719347,0.8230346797146828
1882,19.478755172290725,1035.6112201319984,1617.6431400924705,3.645766703490057,0.8244831255589266
1883,19.502707123665317,1035.6927507302375,1619.3792512922219,3.6403511902679764,0.8263891245073958
1884,19.616852275136775,1038.636311638381,1621.2983658834264,3.6288078596941795,0.8305032327121205
1885,19.62215733466784,1034.8589906287255,1623.3202124654215,3.616053144475488,0.8349882260638997
1886,19.50993014946787,1037.3597744754813,1624.8652585827467,3.6166560761588498,0.834691532798331
1887,19.493871675705964,1036.0540900462886,1627.4230752218168,3.61747568118656,0.8342639886230387
1888,19.565055808814364,1036.739250924428,1629.7419123664263,3.6128485715755367,0.835792575019788
1889,19.62642077053908,1038.0662139276626,1630.6423433500604,3.6050427810527994,0.8385084276786288
1890,19.61589168932655,1041.265023444319,1631.2064643919437,3.601920769335435,0.8395763929971941
1891,19.647702871988358,1037.8918107830218,1632.4999498037023,3.5942109611081325,0.8422004252657469
1892,19.63714923735417,1039.2629422861573,1634.2621478037036,3.5897879368004206,0.8436395333561316
1893,19.701004428160644,1041.1679641128655,1636.0968329175093,3.582383007176383,0.8460881072006988
1894,19.78322998564123,1042.1086664573936,1636.995899280244,3.570302663299822,0.8501406769858757
1895,19.869793665637506,1043.155036928586,1637.9448237767913,3.554113853467968,0.8554798079106506
1896,19.76004954703937,1042.948098626145,1639.705982087407,3.549650873421042,0.8568491644794236
1897,19.814512179434185,1041.5485501634357,1641.5544713490137,3.54048248482545,0.8597277324264234
1898,19.982097076379358,1041.4037823540382,1642.6059475900443,3.5191599239348004,0.8664415766552883
1899,20.097687813152728,1040.9995946009947,1643.6766046894356,3.4919237830540473,0.8747070008798082
1900,20.02198076174248,1041.4239957723291,1645.275496609309,3.476097775058604,0.879283655756798
1901,20.102129968000607,1041.435764640478,1647.2334371444692,3.456579552631247,0.8847498522603965
1902,19.99847612765954,1043.7173309931163,1648.8187879625114,3.450770066236081,0.8862820427164753
1903,20.143595181575773,1043.0466444284505,1650.5684221218357,3.433640119263123,0.8908581659019152
1904,20.27480185145369,1044.4164936339557,1652.0161244143655,3.4099069596822353,0.8969905135595271
1905,20.344752637919935,1043.2883024095427,1654.0267658437792,3.38387647799023,0.9033344935210665
1906,20.47217800276095,1042.776940806725,1656.577180355009,3.351731692816248,0.9106351757415896
1907,20.370279088527028,1043.6470391102102,1659.5667506347854,3.3343579425622134,0.9142394434978885
1908,20.503949903453368,1045.1314464988413,1661.441963813926,3.31031010034393,0.9190651983614418
1909,20.463503144615515,1047.2964382527034,1663.372468116151,3.295532912623086,0.9218142435262373
1910,20.455339800011604,1049.160944940009,1666.0594229681815,3.285492294268629,0.9235266840519584
1911,20.47979063720411,1046.5621233581885,1669.6082478548597,3.2732961556867464,0.9255071722913647
1912,20.70293631987606,1044.5647383581609,1672.546322791861,3.2435498338016298,0.930288315250378
1913,20.57496795122812,1047.5733497151712,1675.5528426332432,3.2318899351276436,0.931903654607328
1914,20.545916285402924,1046.7079917291753,1677.7799145626009,3.2240487097087973,0.9329298856833073
1915,20.599946934646425,1043.9670926135725,1681.0854320411204,3.2111314004777687,0.9345573273158714
1916,20.646160810000545,1041.8343722274349,1685.2255190053309,3.1951502724024663,0.9364214824006873
1917,20.612815000417566,1039.7579330552155,1689.7715569624715,3.1832009789256417,0.937623031202683
1918,20.658588029431833,1038.0544227098587,1694.951502503724,3.16837413252251,0.9390138970875106
1919,20.720836157348216,1039.1165027000825,1698.8761702594297,3.1519321339312243,0.9404989835722481
1920,20.686148461645086,1038.5620216090358,1703.4473330610242,3.1408651858743983,0.9412853756044732
1921,20.77852822832181,1038.2064600830151,1707.352515884816,3.1239722094213076,0.9425156733758981
1922,20.888852839637533,1038.9218323265973,1710.7258636842632,3.1016450629092005,0.9439639881132805
1923,20.86028133688284,1035.9444031250205,1714.3845649119696,3.0834207294979943,0.9448510975437708
1924,20.904515391797055,1038.4384176732895,1718.8480927091996,3.066747444131707,0.9454054858923009
1925,20.8186319073577,1036.7718625743312,1722.3734753667768,3.0588338328249227,0.9455205043081931
1926,20.961796090832806,1036.332700599826,1725.3420862001922,3.0403132880270483,0.9459455346193659
1927,20.81412234149278,1036.0480979335011,1728.5670091092798,3.0369791804731165,0.9458367777630405
1928,20.565452073076337,1037.0870239896315,1731.8711853633351,3.055351974712319,0.9450817840270106
1929,20.58408077997521,1037.157364866699,1734.6030096211498,3.0689485057637516,0.9443637101986687
1930,20.637001527899585,1037.140984047495,1737.3192857425286,3.075760593806228,0.9438778750627835
1931,20.623070627232348,1037.8418207381244,1740.1003835865574,3.0830147717417016,0.9433340028682043
1932,20.4907827831231,1037.347100057572,1742.5448070434468,3.0993997514349,0.9422093574322584
1933,20.471768278338693,1040.5144501320242,1744.9388342669033,3.1167838167705906,0.9408376950788783
1934,20.595465147210934,1037.3642687033127,1748.0981405806417,3.118548705061511,0.9405133874988686
1935,20.718238634077693,1038.9708343571838,1750.4899687953125,3.111177427747641,0.9409236556658837
1936,20.66583315047732,1037.964294733153,1753.1322542163975,3.108654612514323,0.9409469762545042
1937,20.533284762534592,1035.7465666169533,1755.3563636341366,3.1157411558298342,0.9402947490390016
1938,20.524100286461024,1036.0032670049716,1758.2614547437445,3.1224967422266277,0.9395960292055754
1939,20.455661688730935,1037.746634727953,1759.74688897536,3.134947111277075,0.9384623313868143
1940,20.52500077353279,1032.6255914283568,1760.057689410706,3.1356185151539395,0.938384609511524
1941,20.72272494850814,1030.9516977463054,1760.5419267648012,3.118745583130352,0.9397551504352939
1942,20.747079615873762,1032.6415210922833,1761.1342294413755,3.1041970219034507,0.9407787068856159
1943,20.658716188758277,1028.6009466299688,1762.1940418891456,3.0964335866677595,0.9412242595893109
1944,20.6996893554051,1030.3784878493311,1762.0610756982742,3.0880630637579523,0.9417370612068819
1945,20.6593207725475,1027.7533687263845,1762.1983549045974,3.082513565506086,0.9420384302483578
1946,20.719966923436917,1024.9524087938546,1763.4463150559059,3.0708894477798796,0.9425471342994833
1947,20.687497591984386,1028.8318483338674,1764.9289647632127,3.066943921302941,0.9426363099167288
1948,20.78645182871373,1029.8729562959668,1765.7351260553003,3.056409126985676,0.9430134211982465
1949,20.699221442382587,1031.6683756093762,1765.4652511427478,3.0562563998174377,0.9430352301321493
1950,20.777887692125894,1031.8008944734277,1765.0823155803748,3.049802741871682,0.9432823376982399
1951,20.74252870290513,1035.0934726488283,1763.9086412745678,3.0498894680558863,0.9433498655406204
1952,20.58281363238512,1035.283380256661,1763.3912188901459,3.0631560692413506,0.9428897561633259
1953,20.415163282218618,1035.0715995407354,1764.3329303583791,3.087574962607798,0.9416291455957259
1954,20.41315728768826,1033.1450937146585,1765.5396321320575,3.1063059466367915,0.940370413603475
1955,20.368184589232367,1031.0685723927677,1766.312376576962,3.1237706723390324,0.9390131889406835
1956,20.378068536960892,1034.3018551529756,1766.808851258022,3.139728392973212,0.9376136282970635
1957,20.241446764854977,1031.214857017326,1767.4328602047135,3.1616446845191835,0.9354286705253009
1958,20.25068972643525,1032.5097453492247,1768.1447332234964,3.179839644345455,0.9333705226077192
1959,20.32969700634568,1034.6042616640345,1768.1963309314644,3.1898864908227145,0.9321643936846261
1960,20.375170814823697,1033.6769430948948,1768.9413990248581,3.1937077324669736,0.9316459541220544
1961,20.509293725502488,1035.7744362860096,1768.6900405757406,3.1874663312070783,0.9324307685454998
1962,20.623460615542527,1036.7356677656196,1768.8032045628886,3.1737453549184775,0.9340300462302138
1963,20.545297947356442,1038.0532172150042,1768.6006888267045,3.1698776749897264,0.9344731991914718
1964,20.508786869104952,1037.5886609510587,1767.4760918492102,3.1693386582273195,0.9345993355206434
1965,20.46781867570393,1037.5655375980305,1765.3958256815995,3.172227103991988,0.9344027641089303
1966,20.41761569566302,1033.964678389484,1763.9784749382468,3.175975967486298,0.9340634716751663
1967,20.476173916207145,1037.1091790215983,1761.9445612956451,3.1766419002466444,0.9341080360532753
1968,20.42585831439372,1038.3011788507665,1760.0329888964695,3.182200907961173,0.9335746371724922
1969,20.42780585432482,1038.7447927998053,1757.3311933057619,3.18693551346939,0.9331684260381451
1970,20.31654770530562,1035.9578702074134,1755.3405677886537,3.1978029924441294,0.9319324759703339
1971,20.281902610965997,1035.973757033248,1754.018146440375,3.20955753275318,0.9304624615483086
1972,20.174609554659582,1035.7021748271932,1753.1524752597122,3.2277589282201844,0.9279454046131265
1973,20.249456199093604,1036.7657187770524,1752.9811376550567,3.2373716439460734,0.9265159784771784
1974,20.321021598881096,1035.8196133765252,1753.6099576778595,3.23869049068787,0.9262770256650376
1975,20.169460509235325,1036.6470464692823,1753.6329039601223,3.25278305668012,0.92405074825799
1976,20.2458440817776,1035.954587658121,1753.40441610846,3.2575733963843723,0.923280067925686
1977,20.34459529118026,1037.7520505150744,1752.630067593854,3.2547904080293306,0.9237827270656811
1978,20.186323504884808,1035.7200807817885,1751.9495234767544,3.263906158835897,0.922307186108285
1979,20.291448498996463,1039.9951234011967,1751.064125841283,3.2660221921987493,0.9219999843170772
1980,20.237071819876164,1044.349206875095,1749.3796882730016,3.275492688880266,0.9204580778731174
1981,20.223171919633145,1042.8068951822718,1748.020695786281,3.2832284083671945,0.9191570522226548
1982,20.263262822081096,1042.4693784199942,1746.0529567299295,3.2860403071261475,0.9187610770644137
1983,20.15709014499458,1046.2347933760084,1743.576737989747,3.299869148986746,0.9163239186982499
1984,20.178254406444868,1047.997644434685,1740.3193582590889,3.310811971267079,0.914389197587956
1985,20.062991670226175,1049.3958105435859,1737.6412035615688,3.3302613699190724,0.9105937727768109
1986,20.186900536362042,1050.92218473397,1735.3209445190805,3.3372379831610144,0.909256381332088
1987,20.341544918280004,1051.2723006729505,1732.0988578100157,3.3305859547789405,0.9108461129878145
1988,20.281625517261094,1053.1488489544213,1729.4846134655347,3.3314465754576967,0.9108169195983354
1989,20.37860334227069,1054.0117909007688,1727.60490487052,3.324879640665932,0.9122897432212149
1990,20.382015534188987,1055.8213359249366,1724.677473178111,3.3205839258513925,0.9133379638708374
1991,20.486697905035694,1055.8551549610497,1722.688085812762,3.3085323635491783,0.9158610504709027
1992,20.526536514958302,1056.0947366500816,1720.5524317089908,3.2955755950153955,0.9184778810080354
1993,20.57819954147553,1053.2831157313567,1718.9337623871013,3.2786035568761496,0.9216855151967853
1994,20.5476612775229,1052.9538223674333,1717.8646763442869,3.2669331267490507,0.9237878629246458
1995,20.638638926799388,1049.010675641434,1716.7248698296667,3.2469476616210997,0.9271549479815269
1996,20.734212654946223,1046.9982703603507,1716.1252834216164,3.2212279167595215,0.9310748915177016
1997,20.817420052046437,1046.8971617209922,1714.9063555445478,3.193261579350643,0.9349021332578997
1998,20.917373933725166,1047.4325610560786,1714.5771916024612,3.1625657133619023,0.9384740596796718
1999,20.973659350369235,1049.9512203223637,1715.0244192857995,3.1346995654082925,0.9411505786850382
2000,20.903494371932783,1048.1381089525867,1715.3876887784131,3.116212493928608,0.9426459560678243
2001,21.0,1047.9469534789073,1716.3474486972184,3.0930221418515127,0.9441780520502999
2002,21.0,1045.6837956038273,1717.5674967097939,3.072295105794734,0.9452290048058382
2003,21.0,1045.3520528610543,1719.429457305892,3.0550481387146387,0.9458385101492919
2004,20.958618516053907,1045.8876114576005,1721.3691904616926,3.0446922028760244,0.9460614902309132
2005,21.0,1049.0554408038024,1723.0538945143658,3.0352135196060144,0.9462092855903254
2006,20.812910303514812,1049.1186832001918,1724.5380458949362,3.0427777805730463,0.9459264889971137
2007,20.843827875751554,1050.108036016724,1726.3181529120905,3.0472018412921242,0.9456890276856393
2008,20.8904468746391,1049.8953960994613,1728.5374936811443,3.046859110715227,0.945566554448045
2009,20.883231240923173,1051.1568310578346,1730.941091161491,3.0481213780579672,0.94538309258524
2010,20.840525315317215,1049.0292771404759,1734.0680092645473,3.05103793475801,0.9451007184281972
2011,20.855010736041926,1049.0057480357848,1737.25848755959,3.052227974667275,0.944869144054149
2012,21.0,1050.705512365275,1739.369327773208,3.042640306575313,0.9450410305829516
2013,21.0,1054.484005416459,1741.4513300207755,3.0376349594865997,0.9450480292436995
2014,21.0,1051.9576318600134,1743.6621818909175,3.0316206364651817,0.9450521134451562
2015,21.0,1051.3424525886392,1745.7520550613256,3.0262238160584602,0.9450291949835007
2016,21.0,1052.0030166582023,1747.3029448808159,3.0222978097615383,0.9449986682241774
2017,20.84318886821543,1055.8136102270946,1748.6346605554018,3.0347738990255797,0.9446851926210412
2018,20.76204866714127,1057.7003178867608,1748.435892097393,3.053061420444582,0.944170365561547
2019,20.839202398557088,1057.6534234559715,1748.373603974593,3.061716732887186,0.943848467497405
2020,20.766393544002312,1052.700509882606,1749.2864402787045,3.0710196260228737,0.9433891943285928
2021,20.686062660938166,1053.3738580051006,1750.0240124616637,3.0857216893387456,0.9425905055048506
2022,20.73196870825065,1050.3481634410546,1750.73488654061,3.091738513980965,0.9421985811395904
2023,20.911071537590278,1051.6649104866235,1751.1641106852658,3.0830314877404015,0.9426708572749274
2024,21.0,1052.072502123958,1752.3930300261698,3.0689326315528414,0.9432987863277208
2025,21.0,1048.4140154266424,1753.9940272726828,3.0546057535358715,0.9437827133690886
2026,21.0,1049.977767529317,1755.2709577259905,3.0440399101515783,0.9440477667598237
2027,21.0,1054.0104327246531,1755.934700532944,3.038424613464132,0.9441597641706507
2028,20.967334251443646,1056.1608818774714,1756.298765118401,3.038115254711982,0.9441456938703701
2029,20.892394520709743,1057.745752208493,1755.4701354142553,3.0451838173010457,0.9440023692675586
2030,20.86230882226105,1057.7149107467146,1754.2084487174923,3.053415325756201,0.9438120014290765
2031,20.88052837631574,1059.5898179891324,1753.300597324239,3.060093690607346,0.943618012968478
2032,20.855877232543374,1062.5186104626216,1751.6391781869693,3.069798608364321,0.9433045924820399
2033,20.73292803453367,1064.1740961389512,1749.4701633876878,3.089055596557699,0.9424329562842673
2034,20.628495951765725,1061.9861936108186,1748.1099120938231,3.111726462368797,0.9410258589440227
2035,20.73109351277023,1062.5002634413001,1747.8491011088058,3.122320936440453,0.9402315750981012
2036,20.94240812892394,1061.6108168089397,1748.1338815720512,3.1130673530930655,0.9409259435059186
2037,21.0,1064.035131391446,1748.066958004161,3.102605788868247,0.941667382716759
2038,21.0,1063.9104363333972,1748.0461148443608,3.0939330367400104,0.9422261217585886
2039,21.0,1061.7298687044922,1748.322236574685,3.0851728708674044,0.9427230520919573
2040,21.0,1064.729371459914,1747.9981502546811,3.0802571589349665,0.9430086818287994
2041,21.0,1065.1458985763581,1747.1743525781012,3.0765411696503993,0.943248811286233
2042,21.0,1066.4374985324293,1746.0757735696263,3.074470508003844,0.9434170173942312
2043,20.979374271708625,1068.0675480814093,1745.0114805726944,3.0756904174286688,0.9434207438330492
2044,21.0,1067.2315717918443,1743.975244760877,3.0743732105661428,0.9435475512915121
2045,20.984076921466297,1066.052362360898,1742.400487918761,3.0737028525868504,0.9436743801461075
2046,21.0,1063.1169039238862,1740.655175750939,3.069632718487675,0.9439701000395907
2047,20.914541202059965,1063.2848440253456,1739.789243991833,3.0734058642107143,0.9438450775627714
2048,20.76754676916559,1063.647560614785,1740.4324820568297,3.088786442501351,0.9429893987299613
2049,20.630681145541846,1062.9226322754657,1741.5424381615173,3.1120351296376803,0.9413956264203699
2050,20.548033461573144,1061.965984187875,1742.6614499187183,3.137129795869174,0.9392872944486176
2051,20.544297991931575,1061.5992850320172,1743.6468732653286,3.1577354601962795,0.9372491655771689
2052,20.47950505752293,1061.081482758725,1744.5733796112293,3.1795355250257713,0.9348044845039961
2053,20.52312226559841,1060.2086767334142,1745.418951933357,3.1931873385868914,0.9331042622619632
2054,20.340698381041907,1060.6027108994308,1746.1753938353484,3.219587395382476,0.9295356424907403
2055,20.343533418266684,1059.2814020384874,1746.7785478891394,3.240004853213973,0.9264764566540341
2056,20.295769708270104,1059.26458889316,1747.385402824117,3.2606377082788542,0.9231238566182679
2057,20.348572971924337,1056.8034596465684,1748.0248520198547,3.271380953015809,0.9212562566854335
2058,20.441264096660372,1057.568035293817,1748.5142390558588,3.2731937141760032,0.9209119177540537
2059,20.33949510831397,1059.9982322867745,1748.1190729098714,3.2848339689817063,0.9188602745445511
2060,20.425926889933113,1060.31439675965,1746.6693357230192,3.2875547930699605,0.9184480545926972
2061,20.395094121735298,1060.444008445716,1744.4472586731351,3.2924035090741204,0.9176811375836343
2062,20.41485077297452,1063.6243475017418,1741.4481212844607,3.2971692789846174,0.9169607858515417
2063,20.383286035606258,1062.4130038480362,1738.8488739829336,3.3027409048467584,0.9160482652479958
2064,20.318973209953036,1062.31766314218,1736.0760210972146,3.312493204592468,0.9143026592143605
2065,20.420079022499955,1060.5726756408096,1733.9827473476641,3.31090851283158,0.9147377886081178
2066,20.409888495401443,1057.8972151381927,1731.26212963627,3.3084191873221633,0.915385526520828
2067,20.46610224229021,1059.689625856455,1728.5756003277954,3.303139215511698,0.9165685478027282
2068,20.573633694492464,1056.1904881899843,1726.2705739426485,3.2873768202772964,0.9196700137458539
2069,20.67589857607729,1055.7500641219804,1724.6178684130005,3.265761609466564,0.9235926827977514
2070,20.70533018048229,1053.737698238572,1724.0664647110546,3.24411063728193,0.9271720747104673
2071,20.720016329312298,1050.737834918836,1723.3772685990257,3.222888791338421,0.9304087785068053
2072,20.604015184506736,1052.5992555871446,1723.2225319145193,3.2163737252434963,0.9313429094777812
2073,20.521578235681634,1051.7508081467872,1723.0583903461923,3.2171266922387347,0.9312470481338077
2074,20.443930631116938,1052.2699366108552,1723.0070742209577,3.224481948538693,0.9302003792178375
2075,20.316847733801136,1055.3035055851578,1722.3960542800828,3.2431918512178783,0.927414412159409
2076,20.214900679986055,1054.5242834313915,1721.479172122991,3.266275992704332,0.9236886648983345
2077,20.31147643664096,1056.224509896721,1720.9307477170364,3.278598189097174,0.9215698393053516
2078,20.314115873409733,1054.996510254523,1720.4595531809364,3.2875583276370586,0.9199754836172153
2079,20.435713395487152,1053.6263736678584,1720.4778311541902,3.2839328684760787,0.9206365003942897
2080,20.35099040237022,1056.0224597026781,1720.937163223526,3.289694996003915,0.9195537424405869
2081,20.478885305723807,1053.0634051720872,1722.3146040694871,3.2817313238495585,0.9209274664698119
2082,20.408120271565362,1050.824781892541,1724.1115695920264,3.2792916320750773,0.921260305343704
2083,20.396894498210017,1051.3555360420012,1725.7865999291976,3.278609705155594,0.9212841826318784
2084,20.405108378143925,1049.5574537901075,1726.7847010935768,3.2760199366309863,0.9216854530599086
2085,20.498936920998187,1052.828287474019,1726.7105856116007,3.2687014081837953,0.9229664903628256
2086,20.556637592870334,1052.840725157945,1726.1494767084116,3.2579943188407547,0.9248084350960101
2087,20.49159546580225,1053.6713358340949,1724.7896180885923,3.255157689874635,0.9253557415987378
2088,20.55121799304939,1051.0680782639167,1723.214515504483,3.245991238472725,0.9269254535185277
2089,20.504252550440373,1051.6146457031844,1722.4052195316276,3.2427259692772545,0.9274867749903518
2090,20.504618064307742,1050.0618193873274,1721.9005669188616,3.2388446420489396,0.9281185987998612
2091,20.46492074799354,1048.325653423669,1722.4884720333484,3.237593476942392,0.9282761311522919
2092,20.487368509104652,1049.9407062658797,1722.2617781301587,3.2359540704657346,0.9285397335430549
2093,20.520206040541233,1049.8908476829602,1722.8836847443924,3.231888580997191,0.9291165380528958
2094,20.69179283762737,1047.351889550079,1723.2433883882454,3.2126133542266473,0.9318634891041139
2095,20.819047266698895,1046.7220718538701,1723.5835451929952,3.185932294152743,0.9352903365656423
2096,20.667298616355524,1049.0499668238588,1723.8323911297505,3.178214613195513,0.9361886926422456
2097,20.708672580185734,1048.6580843486859,1724.7192933889173,3.168208771335149,0.9372634379016422
2098,20.58886993981728,1045.9649181049278,1726.342795250606,3.1677582191002793,0.9372162381980851
2099,20.672820760357908,1046.7945609192502,1727.2413221904865,3.1611555151807336,0.9378698032134989
2100,20.626201759336492,1047.4605311369628,1728.4093684967677,3.160054476214767,0.9379155187701926
2101,20.558176936924642,1048.7613963823187,1729.0443890742738,3.16569406687566,0.9372796941842824
2102,20.4562850352077,1046.1393464434343,1729.9953468905583,3.1766628676721043,0.9360019248837024
2103,20.39391464489631,1045.81856867771,1730.636785126498,3.1905116846305477,0.9343127719497156
2104,20.414486047420528,1043.4736433252256,1731.599089081624,3.1984138559557143,0.933259309115552
2105,20.5988421599671,1046.446942907441,1732.1768460045992,3.1920758694091997,0.9340274229796054
2106,20.603296920503468,1041.25702234447,1734.4938718374929,3.1825910974644196,0.9350432088462355
2107,20.726222733216915,1045.7394461959968,1736.8164079602013,3.1681567994865114,0.9365503917313659
2108,20.63433294358778,1042.9846806197638,1738.3939530185696,3.1617473059774874,0.937144469983184
2109,20.516581950405836,1040.602964440367,1740.4900105319111,3.164313555031292,0.9367476421986005
2110,20.682450395478284,1040.1185250535323,1741.5681845025235,3.152496873747644,0.9379019211617566
2111,20.65504607658755,1040.0196900299384,1743.1580534660404,3.144971956756967,0.9385364733958539
2112,20.66509122638988,1039.6080388528649,1744.3679816618555,3.1376694268928977,0.9391372118313329
2113,20.623681243366487,1039.4072538443813,1745.0991417888918,3.134913582750619,0.9393386076353452
2114,20.556991138782518,1042.0369676191174,1744.8182476172462,3.1400917695142527,0.9388910013964303
2115,20.659881762188505,1042.0034421986252,1744.0820982920634,3.135904315697803,0.9393117330210772
2116,20.815491431961174,1042.781890589542,1743.358349637835,3.1203426883380248,0.9406564029306995
2117,20.87040477628473,1039.9643749540512,1744.2534915140204,3.1009645935844548,0.9420046281488612
2118,20.850656061615485,1040.9568993066434,1745.0266966031556,3.0874387692598577,0.9427922417878837
2119,20.807719454162463,1039.3546518948058,1746.7867516732656,3.0786450738314,0.9431650902141966
2120,20.697854669959728,1038.7960831112152,1747.9588194550572,3.0799901157447174,0.9430250483901359
2121,20.73441915635661,1040.2258875688917,1748.049246920067,3.0791859324552884,0.9430615498978657
2122,20.672270464120864,1038.5001751815225,1749.4731679992576,3.0823006547226104,0.9428116260196816
2123,20.868895381765594,1036.1362750600244,1750.7345480783983,3.0669994302200347,0.9434842149800672
2124,20.991791945758944,1036.4781075495534,1751.8314421513721,3.0446677442804697,0.9442357388719762
2125,21.0,1036.6781608225203,1752.555801864214,3.0258362398918104,0.9446276856641652
2126,20.77892129458684,1032.2372982497786,1753.543007999749,3.0251036659944806,0.94458070623191
2127,20.732733950690406,1034.3689491077057,1754.8779648646716,3.0298889131904794,0.9444143288104176
2128,20.772370875168097,1037.6342343502924,1756.6505637809448,3.0330422420662773,0.9442429417957633
2129,20.551551832534624,1037.5842664914876,1758.7983257730339,3.0536355282071823,0.9435291586627365
2130,20.51739381090224,1037.8349251114255,1760.5809380926632,3.0735029142871957,0.9425952414329724
2131,20.513106220565163,1037.2434030241259,1761.9601926120815,3.0896973620571546,0.9416481064762681
2132,20.53051338968166,1040.6470452481208,1762.0156172165898,3.104127448889661,0.9407307568713577
2133,20.363925246612443,1040.210880317683,1762.4362704519351,3.1292439624565214,0.938793002685912
2134,20.367103246218523,1041.3339582616152,1762.1933567943674,3.150428844379151,0.9368781312978844
2135,20.32848370799754,1042.7682335610705,1763.018814362114,3.172040748345514,0.9345647420034754
2136,20.189607547195237,1042.2725048538646,1764.6302403514685,3.2007366985560486,0.931004578473446
2137,20.152132435255588,1043.2988045665397,1765.912143277207,3.228105726459177,0.927142595173014
2138,20.078151536692886,1041.519977931148,1765.780826299445,3.2552492554339305,0.9229362671264143
2139,20.09338825597135,1044.355526649718,1764.84620408312,3.278405479325031,0.9190392284599674
2140,20.075946750449035,1045.358817705997,1764.0051912546423,3.299577390785564,0.9151914652136253
2141,20.152155302410684,1043.2450926084534,1761.9412417536153,3.309112619143152,0.9134687537569707
2142,19.964482402275845,1044.097292846221,1759.7419942505605,3.3329123991751457,0.9087620846199955
2143,20.090653527792043,1041.1116332176678,1757.9270889267211,3.3398603557450106,0.9073929243303087
2144,19.965278397796407,1040.9714183478095,1756.4047781239437,3.3556973333139304,0.9040163357745735
2145,19.949670528642002,1038.7024771735357,1754.146168592567,3.3682438104599917,0.9012990342538805
2146,20.010057307511172,1039.0917570128574,1751.9654396750484,3.3738914097091004,0.9001129662903151
2147,20.12386232015341,1038.124850313876,1749.7952240806576,3.368491313995816,0.901491005195534
2148,20.30717625325687,1038.3322172376395,1746.8814182126998,3.3492395902920733,0.905994116322019
2149,20.160900612432872,1038.146924176601,1744.1792368695021,3.345266740668996,0.9070180721932967
2150,20.04348099162424,1038.2852239783622,1741.287453981119,3.3517090900406856,0.9057712690834587
2151,19.960149708659422,1040.472214714625,1738.455451712027,3.3654550139659705,0.9028383837141793
2152,19.98907583848724,1041.2982912861064,1735.5659299061156,3.374987342143215,0.9007935778427167
2153,19.91907831901576,1038.5277229670542,1733.751473227948,3.386429498890561,0.8981760827866264
2154,19.83708068229056,1037.0765233692882,1731.0205207974209,3.4014158074006575,0.894656384754447
2155,19.706630444230257,1038.8443803326202,1729.0417320096399,3.4257014736975036,0.8885496348564105
2156,19.689324410721998,1042.150727145151,1725.8206447888517,3.4495295673094852,0.8823187460607181
2157,19.643500278483327,1041.1473727245198,1722.7474296666026,3.472054816215857,0.8761525591034665
2158,19.49525864897061,1044.9842254794792,1719.6644832224174,3.505540486965611,0.8664194504210823
2159,19.64876574944372,1046.423866777256,1717.1186496059977,3.521542505550866,0.8616280879931558
2160,19.763332841747204,1046.469203391763,1715.8398310102245,3.5253360124883013,0.8605104930330143
2161,19.774727108473733,1044.7781634438668,1713.9281223778976,3.526237122499497,0.8603315997978539
2162,19.759026941272644,1043.6923778852104,1711.573439391453,3.5274381964900057,0.8600819046807368
2163,19.58295049276454,1042.8629750639057,1708.9994030441646,3.5421850160013992,0.8555236338870199
2164,19.61626861974489,1040.9004086729851,1706.9752631501685,3.5500709504723718,0.8530781058129174
2165,19.622314498053047,1045.0101595994065,1704.075317537242,3.559150319263601,0.8502562964960666
2166,19.631870161666285,1045.4316269359642,1700.7786045407227,3.566133142148373,0.848116629933657
2167,19.60719552472828,1045.9222992540685,1696.819104718949,3.5742464165169467,0.8456082324535097
2168,19.512067614163097,1049.1047378423164,1692.612269299736,3.591079077923279,0.8400919824827426
2169,19.404924234090934,1052.6689412874478,1687.8565929159015,3.616332155100488,0.8314948414379066
2170,19.416070075545193,1051.102077803811,1682.553280277125,3.634944291428528,0.8250747597568138
2171,19.399071849929047,1050.56053342712,1678.605435115515,3.651185930666094,0.8193165192088012
2172,19.37689716336898,1050.8636625729273,1675.5443257738632,3.666545355860817,0.8137362552361753
2173,19.450531864691975,1050.3799244412025,1672.7581906572111,3.672756950700791,0.8115319357277997
2174,19.54806523597772,1049.6963165875763,1670.174743005529,3.669363223830757,0.8129490827820653
2175,19.461077684262996,1051.4569682912297,1666.4953824089498,3.6750200432114184,0.8109936969154117
2176,19.47922598369889,1051.5240606007817,1663.3062907644485,3.6782262778596806,0.8099359248437198
2177,19.413822139767618,1052.3385427133821,1660.2972936698322,3.686815940874445,0.8067984256043265
2178,19.322046170452246,1050.6650647908136,1657.7335290212761,3.7000942474495426,0.8017856613365781
2179,19.377131750436625,1052.9067670197499,1654.8284510563412,3.7081755921298747,0.7987699952026568
2180,19.31461940605333,1054.1970798605157,1651.3143836773227,3.720886280058369,0.7939239850269867
2181,19.34857673575406,1052.0831848563455,1647.5922171090756,3.726935946553438,0.7916990121204901
2182,19.239815556866834,1049.606822547847,1644.5107089610422,3.7389125067128335,0.7870406361173418
2183,19.133103703505917,1053.1482603146542,1640.9759443751157,3.7601311056518982,0.7785696743007109
2184,19.19113171602281,1051.5856239614648,1637.611169589337,3.77160695451604,0.7739963520249792
2185,19.4720172200243,1052.627294563855,1634.8529409722944,3.758850690173041,0.7793964379085283
2186,19.471185777323793,1052.5707270139826,1633.1211195854282,3.748415733841564,0.7837500663853707
2187,19.362328929258112,1054.6184250480862,1630.818433971572,3.750302910987463,0.7830943809145069
2188,19.342725628553133,1060.3957045555117,1628.0708704312754,3.7578200012883243,0.7801529551573392
2189,19.32605175598487,1058.1568698124704,1625.3639996878587,3.76365404513557,0.777884816245678
2190,19.201792679187623,1059.2195420594142,1622.0794050855075,3.7793957930648716,0.7715112213614047
2191,19.319060676365496,1060.8530175083022,1619.1018662086974,3.7839557930768826,0.7697481776141145
2192,19.526733586502292,1062.0328754256227,1615.877857535688,3.771615935455847,0.7750530869354704
2193,19.58463132337787,1060.1412217077964,1613.5729528385953,3.755335758938449,0.7818854413766395
2194,19.630400020313314,1060.1844043615592,1610.984307336903,3.738278442366863,0.788961376469761
2195,19.82300328837214,1059.8677327830733,1608.2374219815663,3.7083124999990598,0.8010647502795117
2196,19.660979300660593,1060.102217322048,1606.3646999289397,3.6971582978447137,0.8055320460761292
2197,19.520883109975642,1060.608574599188,1606.4757429102795,3.699843318882442,0.8044779647620213
2198,19.324572358531153,1060.1574910833313,1606.5454670032882,3.717746531603435,0.7974163134675616
2199,19.29199560351311,1058.7020932936973,1605.8945061339282,3.7339890577257604,0.7909465564767062
2200,19.294313645509828,1057.7429722002962,1605.122169345812,3.746393403207484,0.7859576337177471
2201,19.37977751332367,1059.0503658635675,1604.0386964086642,3.7505692488341835,0.7843070090208633
2202,19.301419576246442,1060.438185910778,1602.0181019881343,3.761446044821719,0.7799402130450919
2203,19.27022522561413,1060.519875178693,1600.7856459868713,3.772975976951715,0.775223834849196
2204,19.327352889499426,1060.3488553657344,1600.8945918794118,3.777632757627008,0.7732773002037371
2205,19.363739226053355,1058.1158867414647,1601.6029834054282,3.7767897020776133,0.7735947693665141
2206,19.407115407705813,1060.3871444181455,1602.2715606720355,3.7742707657660417,0.7746123678695371
2207,19.490410722386265,1063.0886125431307,1603.8130322376558,3.767440654777355,0.777374361568457
2208,19.541245159631686,1066.992960679163,1603.7826910569825,3.760637460745777,0.7801869760012072
2209,19.471348020626102,1064.1259655434208,1603.2851735741601,3.758603387516798,0.7810490122413986
2210,19.460604092315684,1064.9507972023364,1601.5035670640457,3.758437014024703,0.7812050071012747
2211,19.402229300036065,1064.0777978318395,1599.7757943095546,3.7624109882621797,0.7796520515474217
2212,19.33852488285493,1066.1051076794079,1597.8990863327358,3.7724082183537146,0.7756008338791038
2213,19.2542866173654,1063.9430681316808,1596.8691909300603,3.7858553961864962,0.7700280791540239
2214,19.415841525856965,1062.406881361847,1595.540251660151,3.7825184576894517,0.7714931188287419
2215,19.434036227495596,1065.6969297024912,1593.7662252342154,3.7807825736494935,0.7723065442173027
2216,19.49690786793195,1065.8469710940828,1592.5449247489144,3.774334709572312,0.77505964596282
2217,19.47702169912933,1066.3521859948478,1591.6721091994725,3.771054501208552,0.7764676606689903
2218,19.51723492470562,1064.456237288008,1591.4474206771536,3.7636451683338032,0.7795504574037538
2219,19.494820153931055,1066.2607881963017,1591.621063483484,3.760765490930877,0.780731063527862
2220,19.472327213818527,1065.458151466976,1592.2272462605506,3.759635485159103,0.781167179801162
2221,19.615939205495884,1065.7024239856705,1592.3621732909594,3.7471575784905076,0.7862769193732019
2222,19.638271945668393,1067.044782920849,1592.3935117247624,3.7361154868503568,0.7907596236636851
2223,19.758069317987932,1065.3879578110793,1592.414301929395,3.716018570656495,0.7988121855049191
2224,19.874328160140916,1062.9004531587188,1592.5813213406082,3.688157873279602,0.8097286193109975
2225,19.839101063747275,1064.583142943768,1592.267047922991,3.6694629732253348,0.816912192314434
2226,19.688202703567903,1065.1920679733664,1593.0972356190816,3.6669249164970705,0.8178321683984026
2227,19.86363214655228,1064.5107255976163,1594.1102260259786,3.6499925210631434,0.8241363717349842
2228,19.828730335828272,1065.0683831921322,1595.5236302414562,3.639381721921143,0.8279871209183002
2229,19.724840863579974,1064.6331686001213,1596.819026184281,3.6388416920652733,0.8281181422876295
2230,19.531505432587046,1063.7648529148335,1598.327547717335,3.653541792346125,0.8225953322028682
2231,19.512850197234293,1063.7657910280525,1599.3966090418558,3.6671210896230435,0.8174340113817038
2232,19.53534046940368,1063.6502789552053,1600.100509416626,3.676330881221362,0.8138936932437834
2233,19.609040734454773,1065.4412825016634,1601.3506997347836,3.6792141233531304,0.8127260221178623
2234,19.578633334551164,1065.2802858394455,1602.6083956494454,3.6839415611446666,0.8108453660499767
2235,19.732384428134914,1064.4230667635145,1604.6051227819987,3.6746054631446583,0.8143219137292828
2236,19.712324992506847,1067.5147421054676,1606.8610423342336,3.6709264264226937,0.8156070372975947
2237,19.689922326845423,1068.4361283340875,1608.5969929491694,3.670436930137371,0.8157038972677922
2238,19.634002667649145,1068.1397245595772,1609.235517079695,3.6743812164793965,0.8141702116669237
2239,19.57218708871935,1068.374239218576,1610.847614758455,3.682844393472203,0.8108472171192433
2240,19.518435350004093,1070.8690501530425,1611.6632458185065,3.696062867760572,0.8056903417818325
2241,19.668985494675514,1072.543391543784,1611.4244303629962,3.6958648609458864,0.8057795600696895
2242,19.61255313691263,1075.166989781997,1609.6283603770034,3.7022975879023163,0.8033579061491234
2243,19.535458487730263,1074.8987347675613,1607.8257978201073,3.7136697979468587,0.7989693216266303
2244,19.410386631278705,1075.5340936983382,1606.0909121812306,3.7336962136442717,0.7910548285680521
2245,19.488018443705165,1074.462772683643,1604.9290202076606,3.7429638841175508,0.7873623611253524
2246,19.369599604979435,1071.7882748238044,1603.8786044110896,3.758218641024268,0.7811781342137868
2247,19.355824126363025,1070.2852670145408,1603.914988949357,3.770716999896506,0.7760102940107858
2248,19.28384316822352,1070.3029176867492,1603.643640756124,3.786861281979091,0.7692773836363298
2249,19.276357983095792,1069.4103760266705,1603.1756894142245,3.8000365211204294,0.7637354124557623
2250,19.133561526063872,1065.2072455538503,1602.7178939406535,3.8193319770475234,0.7555158378527325
2251,19.14845619486658,1066.1890024515023,1601.557828122245,3.8346792667878082,0.7489405599426603
2252,19.1736139035219,1065.5934384844459,1600.0676872398635,3.844757910064434,0.7446215528248724
2253,19.17862940197865,1067.1408961923926,1599.3450421473945,3.853782409044589,0.740702579686037
2254,19.24580767155541,1069.4472704756688,1597.957992782749,3.8574363089766606,0.7391606952484103
2255,19.298884631934214,1066.294409089754,1596.601291158801,3.8537114945110513,0.7408615402242371
2256,19.09381209684748,1069.0152704274117,1594.1813500817825,3.8694726453878094,0.734019482254716
2257,19.18471662870479,1069.8221876995947,1592.2230082121844,3.8755781002211416,0.7313990923530017
2258,19.21905176434865,1067.274223125095,1589.9730177137285,3.8758524446813363,0.7313805084837517
2259,19.379668223771233,1068.6547200161647,1587.7468993491148,3.863995485724331,0.736741230415996
2260,19.259316199532055,1068.7240106635065,1585.3589596751274,3.8641603305298027,0.7367789099287171
2261,19.227703338695914,1069.9913229109911,1582.9701588055775,3.8678369943169173,0.7352619636853578
2262,19.051159040387848,1071.0305683867564,1579.639175718773,3.886064728259765,0.7272974378667113
2263,19.139905841168858,1073.6083044839113,1576.2053353593137,3.895707850022525,0.723127293492876
2264,19.097476608193883,1073.3615994896697,1573.1410826468225,3.9068960178110568,0.7182193063904876
2265,19.03433272380236,1073.6305289204856,1570.1851531169207,3.9214337442798244,0.7117533673410855
2266,19.17102151274932,1072.1267385721744,1568.01293495515,3.9210476066481452,0.7120262946728214
2267,19.33341732847468,1074.1955079802929,1566.2105532461212,3.9090239774016298,0.7175684028502258
2268,19.32263124746518,1075.00796335355,1563.3384527644287,3.900660256221766,0.7214794990390128
2269,19.453854193302448,1077.0818251485405,1561.221106073472,3.8846463052374687,0.728774118416848
2270,19.44447087300909,1078.245941570313,1559.5697903214134,3.873161742379578,0.7339765164267169
2271,19.766163553541297,1080.0,1559.1585260174522,3.838781743155859,0.7491499462742467
2272,19.83077145412126,1080.0,1558.4656012111977,3.8053103861570152,0.7636352573805583
2273,19.915256228227033,1076.1191553416363,1558.536075683742,3.768025859116316,0.7793453553526177
2274,19.88098897107376,1071.820743356291,1558.4136194050882,3.7370032677365876,0.7920889791813926
2275,19.98293493159877,1069.2702612713801,1559.5385477982547,3.7013055544549136,0.8062799859073274
2276,19.920669081971486,1071.6718043616386,1560.3500308685548,3.678937361371718,0.8149282968145254
2277,19.98106674684492,1071.2706124410124,1560.9692382643384,3.655356444778047,0.8238481570067098
2278,19.930328232814066,1071.4466356069552,1562.6052535119825,3.640299518051291,0.8293625622754758
2279,20.024310677259642,1076.2098053831169,1564.7073392173115,3.6238735491260368,0.8352538291480944
2280,20.100131265280847,1074.7515617854851,1566.8853333089485,3.603105763994426,0.8425615968589217
2281,20.012175682515075,1075.0707120902935,1569.8434093921112,3.593505188040559,0.845772187082154
2282,19.987567334900866,1075.6930432477893,1572.4714845833748,3.5881141922804884,0.8475051318467641
2283,20.08179568523736,1075.645564539464,1576.9796415575506,3.575957341064238,0.8514387014365729
2284,19.95776052839033,1073.1684818777444,1581.8785808887424,3.5742522015921923,0.8517565895820255
2285,20.15595375046604,1076.3311254832859,1586.4997756862997,3.559048595682877,0.8566189345861414
2286,20.06067921814213,1078.9087548887446,1590.277748482093,3.556316161449275,0.8573223194198255
2287,20.075117171882287,1080.0,1594.24333628397,3.553720677102185,0.8579664870337375
2288,20.202765645587295,1080.0,1597.4602783974058,3.5411609466663982,0.8618985450904854
2289,20.287012144067027,1079.4390265622292,1600.9397993980447,3.523553247934334,0.8673374985723715
2290,20.411353718231997,1077.8514140887469,1604.1027544436677,3.4977535065033276,0.8751351467431007
2291,20.38697281506432,1079.0637422423708,1607.6326287994757,3.4795066460209045,0.8803749387195852
2292,20.281437988501153,1079.9043403634346,1611.3647461647593,3.4738040186315837,0.881831195326056
2293,20.248216471843634,1080.0,1614.2092148971913,3.4719150451988368,0.8822203888870114
2294,20.168942615291403,1080.0,1616.6434962248218,3.4768443465414327,0.8806539788386217
2295,20.12788385365778,1080.0,1619.4168678229905,3.484241695643061,0.8783293109849468
2296,20.063941153733055,1080.0,1621.0666987246332,3.4955329193442446,0.8748709840483717
2297,20.040485415066854,1079.0616830221315,1623.8618908723113,3.5059991581077488,0.871539077478094
2298,19.93799598620517,1078.999177430351,1625.693809796369,3.5229096557930126,0.8661896361253415
2299,19.76676511769543,1078.1469950119567,1627.393594939471,3.5501250005612386,0.8573590969230449
2300,19.853925589015095,1078.5854602399243,1629.456369888653,3.565650309267285,0.8521069393165466
2301,20.006431094723446,1080.0,1631.5548360913476,3.5669877045383735,0.8515462673858357
2302,19.850627793454002,1078.3712775945555,1634.4313734388497,3.579585300301889,0.8471326083056431
2303,19.916423722487345,1076.2404446350895,1637.034711252389,3.5829275757900105,0.8458516871095981
2304,19.95130983704374,1074.35288074446,1638.924511812781,3.5813903501074056,0.8462766863865788
2305,19.990408483607006,1076.3036187456873,1640.192212903672,3.578409441579448,0.847225477651461
2306,20.03753551444481,1077.511996104724,1640.7090647800037,3.573027408909889,0.8490227973600092
2307,19.976799219889163,1078.9229931584157,1640.7781755851704,3.5746442258845286,0.8484722533702957
2308,19.955714032656015,1079.0365315582478,1640.3980251807998,3.577778932334699,0.8474289578499205
2309,20.017061627218837,1079.1797299850552,1639.8618151557748,3.5754443242068312,0.8482502125881894
2310,19.892793458448637,1076.8337516790239,1639.0263560252477,3.5819115806945208,0.8460930991905056
2311,19.667476999582277,1077.948415779611,1636.9351585404931,3.606470278093029,0.8376727555756629
2312,19.62885617836674,1079.2439881969574,1635.1869158538907,3.6307439562170534,0.8290745116978311
2313,19.708826088353188,1079.7239655615554,1634.2915189956925,3.644476094122297,0.8240952261801724
2314,19.617595385373995,1079.3920654407616,1632.3636498993435,3.6629409037607363,0.8173155334121294
2315,19.62471968653723,1079.768106290791,1630.799144724807,3.677784136655819,0.8117674108464383
2316,19.74239703029892,1080.0,1629.4493411589776,3.6805143067417436,0.810791782752239
2317,19.708220844497184,1080.0,1628.4396276558293,3.6855459241159196,0.8089104917171078
2318,19.71096607889818,1080.0,1627.773467862822,3.689447509807495,0.8074390028656359
2319,19.560401534430177,1080.0,1626.6971214933817,3.7049509446485116,0.801455209257757
2320,19.56257775385662,1080.0,1625.4180675444852,3.7174859205666166,0.7965728730523605
2321,19.58529613361135,1078.161284752766,1624.756037772029,3.724517986098997,0.7938062342239283
2322,19.516188450749173,1078.6710066268377,1623.197647725384,3.7363171094158445,0.7891470136743227
2323,19.644882598808817,1078.260765458777,1620.3175494813393,3.7351653624331713,0.7897547725554902
2324,19.445665767824522,1078.3030295988221,1617.404261870305,3.75053288102529,0.783662406346802
2325,19.484923023104077,1077.40411155069,1615.2313298097063,3.759246561324994,0.7801975544734272
2326,19.389871419053026,1080.0,1612.2128171233312,3.776121887921482,0.7733569362250278
2327,19.465659743124775,1079.5598902728234,1609.4176822922566,3.783433510933713,0.7704365306105212
2328,19.506502216687192,1080.0,1607.5088909521128,3.7864241178179676,0.7692740227492743
2329,19.502922854079497,1080.0,1605.5287571553035,3.789168920975357,0.7682154294261148
2330,19.57152697542416,1079.9497524487451,1603.7567353863676,3.7857753436193815,0.7697282098233819
2331,19.486144375855673,1080.0,1601.1986165510828,3.790008063372967,0.7680712262424202
2332,19.4059380943876,1077.9595294119351,1599.0763522728948,3.7984907551279012,0.7645880691157932
2333,19.378795465874454,1080.0,1596.9252042646322,3.809207253733619,0.7601305825728181
2334,19.51117789052206,1080.0,1594.4716683096049,3.8071764908481045,0.7611148456529961
2335,19.542346959916195,1077.546222083768,1593.416623098687,3.8011090728264225,0.7637487193749087
2336,19.47550318751792,1072.4008213735485,1591.9011677231435,3.7977063401921045,0.7652657115067989
2337,19.257858004895674,1074.6102856807313,1590.4439389204495,3.814372418772084,0.7582293233400803
2338,19.27273349900293,1076.1883005037052,1588.1282276137943,3.8280159570353907,0.7524622805183283
2339,19.563477212092213,1076.756173263979,1586.404194367948,3.815873393984413,0.7577777418067928
2340,19.543253569625435,1073.0486371444472,1585.7085301864508,3.80476627103863,0.7625621884476318
2341,19.383665829332994,1075.828821086832,1584.7690830881854,3.8108017594202295,0.7600296300014158
2342,19.454160139496835,1075.9581308328825,1584.2945066192292,3.8100878230345656,0.7603577511123351
2343,19.531128045189963,1074.421327979458,1583.5603510103092,3.8020507549878904,0.7638214721493947
2344,19.654778631862865,1076.955556067159,1582.2117754599824,3.787271509681009,0.770141842277275
2345,19.460535483749553,1080.0,1580.5299014205818,3.793327678206414,0.767667442466639
2346,19.420121610898068,1080.0,1579.7584330268655,3.801596358086669,0.7641972554894587
2347,19.272629615081655,1078.9257625424668,1579.2291046608468,3.819617597968701,0.7565091650733816
2348,19.3506704777595,1080.0,1578.0092746943335,3.828829638891828,0.7525884257518204
2349,19.608034944448622,1080.0,1575.5351239700065,3.8153516882309577,0.7585194120040656
2350,19.77790918779094,1079.6821299326352,1573.6577801023834,3.790177335752182,0.7693302689466164
2351,19.629674925978154,1080.0,1573.995854373185,3.7818883803658543,0.7728026449734144
2352,19.71339051926084,1078.6803302318237,1574.4660111675364,3.7672525283212632,0.7788876033110147
2353,19.73776351702615,1080.0,1573.8891918521208,3.754257038612059,0.7842818933889137
2354,19.778923795332652,1080.0,1573.9743906458252,3.740237119107304,0.7900043113028761
2355,19.891572991075048,1077.662176194944,1575.0202703728146,3.717767698040714,0.7989895857100814
2356,19.674652838780684,1076.8633660614732,1577.0350654408207,3.7164655871507017,0.7994067050176421
2357,19.902839024202233,1079.3684128792509,1577.3878913633414,3.6986442965424824,0.806419680022578
2358,20.01791863236402,1080.0,1577.5867673102039,3.675104012528048,0.8155155023362033
2359,19.922610945246305,1077.490474568889,1577.3558091714174,3.6616923226015516,0.8206200220136257
2360,19.80696565865768,1079.5058124352884,1577.5068192350689,3.6616688651088447,0.8206210844719214
2361,19.80744865720597,1078.3634042734714,1579.430551050202,3.660746498753125,0.8208695232542453
2362,19.752518658761037,1078.8845151427613,1582.1895906074128,3.664872997631538,0.8191698862471204
2363,19.74631414462674,1078.506174948918,1583.7411450460881,3.6684777344203456,0.8177242153022508
2364,19.85821192715711,1078.097059465249,1585.7190364330013,3.661980040493132,0.8200805460099543
2365,19.7620072215573,1077.8739443592833,1587.7379307361816,3.664345104994324,0.8190838925900872
2366,19.66441636666356,1075.4243448726352,1590.0858950133118,3.672407685335312,0.8159039950221042
2367,19.72538734515154,1079.1878954677572,1592.3898556323288,3.676881697102796,0.814077672669197
2368,19.673883488095303,1080.0,1592.9260698696614,3.685373232977145,0.8107871235866088
2369,19.641162681760445,1080.0,1594.7680614380606,3.695010236687795,0.8069572682566585
2370,19.803370549503022,1080.0,1597.1089579249428,3.6896569527786047,0.8089178100495107
2371,19.92544704238069,1077.2359035114891,1599.0525377006986,3.6732015120297916,0.8151417721101379
2372,19.847306843530685,1079.7025873258658,1599.918284335054,3.6679584806294563,0.8170899458764791
2373,19.870061306172012,1080.0,1600.726996244143,3.6620245441757775,0.8192904068341251
2374,19.731640459303396,1080.0,1601.1370961343757,3.668470467889864,0.8168332248248217
2375,19.752290698252168,1080.0,1601.4060882809913,3.6720685878085213,0.8154525417063907
2376,19.736077134803867,1080.0,1602.322506841311,3.6763440185468155,0.8137749310229817
2377,19.831462235853017,1080.0,1602.515426109176,3.67205500129448,0.8154008132205418
2378,19.83454302169835,1078.157792778035,1602.344024327311,3.6668935366684785,0.8173686358214493
2379,19.9899153711225,1078.7539126385648,1602.5897089666157,3.6504147738947768,0.8235399908191725
2380,20.113118283750897,1078.7190716502134,1602.6742495562294,3.626807706613155,0.8322027120310432
2381,20.016942051087604,1076.3013015802153,1603.059331789042,3.613481599002551,0.8369721533603961
2382,20.20378565262484,1078.5718379539394,1604.3148449031808,3.5890018571427675,0.8455039334510808
2383,20.304143119817084,1079.0347278425636,1606.4114649147848,3.5610772013545953,0.8548723417622806
2384,20.352970562820857,1079.6853785934952,1607.9767800508243,3.5346806969337297,0.8634161389648564
2385,20.42546490996881,1079.5917371163555,1609.7761964004303,3.507040532302972,0.8719928557333352
2386,20.49856658222618,1080.0,1610.6841226539368,3.4787103753889137,0.8804391222583732
2387,20.5144686862119,1079.2555084041555,1611.9478469636206,3.453617291135214,0.8875496871030741
2388,20.5186584908344,1079.2820545133002,1613.1686952723112,3.4327186400719434,0.8932078755113523
2389,20.35291431672916,1078.0826625447569,1615.2097064265279,3.428219619779723,0.894295073122193
2390,20.239892599128172,1079.0820891745025,1617.0006581081516,3.4345221244345425,0.8925076005060302
2391,20.413511788236477,1077.8641693634743,1619.707629270517,3.4245812707404264,0.8950055663546714
2392,20.29802702164822,1076.4859631645302,1623.2119409735553,3.424825261950442,0.8947436760676086
2393,20.28450072438013,1074.2219473238595,1626.0407620845551,3.4244191077798556,0.8946914031482807
2394,20.251683134177014,1071.7610533631932,1630.1214690336392,3.42490747899711,0.8943325916228212
2395,20.269214592758296,1073.9157903910052,1634.19310799899,3.4255042537930223,0.8939455960238188
2396,20.26082949339876,1073.8863296208926,1638.1955924276294,3.4266565671031266,0.893415411187556
2397,20.335002158962777,1071.035893978227,1642.6219154167215,3.4193851444416654,0.895076017244487
2398,20.390426249105563,1068.4798806514905,1647.46248427646,3.406960975137786,0.8979982871425203
2399,20.34579993665777,1067.1171050193248,1652.2153435748194,3.399389760183921,0.8996340861140268
2400,20.271829388029403,1068.1857603410112,1656.4825380314924,3.400034140578857,0.8992309935801085
2401,20.26679796613729,1069.8667243693635,1659.061134754293,3.402244509105162,0.8985312080289375
2402,20.285100015941936,1069.2887739001117,1660.7187588697477,3.4021244372319424,0.8984673141170495
2403,20.208431170441656,1068.1768198410105,1663.4984039012686,3.4074507190815044,0.8969656708145173
2404,20.10451963867174,1067.7658953003577,1665.299960338467,3.4199992616216495,0.8936359831092009
2405,19.959331950975976,1071.170251759816,1666.3381087395253,3.444727497826417,0.8869674099998388
2406,19.96036695379979,1070.6484314194036,1666.9404937575393,3.4645255749062116,0.8814071696117121
2407,19.788857900397204,1070.7014107594916,1667.4401531950007,3.4948157703368095,0.8725311223733547
2408,19.681210382202917,1070.4953564493323,1667.6044264039745,3.5282949087182565,0.8622063201231388
2409,19.646770240343677,1069.6667701003705,1668.03418856803,3.557935839303965,0.8525978408524334
2410,19.5618513122954,1066.9584899749127,1668.8428573732942,3.587133517409505,0.8427143780840061
2411,19.628616306786284,1068.4803714179382,1668.8135587243883,3.6067701204771803,0.8358837796962022
2412,19.47682826672508,1068.946559886863,1668.0274674293892,3.6356286921089827,0.8255831474548172
2413,19.42376804610683,1070.514268301105,1666.7640187729442,3.664813989637151,0.8148396760646109
2414,19.37129498771216,1069.4658693692331,1665.5455281216755,3.6922414423497663,0.8044385027339928
2415,19.339673381876324,1071.4325387167376,1663.3779358711977,3.7188028732297287,0.7941463293160334
2416,19.418066997065555,1071.805067111829,1660.4288235792285,3.734458551784723,0.7880440690194158
2417,19.521386675235323,1073.677759430188,1656.4444016057696,3.740268679492464,0.7859006678440107
2418,19.2534669302573,1074.5114642230853,1652.5677486954232,3.767557666595846,0.7749417688486917
2419,19.47646726298523,1077.655929079248,1647.322733305929,3.7740882642613522,0.7724930533164713
2420,19.609713748778255,1077.66754030769,1641.8673756544508,3.7685632296167633,0.7750492153428925
2421,19.61170162531378,1077.587645730751,1636.7878550764722,3.7638098516375513,0.7772607958307635
2422,19.658175207017624,1073.9080758600949,1632.2026505439553,3.7533325057755436,0.781788510918264
2423,19.849421023106082,1075.747186790541,1628.4178358735285,3.7305028419413655,0.791227125822394
2424,19.96813587955044,1075.5543273999558,1624.3349739453577,3.701935337829424,0.8027561698921218
2425,20.03120930741301,1074.8664176260825,1620.7054782918158,3.6728355641436545,0.8141710011935268
2426,19.856726638289,1075.154487282899,1617.310128551105,3.6634502541026914,0.8178990278786089
2427,19.856829884581796,1080.0,1613.5147990585008,3.6594090701961823,0.8196144479170686
2428,19.860334717321514,1080.0,1610.624157057186,3.655808884461355,0.8211124695329147
2429,19.78510163157343,1080.0,1608.689749845408,3.6590047799261307,0.820015133457985
2430,19.956966370020726,1079.7477826972047,1605.262443755304,3.6473899515004202,0.8245246495899974
2431,20.174635635662664,1080.0,1603.7085424429397,3.6202685360839917,0.8345081718933118
2432,20.33287882352139,1076.8946796212492,1603.818353872574,3.5827497199243696,0.8476838836655841
2433,20.410758323308887,1076.2116512038106,1604.357886104716,3.5451036084672616,0.8602445039722197
2434,20.349089027102877,1074.260465812616,1605.7078032835807,3.517798315802645,0.8688835452956944
2435,20.227183569348377,1079.018896018161,1607.8046204291225,3.508967463060749,0.8715084094307733
2436,20.06053633960712,1080.0,1610.4202233362914,3.51608629003712,0.8691599526051798
2437,20.13300623938851,1080.0,1613.1333405058758,3.516001487947609,0.869037954768638
2438,20.227437189376037,1080.0,1614.4641658273756,3.5082150530012295,0.87137473869172
2439,20.310711042937825,1079.1918527890593,1615.8317075776465,3.494414077740658,0.875496047453367
2440,20.303857071334683,1077.4445983341807,1617.4197368205118,3.4823364602185096,0.8790016495931319
2441,20.17997500482242,1076.2202919680005,1618.6258740700066,3.481630880712898,0.8791424957221278
2442,20.277860698564808,1078.7173964813126,1620.5176108805322,3.4749408976377327,0.8809931959744578
2443,20.312863560911637,1079.2918657746854,1623.6138801924424,3.467028976390904,0.8831037343107259
2444,20.32467167259252,1079.3032537326721,1627.497097472182,3.459584851378181,0.8850048560059044
2445,20.444207690725467,1080.0,1631.472708802585,3.444238925644023,0.8890545596865306
2446,20.436630224850788,1076.3120647404717,1635.2442141141776,3.429486417997089,0.8928302513147278
2447,20.398156782813743,1076.5066704370552,1637.9592586325896,3.4206805333164874,0.8950009615905563
2448,20.349951028509054,1076.6269931395263,1639.3944894285762,3.4174900460832416,0.8957513278834447
2449,20.436054438991366,1079.2419000709372,1640.846146496827,3.4098143454875123,0.8976463924897232
2450,20.418124949942154,1080.0,1642.733517735036,3.405558592390487,0.8986216354388882
2451,20.250708519694015,1079.1073513733786,1645.1490069967967,3.4150753031690786,0.8960516182006059
2452,20.16729157961417,1080.0,1647.1207652513533,3.4303706807125747,0.891926361909514
2453,20.236613181422666,1080.0,1647.9809683876895,3.437247928998451,0.8900320707857766
2454,20.27548502714628,1080.0,1649.3365115946428,3.439710665360336,0.8892888324609829
2455,20.24707855543179,1080.0,1650.7739171593616,3.4440514860455895,0.8880245224546894
2456,20.16867987610621,1080.0,1652.125161185897,3.4540176990819837,0.8851935646347742
2457,20.332169181255928,1080.0,1654.0276733279725,3.4488296477549922,0.8865279715864055
2458,20.29665176110646,1078.6813939717983,1655.9100518834855,3.4464810630841534,0.8870700801389144
2459,20.364069466298655,1080.0,1657.2086595768885,3.4400427149430794,0.8887570196491593
2460,20.26838901990042,1076.7754972193097,1658.5390635023143,3.4401445514448605,0.8886547276433407
2461,20.174169660256315,1077.2484589988348,1660.2498307216583,3.4482852225517586,0.8863301609095993
2462,20.134866288361167,1078.082550824824,1661.5166877177612,3.4588030178311344,0.8833282213373918
2463,20.082718739581697,1079.2022330657446,1661.3584666969518,3.4725355874206167,0.8794229681045003
2464,19.97761356779759,1080.0,1660.4662276287277,3.4929886009244866,0.8734626793784568
2465,19.805317375645277,1080.0,1659.9306262342607,3.523840116820347,0.8640292394638791
2466,19.74919130721696,1080.0,1659.4168961325283,3.5537249821669143,0.8544495698742611
2467,19.588746207922238,1078.120566459902,1658.7125525159474,3.5899212935091502,0.842293403407038
2468,19.41876033581211,1076.430056517157,1657.401416958073,3.6322154887619083,0.8273795241306271
2469,19.395804974135807,1078.6437352849466,1656.5249036920445,3.6704461821738064,0.813240259971143
2470,19.427855302340145,1078.6600731537687,1655.0947420606983,3.699188549379534,0.802272169440917
2471,19.446856822629872,1075.7842720035203,1654.2926708045907,3.719030380580566,0.7945116730278
2472,19.513748072349806,1074.6485540031629,1652.90250245245,3.7289757264300287,0.7906181326353802
2473,19.6946661278896,1074.0780649062829,1651.0636352578215,3.721914996770635,0.7935274891243245
2474,19.59231751582355,1073.4545943423211,1649.2787316992553,3.724017783281615,0.7927794569761352
2475,19.610591692628223,1073.7842529684317,1647.2700910942199,3.72449792441348,0.7926884701831165
2476,19.591851615191423,1074.6818007614372,1644.6546064850677,3.727101625401257,0.7917794891871341
2477,19.5680521669362,1075.8060959016568,1641.0072705731277,3.7320315182486565,0.7899860161008291
2478,19.602073674591264,1073.4319508007377,1637.614172047941,3.731498939081658,0.7903689141699121
2479,19.444405878706785,1074.4702622796551,1633.340423931198,3.74473179992246,0.7852375671654274
2480,19.39981903035612,1073.462374109609,1628.3570112539658,3.7584644196025794,0.7798742511907758
2481,19.406811509431744,1075.241825472646,1623.3146338840838,3.7704990075806735,0.7751536701027107
2482,19.456013933330677,1073.166218041276,1619.1038209724072,3.774777388423574,0.7735813956401998
2483,19.563248788744428,1072.8132200221137,1615.4488553796168,3.769255561827854,0.7760534468676058
2484,19.390341179504226,1072.6316917383444,1612.586498370371,3.7787204384639432,0.7722545947681028
2485,19.443148250939814,1074.2707915592437,1610.8413318525363,3.78340540289242,0.7703792871057904
2486,19.55346780056342,1068.0325537271754,1609.4003584136494,3.773515652327486,0.7745792932338953
2487,19.586483709920223,1069.2520435601846,1608.18119431891,3.763629931065357,0.7787367619517019
2488,19.570491664333158,1070.2798010078786,1606.9349039418103,3.757607494226243,0.7812792084121093
2489,19.59282788832812,1070.935059598044,1605.6479830226897,3.7513391552874666,0.7839128001659321
2490,19.390626261697918,1068.2811500604137,1605.0385125303033,3.7607166786754416,0.780092695237548
2491,19.285145822304493,1068.0994210516078,1603.361966933325,3.7768887222301544,0.7734678609280873
2492,19.192644264127768,1068.9630051405138,1601.2239012911548,3.7983618948504336,0.76453942831112
2493,19.0334240854604,1071.1842093894081,1598.7167523740707,3.8306605998119245,0.7508170944627606
2494,19.040720597332957,1067.9829764429176,1596.7782160299862,3.8541291348225744,0.7406698405611011
2495,18.85425316494134,1067.9248888351924,1595.3108664514587,3.88856753787491,0.7254618224198999
2496,18.78612879412314,1067.991818226584,1592.4022175124182,3.9224247505809804,0.7103098822664171
2497,18.950276876167152,1064.1774377603208,1590.2477427720805,3.9338898121028265,0.7051756416869096
2498,18.8984797478955,1066.6763066503586,1588.479357174196,3.9494131687539684,0.6981311284946794
2499,19.04976270071879,1065.6915023139964,1587.094974909199,3.949034966224896,0.69836595371008
2500,19.191137016446696,1066.3261955396863,1585.7463487339162,3.9376515591483936,0.7036529496627277
2501,19.278859997812827,1066.4074228462346,1584.852611417139,3.921209851152172,0.711199887707775
2502,19.20454388960843,1064.638517151703,1583.1783029981527,3.9124634702526673,0.7152466690054424
2503,19.21673533441376,1064.5255112943953,1581.134233905617,3.9042097206174575,0.7190725563403582
2504,19.300004131858547,1061.1585424862744,1579.277822173303,3.8880914913704583,0.7264064320580539
2505,19.331548763148497,1063.126978412056,1576.5628479535244,3.873784853678795,0.7329170016329184
2506,19.236671012415623,1063.3358055941658,1574.2540547783537,3.8699646939111965,0.7347207051887131
2507,19.296818520720823,1063.7819966615323,1571.0085144326704,3.8622542289699937,0.738286366182287
2508,19.353030788507297,1061.901327411672,1567.9949345852324,3.8499161952418026,0.743862313772593
2509,19.218886944696788,1065.7705247488952,1565.899107061682,3.8536863556878216,0.742302867574983
2510,19.186903137773882,1068.7061943882145,1563.2435511711758,3.861610970202622,0.7389307183274704
2511,19.135251686443713,1066.2659626028606,1561.9763094754805,3.8704852954777325,0.735055835128058
2512,18.99486696885328,1066.9247250117864,1561.4515646266482,3.889732505705961,0.7264834820583723
2513,18.899755762243316,1068.1380540998525,1561.0752474422177,3.9142049826878527,0.7154492021442412
2514,18.998971595836135,1068.2271452242524,1559.9983855594737,3.926231848781845,0.7100195496201355
2515,19.11375384967978,1067.6439431012222,1559.0827980761871,3.926272972389805,0.7100415506181947
2516,19.080486557489127,1065.388258308619,1559.0405372738721,3.9273199991629446,0.7095651133038728
2517,19.12396909936602,1064.7408454949204,1559.291854893118,3.9241357237075833,0.7110079168046671
2518,19.119518243861975,1069.2241031648127,1558.398352498742,3.925277684544416,0.710526536499629
2519,19.043145579701672,1067.5328410490938,1558.1213961234641,3.9311766723863153,0.7078421864394668
2520,19.036522338409522,1067.2141104482532,1558.1815739094038,3.936314133360832,0.7054854077758037
2521,18.8866962928539,1066.8985661358,1557.2808493306766,3.952532084302526,0.6980606943344123
2522,18.838071976574895,1063.248033249214,1556.4846477986437,3.9670445803387766,0.6913755263424782
2523,18.75686655066677,1065.7012594670875,1554.8830371433946,3.9874355735144262,0.6819425780071854
2524,18.715842108850993,1066.8275140614362,1552.1124111866175,4.008360153776972,0.6722422659950732
2525,18.589062044320475,1064.7811917596985,1548.901176882373,4.03433175680558,0.6601052556454214
2526,18.774788306004258,1065.9101971388675,1546.2370124182405,4.041304449250892,0.6569060691887095
2527,18.731325801085287,1064.6638901727802,1544.5657482854408,4.049631604891664,0.653015008656676
2528,18.806726717721673,1062.2003277671074,1543.0961362139692,4.0484356564308825,0.6536443913105177
2529,18.672353391583826,1062.122588948668,1541.9654670720888,4.058377196358286,0.648953949169107
2530,18.67157645680111,1060.804990868352,1540.941059595086,4.065596646060482,0.6455493571372107
2531,18.643239261049263,1062.3695451563967,1539.2206506014336,4.075015113494885,0.6411151110305277
2532,18.686173660538742,1062.0405639379296,1537.5617792956457,4.078980947863655,0.6392827481130265
2533,18.66666798169679,1061.833751890141,1535.0919699806357,4.0836705862128815,0.6371340097320933
2534,18.58533506359208,1062.6505189012444,1532.3249525982549,4.094780091587158,0.6319119163546375
2535,18.589409169772455,1064.0493548019274,1528.9875463729513,4.104614469977922,0.6273149297963971
2536,18.534829887344543,1063.3389807866315,1525.6216113728492,4.116601836462793,0.6216729192870109
2537,18.56238300224458,1062.1964772994966,1521.7909596478144,4.123316103794483,0.6185832951281991
2538,18.66727435251807,1061.6476325042627,1519.5139422716704,4.119835155196922,0.6203510741191443
2539,18.687723340800154,1059.2682660812768,1517.5478626699314,4.113510885008733,0.6234776098310196
2540,18.483514005106386,1059.2946774207949,1516.1604456586992,4.125032937339988,0.6179724570058445
2541,18.488642489586233,1059.0328650428116,1513.9521073209064,4.133863990342169,0.6137916255737598
2542,18.59949325903548,1058.1309797706863,1512.0190325562842,4.131364903658838,0.6150736643062122
2543,18.569553873008005,1059.7398578652294,1509.9047916910401,4.132978611044146,0.6143750208627854
2544,18.48638543470805,1058.4922040502706,1508.320766225169,4.140155149593863,0.6109653615646785
2545,18.60404347301133,1060.7663953099905,1506.4702484792565,4.138144184906834,0.6120088867512083
2546,18.64251500802233,1058.8331187997564,1504.5948001706986,4.131889742980635,0.6151055317128643
2547,18.7016722389461,1059.4101037079674,1502.9810617186279,4.122362972280669,0.6197719508069963
2548,18.62006633963767,1056.2336639614764,1501.6522871213133,4.118818465949834,0.6215354457000345
2549,18.665138561374413,1055.7344755264826,1500.7614105869145,4.111851282341368,0.6249333318542344
2550,18.829569112331367,1056.9673839173454,1500.6599080763833,4.093633005901715,0.6337171698765038
2551,18.83984314131773,1051.1252088631009,1501.6714754392558,4.073437741231426,0.6433800153717837
2552,18.901339403840215,1054.8106592074575,1501.195185976007,4.054638350088784,0.6523990940050588
2553,18.93271745301774,1054.6539913076713,1501.087843399495,4.036540194240793,0.6610333739364906
2554,18.96916883419,1057.095267616923,1501.642779384731,4.020566504465837,0.6685954843331741
2555,18.878039149680347,1056.6640150118442,1502.169411140957,4.014589169699063,0.6714034297452383
2556,19.0207931272283,1057.9450409611147,1502.1403772779297,3.9989903557627375,0.6787671022330555
2557,18.999888301367527,1055.963485646314,1503.2785304533168,3.9864096148863037,0.6846308371231901
2558,18.9928105819726,1053.967589124682,1504.9528964832866,3.975162900826228,0.6898231420455545
2559,18.987087932722726,1052.7125294701991,1507.1349968915902,3.9654594250948763,0.6942535793605162
2560,19.249411081858167,1052.1340646055894,1508.939679630805,3.9356282078101748,0.707980120751028
2561,19.34100958346914,1045.4959071296594,1512.0758714706892,3.8986627330332673,0.7247040962632812
2562,19.30650344164963,1046.8783970727843,1516.2224171800317,3.8722160480226964,0.7363943681624571
2563,19.20168547079464,1043.4913930111375,1520.7338169413554,3.8565349158216926,0.7431487906267724
2564,19.34923848061228,1043.662122115589,1525.440058175561,3.8317474266575378,0.7538039862211157
2565,19.281154368240454,1044.2028406784307,1530.1095991733926,3.8173943024394648,0.759802766522391
2566,19.398853912721098,1041.5403974030155,1535.1068013051174,3.7939935266894724,0.7695753575775856
2567,19.28808715312944,1042.865375760463,1539.137398492658,3.7848584338065394,0.7732437686518764
2568,19.327642688469947,1043.0372273530197,1543.7937765489207,3.774265099098481,0.7774640503733499
2569,19.266494430766112,1042.547843346967,1548.0475965008807,3.7702056259488548,0.7789507086462347
2570,19.428282480347704,1041.7589169390246,1552.054108678536,3.753059110189949,0.7858497080389807
2571,19.244875986509022,1042.6589514244645,1555.6810298437963,3.754667372015136,0.7850097700653413
2572,19.093131285506416,1045.5914502812464,1560.2091740792164,3.770603692813449,0.778191099229838
2573,19.353902146594333,1043.498393218982,1565.059347436259,3.76077892996089,0.7820290729888949
2574,19.2980722159665,1043.5909401905408,1569.325553713411,3.757355011863196,0.7832320440348544
2575,19.325140150940417,1043.0765186998337,1572.6436366891985,3.751946504730044,0.7852915883214208
2576,19.14787806960826,1044.7502132328514,1576.3891224580277,3.763262699234285,0.7804465835659938
2577,19.163345081747927,1044.4050155714842,1579.2763353491507,3.771017045063715,0.7770882692979724
2578,19.118448586900268,1043.3055551279601,1582.6752589275295,3.780213358107494,0.7730835281260774
2579,19.010620691179042,1043.6022196940262,1584.8766716402822,3.796790308853678,0.765992006661105
2580,19.048084039656672,1042.3750431966193,1587.0986061652445,3.806394158195917,0.7618014993805432
2581,19.00614933035374,1044.047662764833,1588.3879076528292,3.8189607194943576,0.7563565866355219
2582,19.085952431087176,1046.4241639303766,1590.1596116112432,3.8245404252482937,0.7538681399889411
2583,19.09063400065935,1047.5435440842496,1590.4034451695354,3.8295794574974114,0.7516779633608847
2584,19.090246986556647,1051.4064806667677,1589.1165205167886,3.8366634707905445,0.7486640684251297
2585,19.085787517878575,1052.791893483259,1589.3287795557956,3.843884161560553,0.7455063059979656
2586,19.19864082592295,1052.077913246901,1589.2211362907653,3.840042986599887,0.7471875925860703
2587,19.261469474692326,1048.965212109073,1589.760644191481,3.8294056638945095,0.7517835920527275
2588,19.18237671291388,1050.4711653773657,1589.0379492092902,3.828285020439464,0.7523028403337817
2589,19.2353910394912,1049.4804117862193,1588.6400186325054,3.822284752323521,0.7549132230645771
2590,19.363983053483302,1048.4931185641328,1588.2400937106522,3.8061095994091163,0.7618682266776421
2591,19.301324764651852,1048.7683175294924,1587.3273592073863,3.798174459800422,0.7652871975861328
2592,19.28637569181386,1050.6245474572456,1586.5884574286924,3.7942925933789953,0.7669672163832021
2593,19.406859473751034,1050.3838715320073,1585.7699325503481,3.781081577254039,0.7725695085771919
2594,19.34993243102592,1049.1542177216654,1585.8176166500111,3.773971003682453,0.7755390476281114
2595,19.34637214746035,1049.1007503698004,1585.976475073027,3.7683908584087207,0.7778523732500622
2596,19.274879134697493,1046.6965069708308,1586.4594366585743,3.7678399402776197,0.7780573787637308
2597,19.19440320599584,1042.5042224891677,1587.3755096557613,3.770795313235479,0.7767851521431967
2598,19.07367778100269,1044.594198386727,1588.583977365253,3.7846644225699184,0.770929774671304
2599,19.02228094209887,1045.925597160807,1589.729906523316,3.8012437793725833,0.7638684838959447
2600,19.088093674661636,1046.6546518339037,1590.0080068242314,3.8100118007786006,0.7601172998874216
2601,18.973313299128176,1045.5924977040781,1590.5796116002984,3.825778442097981,0.7533136352829173
2602,18.889397363271105,1044.556438961782,1591.8142471394772,3.844781437848937,0.7449977929335015
2603,18.88588516702394,1047.6029149812198,1591.9155685101066,3.862954046912734,0.7370083258146689
2604,18.921069445958114,1050.694706454258,1591.308136930835,3.8773177214241636,0.730667107960676
2605,18.994584789964012,1048.5560690089053,1591.6424157634308,3.8814714507026875,0.7288007004332995
2606,19.09227240343621,1045.8641168555173,1591.9252507034894,3.874859361110168,0.7317323648443086
2607,19.210157474726042,1045.6105217885997,1592.326362598592,3.859612161747907,0.7384638805506754
2608,19.023516470952927,1051.6161816593758,1591.5811982038424,3.8669020399614986,0.735278153298983
2609,19.304841318363188,1053.2464143640755,1590.228092480051,3.85112232949103,0.7422952603111808
2610,19.415035673985876,1053.882453476552,1588.396774675138,3.829658729732792,0.7517384389957938
2611,19.367372271705896,1054.5707795525716,1586.5607374035174,3.8164740056788276,0.7575123719412602
2612,19.308427682702725,1054.4230561943366,1585.461992877432,3.8103678049090903,0.7601822115096857
2613,19.405459525635024,1054.1253473015738,1583.8857920990704,3.7972062101505495,0.7658633836565537
2614,19.49691117692723,1054.0631750521434,1582.1161479593227,3.7788932712843777,0.7736633747914424
2615,19.38958864399275,1055.6738258955625,1580.457585426326,3.7738647108431476,0.7758445756319915
2616,19.42221157650315,1058.8813450615908,1578.8422271255517,3.769500229726106,0.7777402195699514
2617,19.410506832813436,1057.6634890647078,1578.0413488828706,3.765957167730812,0.7792499289329355
2618,19.564263382411358,1058.201903503123,1577.9560914779242,3.7508939129769705,0.7854609661613126
2619,19.45797695270071,1057.3494023140045,1578.8670860484283,3.746583280215801,0.7871783880324347
2620,19.314818571150916,1057.7673008057259,1578.4584597541436,3.7550633955516326,0.7837256172610008
2621,19.380212448189823,1058.8454828290749,1579.6650063672637,3.757488208105047,0.7826688692350228
2622,19.42576351363011,1055.530908995479,1581.859078474026,3.753248303512868,0.7843034280742831
2623,19.639444207559077,1057.1358084788212,1583.4568256264874,3.7335228994488125,0.7922512972016457
2624,19.64449709971163,1057.5551105597215,1584.6952912929705,3.7172521381427415,0.7987093224801107
2625,19.55252696866782,1059.102033874427,1586.3937075408487,3.7125953870065804,0.8004726102661988
2626,19.757340731985177,1059.0847562502886,1588.6172894646045,3.692026408452785,0.8084302430848904
2627,19.88567117218829,1060.7153206378885,1589.9877266069063,3.6659053891423006,0.8183780800830369
2628,19.924009841422624,1062.6197714638272,1591.472216289252,3.642792882082283,0.8269412517566174
2629,19.83323322728617,1061.0319830589697,1593.1532995690989,3.6300585231662272,0.8315206091034105
2630,19.653128391103422,1061.7846021008525,1595.6642794118459,3.634903496063579,0.8296220145213287
2631,19.554368745569075,1060.590839967983,1597.3429223941087,3.646044527900025,0.825434078728549
2632,19.50035817745981,1059.5306756267769,1597.958749405647,3.658792433389848,0.8206486018393154
2633,19.317500913694293,1058.0452324266848,1598.9491104464373,3.6830658164271517,0.8113692049936756
2634,19.31924140562707,1060.4960105419593,1599.5717813052872,3.7046805457721415,0.8029310478759275
2635,19.341590072676283,1061.8619120141814,1601.0962920274196,3.721610912276771,0.796150599016527
2636,19.28549501278475,1060.5789269658437,1602.4666267188074,3.73910796440836,0.7890484830209855
2637,19.282457112354237,1058.0517441680136,1603.2466818099942,3.751793254184285,0.7838454365334103
2638,19.207075027734884,1058.4156814098344,1605.0357128829876,3.7686305523104537,0.7768214090471913
2639,19.14111468983466,1057.264335538447,1607.3953351941354,3.7869569981083497,0.7690555998274937
2640,18.96694908148584,1060.0796936518832,1609.1206147621804,3.8183459079106474,0.7556351278955038
2641,19.007832507483023,1060.8458151561915,1609.6423797903992,3.841323008233299,0.7456711504661246
2642,19.088431836731434,1060.6681628991935,1608.7541675192397,3.8534433482054027,0.7404130742310475
2643,19.18754997269818,1062.2053978619913,1607.0243121847113,3.8564442425432004,0.7391755362907794
2644,19.27733853403603,1062.7741809450965,1605.0480687632382,3.851997454678493,0.7412201194096294
2645,19.25381598366509,1062.9398032301658,1602.1290171846879,3.8503985618932584,0.7420572444825992
2646,19.207750191653577,1064.084089527254,1599.3464405497289,3.8537170467731454,0.7407312188768332
2647,19.32432218287584,1063.6401729368174,1597.0360787991413,3.8465763403096,0.7439686143623515
2648,19.39630840433302,1063.305527401002,1594.7508423056101,3.834585254966935,0.7493020502368601
2649,19.462003036788218,1059.0472623632402,1593.3735231350672,3.816164751253163,0.7573208257270059
2650,19.520410864124866,1061.4905245428547,1591.5791381272516,3.7981339567657075,0.7650998931643044
2651,19.502449756718036,1061.4613216778137,1589.7420631027173,3.7847944096173096,0.7708190597285203
2652,19.60920016473458,1066.0899968087185,1586.5799094828176,3.7686316160114752,0.7777229426521797
2653,19.71444405727925,1069.0227551093424,1583.8206591373598,3.7489947596312123,0.7859486303504427
2654,19.53502192985706,1066.1328775208706,1582.3554819885692,3.7453701661954533,0.7875006556097182
2655,19.532826717612192,1066.031037460002,1581.7098657319636,3.742500401236765,0.7887010447932127
2656,19.36738727271026,1066.1623662886454,1581.6562359145075,3.7537661900024806,0.7841009069786115
2657,19.35639476271483,1068.762597005147,1581.0000419439293,3.765868219128869,0.7791419856410293
2658,19.437210893805215,1068.383149373317,1580.0532635036127,3.768900726370138,0.777930141580397
2659,19.428895063097073,1067.3485769735835,1580.0275484815274,3.7712848152592495,0.7769401840512677
2660,19.462128579690155,1069.5759709477,1580.1655369184314,3.7722078350167663,0.7765492125566152
2661,19.4673511366189,1068.5641046514115,1580.8254201511795,3.771772952945719,0.7766980842946164
2662,19.502771237026057,1071.7546630553702,1581.410197497435,3.7709338811955804,0.7770187124788179
2663,19.55094771134523,1069.809190648342,1582.0970759461727,3.76483808373939,0.7795149692706108
2664,19.557725343488077,1068.3157227092727,1583.6554303895427,3.7581565999646642,0.7821975060413148
2665,19.506867350515382,1070.5359806139252,1585.5145507499478,3.758512413431035,0.7819596044186717
2666,19.348412300013496,1066.0316980799776,1586.5660438343614,3.7683478896048084,0.7778413899818422
2667,19.356883929415165,1065.0010198414523,1587.5242347964875,3.7749414857642734,0.7750512426580085
2668,19.296778276529203,1062.487383671537,1587.5626168122717,3.7833597596244197,0.7715271032620227
2669,19.406664429001516,1064.2590842031009,1587.2474715264655,3.7826222534115646,0.7718518449791661
2670,19.499387714368794,1064.1461025269728,1587.5301171989336,3.774354737289656,0.7752956329150885
2671,19.492880044559957,1061.9048307539006,1588.1081484306542,3.766412779386027,0.7785684788849367
2672,19.450489498417713,1063.9477410548616,1588.6615791589286,3.764908969523322,0.779164161731792
2673,19.395554725672923,1065.5410931983545,1588.9928964072494,3.7693696892850888,0.7772985806605568
2674,19.34919330658065,1064.2217242147271,1589.615977545478,3.775818691706336,0.7745834075460665
2675,19.32992351026366,1063.5266525658906,1590.4915486230439,3.7821561272802624,0.7718899530838498
2676,19.239741234312625,1061.474284621812,1591.4787461402098,3.793170929875877,0.7672057116232068
2677,19.218059219807852,1056.4995454168843,1592.5438283062667,3.800214019390686,0.7641708313061049
2678,19.141866129171007,1057.2496767662458,1592.2980604143436,3.8127829514597895,0.7588220931258322
2679,19.08850754816218,1058.9019267984904,1591.7447435120762,3.8286990400208727,0.7519957087981113
2680,18.950088327578367,1058.1003477508764,1590.7089805718201,3.8524558575870738,0.7416875432499563
2681,18.96201012062153,1058.1246039779135,1590.1700139217617,3.8709805367715115,0.7335358539766762
2682,18.816755864871027,1056.5077165158934,1590.1616847551747,3.8968185845613945,0.7219942048461887
2683,18.782252589881182,1054.5984881681643,1590.0057895596449,3.9193820147503855,0.7118006192774242
2684,18.986290770734602,1058.1040041507933,1588.9662723222764,3.9238601974488843,0.7098098205447723
2685,18.96827453698833,1058.6030758558375,1587.5476848531123,3.9293818920924117,0.7073553041094812
2686,19.057017794957645,1059.0665115547663,1585.8894460558033,3.9270079400472424,0.7085123553251553
2687,19.229926782823433,1056.5830467169278,1584.7051914604094,3.909053677464405,0.7167220702756503
2688,19.308764687891703,1058.277392010808,1583.1185872984126,3.889169473586473,0.725748243047921
2689,19.246519276161226,1056.990346934448,1581.9276857007158,3.8769781153754552,0.7312491946002134
2690,19.16562829702185,1054.6783859679226,1580.776737529976,3.871843769966997,0.7335856257823193
2691,19.279780072248204,1052.141563634916,1579.8332283148684,3.856387285976811,0.7404652640962965
2692,19.39768559611544,1051.4106966982358,1578.4341743080054,3.833525194290297,0.7505314135671347
2693,19.400034525260203,1049.6420784617571,1577.7325879156992,3.813249249230868,0.7593169577326601
2694,19.223940966687163,1051.6357857586559,1576.0994322233717,3.8125205826051802,0.7597072710647125
2695,19.313005171836867,1051.1265917918029,1574.5063166848167,3.804259798488342,0.7633149206195354
2696,19.26046357694957,1049.6383290075287,1574.6121189835324,3.8006545279818136,0.7648449415428048
2697,19.27125075643509,1055.8054889412902,1573.8678245713634,3.801479050768827,0.7645299333056385
2698,19.332668333796097,1057.4450888128601,1573.5623149600412,3.7983756525351433,0.7658637753751103
2699,19.465197474724178,1054.4254449210553,1574.8390037745644,3.7827177338046756,0.7724136347622751
2700,19.44306705384772,1056.5293872839259,1576.4051605234074,3.7732773188660462,0.7762869893229517
2701,19.344061727882934,1057.3241128921677,1577.4053753972255,3.774227706414043,0.7758419277575787
2702,19.32218427484575,1055.3618959188245,1578.026772241123,3.775311413633752,0.7753594276401663
2703,19.285046920584332,1055.3367173681709,1579.2908070238964,3.7792158831598623,0.7736656514669906
2704,19.24576485051027,1051.8007843023413,1581.5674135925785,3.782954513539958,0.7719879103299807
2705,19.19616227976706,1051.841623266008,1583.5804909415144,3.7901045867893033,0.7688816388362624
2706,19.217479206807905,1050.0546770121443,1584.4417056125394,3.792874696208068,0.767670307239933
2707,19.296152476879545,1045.3348084781292,1586.3742754940317,3.7851487856894845,0.7708333002726999
2708,19.227320275005,1046.2796415705811,1587.7428489261551,3.785152800419328,0.7707653213188265
2709,19.305353774221885,1041.3416727955382,1589.6986964226674,3.775046090547863,0.7749017047708416
2710,19.27457684443923,1041.4322064672983,1591.9570745196997,3.769342122610951,0.7771652181590447
2711,19.189112380128105,1041.1815811594097,1594.9155578527989,3.771459552193425,0.7761409546928614
2712,19.31705519547288,1044.0549453389967,1597.1162209951297,3.764912620900846,0.7787486349655207
2713,19.229396121945722,1041.7101258942137,1598.8291801533173,3.764934953229315,0.7786555158920837
2714,19.38743792434914,1042.5188932375054,1600.1914036737926,3.7526495177577806,0.7836454914101633
2715,19.498031671762774,1040.9052433168818,1601.562019318033,3.7323178202924887,0.7918356302340191
2716,19.62838718965727,1041.09998949787,1602.7833793327504,3.705140403561438,0.802588179313256
2717,19.619126108010995,1039.0192957782076,1604.119995153643,3.6820387329820456,0.8115003229315708
2718,19.66955864733405,1036.5876499248302,1606.0163869897121,3.6571356917283104,0.8208539246881847
2719,19.59525576238985,1036.1968257510935,1608.5264568516843,3.6424917665825425,0.826165769257378
2720,19.67748539517391,1035.0624620582948,1610.6613325375952,3.6229063634201437,0.8331939234889801
2721,19.90408522588986,1031.915167480821,1613.6904540659934,3.585949239960299,0.8460582402139819
2722,20.170838778990408,1031.9532939557475,1616.57084715121,3.533874121978894,0.8632075069935445
2723,20.12417339503868,1033.3465284941408,1618.8998455271922,3.4960393057217023,0.8748378312741749
2724,20.281496483070438,1032.7571313582255,1622.1828013860013,3.451712729402098,0.8875091277559021
2725,20.229698219288217,1033.146323966845,1624.8800557288025,3.419892120548422,0.8959450861484727
2726,20.253857661194502,1034.295820059144,1628.4184277331103,3.392693930741604,0.9026457054493904
2727,20.388806125214582,1039.1163022443584,1631.8992520961556,3.363007711152315,0.9095048632427363
2728,20.41596205299527,1039.9113594407186,1635.9756355995855,3.337046891911308,0.9150272387326475
2729,20.4681803424346,1041.9352837313013,1639.5011156650069,3.3130218282843806,0.9197983624451004
2730,20.46354948460173,1042.9664407396972,1643.0327633932977,3.2944792645107497,0.9231974278782542
2731,20.374176817483242,1043.9888004866662,1645.7625662803289,3.287350800542004,0.924368744661941
2732,20.526012128686233,1045.6122549654697,1648.55119416827,3.270324810042099,0.9272581698418639
2733,20.790890524982586,1044.7916784774661,1652.6113227992205,3.2340972794619085,0.9329214304329677
2734,20.791169862026955,1046.6821426072772,1657.943785321452,3.205797067845024,0.9366475327361043
2735,20.775448306015587,1046.438396574997,1662.6253894233635,3.1836913878760233,0.939174253745439
2736,20.78358508246964,1041.8060292308787,1668.525814184487,3.1613977232174646,0.9413355719204743
2737,20.746323204928604,1038.7084218617929,1674.0153035090173,3.1438201676590705,0.9427637532106495
2738,20.77624786437958,1038.2075933481967,1679.2495006894555,3.126582502574575,0.9439784868681516
2739,20.658321819796893,1034.0417282246049,1685.5083312112445,3.1189351395351506,0.9442204068860708
2740,20.56079712004749,1035.5292949995653,1691.2764653871932,3.121758620788214,0.943653314150237
2741,20.640249929517402,1033.8181721553917,1697.0050114585165,3.116287382955649,0.9437380510421739
2742,20.651211912712387,1035.9134797828988,1701.930344833468,3.1124892072326475,0.9437286076938589
2743,20.825406117155545,1035.6981036727539,1705.7407212231637,3.094976728413422,0.9446920052318986
2744,20.87132120167349,1035.3834440660335,1710.2278131338248,3.0766264324121697,0.9454568115680607
2745,20.92819957640353,1030.2532790949322,1716.6377281175883,3.0530526841900514,0.9460766956726574
2746,20.969581930284043,1030.5138517404698,1722.4332074251195,3.030537437608825,0.9463475335340276
2747,20.839312173444526,1030.4086793357783,1727.7461541001533,3.022641069603198,0.9461668052907648
2748,20.696656703679754,1034.26286636329,1732.28085209009,3.03073761822056,0.9457528381195194
2749,20.772721105430033,1034.592923031227,1736.047263720545,3.031410328016724,0.9455132018991212
2750,20.8609028166263,1033.7857145210971,1739.6905280077015,3.024145490976962,0.9454271640467262
2751,20.734940186942456,1033.764877167093,1742.3527975283234,3.0284662376624936,0.9451928520259476
2752,20.796792571309453,1036.4347429270015,1743.7505982516254,3.0289730916086492,0.9450994537047835
2753,20.782306192138865,1036.0448974295814,1745.595991977007,3.030277815554268,0.9449633969348621
2754,20.825570094550155,1037.7175972987823,1747.0973319621482,3.0290767241857406,0.9448967344646232
2755,20.81947274525764,1040.0092719994752,1749.309991694818,3.030322610721456,0.9447397373884587
2756,20.768644138588552,1038.7941052764254,1751.8107320387585,3.034579285375115,0.9444991346978905
2757,20.721993362791597,1040.9125263623766,1754.217597330625,3.0434835863302214,0.9441268878064191
2758,20.660294831497037,1039.0863925619321,1756.93924785276,3.0544465599376642,0.9436118710049113
2759,20.7584641065001,1040.5598977512177,1758.284892804561,3.056527775065617,0.9434555519630399
2760,20.71478959400349,1037.6858375306433,1758.9767404993563,3.0596306631050068,0.9432960280066989
2761,20.482686929973486,1036.546808333322,1760.41525578291,3.0802813549286636,0.9422640490343804
2762,20.433521792181306,1037.055901751453,1762.2216183872729,3.1016175719085464,0.9408871326784598
2763,20.500588060397664,1040.8115466620534,1762.4641156255236,3.1164718819458233,0.9398148892307354
2764,20.52886839453966,1041.9577849533098,1762.8801991272553,3.127207903418496,0.9389367371326771
2765,20.545619911109707,1042.587134708147,1763.041697073715,3.1351182955066403,0.9382508276674999
2766,20.55014274375997,1044.1284185543898,1763.2447467785735,3.142400421722499,0.9375805806202371
2767,20.53012730546509,1049.187307998893,1762.7274661389754,3.153831947257005,0.9365095768075803
2768,20.45997877105491,1049.6335093902528,1761.874515687808,3.169275664679168,0.9349390248034933
2769,20.61684579323521,1046.4757479803354,1761.0592155785134,3.16673307228687,0.9352648576062033
2770,20.66133039040661,1045.0133908608268,1760.0890712023806,3.15990732326199,0.9360468717053813
2771,20.6580843371406,1045.8045483838516,1759.7675533089143,3.1551735916218937,0.9365508922474155
2772,20.763915728143775,1049.2125961203085,1758.7029004853118,3.1452198744929967,0.9375871424905096
2773,20.721635161809196,1045.8946231042094,1756.7133567550677,3.138004606727992,0.9383712412278572
2774,20.664210984854822,1042.8603584620498,1755.034836248554,3.134486886831927,0.9387836915043941
2775,20.685433492631986,1040.1764768510843,1754.2852358514879,3.127839038683714,0.9393970392053175
2776,20.733094717845542,1040.3601251362047,1753.7504469510855,3.1186317659812786,0.9401694688274137
2777,20.653845856018403,1037.4874220305644,1753.8168420281772,3.115386255805931,0.9404134758146248
2778,20.49538846251225,1036.931146440319,1754.0927076233797,3.1252535313132435,0.9396219953737408
2779,20.448844514257118,1035.836372125017,1754.3563840349389,3.1363206192982807,0.9386622795230075
2780,20.402028239048807,1036.8988073898959,1754.0011416657524,3.150024658516283,0.9374053433677738
2781,20.463013724365197,1038.6920830701838,1754.385620745268,3.1576339532292867,0.9366207939156549
2782,20.5664711626304,1040.597045876938,1754.6910016827799,3.156859184920824,0.9366818720826181
2783,20.449530027510637,1038.712157110885,1755.263106680816,3.1643553285627353,0.9358650656364773
2784,20.469046001592954,1038.394794681567,1756.473171682455,3.168667394950531,0.9353266537563206
2785,20.359103307633966,1041.7251721859207,1756.9186949456252,3.1837055717321436,0.9335808646862522
2786,20.353184668378592,1044.2049170027485,1756.5763249331596,3.1983952349745373,0.9317834117092724
2787,20.33686472234791,1045.411641925635,1756.1967057022853,3.2126867088646294,0.9299070085519203
2788,20.43633045005432,1045.3180377366018,1756.0622025088694,3.216206613419428,0.9294276297691542
2789,20.51874098333889,1048.3492988070136,1754.9760114139037,3.214649979743579,0.9297082344708014
2790,20.635936318989458,1051.0602770188843,1752.5568191205625,3.2058458368281926,0.9310471309641829
2791,20.45729697842863,1053.5577026072142,1749.8640332598784,3.215112900292984,0.929945843797881
2792,20.55509275835372,1055.6068051578334,1746.764539920156,3.216269142726903,0.9299677758026961
2793,20.51365561729836,1054.940580509893,1744.4512344045977,3.2200998388559174,0.9295646477559788
2794,20.507724497534674,1055.6555369257833,1742.9192048423402,3.224266207839211,0.9290576044405036
2795,20.593256441086407,1054.6142866605135,1740.8446980930805,3.21990577477792,0.9298049979170868
2796,20.666675610793423,1053.8024233788271,1739.1749348273083,3.209716636478249,0.9313180055294015
2797,20.639639907970164,1050.7980658520144,1737.3866533459768,3.201299606416965,0.9325432005969133
2798,20.78290814103891,1049.0669471342062,1735.9005578646422,3.1813810360096717,0.9351027702642586
2799,20.87946294830856,1049.2569753698922,1734.4337356616109,3.1573010107717936,0.9378417672121502
2800,20.83192888978813,1050.548328913272,1733.6869086860531,3.1424161366178183,0.9393401480338391
2801,20.900513486945606,1051.092327586231,1733.473366158053,3.1250170695286066,0.9408717681280848
2802,20.915552913469817,1047.9379054993678,1734.4712243609508,3.107136069482226,0.942169251930747
2803,20.929125205564542,1047.785054578248,1734.2689042695188,3.0912489664378464,0.9432129950187178
2804,20.831912666514082,1047.2341623678606,1734.8915073651272,3.0857492761216054,0.9434945924946256
2805,20.768133754090513,1050.2032863229545,1734.8716052874993,3.088696200495593,0.9433273853844054
2806,20.648690217821343,1049.6351946433278,1734.964326137324,3.100444126956382,0.9425943168157965
2807,20.762986270752837,1047.718367075324,1735.7387153870638,3.099288031567256,0.9426235895364053
2808,20.842727932719924,1048.8894035627964,1736.7169917784586,3.0927088483167515,0.9429785980479585
2809,20.79778436752785,1049.7751031587484,1737.3642268566377,3.091656295093374,0.9430034170050184
2810,20.681864644607423,1052.2103058929197,1738.6597984618047,3.1021071744742956,0.9422631478186867
2811,20.680698598914134,1052.2997702829027,1740.4270665642325,3.1108398198995335,0.9415493484739327
2812,20.64607901160377,1051.948780902527,1741.767208745968,3.120564353851668,0.9407339493238811
2813,20.5008478540262,1050.7467373603188,1743.650073766784,3.1394980169717472,0.9390147403577751
2814,20.476636755312487,1050.204886246186,1745.4818348946967,3.156592512274813,0.9372569240869034
2815,20.40263580996424,1049.7927678436224,1747.2711811316458,3.1763457941648476,0.9350128850741223
2816,20.554265032952973,1048.9083419014305,1748.2172198700307,3.1794837191997396,0.9345943230327538
2817,20.476906450930795,1048.1442958121638,1748.7922706812733,3.187800942207718,0.9335694502400387
2818,20.434807787936276,1052.027123205699,1748.0297695990237,3.2009967853236843,0.9319529563343255
2819,20.528540241493562,1052.4811173454405,1747.9193887810964,3.20450078014372,0.931499813790028
2820,20.454265730153953,1053.479832912618,1748.2331446339504,3.2141987979316085,0.9301688755749237
2821,20.526062883988384,1051.3855426218183,1748.4180820975123,3.2147006256464827,0.9300884429707371
2822,20.4285637531977,1053.9007961018533,1747.5557346979142,3.224981284971801,0.9286806342252463
2823,20.61725923809831,1051.7274182233273,1746.9075411852373,3.216348156916318,0.929948296263576
2824,20.618117977350668,1053.8612881231993,1745.8553535890378,3.210812021383423,0.9307743706484519
2825,20.70685216022149,1053.6364964375257,1743.963006953253,3.1988510903078757,0.9324713048531613
2826,20.593856418267052,1052.8031642071167,1742.3028973753617,3.197647139692255,0.9327241408004473
2827,20.648778476100425,1055.3695967840258,1739.962230570089,3.194111892649446,0.933311401528939
2828,20.772594798944564,1055.2805851331009,1738.779972728859,3.18102742736342,0.9349735700873413
2829,20.893344069851683,1053.9085732132833,1737.3557930925563,3.159393294398967,0.93745223502455
2830,20.90332013604557,1052.759193034161,1735.9974636488596,3.1399691298233345,0.9394278576040622
2831,20.88352918297819,1053.300051693644,1735.3720351716063,3.1260675207025512,0.9406723132665532
2832,20.866153294044405,1053.862074121792,1734.2994990831062,3.1165130478228575,0.9414936897074426
2833,21.0,1052.0173238557174,1733.9566166102268,3.0963457960496656,0.942918584271552
2834,20.915286177220917,1048.6680746810114,1733.5367519642855,3.084199430817077,0.9436619704595309
2835,20.95230552806663,1047.6313179688832,1734.505657271693,3.070430401900874,0.9443018167495977
2836,20.84348232247855,1050.1234418135987,1735.1845364212325,3.0699168761768503,0.9442847845079244
2837,20.831142595040127,1049.9826378065272,1736.4045455590378,3.0703977397800726,0.9441895875154218
2838,20.721281852487223,1051.276785597168,1736.695651371053,3.080748243545863,0.9436594092518317
2839,20.637214138520466,1052.8862880541915,1737.1524491721889,3.097322454076684,0.9426655385637905
2840,20.686987063791836,1052.7852007350123,1738.3110652513037,3.1067694412454814,0.9419654276902851
2841,20.650798267590133,1053.1621118270032,1740.1005524046388,3.1177582639350434,0.9410519382649127
2842,20.758647197353163,1049.6177798846923,1742.1349324037546,3.1152761690518624,0.9411194553902718
2843,20.880842127176763,1050.9360515326557,1743.6075715850027,3.10425169494833,0.941822622582761
2844,20.843151098542794,1055.0289109546954,1744.3658217679017,3.1013859387664633,0.9419700256859218
2845,20.795077849240762,1055.710356193275,1745.8773349979692,3.1034797372306606,0.9417393848152272
2846,20.809733617501813,1058.0041238675258,1746.391795390951,3.105733070950743,0.9415544963786365
2847,20.602567897536307,1057.3908303161277,1747.3123831266282,3.1240467373119345,0.940124808103002
2848,20.585281850920754,1060.084772531766,1747.0541301946357,3.1425131797725574,0.9385347324363099
2849,20.637671463314355,1061.7018584667965,1746.4428530937382,3.154596900432346,0.937401861662084
2850,20.815251048628628,1062.7729978356615,1744.890919168552,3.150803529024352,0.937871396675644
2851,20.71445892667716,1059.53001986708,1743.425731857904,3.1534780053314235,0.9376936174940684
2852,20.78730288771796,1056.8161928655722,1742.7139544888764,3.147666614193828,0.9383059767996463
2853,20.767135956569664,1055.301033234738,1742.0566670118928,3.143403854393528,0.9387494621370852
2854,20.793857852091254,1053.5537621284798,1742.3785617044325,3.1364037410989263,0.9393689324675796
2855,20.82799798444498,1050.6032333221897,1743.8353869620546,3.125643116803851,0.9402021806864703
2856,20.7982958324378,1050.78404637945,1744.938586688277,3.119383359415205,0.9406371738286874
2857,20.917494830899656,1051.3911611714411,1745.4848170627554,3.1049683949849576,0.9416613829561014
2858,20.858296141152913,1047.9030463805739,1746.5919265842444,3.095348826296363,0.9422254282314086
2859,20.5119944216146,1049.376379005654,1746.327734073401,3.1168743959569465,0.9407478413901228
2860,20.460066377586145,1051.0045448427168,1745.742432644523,3.1399998162094502,0.9388443227671799
2861,20.410613903690844,1049.35795150552,1745.720726426914,3.1617590924203065,0.9367075987618053
2862,20.332805119492285,1047.0643314130616,1747.11882400533,3.1842262559680163,0.9340998691128586
2863,20.200771707893633,1045.4158980861014,1747.9289247774977,3.2121928848777985,0.9304631289160501
2864,20.099746218437446,1042.6383265899124,1749.4247608141143,3.2412814795310605,0.9261232265522022
2865,20.115429523452026,1043.2472190154588,1750.426167996046,3.2643128101346566,0.922327610478377
2866,20.209745421392817,1040.9055014816668,1751.655283266218,3.2737206675943376,0.9206361446978002
2867,20.269604760025484,1043.2055320831548,1752.6196522202258,3.278282228692939,0.9197752537874606
2868,20.323604043424222,1043.5786600070642,1753.2076441359256,3.277891972064923,0.9198102289870973
2869,20.36658397255809,1041.6552254883393,1754.7475287262955,3.272605525324974,0.9206501069228094
2870,20.416632291883534,1041.3021254086177,1755.8129371322846,3.2639137466826713,0.9220796374675376
2871,20.38958279655974,1043.3353719088777,1754.3269823192036,3.26053410730804,0.9227343701188673
2872,20.40792050059225,1042.303506081631,1752.7836045765182,3.255484155281907,0.9236601794628457
2873,20.57149008114145,1038.344706727934,1751.52207189665,3.234983436186602,0.9269648428728806
2874,20.451286186166648,1039.707366674193,1749.8444744421367,3.229026079745165,0.9279538248912396
2875,20.47926293095839,1042.2761802816576,1747.144606890681,3.2237968109660486,0.9288763004354592
2876,20.549866312870943,1041.7922581221187,1744.0869301075063,3.213373257044668,0.9305277569033162
2877,20.52197200080713,1039.995639764803,1741.6989315922017,3.2057472225328603,0.9317022202150169
2878,20.459022481264437,1036.8524665394082,1740.6074739109747,3.202261870011808,0.9322269435435729
2879,20.64518252003844,1034.7397157234607,1740.1848372970564,3.1825936429590773,0.9347053792247109
2880,20.77616890931199,1035.3625400864785,1740.0612268314246,3.156232344262845,0.9376160832571387
2881,20.845904845964,1033.8278531268595,1740.4556034246675,3.1277570352472606,0.9402289645087514
2882,20.800005062124512,1035.9371562638337,1740.9754742528191,3.1097528453613967,0.9415949746799575
2883,20.910296594444706,1035.0756220872279,1741.3443692091184,3.085325065796268,0.9431321731711181
2884,20.88242641804342,1032.2350686037246,1742.2218608021296,3.065424378934847,0.9440625488084088
2885,20.98733736510569,1031.200158497151,1744.1566022820182,3.0397501010739836,0.9448320931146263
2886,21.0,1030.8234150528979,1745.2033454294085,3.0173775846606574,0.9451886869587964
2887,21.0,1031.4228025321154,1746.2783615128544,2.9994852581360183,0.9452232113489564
2888,21.0,1032.2724754397273,1747.6048026923454,2.9854559031039685,0.9450742953035496
2889,20.803046818860896,1036.1851551706006,1748.3274460543382,2.993004831816916,0.9450842957316078
2890,20.750818277749282,1038.7293604591412,1748.3031142871273,3.0053864889393105,0.9450922918599496
2891,20.90241052636989,1040.2012648781742,1749.1649690153722,3.0042640889631866,0.9450441354436573
2892,20.916262793202762,1041.579009502797,1750.6133467936693,3.0032532886733976,0.9449597264960174
2893,20.877125814173695,1042.1540196296937,1752.3435983576546,3.00605741401796,0.9448473463174054
2894,20.76472645539237,1041.6446442391355,1753.7750757980607,3.017156984604849,0.9446769359667824
2895,20.590842142121055,1043.722773495138,1755.6612465888372,3.042039524284168,0.9440808090757594
2896,20.482010598991167,1042.5682793261724,1757.3853396823856,3.070464122934046,0.9429298426704076
2897,20.461308849079103,1042.790716413718,1759.5622748503663,3.0956322032679444,0.9414319689800406
2898,20.3820785644472,1044.4075486332704,1761.4079224869517,3.123967053159842,0.9392900278209808
2899,20.64785568198303,1045.8829546199672,1762.6367204483402,3.126597730952112,0.9390017552495803
2900,20.566116392193127,1048.8963689557113,1763.4119500392424,3.137712762741227,0.9379981817672651
2901,20.46466915264007,1051.1269522802315,1762.5773615087344,3.1568036782179147,0.9362183755026201
2902,20.778183671807806,1051.638580781536,1761.160225599357,3.147224613549397,0.9372499654550404
2903,20.713169339247713,1051.8526130068822,1760.9012821963004,3.1448445601403856,0.9374916388719253
2904,20.79698884229057,1051.705994430105,1760.7284244908772,3.13593234291229,0.9383168560650428
2905,20.614429078550973,1049.673956860759,1760.722701377304,3.1420068882756262,0.9377672848378862
2906,20.63693192863592,1050.8620336242443,1759.8017668966088,3.146047268597815,0.9374432448467327
2907,20.54525696143044,1052.7883713529202,1757.631583157843,3.1583083701049204,0.9363584302480777
2908,20.55696957765872,1053.2031974627876,1754.8541923833477,3.1677189268816313,0.9355264712983316
2909,20.463390225816877,1052.087135432801,1752.3644879775698,3.18223914517638,0.9340249546971406
2910,20.486482368626547,1052.4034868080334,1749.4834899788439,3.192497795907343,0.9329496767984143
2911,20.465819590679793,1052.1416413296927,1748.6015684965428,3.202400496538916,0.9317359143581737
2912,20.584463962663726,1055.0246482729938,1746.7967639362435,3.2030046462274147,0.93176342938245
2913,20.419281664498193,1055.3901076136713,1744.5358432988958,3.217275033639623,0.9299585157040823
2914,20.40489819042837,1055.2986565353606,1744.4798794948927,3.230083031803417,0.9281134987143334
2915,20.24397568874533,1058.4111488167869,1743.6187789474802,3.2560892213000243,0.9240984212264316
2916,20.38836287658956,1057.4117025183234,1743.3216477855005,3.2648593942949735,0.9226509997816051
2917,20.29816878066922,1058.184814477415,1741.758933867923,3.2800060703105154,0.9201020891656414
2918,20.137459839489303,1057.656996690983,1740.5354255225761,3.3051604490699398,0.9154825764558621
2919,20.20431126917817,1052.4316942482262,1739.3457315874298,3.3163736121717693,0.9133388058277289
2920,20.303693679134145,1053.4010932888702,1738.1174378325773,3.318179741048394,0.9130465704004048
2921,20.414659166402583,1052.915151881987,1736.4112171885652,3.310225295404046,0.9147316660334153
2922,20.399487475808254,1056.218366748546,1734.634579403093,3.307439710970168,0.9153814612058248
2923,20.346099559606426,1056.9983144246653,1732.8227254481355,3.3101080326895476,0.9149630090222939
2924,20.184247445373778,1057.4712164839339,1731.9267726898631,3.3258801252313375,0.9118336029704541
2925,20.10874331310277,1054.926800478474,1730.302151822923,3.3430598603046646,0.9082958906186942
2926,20.041771945788867,1053.9492599012706,1728.7734367096978,3.361881122525319,0.9042087294246735
2927,20.149304089335374,1050.0996011529357,1726.6967895580788,3.3656166887618943,0.9034748530699915
2928,20.221265200364723,1048.1021364507642,1725.9628966447933,3.361289107767726,0.9045043150077454
2929,20.100030088378883,1049.8651690734741,1724.5445406653512,3.368980677366759,0.9028231334706028
2930,19.967863962760106,1052.661417556467,1721.8331395839537,3.3882023440766758,0.8984265409249726
2931,20.06458884338294,1051.856214488609,1719.759364689386,3.3954510200150088,0.896774100791741
2932,20.02273325017241,1050.3712478152695,1718.6723105308527,3.403692738556561,0.8947872320720758
2933,20.107686899880317,1050.4928354323024,1718.3122325986278,3.4036004557449813,0.8948307951817213
2934,20.28269089232073,1051.7607115294422,1717.6857331970148,3.390181971906693,0.8981820082487064
2935,20.159600684707595,1049.0243228757545,1717.2464642028572,3.387169037103254,0.8989377550357813
2936,20.0513584975948,1049.9278276367609,1715.7289967298575,3.394227031694612,0.8973042359869094
2937,20.00179491256029,1049.7426388956949,1713.8493058336765,3.4039249207403004,0.8950024173766342
2938,19.93558006119779,1047.2858349944097,1711.974029971229,3.4154309236617366,0.8921834415856172
2939,20.023482515635113,1047.3374180562666,1710.8619145600787,3.41772145427546,0.8916552581975717
2940,19.963872535954106,1048.8148463458053,1710.1196917395146,3.4255879527051367,0.8896455710274837
2941,20.111901826351243,1047.7398600643899,1708.7196604620997,3.419128838177467,0.8914116217102424
2942,20.107493738302733,1047.0784414761747,1706.7283113833394,3.413692560767412,0.8929266378391599
2943,20.045232461018127,1047.7724415349421,1705.5062019948762,3.4148474689152923,0.8926990830592944
2944,19.935095469082523,1048.3448756913306,1704.0636816339572,3.425227648799762,0.8900815201782357
2945,19.98209447766138,1047.9221863157495,1703.2745618837782,3.4295790841560234,0.8889770945443415
2946,20.13545812392129,1046.0290056841961,1703.8737831954415,3.419183139418344,0.8916710756980702
2947,20.283726676483028,1044.110264965556,1703.9131209048996,3.397091390634809,0.8972694971496173
2948,20.320927202318188,1042.3672663417287,1703.6125552464264,3.374618422701448,0.9027060974009391
2949,20.18767901984345,1043.0405236868025,1703.1129701989298,3.3675886130208035,0.9043715753820548
2950,20.148684134672116,1043.2098733534554,1702.2647363985002,3.3651388594468656,0.9049840054168412
2951,20.08848956714613,1044.8273267531033,1701.8875164151882,3.369271956344594,0.9040522817919739
2952,20.11903389659388,1042.4422850278152,1701.4303400347983,3.3683619216539435,0.9042891916604091
2953,20.16565156770127,1039.611899737129,1702.326916507138,3.3616663258449555,0.905773860363737
2954,20.250842742561897,1036.01139010798,1703.5882124711848,3.346492129192338,0.9090871708004844
2955,20.32426807730296,1036.3940779272862,1704.3501523383948,3.3283382815735476,0.9129183899738583
2956,20.31194995947818,1034.964781599029,1704.619419865356,3.313378215090618,0.9159509528811288
2957,20.279050063302826,1034.2590204252433,1705.3515831815153,3.3032659846426835,0.9178937286460207
2958,20.29965053857159,1038.9961204692709,1706.4554381412586,3.2968717324696986,0.9190533484343865
2959,20.204523235646484,1036.3086417982424,1708.829598681016,3.2973705150075934,0.9188206259007987
2960,20.11528880522874,1035.6583199541053,1711.3413528333683,3.3045801110282373,0.9172911859160264
2961,19.973772222420894,1034.7359764306816,1712.8883248364978,3.321359423208514,0.9138625354900984
2962,19.90688381338312,1034.68221664384,1713.9714480267203,3.340543937584056,0.9097796441188001
2963,19.918061108346194,1038.1684894255468,1713.9960998880474,3.3579974530505883,0.9059349685990304
2964,19.82589076513376,1037.255656349715,1714.2457876685376,3.379151394375136,0.9010288364816388
2965,19.788631820305262,1037.6905745129377,1714.5833388007602,3.399871225364046,0.8959739055886412
2966,19.740492450397355,1037.6081956633147,1715.313967147932,3.420733157673512,0.890622600714616
2967,19.864124367569175,1036.7638512585465,1716.3861301016982,3.427098417525988,0.8888948946703487
2968,19.825325311091365,1037.9186158706127,1717.0898547672355,3.4363615915471066,0.8863901447530048
2969,19.875689461699842,1039.8785742870991,1717.1836929382441,3.441323364419563,0.8850455771200821
2970,19.91808149818886,1039.8908987858513,1717.3560106832024,3.4419370582741515,0.88486935514724
2971,20.024264843858717,1042.4509456849032,1716.5442444251444,3.4356983796824565,0.8865988155524033
2972,19.974475788412803,1043.151478709567,1715.1949031118654,3.4351810278149526,0.8868133350775937
2973,19.804388639956763,1043.7961645554099,1713.0010969372925,3.4491437035548844,0.883142127395137
2974,19.861089226483838,1041.1837208073855,1710.804866176047,3.4539845182571294,0.8819251967265204
2975,19.90824119199366,1038.9821964447822,1709.1259524844502,3.452436375273379,0.8824488396838103
2976,19.776880913915953,1042.0853134111892,1706.630917510835,3.464247616377818,0.8792764659492665
2977,19.748746445220927,1039.5663619415302,1704.36372611178,3.4743276555541533,0.8765185679612013
2978,19.8765020603001,1038.090384959317,1702.09428548805,3.4710372602159247,0.8775918577671203
2979,19.907359382701653,1039.4834093291943,1700.6710161770498,3.46687060207555,0.8788626632173865
2980,19.771085000298733,1040.6632456852772,1699.02243922623,3.475482241215608,0.876481155149269
2981,19.625545393216168,1043.0433913853226,1697.4820559968937,3.496236672150477,0.8704498012927931
2982,19.731124309878997,1042.0561166002628,1696.3072876738033,3.503881016709878,0.8682067088574733
2983,19.671733494379374,1043.0924492938304,1695.7272012253366,3.5157862642075535,0.8645865958303839
2984,19.806154184783967,1044.6270455990395,1694.5746293918814,3.515723863142522,0.8646689732173596
2985,19.70442893808121,1041.9143112876711,1692.7906970637314,3.521934854290351,0.8628335484868461
2986,19.76260775240261,1041.944225036826,1691.476996889313,3.522296109119587,0.8627922373161327
2987,19.770403834884014,1041.212324008143,1690.6789311323025,3.521401925041496,0.8631154393774269
2988,19.783320987984602,1041.2962377390036,1689.106358654898,3.5196765431266117,0.8637398416882505
2989,19.63447368343587,1042.385135093658,1687.3739452015911,3.5312487380842477,0.860194418629299
2990,19.643714859125986,1039.298572175717,1686.9215257559679,3.5376493075061495,0.8581779701641931
2991,19.782463157611353,1041.2399831981372,1686.400126297755,3.5330269702128345,0.8596822864719723
2992,19.89363458285551,1038.0193589927278,1685.504373233897,3.5177169328620743,0.8645466526448391
2993,19.94114143699367,1039.729450668228,1683.6611158890653,3.5025732714209585,0.86929863750575
2994,19.91464780998287,1042.45929655107,1682.4405971903245,3.4943842917259946,0.8718336460702114
2995,19.89652405964115,1044.2377056640935,1680.789444583015,3.4904948785434957,0.8730851469983723
2996,20.081969530574188,1047.1816472422156,1679.7940322168242,3.4743765756822587,0.8778678225686348
2997,20.245802250310284,1048.3438509106606,1678.192448457283,3.4486497834525554,0.8852256507059735
2998,20.266466272490824,1043.8893468433448,1677.8646149983324,3.422497544856714,0.8922745521215422
2999,20.264914222858376,1042.5307081039716,1677.9716663037268,3.400152411817121,0.8979818256146788
3000,20.275670461864976,1043.1919536972,1678.2153572085613,3.381450304541517,0.9025372729245873
3001,20.548893796024583,1043.1952435556666,1677.5191710411564,3.343789252840999,0.9111775455461106
3002,20.527282407929253,1043.3296322282774,1677.152301166474,3.3147748709182183,0.9172642686343663
3003,20.49488649917958,1044.2962275561003,1677.7630694717009,3.2943612174723955,0.9211976524561796
3004,20.373409568717054,1046.2550468616016,1678.9450033734938,3.2890299837991774,0.9221241290912706
3005,20.403816403517126,1050.2049467022364,1679.8485597664935,3.2851596499267965,0.922783241820283
3006,20.486109311746905,1047.8224292387013,1680.7809338423885,3.273459816488474,0.9248252379162621
3007,20.418159055882757,1046.1754221392332,1681.8000661018023,3.26817371061107,0.9256854638188785
3008,20.44304997689939,1047.3756762988214,1683.7926943808693,3.262712409870768,0.9265011045270233
3009,20.473505973170305,1047.6449251479003,1686.64256021972,3.255948831378365,0.9274631774764986
3010,20.415990046005216,1050.6344731121683,1689.0475499051408,3.257362996843512,0.9270884200162306
3011,20.37224946284603,1050.4891028985442,1691.2499973226961,3.2619871930992015,0.9261866261595355
3012,20.42211476199684,1050.7077235317356,1693.2470751060764,3.261869318980956,0.926089479204928
3013,20.492261823261664,1052.705722646538,1696.5508911014035,3.2575507316882235,0.9266173528808053
3014,20.56708619470194,1048.9033803576951,1699.870619526842,3.245020271703718,0.9284506487785334
3015,20.668880163949282,1049.5341176152954,1702.6015624906208,3.2269035287162766,0.931050038938133
3016,20.70104742590033,1056.2331772317743,1703.512800919339,3.214483579889993,0.9327701483931471
3017,20.786248277794975,1054.8576721865593,1704.713730458218,3.1962967264214277,0.9351218233452817
3018,20.853786673641125,1056.4037281962555,1706.1731196384824,3.177033087211987,0.937373232266467
3019,20.82132227840258,1054.5145773238778,1707.3757416112217,3.1624616953796223,0.938913221835225
3020,20.89296781704794,1053.6335336830623,1708.740214124957,3.1439922116665278,0.9406789952696755
3021,20.974265787185313,1050.8614938865546,1710.519622587835,3.120107902816004,0.9426353209968373
3022,20.956053443155113,1052.8283803798959,1711.5880526995606,3.1034980485016885,0.9437878645405903
3023,20.84086673713924,1050.7274623318035,1712.6513579772186,3.0977027315352093,0.9441064650069235
3024,20.834748884648306,1054.3498427681468,1713.5071873612542,3.096189042138131,0.9441514958281623
3025,20.830393642172822,1056.1938015755989,1714.5163585730147,3.096697760106057,0.9440589740222087
3026,20.804965010595478,1053.8509661810317,1716.225632880972,3.0974217530539643,0.9439106869582883
3027,20.815742858135117,1054.7404152076776,1718.3176293888846,3.0978070850344532,0.9437609280196504
3028,20.841926557197873,1056.9481865278183,1720.1300129139554,3.097652400489072,0.9436624522322052
3029,20.946389843885477,1056.1053764099959,1722.3580447231168,3.088351654924675,0.9440961475070524
3030,20.766760717446804,1056.9870258894175,1724.8563694900836,3.09607086278088,0.9434801723817693
3031,20.783753280633313,1059.694000964635,1726.5427696891963,3.103058454116231,0.9429236408404107
3032,20.721503995620484,1059.8606377266053,1728.5425190221902,3.1140012679745173,0.9420268521707813
3033,20.747114318762264,1061.3946337085752,1730.6455826053116,3.1220412006935345,0.9412807785291368
3034,20.949747015744357,1062.6698323368742,1732.115572478599,3.113038851688746,0.9418848927990053
3035,20.918451587702894,1061.7875801287569,1732.8545225650532,3.1075474052150316,0.9422369767574609
3036,20.895422948081524,1061.2255630437473,1733.5844686525543,3.1045014346201767,0.9424046839288985
3037,20.885673518060095,1061.3832558899678,1734.212018525043,3.1029196779454895,0.9424745340668299
3038,20.922626830316215,1061.257660624113,1734.6094206923972,3.0985078627736895,0.9427416276649091
3039,20.974178147347768,1059.6606574352354,1735.213833206841,3.0894700662942034,0.943261749039873
3040,20.89946242569409,1063.561462497968,1735.5138616267477,3.0911138505819897,0.9431465823671962
3041,20.974971423407503,1064.341113734615,1736.3089066655573,3.086880574739739,0.9433457939192013
3042,21.0,1068.480294091049,1735.3314960288396,3.084493173619419,0.9435383162525957
3043,21.0,1066.8143932867822,1734.7710200254194,3.081276083692731,0.9437466005759678
3044,20.866305287022264,1065.794539932425,1734.0893348845073,3.0887925927614934,0.9433685895051431
3045,20.93097257032351,1068.4056379033482,1733.2473037120449,3.091645509872518,0.9432503603924638
3046,20.79060710069258,1066.132132447481,1734.1806388896462,3.1037367979571626,0.9424211513002151
3047,20.927299485823475,1067.7388664378498,1734.4968416433749,3.103695843370393,0.9424050297611525
3048,21.0,1069.362574094928,1734.3785521602674,3.098948697579488,0.9427269395749514
3049,20.911182317911848,1067.2819579669506,1734.5430591495112,3.1007412732184387,0.9425999382595529
3050,20.805649416334415,1068.2342559063911,1734.8804412924287,3.1115552712015027,0.9418286942336963
3051,20.879449927167666,1069.6985829999053,1735.2591283728373,3.1154988030850186,0.9415133080063856
3052,20.830274251628968,1072.4396077628144,1734.791195099937,3.1248233501552836,0.9408089366616124
3053,20.84599496011177,1072.3227535669155,1734.8375070420373,3.1310964406835864,0.940281882353319
3054,20.80388152420836,1073.1392450742615,1734.9472968207656,3.140299152478375,0.9394602679869987
3055,20.823909169936474,1072.3423148073675,1735.1074831188675,3.145606237659429,0.9389559042401607
3056,20.874396960539794,1070.7287092172405,1734.540332138484,3.1446122994336534,0.9390837371402464
3057,20.89128791499572,1070.4373051954433,1734.476572002975,3.142196639849901,0.9393134756524747
3058,21.0,1069.3049024029833,1733.5881871668244,3.130475750893574,0.9404094080771457
3059,20.958488202405263,1067.2679213438255,1733.9882715374774,3.1227170083681046,0.9410272033647124
3060,21.0,1067.2175270624343,1734.8219522001896,3.112924397321046,0.9417316856073791
3061,21.0,1068.8485593608773,1734.8186172893923,3.106127516680081,0.9422188565434216
3062,21.0,1068.4691832225344,1734.1936148562168,3.100267266193902,0.9426520165411442
3063,21.0,1070.9430667200354,1733.8086256029753,3.0973321167193464,0.9428648934688401
3064,21.0,1071.8845363507194,1733.0280993295476,3.095637045191008,0.9430186686870636
3065,21.0,1072.867858414625,1732.303289879956,3.0949904780180826,0.9431023798394201
3066,20.954762331707773,1071.9263937402247,1731.5245681159956,3.0974453678952782,0.9429942641626213
3067,20.950995141890864,1069.5660305997876,1731.2438337829044,3.097981797812246,0.9429767274798807
3068,20.89244562133242,1072.2829771655643,1731.0148251777723,3.105260348767923,0.9425061808187696
3069,20.80732620962707,1069.9523401501451,1731.2506948664923,3.116422757292482,0.9416826345714128
3070,20.616362458098454,1071.8663068408716,1732.0221543849602,3.142628448875729,0.9394195917588283
3071,20.635446023747075,1072.3185449257728,1732.297736654404,3.162899498981371,0.9373851793530849
3072,20.631361565604617,1071.5644196120825,1732.8451104534222,3.1792854232502488,0.9355294997398406
3073,20.536932021065013,1069.6338644230038,1733.5768332027433,3.198979163807562,0.9330694702133462
3074,20.528174253736456,1070.1827546271988,1734.0931520715715,3.21625867680502,0.9307172743999595
3075,20.43143475716124,1066.4408771278938,1735.0123463691812,3.235504569733587,0.927857619237434
3076,20.53586262540129,1064.138001010599,1736.003453951292,3.241011382197761,0.9269543167247665
3077,20.609416867936375,1065.0970520523983,1736.7183644867528,3.2402411583060164,0.9270315850680781
3078,20.41937703454298,1062.839320248043,1737.4536448244191,3.2534327846556015,0.9248945714845258
3079,20.288592230125325,1061.7195402045986,1738.2303285368578,3.2740910987664282,0.9213560356523174
3080,20.20810095104483,1061.3118899330038,1738.5276313147913,3.2973004800584387,0.9171058866728244
3081,20.064554287242952,1058.1347930638074,1738.5743895424314,3.325660920850664,0.9114943859973098
3082,20.104360373893297,1056.9708447880298,1737.3445071998383,3.3447835840027347,0.9075165805926634
3083,20.070117996306685,1058.1213609618383,1736.0899392803508,3.3641322451112097,0.9032765161044174
3084,20.01104512508458,1056.75125215424,1734.9909305078893,3.3837897799978855,0.8987397226720464
3085,20.0832682374455,1059.1796744883382,1732.9124657086443,3.3958427731474035,0.8959301846337062
3086,19.98678063203639,1058.08097114604,1731.0488556381872,3.4127805749172633,0.8917849533494332
3087,20.103403806658704,1059.4239516811222,1728.4134786490752,3.4181544198229346,0.8905521587290206
3088,20.12718930646395,1060.8387714521552,1726.4704282966034,3.421686825348402,0.8897448845203171
3089,20.034138459343886,1057.4006678250992,1725.6244591183442,3.4295883067638817,0.8877168885307687
3090,19.78641024185639,1053.5131405694892,1724.1134425959272,3.4533729008524126,0.881351643437679
3091,19.77019812222418,1053.722511872939,1721.6833026256922,3.47435940712676,0.8755483266188671
3092,19.928270832344047,1053.7826576503726,1718.7696538245445,3.4786961106084693,0.8744541671891696
3093,19.932457099906003,1054.2729901952916,1715.1016440743952,3.4822807970822667,0.8736118530693272
3094,20.039767742321875,1054.6042915145147,1711.9508040952142,3.4767012780898883,0.8754111237267762
3095,20.052861886774004,1056.9046260298448,1708.6151057062712,3.4727950719250993,0.8767244191881465
3096,20.154749662106507,1055.353632136485,1705.4327506137074,3.46009316248642,0.8805164520676267
3097,20.362340855360245,1056.8600812681718,1702.8861264098425,3.433852119977563,0.887860816253879
3098,20.43525775088319,1055.2114834479514,1700.3427214166168,3.4051293564660785,0.8954651451084701
3099,20.517401107591137,1058.9739531214236,1698.4828342497703,3.3777083623496327,0.9022706641273677
3100,20.657722522471378,1057.6110921703203,1697.2599436703204,3.3427257582711,0.9102714557286715
3101,20.687233010900147,1057.233550337859,1695.7908350706168,3.311343004186963,0.9168675916240749
3102,20.68031323002441,1056.1719802006462,1693.1592904669028,3.2853720833074034,0.9219680318085125
3103,20.740361990473634,1054.5480888078584,1690.9753882754121,3.257941081589306,0.9268795039467738
3104,20.70346628951662,1054.3186878638078,1690.1880002082953,3.2382893497489715,0.9300695929176671
3105,20.782933853121907,1052.9635590581618,1689.7152857181895,3.214656362965005,0.9335608451669578
3106,20.908801170961915,1054.3915167127452,1689.8300085709438,3.1860709725751315,0.9372745945834933
3107,20.902561427263738,1055.677810025492,1689.961102398707,3.164113302054887,0.9397725487457844
3108,20.800638494109506,1058.0827310204318,1690.573231135457,3.1562552745978247,0.9405579640170967
3109,20.95222431892916,1057.6953655058537,1692.4551917876645,3.1371312501497504,0.9422799346037039
3110,21.0,1055.2714474707795,1694.9535606011832,3.1157128394107043,0.9439042469491432
3111,21.0,1054.0537537267062,1697.9527215423072,3.0972291661341673,0.9450157551181512
3112,20.984568937668747,1053.4228806873,1701.7110692486256,3.082856640443326,0.945640469025781
3113,21.0,1053.0704170827262,1705.3711774972587,3.069543680478068,0.9460876495164064
3114,21.0,1053.0765155107254,1708.6687019111698,3.058631663718124,0.9463496063923384
3115,21.0,1053.283801776128,1712.0412947980305,3.0498405183916146,0.9464608222961042
3116,20.862612435303962,1051.703710140125,1715.17650760612,3.0526645417340186,0.9461777640135554
3117,20.924999930646834,1052.7687637574775,1718.3528899529533,3.050687115290089,0.9460544959750049
3118,20.93357700142611,1053.5187474005822,1721.955421192369,3.0489316950161713,0.9458959696618112
3119,20.877720549577738,1051.4979567517873,1725.4801857130021,3.0505291219061186,0.9456324902523315
3120,20.886300783900985,1053.4131550163409,1727.7697935816384,3.0525857250949824,0.9454256173485698
3121,20.852648516029777,1052.2151501663504,1731.0036309671436,3.056116511373693,0.9451058150144533
3122,20.68594618811014,1055.4579863636254,1733.9653861725928,3.0750862545249684,0.9441120539544088
3123,20.69437705952578,1056.557093222652,1736.4691777323437,3.090783397882352,0.9431091117982607
3124,20.77367551029246,1055.1482245154257,1738.725112029055,3.096109681296091,0.9426482685145516
3125,20.70354597643561,1052.971214945339,1741.1835929689714,3.1045623999671528,0.941946293423061
3126,20.612978576686572,1052.1326617590519,1743.5617598408844,3.118260850976082,0.9408065130295313
3127,20.671966734933726,1053.2130997888128,1745.5057944440912,3.1254898796619455,0.9401150659420764
3128,20.629268566750756,1052.4175201901062,1746.4857071553108,3.134305519311644,0.939309327676701
3129,20.645078323184478,1051.8087874149394,1747.8216131410443,3.139782168550606,0.9387402662965771
3130,20.62082073660915,1049.564673650443,1749.3745788892463,3.144558800895532,0.9382051615920914
3131,20.543713667879587,1048.7174388224944,1750.562955478768,3.1541363195450223,0.9372029706696932
3132,20.40867190533966,1047.9259567054498,1751.8485568883186,3.1724271371918813,0.935184884503393
3133,20.404899441682105,1051.2270259039415,1752.3073595792007,3.190229501706461,0.933063628018258
3134,20.243955715799423,1054.0745393703378,1751.2848761138262,3.220132482068144,0.9291568321066098
3135,20.22716839626084,1054.5130498724739,1750.2293945808426,3.2463562996570325,0.9252805147377849
3136,20.20500272456232,1055.288733463829,1749.5680247163814,3.2702576255661886,0.9213606329008185
3137,20.18138207326834,1053.6853879718292,1748.606128291081,3.2905748632434886,0.917778566594902
3138,20.159120249362722,1054.6390544434316,1746.9166669374556,3.3097752062409733,0.9142106318551337
3139,20.231813836300944,1053.5845415237068,1745.7693244620355,3.318781755807007,0.912481814369892
3140,20.22105725438144,1050.1912012961893,1744.8461353861035,3.324480789113614,0.9113744509192667
3141,20.167084390907416,1048.470250369265,1744.319585923343,3.3322636199273736,0.9097888123992334
3142,20.28605512060287,1049.1340836918441,1743.5123042066596,3.329425111155814,0.9104289758570132
3143,20.027601881387785,1049.0725180157344,1742.3861689485,3.348171789020653,0.906487012130519
3144,20.0257891404339,1050.379018211041,1740.1989099417954,3.364679916208224,0.9029159239464949
3145,20.112540718670587,1050.6913310931582,1738.0187789746028,3.371363350067411,0.9014996711900334
3146,20.04119442982842,1051.946667342961,1734.8070210027006,3.3836232187609774,0.8987900966390633
3147,20.098047569433405,1050.2736124834244,1731.908541502272,3.3877654430473725,0.8979585337921416
3148,20.003748332507193,1052.3998811820636,1728.8482547354402,3.400475659739998,0.8950138854745867
3149,20.1210102480242,1051.1595411922196,1725.9696035568438,3.4003776966595787,0.895201634965785
3150,20.169255744312423,1052.6210117117228,1723.0139157715587,3.3974596166897055,0.8960934721484397
3151,20.141534106722442,1054.4292566928634,1720.5929058502102,3.398699236544005,0.8959239067065423
3152,20.123139713561866,1054.5455759481,1718.3075496627546,3.401306851990572,0.8954048494545874
3153,20.060613944070404,1055.7250861405894,1715.7259069356512,3.4094464122451207,0.8935016245723023
3154,20.111098529696672,1056.2766158542856,1714.0150772649492,3.4124122077800267,0.8928424997771826
3155,20.051088411060707,1054.7140330797602,1710.9855246798538,3.4185668744360393,0.8914294125499771
3156,20.0434749398297,1052.3130604653281,1708.4951607759056,3.422420738666457,0.8905672379907765
3157,20.003060744357278,1052.763131442447,1706.7166293445775,3.429223809048108,0.8888775525932949
3158,19.9260134736026,1054.0919144361687,1704.4303065753684,3.4421031896703878,0.8855488872781819
3159,19.719501171000637,1055.7669393274523,1702.4277836955484,3.4708067859671,0.877639478336574
3160,19.862791346146796,1057.0872638148194,1699.590181388793,3.483632227129909,0.874074066636553
3161,19.914316933551095,1056.2577861128773,1697.7738044613977,3.489311332738065,0.8724990006743616
3162,19.864872489301074,1054.662798136108,1696.6009575073504,3.496802988410427,0.8703283701445896
3163,19.995342919812867,1052.0913449395312,1695.6229422453323,3.490340083863728,0.8723124501882338
3164,20.066443561706507,1052.4019281107746,1694.6243408460311,3.479464958557347,0.8755680920372668
3165,19.90283480972324,1051.9941962900448,1693.4694084239752,3.483609217761715,0.8744194231891067
3166,19.870656211220272,1054.1643988575474,1692.4341334388205,3.4912778185199915,0.8722096368111747
3167,19.866684618174894,1056.6247660346899,1690.7258102576318,3.4997506673113663,0.8697643394815379
3168,19.819082484425106,1054.7605174610944,1689.3002403548107,3.509179077768688,0.8669744286873684
3169,19.71505406963409,1055.7369881095326,1687.5406029624733,3.526149788210633,0.8617972061332089
3170,19.679133881569957,1058.957641886312,1684.8787809772118,3.545435982796874,0.8557791408541306
3171,19.8478304607455,1057.3322303282282,1681.183520838591,3.546235966769455,0.8557195722976839
3172,19.979701579500023,1056.8655096026582,1678.8099695313756,3.535762604933821,0.8592221760131561
3173,20.059210635156216,1057.6372329942292,1676.9799881692152,3.5212603910844043,0.8639076037510363
3174,20.006443876650195,1058.442295414675,1675.023823369177,3.514289302422852,0.8661828319723283
3175,20.09044484399686,1058.5064249408576,1674.1375672077982,3.5017569325906033,0.8700697261927945
3176,20.09475079563388,1060.2161284324086,1673.6763706523172,3.492421042799995,0.8729037088148002
3177,20.080198034494373,1063.082070052084,1671.914173307974,3.488121516676491,0.8742797753456774
3178,20.27351694056381,1063.4049911350842,1670.088953109075,3.4690420125899717,0.8799426947264903
3179,20.303978056615637,1061.3438279613379,1668.8150731929186,3.4493492974759183,0.8855571403709724
3180,20.211142291729733,1062.23547310859,1667.399163279632,3.4414618935201933,0.8877996219851488
3181,20.328859742109348,1063.038542576021,1665.3836640626555,3.4259814727488545,0.8920623184870597
3182,20.5249386664858,1061.8063946729217,1663.5536815637527,3.39633245420157,0.899750148110845
3183,20.473964810235664,1064.8303521765513,1662.8125861292817,3.3784719543983015,0.9041261573233182
3184,20.572997830322343,1065.0891727728942,1663.0508864135286,3.355929034528973,0.9093247676663491
3185,20.66807528271754,1066.1202059241082,1663.761480177386,3.3304535718887065,0.9148214761756231
3186,20.689623319057294,1066.27892440096,1664.1811147356211,3.307922778162503,0.9193772884000923
3187,20.749308622376983,1064.023250504749,1665.4827462460412,3.2828647548541956,0.9240393416159575
3188,20.57211952075559,1064.1554922536664,1666.8691848557035,3.2768970438880656,0.9250307508046406
3189,20.52528445763958,1061.7456524201077,1668.3779161248146,3.274009043339509,0.9254537182872081
3190,20.477828061828344,1064.0763036794883,1670.7444100356886,3.277280991907478,0.9247360232548555
3191,20.627845378778165,1064.159290032366,1672.999852632936,3.2677673122748487,0.9262705031007825
3192,20.472709973433528,1064.049926605244,1674.564647783381,3.2725610815499526,0.9253463131256039
3193,20.29923409742306,1062.3861317164206,1676.9969495562416,3.2894105920071626,0.922167173656121
3194,20.352594041299064,1063.1042047809774,1680.274923503775,3.2994094792053326,0.9200932745373522
3195,20.41121518484712,1063.7779689394124,1682.7545726802507,3.303327412560862,0.9191950436377662
3196,20.358435755564276,1064.6262287961272,1685.5343114670459,3.311494537325066,0.9174325493231426
3197,20.40952770124288,1066.1890962791929,1688.4094006385787,3.3151978736480556,0.9165268765895421
3198,20.38327764687304,1063.3682175723775,1691.4973509741699,3.318247179573658,0.9157335088546937
3199,20.548941301157527,1063.9826484836058,1694.5305312269704,3.3076740863734124,0.9176640773089286
3200,20.679315269513644,1065.938956183033,1695.8940319979283,3.289828957875916,0.9209883499466599
3201,20.765338708038755,1064.0356576274035,1697.1229778936824,3.266727223403641,0.9250372455644101
3202,20.736793023617295,1066.4400095205851,1697.7504118524496,3.251934244498542,0.9274680781758351
3203,20.8714646998165,1067.0002694754003,1699.2273806944304,3.2292221889432025,0.9309069901375709
3204,20.811587816772498,1068.2292906999496,1699.5304905064288,3.2164205823159393,0.9327349424916986
3205,20.866573556483146,1069.402908484868,1698.5555368105063,3.2023170852778278,0.9347072225708408
3206,20.883064890788397,1070.9862087187041,1697.8660257777728,3.190601520843931,0.9362432634928985
3207,20.91893235762482,1071.9551901276711,1697.5245667183865,3.1787962185634426,0.9376822439497652
3208,21.0,1070.9162932406903,1696.9963827339736,3.1617056169119846,0.9396102621495789
3209,21.0,1067.401463479786,1697.3395064493952,3.1450341122585455,0.9412597063068425
3210,20.906860330473826,1071.6499441424517,1697.0586981383008,3.1421867036173796,0.9415437648883584
3211,20.93358911468015,1071.3904318486702,1697.905522175485,3.1374713609921843,0.9419244970014491
3212,21.0,1068.4886061578268,1699.8500295603296,3.125983902268908,0.9427988039736075
3213,21.0,1069.3662069448399,1702.092404863389,3.117227652310804,0.9433623140004314
3214,20.863021595619227,1069.8914818548872,1703.9861684662658,3.1216385103831508,0.9429042186238212
3215,21.0,1068.6668551398755,1706.6265273361398,3.1131357209999293,0.9434002883857764
3216,20.997025760474354,1067.8936807733558,1708.748070585532,3.1058219687386344,0.9437982062713349
3217,20.876961244978567,1066.7654718872416,1711.267358241152,3.1087834381727864,0.9434394180493673
3218,20.876231082708962,1067.4916717876276,1713.560231027973,3.1118205190941546,0.9430829890997535
3219,20.75967242439626,1063.713747051171,1716.4121810135705,3.1209799879062294,0.9422147468289909
3220,20.591320887995227,1064.3490226974218,1719.528535272537,3.142728708275389,0.9401545931602168
3221,20.497420146759143,1063.334170555757,1722.4677889269672,3.1674689993328142,0.9374780370782068
3222,20.429346186996224,1062.3834193455348,1724.5946197284088,3.1926002740768005,0.9344111140322494
3223,20.516851313420116,1062.6567783495339,1726.515421984223,3.206263659842532,0.9325310391210051
3224,20.386065848679657,1062.4138950243218,1728.7277106034262,3.2279718045551618,0.9293534244029255
3225,20.424584158377368,1061.9740532859885,1730.6720679060445,3.242292246596841,0.927068521106548
3226,20.313135068882087,1062.3995632257988,1731.470187709646,3.2634643141790693,0.9235813101560137
3227,20.338438974807143,1061.9265572231884,1733.025829971952,3.2783999818663276,0.9208987319442774
3228,20.423926328176456,1057.8658859391558,1734.826464719705,3.28059133536181,0.9204020056577689
3229,20.480739299699067,1059.0916036545427,1735.4874221489501,3.278672131788111,0.9207064896647874
3230,20.54120381752893,1061.7955244093725,1735.7181969030087,3.274201388551272,0.9214835340951353
3231,20.536690732260965,1062.0286807665477,1735.1657662987989,3.2710804546311874,0.922060509335066
3232,20.593345493462877,1059.0235048688226,1733.9519609405386,3.261619548752617,0.9237465896201279
3233,20.640766838434878,1059.7100284070848,1732.1787971143042,3.2505053454160038,0.9256781292599693
3234,20.704756210942186,1061.0550820034669,1729.9790212867392,3.2371793476775483,0.9278987671208363
3235,20.796947363210442,1061.7019395918855,1728.4836863573871,3.2192071929054977,0.9306334281759835
3236,20.975643048387077,1063.0921734582096,1726.0824564230363,3.1909180314027226,0.9345323145664673
3237,21.0,1065.6349271045112,1723.920518845776,3.1676527906412426,0.9373716708746641
3238,20.906879598554294,1067.6286033285755,1721.1155652506613,3.1576923116483653,0.9385938509883387
3239,20.786640436279924,1068.8974648434983,1718.6801438388761,3.1603099225205487,0.9384674356609457
3240,20.780440319355833,1071.3873016006653,1716.7103724153408,3.164845353579194,0.9381040878182124
3241,20.74601689279199,1072.3326810143192,1715.1807105870203,3.172092196302803,0.9373999183717452
3242,20.920113794583205,1073.7453511745566,1713.8873728513909,3.164875387162924,0.9382686509558277
3243,20.848698850838908,1073.7485801434784,1712.7514969828333,3.1647960739715115,0.93834468237211
3244,20.819467780597872,1075.7717584572772,1711.8538104214858,3.168649323019883,0.9379794859418782
3245,20.840614605098928,1076.4869812146646,1711.2345030414192,3.1706215771459063,0.9377983693374969
3246,20.732816943815575,1074.5637269837268,1711.3855149747174,3.1795940702107317,0.9367667554390676
3247,20.824581078685462,1075.6318341933886,1711.904470534685,3.1802600384728255,0.9366580201685838
3248,20.884748516164837,1078.7058130835524,1713.11394783229,3.178213177497892,0.9368249125221553
3249,20.92657014926942,1080.0,1714.187942453665,3.1740954929499745,0.9372331580334741
3250,21.0,1080.0,1714.5263681494662,3.164718304218979,0.9382475380734493
3251,21.0,1076.571594616949,1714.5124106333926,3.1544371349899762,0.9393179581184854
3252,20.96497901856531,1075.1566507355576,1714.690347874459,3.147798793250705,0.9399619642382567
3253,20.84378379136143,1075.3398976929614,1714.6983639883586,3.1523979616914004,0.9395109827664003
3254,20.936723470368126,1077.7459555427608,1715.4656642571138,3.150393228978792,0.9396633457780023
3255,20.88725601973834,1077.5625374311312,1715.7547721217743,3.1526531641275275,0.9394227133283415
3256,20.694741104819215,1077.9037650156747,1715.8880223610606,3.170496597850596,0.9375358445573198
3257,20.606175132805838,1075.9689914804737,1716.3749298327702,3.1909031359438336,0.9351092876670994
3258,20.463344637191888,1077.0723095445098,1715.9635272956093,3.2201427137382717,0.9312392961526568
3259,20.366197037132668,1074.9158391606863,1716.376113017711,3.25042777779638,0.9266183556804883
3260,20.4690774193558,1073.281609742188,1717.1584406646696,3.2656186680483694,0.9240537762345087
3261,20.522069962344222,1073.9525606056025,1717.9539896645392,3.2742518862947283,0.922513049611055
3262,20.65982981010552,1073.1488514406865,1719.1535998386548,3.269465786369013,0.9232767986054393
3263,20.779902710135186,1070.1151792266376,1720.5988639954362,3.2534353708456814,0.9258831333720747
3264,20.595711955754286,1064.9430951778254,1722.4992318627328,3.2514324030236543,0.9260967427409772
3265,20.727173362629845,1064.0187554612141,1723.501199958019,3.2383481424139635,0.9281007923995113
3266,20.515123883556328,1063.3342972200523,1725.2593522653165,3.2444302817135866,0.9270516991938809
3267,20.392600937412208,1062.8528101748173,1726.6187944923647,3.259066206891977,0.9246029704267215
3268,20.21809503117346,1063.3739172520611,1726.5291492022855,3.2857222451464843,0.9199577825903655
3269,20.238886075062595,1064.9287698678586,1725.518114068111,3.307056620986103,0.9159856572219964
3270,20.186625519766263,1066.708220922474,1723.33680384484,3.3301668067506958,0.9114399042044332
3271,20.134608235212788,1064.5052257643606,1720.8896121428024,3.351702547231838,0.9069451351800404
3272,20.1060782825792,1063.663614136767,1719.317629016028,3.3710570637651305,0.9026405413898806
3273,20.173545932786354,1065.0956763977313,1717.9055352147025,3.3824969500167907,0.9000232774331968
3274,20.21510012906587,1068.7058408495814,1716.9616254965333,3.391211132148789,0.8979724429930777
3275,20.322021774310546,1068.1235846299799,1716.8766691936178,3.389178938945614,0.8984718937108771
3276,20.2979224855151,1071.156115140074,1715.23243126923,3.3917745274650053,0.897933277872385
3277,20.436527748906496,1067.5186657801416,1715.0177120023209,3.3798261762104524,0.9008245701545832
3278,20.444501542702568,1064.9620522315656,1713.8590460082241,3.3674441099099806,0.9037896938682115
3279,20.555276812869895,1067.3304944048552,1711.760443101696,3.3500288027485268,0.907840016760407
3280,20.423240730218534,1066.9091005550904,1708.9276085580802,3.3462196657999814,0.9088394454633538
3281,20.391627153288308,1069.2907743438968,1706.2215200165629,3.34748018039325,0.9087192466200485
3282,20.473432614142435,1069.2828349687884,1703.4024156330242,3.341822657931149,0.91011297861153
3283,20.56527630662798,1074.8875440443028,1699.8012606634766,3.3339151830233966,0.9120109793121608
3284,20.59862699938094,1077.4883691612242,1696.0602614407965,3.3266718587756605,0.9137437533205867
3285,20.75003587603742,1075.2854426536312,1693.3854046416964,3.3066937870524087,0.9179224987551955
3286,20.699475492833333,1075.0320564016579,1691.3911675699794,3.2942520027482884,0.9204247461245941
3287,20.728165103191646,1074.739086870858,1690.3711732675215,3.2814837396951435,0.9228366526656232
3288,20.832198955476617,1076.243906994865,1689.1251683645542,3.2636497615965863,0.9260300761507526
3289,20.722167014058606,1073.7274377230651,1689.3442785420639,3.256115259038969,0.9272772807061075
3290,20.669815698064003,1076.8163424434788,1689.2647607683361,3.256550328453434,0.9272101326328919
3291,20.641836805406513,1076.8636576018578,1689.9163356088097,3.259229290741,0.9267271935494912
3292,20.606203404461198,1074.426749531008,1689.9560162689056,3.262495698840493,0.9261766639641695
3293,20.56337956328407,1075.4900585034966,1689.6538129595103,3.2694775793662734,0.9250006766457142
3294,20.63929700501513,1074.0981094211734,1690.0218885780073,3.267946434552915,0.9252434649260605
3295,20.683065805699783,1075.7015850719997,1690.7399706807676,3.2643263370060356,0.9258206588626805
3296,20.705522316390827,1079.4670553085286,1691.1418838018142,3.262369406462738,0.926128509673726
3297,20.5827141430409,1080.0,1692.481932135689,3.2712035135301427,0.9245355972810039
3298,20.60736336203412,1079.3334287684015,1693.3951920118238,3.2759292192982,0.9236525800218355
3299,20.670653556858213,1080.0,1694.2750516315505,3.2751361511580708,0.9237413304501028
3300,20.748767298027488,1080.0,1695.7199586315198,3.2681023803548115,0.9248831522262211
3301,20.714170371746686,1080.0,1696.36191122908,3.2651619491118065,0.9253492573248064
3302,20.85025291465651,1079.9274924497395,1696.569100377103,3.251575314377954,0.927595618219324
3303,20.886634379397417,1078.3985966299463,1696.8136882237422,3.236305335357805,0.9299838169740867
3304,21.0,1078.5317543459016,1696.7991054106474,3.214620381278902,0.933147566624472
3305,21.0,1080.0,1696.4107693780975,3.1979487126486994,0.9354018228694153
3306,20.94747988680913,1080.0,1696.6435113615962,3.1885698880218913,0.9365661723949902
3307,20.86977644416303,1080.0,1697.2151204182767,3.187229177160948,0.9366961514664972
3308,20.799036957614987,1078.8729555989482,1698.0620715250473,3.191058579528485,0.9361749425347871
3309,20.790587340400695,1076.8111513399772,1698.2775740967265,3.1933304681688357,0.9358783501301307
3310,20.811822820928366,1073.6434165301955,1699.0092793362035,3.191063245869007,0.9361182462752711
3311,20.69504166057177,1071.551939074708,1700.4154452312157,3.19716632305114,0.935265173557482
3312,20.557955269435574,1071.651443062053,1702.2305117439762,3.2134487712385718,0.9329893117418996
3313,20.62515305959221,1073.4590562651533,1703.3201426678595,3.222675530922209,0.9316223621607362
3314,20.704555606488498,1068.6043732237679,1705.723679223842,3.2200825573511396,0.9318520035425619
3315,20.719644236279922,1069.2356375483619,1708.061476617638,3.2172005120257006,0.932121876374944
3316,20.57595913175103,1068.9597161919028,1711.0343858520514,3.2263705850554585,0.9306310907857889
3317,20.435380946401835,1069.034524760747,1713.7425499891372,3.2454346495246424,0.9275700450106927
3318,20.444463886751304,1070.0094506790088,1715.634048896953,3.261061968498221,0.9249134425299171
3319,20.28543485389061,1068.8935075458191,1716.9684190525606,3.2860285696132396,0.9204594165061138
3320,20.364288754444786,1069.5416287660894,1717.4690142346103,3.3005472214167924,0.9177124886199354
3321,20.20307316730265,1067.5303366122696,1718.0973574661714,3.3241065168086728,0.9129987150380137
3322,20.113776518177502,1070.9199355248165,1718.2465603689652,3.353284997974407,0.9067457427939282
3323,20.052577269504244,1069.0419554018156,1717.6899735131708,3.3807928021588993,0.9004421654527988
3324,20.096758385870135,1064.2891569477358,1716.7173533530615,3.3961456051294783,0.89677575197258
3325,20.063363892439025,1066.4022633766465,1715.8926168020375,3.4130614100287997,0.8925702061781284
3326,20.225097640981843,1067.8035179977646,1715.3257510908222,3.4147748366088893,0.8921627519521406
3327,20.25290891038036,1067.0889832154078,1714.9854617486353,3.4133669211738544,0.8925432539136374
3328,20.287950428893737,1066.656924951272,1713.8080227828211,3.409022201576526,0.8937179275233581
3329,20.16095367971934,1065.422921443072,1712.0462903260852,3.414904799197049,0.892314700845106
3330,20.11730640199522,1064.7932783158994,1710.5550159055101,3.422819374577351,0.8903469003217273
3331,20.020891355197147,1064.2551456392214,1708.200388062796,3.4367815357099682,0.8867764811282596
3332,20.135928653318388,1068.8321940427704,1705.8600017097635,3.4422899084293297,0.8854179647628245
3333,20.03997092283191,1065.1428747826353,1703.1475920372732,3.451859314433899,0.882942899114089
3334,20.126563993383265,1065.9909841520832,1699.919912688623,3.4532710123154917,0.8827315770149063
3335,20.151426824220213,1063.7352594747067,1696.879758383244,3.4506914861863054,0.8836165582887587
3336,20.216932037316273,1063.6457297793152,1694.4334345026523,3.443155504296447,0.8858227667127665
3337,20.168845179798584,1068.3243211916106,1691.459314800256,3.4444426722508035,0.8856380513835382
3338,20.15819280762934,1069.9145595822874,1689.5966076669738,3.4475708820503983,0.8848846333061918
3339,20.136071415274287,1067.8517622535298,1688.333796466912,3.45038429948878,0.8841793726025782
3340,20.139892330873238,1070.3840696315585,1687.0677402794977,3.454293480943297,0.8831650047011854
3341,20.07770195071566,1071.6308585933223,1684.9148426795211,3.4635237800575713,0.880690816190448
3342,19.988534876321545,1072.2668788843084,1682.533549664497,3.478860189990749,0.876414233780888
3343,19.98796185864606,1071.3752356082855,1679.7454268873814,3.490808790823722,0.8730493819544155
3344,19.849450614412607,1069.5543773646207,1678.1013885961845,3.510549213553307,0.8671677252986427
3345,19.851508635754822,1067.7781252027362,1676.0539482222364,3.5252253320530964,0.8627143440658426
3346,19.81499044979997,1066.3302795140833,1674.8146200929577,3.5391494440385323,0.8583534420986557
3347,19.779312966649975,1068.2409147471321,1673.4768061025525,3.5549272200257924,0.8532961740099175
3348,19.68180619949667,1068.0648507329001,1672.5549523264335,3.5757001449523544,0.8464151281767605
3349,19.899711180826518,1068.2836165446192,1671.206320262109,3.5750921352715195,0.8466929280323862
3350,19.925254759262664,1067.6773953564323,1670.0027151456761,3.572047842885164,0.847784693168517
3351,19.896495088387038,1070.5335767185384,1668.4268091111783,3.5740610365420604,0.8471900854546314
3352,19.75560122365544,1072.1769139020473,1666.7776073013983,3.588468064877315,0.8423653059740138
3353,19.924243321774107,1072.4389695822663,1664.7322797774423,3.5866985099482114,0.8430826556105249
3354,19.923463046732678,1072.6164925218288,1662.3019535008405,3.5854454463250414,0.8436421874910938
3355,20.130339045717317,1068.9708995965814,1660.5962169863976,3.56475595926553,0.8507335909632189
3356,20.14084970159989,1067.191218490175,1658.577729070189,3.545586210161564,0.8571535467372641
3357,20.11638230282654,1065.3271528275047,1657.1685105861823,3.5304572580830906,0.8620890719719494
3358,20.125348031804183,1064.3103518393534,1655.9161546096773,3.5165501364596476,0.8665271976324377
3359,20.12831211245941,1066.3722965105896,1654.4064458571352,3.5064629022287335,0.8697204974221561
3360,20.14053099935209,1065.8615102744607,1652.5584173247016,3.4968066883280007,0.8727527768336186
3361,20.197264485167896,1065.6693290971525,1652.3877107204873,3.4841070434984873,0.8765454312679466
3362,20.110757476931045,1067.5716945028066,1652.2646789806272,3.4822008756980765,0.8771130270477161
3363,20.194406711435306,1069.9285578143147,1651.6796444903302,3.4755837913215513,0.8790777823743441
3364,20.117137766772036,1071.0525005330294,1650.155975073978,3.4773219009860314,0.8786568468862126
3365,19.99028770368847,1070.1567437966173,1649.9704789860937,3.488436145973367,0.8753984596023802
3366,19.997778310787325,1071.6961255212118,1649.5109745955328,3.4981014670346564,0.8725302475454946
3367,19.933478808793407,1070.9628270052756,1650.442324604107,3.5107272119298094,0.8686288356456036
3368,20.106813465098966,1070.4418159655293,1651.310062594715,3.5065215302844965,0.8698725111994257
3369,20.082881872335868,1069.5910583863053,1652.0820379828117,3.504385388366047,0.8704825887347819
3370,20.192431559023085,1071.6472294459165,1652.5927102003616,3.4952358169179045,0.8732232625187231
3371,20.12877521997187,1072.8242581768172,1653.0032386139976,3.4938249980782543,0.8736238175870762
3372,20.180142021790143,1075.5828983008894,1653.1136056002808,3.4905559635189505,0.8745944177648001
3373,20.21989567193422,1073.9856426011108,1653.8065815613254,3.4834191615815144,0.8766695198156453
3374,20.406216470618244,1075.373454624225,1653.7441011990904,3.4633900342138326,0.8824645989809311
3375,20.516755356918253,1075.0780137201032,1654.4053811165666,3.437709558660381,0.8895466004035446
3376,20.564115535252455,1078.8790410260733,1654.2083039108284,3.4156548715763932,0.895389924004859
3377,20.68248299641875,1080.0,1653.200676557887,3.3887444842253025,0.9022025892625912
3378,20.728776373310904,1078.1619060191476,1652.7309406400575,3.3615052727882566,0.9086542362540364
3379,20.74422391399203,1076.096739600365,1652.3078044917365,3.3363454805728177,0.9142351330726015
3380,20.743766944281514,1079.452282180942,1652.7780629105387,3.318288584711817,0.917967986606365
3381,20.808364413857955,1080.0,1653.059059648466,3.298617099563218,0.9218278417748188
3382,20.74840805159982,1080.0,1654.1490522826414,3.287386115665101,0.9238732661907566
3383,20.65439930383169,1080.0,1654.8142053899403,3.2858591037362572,0.9241153198015893
3384,20.783929192539453,1079.5326343998624,1655.7668628880538,3.2736684430557026,0.9262509021608185
3385,20.876537465185923,1080.0,1656.8518809605698,3.2564574816506826,0.9291263308869314
3386,20.913968984151676,1078.8192580840946,1659.251348768031,3.2383929486802603,0.9318735746549672
3387,20.92724629932439,1076.9936367889138,1662.4365189866003,3.221114839749443,0.9342581634390684
3388,20.72886533182836,1077.4221298368475,1665.743020414609,3.223482423834186,0.9337217812025679
3389,20.544232739242577,1078.7854247086477,1669.4124831542633,3.241542669172867,0.9307871366941923
3390,20.55280295398907,1080.0,1672.795652246394,3.256569931321764,0.9281727109095259
3391,20.47658131463905,1076.9864990329656,1676.2890589798546,3.2728429119204656,0.9251961022952796
3392,20.53799788399662,1075.8937761615903,1679.4767638959952,3.2803416954727402,0.9236783406067712
3393,20.499164522934297,1075.0115978255249,1682.867677731864,3.2889972334295527,0.9219015572750181
3394,20.405831037040016,1076.0141591248364,1685.407966159831,3.3044799233636994,0.9188173339329541
3395,20.40690669871493,1075.0028681045217,1687.1360284341572,3.3163232900262676,0.916374518127042
3396,20.53949121796809,1076.3776618153668,1689.2561449863103,3.316239387821604,0.9162685399024785
3397,20.623858857378636,1078.0229592289577,1691.5407617151568,3.310519909365825,0.9172771658896732
3398,20.608763154321114,1079.2722874414344,1693.7312331349945,3.3080080500145796,0.9176449675657665
3399,20.69400273548334,1080.0,1695.6919440393083,3.2995326974682566,0.9191730487114353
3400,20.77102127245582,1080.0,1696.1963733759599,3.286288953538881,0.921623143454601
3401,20.8143121025965,1080.0,1695.5062115785297,3.2718913568776964,0.9242388254040069
3402,20.826735557384385,1080.0,1695.0034319723668,3.259070082890259,0.926455551523387
3403,20.739537603787348,1080.0,1694.1512256096287,3.25568245498851,0.9270666589473077
3404,20.55146797100842,1080.0,1693.8722115965618,3.2682736504997703,0.9249617797657533
3405,20.60581281620953,1080.0,1693.2826905849263,3.274157370069169,0.9239717983316683
3406,20.836561875157173,1080.0,1692.0219399107286,3.260125207018874,0.9264540792708036
3407,20.80358557640172,1080.0,1690.9685919662395,3.251313656451928,0.9279667418391266
3408,20.846306787735482,1079.5821921585239,1690.951258012879,3.2402811448686815,0.9297169254595525
3409,20.78600052979732,1078.4819354873207,1691.6985097091406,3.2353309187256962,0.9304332944995367
3410,20.844353971380215,1077.5969279286164,1692.3821143735956,3.2258340243279138,0.9318089905249981
3411,20.90184741521801,1076.4172438046864,1693.7141287231516,3.2124563654936162,0.9336292847895589
3412,20.98032455810345,1074.533319434292,1695.66747981483,3.193649286308876,0.9359928386828911
3413,20.758730233286446,1073.4709393746482,1698.040079890554,3.195533010276344,0.9356141307614783
3414,20.780756611781587,1074.8080417386764,1700.0832403553952,3.19628851766625,0.9353970070239205
3415,20.862748965163018,1073.6191480042526,1701.4680785514176,3.1893088149444178,0.9361894796362782
3416,20.77473317385589,1073.6973913592508,1701.5628511706427,3.190837261154513,0.935995009887437
3417,20.728138710036486,1070.8411525993374,1702.378871986471,3.193738970127618,0.9355840780962911
3418,20.816807187676748,1066.2881166285802,1705.1279455482022,3.1854302882989094,0.9364450751732736
3419,20.842584219513544,1068.627673806784,1707.1279434728997,3.178279375384388,0.937172454479908
3420,20.83870329448632,1071.2735229926145,1708.9138387940259,3.1747330379721923,0.9374738967975672
3421,21.0,1071.0009863816495,1710.0916896391827,3.1584378368417245,0.9391727373284812
3422,21.0,1073.237268361151,1711.3095822376176,3.146766401091244,0.9402625569945315
3423,21.0,1073.4529872946537,1712.7940832510235,3.1373589072895784,0.9410471244668511
3424,21.0,1076.0809660947566,1714.34730995774,3.13163151434509,0.9414580239104485
3425,20.9920786825027,1075.7255627674454,1714.3778869961411,3.127313697281042,0.9418217648298877
3426,20.86163423245392,1077.2452692372951,1714.4532840592362,3.135581905837715,0.9411066994107777
3427,20.8298265628579,1075.8289446292526,1715.2282312222906,3.1438904182098937,0.9403020744106071
3428,20.95917164980133,1077.3033331330257,1715.0674176507355,3.1412479555589155,0.9405576912469535
3429,20.86745348495405,1075.0221119969906,1714.9692784118192,3.1448517414375905,0.9402268768015902
3430,20.76550240825825,1070.180378802186,1716.116008845531,3.1524779375504126,0.9394186538959406
3431,20.681173296172883,1073.7813302590955,1716.8939862562197,3.1683451127039666,0.9377134257513978
3432,20.542071561419487,1070.2026146024268,1718.04569818563,3.1900180810574867,0.9351197619160584
3433,20.616965295323176,1068.8030684852342,1720.1913493761679,3.2006115423081662,0.9336501499961323
3434,20.535904089795793,1068.011781259473,1722.234109568645,3.215324289106746,0.9315477844922271
3435,20.527385121465013,1068.7515587433872,1723.9311237052905,3.2286441833514115,0.9295369753320618
3436,20.280543327268997,1069.7687704311884,1725.3878032865573,3.2605074200897133,0.9244347390481086
3437,20.241743140062482,1070.7303417464336,1726.3814895793337,3.2905329734279625,0.9190812867503125
3438,20.259651107378133,1069.9534786620566,1726.3590532392468,3.3131031795845027,0.9147450291516652
3439,20.17683320316786,1072.9246490419046,1725.6364257501152,3.3406248325720944,0.9090899748630576
3440,20.269684095235803,1071.8509967900773,1725.7619800740476,3.3547931320197457,0.9059779515920311
3441,20.12370685079315,1072.91282620444,1725.083500218436,3.3791431410199317,0.9004121916297495
3442,20.093909468596117,1070.263567533741,1723.9915333975416,3.3995423509181775,0.8955216460403005
3443,20.03110079335172,1068.8633283469046,1722.5028468260873,3.4203438471504626,0.8903181995902661
3444,20.116276703972922,1073.7057898172845,1719.4501726018182,3.434101399516579,0.886863221739451
3445,20.12756580768467,1071.3902779810758,1717.368662975532,3.4427095199532967,0.8846587123829396
3446,20.049902460308243,1066.3727880284882,1715.5599192495406,3.4523216050548506,0.8821210918630737
3447,19.98608021484887,1064.610604157463,1714.027744390326,3.4640868577305697,0.8789101994640562
3448,20.004890215404547,1063.6818479547794,1711.0716595704268,3.4714950719900206,0.8769617517105122
3449,19.940234681573344,1065.77100705934,1707.8125473312373,3.4844328621905043,0.8733841306014124
3450,19.87187637575938,1067.7118772151755,1704.615191113863,3.5020953887438293,0.8682916957843999
3451,19.925910347608138,1069.4649780916995,1700.8033408411677,3.513488348600728,0.8650190022496775
3452,19.788758102918074,1069.2649569953664,1697.8741497680826,3.533887441170629,0.8587847228134275
3453,19.978293524060437,1070.7356275016878,1693.9126070257669,3.5362376893649725,0.8582501933784291
3454,20.004842265931313,1070.509268472112,1690.1430908975653,3.5358242022722868,0.8585870150515366
3455,20.08309408204459,1072.9105099918895,1686.0174078002808,3.5309057430324597,0.8603770421364678
3456,19.94503779416478,1076.6350693782726,1682.3834413363438,3.5409703331974454,0.8573572143758467
3457,19.928283119926217,1076.0743262696715,1679.1488560844982,3.5501685673214065,0.8545493119541778
3458,20.01924168528257,1076.6093308584502,1675.5740323682705,3.55068244881125,0.8545745257354815
3459,19.894528358965278,1077.5730299283284,1671.789106420814,3.562023961156399,0.8510415927086484
3460,19.828442660641578,1079.6699883685085,1668.0998127429814,3.5783098251272096,0.8457685016307734
3461,19.621138428861638,1080.0,1664.1165285212767,3.608854624197739,0.8353964332092904
3462,19.62610405294438,1079.8181543416767,1659.7951669119618,3.6333580933178387,0.8268392497229666
3463,19.712794612000792,1077.3521728371763,1656.3231268472794,3.6445023034928283,0.8229412089367013
3464,19.5288910917606,1075.525295572108,1652.3841857825134,3.6672880322979564,0.8146469575136569
3465,19.414745173569376,1075.9307965838484,1649.7032123424196,3.6956068931176245,0.803938468992092
3466,19.405240849123224,1079.9725429827713,1646.5996214790343,3.7226606126610773,0.7934541927450681
3467,19.444039757664243,1080.0,1643.993250786579,3.7416947733857615,0.7859413364263733
3468,19.292248402559803,1080.0,1640.476815974981,3.7697071747191373,0.7746437209695971
3469,19.433228580352026,1080.0,1636.9167785773134,3.781156443683325,0.7700552692647786
3470,19.676100597566613,1080.0,1634.2334737331632,3.770697342987183,0.774538363941307
3471,19.72705336172015,1077.4550371817447,1631.486152800373,3.756033028639118,0.7807180760809721
3472,19.669180512213696,1078.7930935197544,1628.5558590665942,3.749749230726908,0.7834319294637939
3473,19.562204302779396,1079.2277873593653,1624.5653434880692,3.753667240816612,0.7820278045730176
3474,19.44195844816964,1077.7052853154617,1621.0942220489858,3.7655554887836877,0.7773088598731357
3475,19.40039949673829,1078.8346629759214,1618.2025091039734,3.779553859138967,0.7716335755519144
3476,19.542715166182155,1079.3716156380576,1614.2438038963462,3.7798084225359188,0.7717195382581497
3477,19.351067325775823,1079.0651329520579,1609.896724171566,3.7954469251288088,0.7653560174846687
3478,19.139133588129297,1080.0,1605.4981736596771,3.826296481783697,0.7523836222952275
3479,19.03142793986146,1080.0,1601.3295037522867,3.860394823817153,0.7377010373793461
3480,18.930277777612204,1077.7689832844444,1596.406293903646,3.894934806906636,0.7225571393378982
3481,18.84582471257101,1079.7556627265483,1592.0787715509084,3.931661027173409,0.7061131778078633
3482,18.82011613455732,1079.953534639392,1589.1507971839408,3.9640270239535513,0.6913564000045803
3483,18.800939624250006,1080.0,1586.356727617711,3.992169373548202,0.6783855557161873
3484,18.872314546501794,1076.467550111145,1583.590852015997,4.006742809453424,0.671675035713048
3485,18.83359836676324,1076.6950033752285,1580.1628097221444,4.0220288677715885,0.6646243354260337
3486,18.80869489954967,1076.6541251913407,1576.0881291623714,4.0365676430261574,0.657921557872207
3487,18.60601700376868,1079.53018213985,1571.4059933981396,4.067226575431199,0.6435397759662843
3488,18.529504039831917,1076.3841992718947,1567.9575785146437,4.096241176368071,0.6298013291510091
3489,18.550916724387,1078.424273943286,1562.9849863870913,4.119825601006037,0.6186681558157894
3490,18.693131338387552,1079.3998050000341,1556.8334782386032,4.128280552431945,0.6148356983819026
3491,18.681478996182502,1078.292406679207,1550.6205430501602,4.135328648875641,0.6116774256179839
3492,18.571167362185143,1075.4978421063981,1544.5486302542922,4.148010063872692,0.605788874222026
3493,18.60625972221416,1073.6791423620828,1538.6182093832583,4.154166139502001,0.6030391910300722
3494,18.619322160360866,1074.3609649715895,1532.9282723172923,4.1586621169654725,0.6010800030309911
3495,18.76651834531223,1077.1927951394578,1527.3562391268547,4.152460809858202,0.604289467876976
3496,18.77592781050209,1075.3421891266728,1523.0847086974602,4.14520773838926,0.6079588742200875
3497,18.882059203550135,1078.6910566431854,1518.7476177729598,4.133118906187324,0.6139674803609824
3498,18.983467397734508,1079.3328892483844,1514.842245820712,4.11540421160252,0.6226700889825455
3499,18.970640365943794,1078.3457170641673,1510.4289293862075,4.10118008490965,0.6296980618998441
3500,19.03222835038087,1079.3010546310616,1506.0898170214095,4.085205566133871,0.6375540226451188
3501,19.205051991591052,1079.8255767501068,1502.5731044686652,4.0583798515000336,0.6505546205847711
3502,19.273599914131495,1077.5276239158861,1500.9635224410015,4.029043776927612,0.6646021922845715
3503,19.46046287041853,1077.2285783680334,1499.9788631793779,3.9894916765562725,0.6833256149190687
3504,19.572648828494614,1079.6228975800948,1498.6876828891163,3.949701223082115,0.701937468704514
3505,19.530927124003323,1076.8600510074905,1498.5534785581374,3.9183938369154454,0.7163436880786441
3506,19.609778916893813,1077.3679632090057,1498.8791519860938,3.886661993368111,0.7307181498510652
3507,19.474021420450427,1077.370633501257,1500.4187753036565,3.8717380030095927,0.7373358729831581
3508,19.485339795914463,1078.6164876893995,1501.9067544497534,3.859517259038922,0.7427033998579005
3509,19.376198544364236,1080.0,1503.849143748567,3.8594612073664707,0.7426380702707154
3510,19.41980699774882,1077.2844511979204,1506.5951865948807,3.8537986072901,0.7450160047856128
3511,19.286643294357535,1075.9713180301444,1509.162983867299,3.859044684393773,0.7425759070670349
3512,19.275895280466017,1076.2723173705492,1511.7685994338246,3.864452350815346,0.7400561005055174
3513,19.159253274743214,1078.8435711542725,1514.772882277735,3.8803624898491984,0.732819260701409
3514,19.041987420958638,1077.1596242332887,1517.8631478650304,3.901718705555969,0.7230591259026221
3515,19.072902207147603,1074.199461217176,1521.9405172614497,3.9144665628679776,0.7170867274744784
3516,19.164501360735432,1075.798334549003,1526.0229902170713,3.918643071271488,0.715000271177288
3517,19.192314688414214,1076.42079538401,1529.3401194644587,3.9202654834157222,0.7141116451255224
3518,19.013333466359022,1077.3023093912439,1532.5979975237817,3.9368886314298135,0.7063535892338662
3519,19.0214307053167,1076.607714484492,1534.5674617948584,3.949332792684242,0.7005336784079119
3520,19.243151633155417,1075.3270569894958,1536.5488109563478,3.940449793623676,0.7045414246609544
3521,19.37133749695445,1072.2000491313174,1538.2364515233553,3.9203263676635727,0.7136860841558711
3522,19.249837872204314,1071.760293782227,1540.2862312274162,3.9134216526669565,0.7167385559161861
3523,19.164445412708464,1071.8302194271855,1541.3409577144896,3.9147909219473207,0.7160685068258124
3524,19.145863965756632,1072.406181408781,1542.1284208427173,3.917867625860209,0.7146326740376783
3525,19.092420716016616,1074.8942620487558,1541.7286704913156,3.926638894401353,0.7106472163591132
3526,19.072274255528253,1076.4876956799844,1540.3073674607417,3.936682339181409,0.7061073030840453
3527,19.224263994178532,1078.5057449891146,1538.921078520243,3.9340230077362563,0.707389505542698
3528,19.209121370385112,1077.7080101943611,1538.3654728892354,3.9324767236627958,0.7081234071321882
3529,19.40005661785007,1079.1177954712196,1537.98858046427,3.9166713399690267,0.7153629833546106
3530,19.30234475158707,1078.849515484124,1536.7079994723535,3.911493119380904,0.7177758501247702
3531,19.34110787520015,1075.5125439914293,1536.1016416465854,3.9015565055885055,0.7223073387436554
3532,19.173359024053465,1074.8368504188595,1537.0630680369002,3.906606094053583,0.7199776672930038
3533,19.354884533855294,1072.9887039981459,1538.9994550609874,3.894515293239882,0.7253543830587349
3534,19.23227442076007,1072.2282018264232,1540.17366109918,3.894045595372966,0.7255126187238629
3535,19.195407945591306,1071.5918280434744,1540.7662686677722,3.896192072892977,0.7245183294454285
3536,19.269228327051923,1073.6762584649964,1540.9383138557696,3.8934954122850955,0.7257256402348204
3537,19.258455301722904,1076.1932431569621,1540.4731769711123,3.894067362643646,0.7254891982922359
3538,19.369900182911135,1074.6978828841914,1540.1624053214673,3.8842985938807404,0.7298928591678174
3539,19.448097977914262,1074.4137924211614,1541.0313354966916,3.8696831072974516,0.736378647594549
3540,19.430361043397838,1070.2196552109074,1542.4129402029412,3.8559771028568846,0.7423867581428506
3541,19.274012781485904,1070.4060452599092,1544.9378100779618,3.8576558700561083,0.7415282228954938
3542,19.122893882058264,1072.7635400443853,1546.2185289887534,3.873164161677763,0.7345901971334601
3543,19.00608254727311,1070.4572225833087,1547.6526047237269,3.8936832070855885,0.7253357807490003
3544,18.9953715298832,1066.7841358423843,1548.0915357681963,3.90860727508497,0.7185733343950192
3545,19.071022180767176,1068.4500407162143,1549.2683687227125,3.9159222637388393,0.7151982797697646
3546,18.880972610168712,1068.8438628290141,1549.3110638949393,3.937749134861596,0.7052191348077937
3547,19.02271358123163,1067.3121654864997,1549.1111237036246,3.9429061338360536,0.70285708012203
3548,19.046114468586623,1068.2295461043248,1549.2218640135422,3.9459160922275345,0.701466100658914
3549,18.934794702094308,1068.4338689816157,1549.1223736919005,3.9576357775215327,0.6960577430434141
3550,18.890727782323946,1067.2437554355658,1549.6944017879712,3.9699473423054314,0.6903209483542146
3551,18.914901899573117,1066.0959333919452,1550.6943631093288,3.9771995631016495,0.6869014034366048
3552,18.93089470670557,1063.9301071435343,1551.6754096192496,3.9802020873118855,0.6854589243792705
3553,19.00611649196533,1066.842846531275,1551.2286419414897,3.9787190638499834,0.6861699337685174
3554,19.000019594664266,1064.4293168354516,1550.204355687486,3.976176594608624,0.6873992826304397
3555,19.02131755847712,1065.725300911595,1548.4322878686253,3.973331064189487,0.6888011290533887
3556,18.937848258955785,1070.1711338050013,1546.1846759549987,3.9811798900700937,0.6852384512966112
3557,18.96596187079662,1072.0618505691261,1544.294834241897,3.9867478648062367,0.6827171798880064
3558,18.86471988380431,1071.6209108222115,1541.3166489826192,3.9992537488182176,0.6769811766322987
3559,18.973402460260406,1067.1269507629124,1539.9721762156778,3.9972295997552196,0.6779888886962011
3560,18.81523667158113,1068.453333004769,1538.656472718084,4.009497850749276,0.672273369108152
3561,18.805447512613004,1067.44071479794,1536.7287678459732,4.019592247270914,0.6675897677693646
3562,18.762008985789134,1066.394697040613,1534.674871817923,4.030628659406165,0.6624505372750613
3563,18.91110193186818,1066.722104177421,1532.8739547901585,4.027742161598918,0.6638934731832629
3564,18.717717299774588,1068.8980397692517,1530.9736955769515,4.042823632839088,0.6568120719970425
3565,18.817815319285412,1069.66597741934,1529.4847513690283,4.0475909899650695,0.6546042419312395
3566,18.70590881381521,1069.8818656042827,1527.9247558104662,4.060808433903215,0.6483639885764875
3567,18.679318718037184,1070.8957813012391,1526.3108167654946,4.074586200826375,0.6418391181016908
3568,18.65335040280745,1072.662803736004,1523.8972501825851,4.089341969384622,0.6348582907873324
3569,18.6454082721639,1074.15138241691,1521.4818770339818,4.10321609600134,0.628282901246621
3570,18.64415656254883,1074.1003497562922,1518.4814314225232,4.1146565888453654,0.6228888203547773
3571,18.70569310960585,1075.394011825931,1516.1558130093938,4.119987034876614,0.6204081478214148
3572,18.806558716674363,1074.6213503881781,1513.1810346900697,4.115531131165657,0.6226735765399158
3573,18.798065659942235,1076.2250028423625,1510.2843797677253,4.113783703974185,0.6236293664835829
3574,18.8029481659334,1078.2905416284611,1507.1662114621624,4.113513362609871,0.6238814041716789
3575,18.64110418495331,1075.3268210804665,1505.5080596396908,4.124277000082542,0.6187495017610534
3576,18.498822935735074,1073.4026548897525,1502.7922672702216,4.143275736856067,0.6096662857932857
3577,18.53236523594396,1074.1211152497742,1500.6112691126173,4.156656780269463,0.6032683517285329
3578,18.577271369212365,1072.4023094716047,1498.0134149944317,4.162660089489458,0.6004563258647598
3579,18.689297257565766,1070.2724633902217,1495.7708469392069,4.156817883816089,0.6033727740595789
3580,18.48129946126492,1071.3848935940223,1493.3561036873978,4.1698658523117045,0.5971360223304912
3581,18.528125832992053,1067.569438650672,1491.4492051033722,4.173854051443395,0.5952720286369109
3582,18.40353986486201,1067.9777536768834,1489.5009741967654,4.187614226206784,0.5886651229410694
3583,18.495790110013992,1068.7471403604643,1487.8940138417988,4.19194053581173,0.5866235420842536
3584,18.680948036268948,1069.4756507317666,1487.0543255261111,4.180907757794936,0.5920112846103154
3585,18.569191532917156,1067.3768457022575,1486.5716322831945,4.179406924672763,0.5927577819306197
3586,18.37020868033481,1067.7887480140594,1485.9655719746545,4.194748518373334,0.5853305384831412
3587,18.39801114471286,1069.2138100933178,1484.0532964859735,4.206133954750747,0.5798704773872921
3588,18.482163511076045,1069.9669578161186,1481.2702778769922,4.2091624608794636,0.5785000735984054
3589,18.538047922680477,1072.9404056411363,1478.5892943131373,4.20932688834441,0.5785170083089088
3590,18.53139949142907,1073.2235997273342,1476.3925935501509,4.210219123396698,0.578162784550206
3591,18.524200976442543,1069.7090774214896,1475.5011078560947,4.208882039921054,0.5788446890709618
3592,18.5022713934745,1069.3874215042385,1473.4712321336647,4.209334545117732,0.5786980951908528
3593,18.55112944803367,1067.1843698114694,1472.2246761854628,4.204047412080699,0.5813129230373134
3594,18.723160515582933,1068.0678846488256,1470.4474288717624,4.186321521367248,0.5899940093066176
3595,18.698410462231855,1071.8456202035727,1469.1722989782613,4.176664833421458,0.5947344843994956
3596,18.675904722158627,1070.5777953840643,1469.4233485359064,4.169627042821145,0.5981448692447234
3597,18.57261199092804,1072.1454587383028,1468.793087053481,4.173482290020856,0.5962951399309446
3598,18.50239158323554,1071.0418449055435,1467.030575091791,4.181547672383685,0.5924405129948946
3599,18.587356652016446,1068.734583042499,1465.8426268805931,4.179473650531967,0.5934926563361379
3600,18.59160726367604,1070.2813849482604,1465.1239835926103,4.178594974869491,0.5939464095275878
3601,18.555175210960048,1074.238589680189,1464.3111359064244,4.1838433349515505,0.5914248372299844
3602,18.402817735875466,1075.4628354533784,1463.175721533431,4.201523172887282,0.5828687551041734
3603,18.384255536813292,1075.9766418765682,1461.766377565405,4.217925980557874,0.5749425607822921
3604,18.318576544925598,1076.0602588320396,1460.0467074557412,4.236806784483159,0.5658248266211879
3605,18.339833383012536,1073.3240652039055,1458.865775653664,4.248483372510559,0.5601932819005526
3606,18.29897674046823,1072.9176306119728,1458.6752169397598,4.261089714970246,0.554079867097245
3607,18.568787915850404,1076.9247325161518,1457.9198051123205,4.2524073155745175,0.5583206428564559
3608,18.56864201400665,1080.0,1456.8517888295112,4.247624573386481,0.5606807882695238
3609,18.475553364078763,1079.4312140485422,1455.3170349192233,4.250879927085095,0.5591530682564247
3610,18.369230526627195,1077.5447716684935,1453.5897171822676,4.260811868955185,0.5543903902882993
3611,18.18847052174311,1078.3427603405696,1452.1183999663083,4.284331048323875,0.5430363131487214
3612,18.15164938777816,1073.1946061424037,1451.060452358679,4.3027337939000025,0.5341684180647153
3613,18.246727111222928,1070.606516925483,1450.0188968868595,4.308097698264529,0.5316117812784189
3614,18.30493414173142,1069.191898602973,1448.310301277714,4.306669969858469,0.532357991782233
3615,18.23772982021454,1070.1736601816478,1446.4893122856793,4.3117333814733385,0.5299730349754208
3616,18.168133050991056,1070.7249106480238,1444.2361958930703,4.321989572331054,0.525099261251968
3617,18.033867241222534,1073.3163025206993,1441.7158661507274,4.343330943064408,0.5149108205880197
3618,18.07882507432127,1071.538849649655,1439.1341707171318,4.35581315857442,0.5090041204315143
3619,18.12843756502776,1070.6623844528606,1438.375541031485,4.361331634863318,0.5063848340978957
3620,18.10733180916494,1072.9870082845189,1437.2959865444323,4.369338963406058,0.5025886228582405
3621,18.188478029391746,1077.8405595338033,1435.127978705311,4.37294298843863,0.5009344557641373
3622,18.300662860762532,1073.165537974236,1433.16431291684,4.363196228246684,0.5056563989088422
3623,18.488164972346105,1074.5184074685658,1430.4709042946033,4.340903981668393,0.5164382501954494
3624,18.45210324104061,1075.0861060043044,1428.0439444380604,4.326000484249497,0.5236939818360135
3625,18.44569993124778,1077.1662448534669,1426.3818750717692,4.31587547981224,0.5286352934686291
3626,18.4047293363418,1078.2456668616267,1425.2090875294812,4.311737136227575,0.5306737419584697
3627,18.31543717857331,1076.1323167511937,1423.977447641105,4.314042956937503,0.5295998613496387
3628,18.260614539930607,1071.1756927029783,1422.9590608211565,4.316666628169075,0.5283656276024443
3629,18.40337797443457,1073.8400228059966,1421.005590648347,4.309165644269181,0.5320561463160753
3630,18.535707785106233,1074.0638322705076,1419.7118421552536,4.292370045298351,0.5402333252911717
3631,18.578458238999126,1074.633449165971,1419.0557315181784,4.275534717423113,0.5484262841957978
3632,18.715693647212948,1072.754209833768,1418.9221706161777,4.249094166071039,0.5612908160919136
3633,18.59566109469066,1070.9831217785177,1419.7836159771625,4.235883031584691,0.5676952117901864
3634,18.57789053087673,1065.755274723282,1422.0400887339995,4.2225498594070014,0.5741127674877541
3635,18.521526415336513,1065.102644245474,1425.4443634086977,4.2157293451020195,0.5773152594693194
3636,18.495369448404883,1067.090172763176,1428.1485851531313,4.21377664226897,0.5781697485413835
3637,18.685387399537206,1067.0521391557916,1430.7484259882099,4.196618405572154,0.5864375555804154
3638,18.586262463158192,1067.3215876300592,1432.9877768909353,4.190852844328203,0.5891650584934057
3639,18.524914663067072,1071.6774266621308,1433.981735823725,4.194431440639856,0.5873850903328984
3640,18.557848426060087,1066.7348896855035,1435.116748727412,4.190937984549292,0.5890455134644637
3641,18.46069098863641,1066.2519591737425,1437.0408299716428,4.195647960874401,0.5866806496597768
3642,18.503988578281902,1065.5213146281146,1439.6441449615052,4.195419495158666,0.5866968404536946
3643,18.53948243509515,1065.227200909241,1442.3298915725582,4.192109245321517,0.5882106873102416
3644,18.53572797217378,1066.065641492759,1445.5412977183646,4.190335516246129,0.5889565896247442
3645,18.51302388141831,1069.0466823917266,1447.3652428983833,4.192990103620467,0.5875974331529759
3646,18.588675589876534,1070.5863272587465,1448.746859018753,4.190148579171685,0.5889299848357683
3647,18.70049033729465,1069.2400687477023,1449.9496093270527,4.177663256530326,0.5949618374024653
3648,18.579119421397177,1072.1957478592983,1450.6017360117326,4.17957821661992,0.5940059070305651
3649,18.61135651495434,1075.1939522009088,1451.9857179023033,4.1807807110901525,0.593369614142275
3650,18.51992333184469,1075.8295043256967,1452.4607932762779,4.189719153685803,0.5890026905204625
3651,18.52556223875957,1073.4534244728302,1452.6819520761244,4.194791548772386,0.5865261505740477
3652,18.539492826633527,1071.2783347745933,1453.2857017531362,4.196168137290457,0.5858341885364121
3653,18.52945898202205,1071.1451059803817,1453.2288181264594,4.198016184688502,0.5849369314989102
3654,18.467803265171376,1066.7078062218911,1453.9018477219522,4.201215490118516,0.5833555452186555
3655,18.42909154048195,1062.645409094751,1455.1422389754657,4.20393127048463,0.581988999717551
3656,18.388642674861558,1066.4932226733845,1455.6994772767578,4.212372638748788,0.5778616934122267
3657,18.54328004853912,1068.3807833823196,1455.8450740232495,4.208084590444423,0.5799427043425612
3658,18.643345771231115,1067.4472481664343,1456.6958086363131,4.195685267353244,0.5859446239572
3659,18.73357825894907,1066.1096066246905,1458.5613974752296,4.177132766516608,0.5949005869789928
3660,18.550043031005067,1066.179164327501,1459.6231317340398,4.176970800281475,0.5949399716314344
3661,18.65235583420884,1068.5002589645358,1460.5842446665242,4.170231733236452,0.598180733287037
3662,18.76197908227613,1070.0205436077736,1460.8955259762533,4.156896621617762,0.6046493539113943
3663,18.800424473094,1069.08215088074,1461.5449057098874,4.142110647851163,0.6118036317298241
3664,18.769252657312474,1072.2895815912957,1462.014560455832,4.134958327765397,0.6152551493328406
3665,18.826679281610257,1071.632460185629,1462.602693447606,4.1239037377747705,0.6205901011188223
3666,19.105042572395153,1072.2825085018294,1463.0347070056205,4.092582562386563,0.6357141777330713
3667,19.221425174403066,1070.9284279363972,1463.8562474161965,4.056364727424679,0.6530947435147936
3668,19.23353645473045,1071.2774015801554,1464.8011361111508,4.025940193002262,0.6675811182762103
3669,19.26870886323159,1069.7675178528903,1467.217681191073,3.9969763134553538,0.6811989918486138
3670,19.298517775198647,1067.482380748978,1470.6941419711864,3.969062384290384,0.6941535012767412
3671,19.184148665048987,1065.9896891054796,1474.8779746757953,3.9543907311740543,0.7008057659601086
3672,19.22607809827857,1066.1771400341975,1477.7102106426107,3.939075215237253,0.7077728814020277
3673,19.2241215556188,1066.4026773603073,1481.0799395550446,3.926846887053771,0.7132525198155462
3674,19.195598128007184,1062.956912407742,1485.3680982702253,3.916545594143598,0.7177787038842287
3675,19.151578883309174,1062.3418201097484,1489.6738565530713,3.9112307768566943,0.7200102366375676
3676,19.288631729187774,1063.7484628257866,1493.346427350025,3.896736090009559,0.7264250349157616
3677,19.34292047570072,1061.9637740417797,1497.4520083494808,3.879064745709161,0.7341951556784277
3678,19.33431250755668,1063.3460053312217,1502.9669396280262,3.8663226533943837,0.7396317064620749
3679,19.394187161607917,1062.3593860664903,1508.996197565935,3.850235296803062,0.7464763227038312
3680,19.458302133355225,1062.338612282958,1514.759394503626,3.831788483926638,0.7542900945315559
3681,19.40935704798474,1064.5564655695903,1520.1357946352243,3.82233858682914,0.758140093345985
3682,19.513945109576145,1063.4663571107349,1525.47949178911,3.8052186128210477,0.7652546384122907
3683,19.6329462063397,1064.2074909299274,1529.7505540181178,3.782015761674204,0.7748960274424336
3684,19.612631114008835,1065.3268820552141,1534.0066509556846,3.765495832769787,0.7815967834283674
3685,19.475814725876624,1066.9185999113129,1537.7963045510196,3.76433346500554,0.7818938880627947
3686,19.364109169975162,1063.3445425768118,1541.4578721051832,3.769806914122242,0.7794386518765369
3687,19.313055359716607,1064.815856117212,1544.2350351453777,3.7795795728088093,0.7752165703841806
3688,19.21460181315338,1063.8573138518693,1547.5862304538682,3.7949141188043423,0.7685833380102728
3689,19.19345195274311,1067.0825100218644,1550.3775086714531,3.811655061417923,0.7613059392570855
3690,19.262508059820053,1063.8019527073054,1553.0881075921852,3.8172592679609254,0.7587676660189984
3691,19.170692266116017,1063.327130552753,1555.8740657074597,3.828998938438839,0.7535612541167732
3692,19.125678290675253,1062.831227362886,1558.7014159149778,3.841929107492208,0.7477966587275694
3693,19.098545063600575,1064.4886238145793,1560.5748622597173,3.8560021651499934,0.7415307728432219
3694,19.007514607218376,1063.83510882282,1562.7915531753063,3.874487023991161,0.7332382552598826
3695,18.867003698870935,1064.9128591281121,1565.0993744584832,3.9019419389018717,0.7208212972925615
3696,18.865258515698308,1067.4836025307125,1566.3752351415758,3.9265410675098877,0.7095943319004441
3697,18.710840269559085,1070.2166168562424,1565.8995332973468,3.9613975708730584,0.6935849079556887
3698,18.841697316066117,1070.3420130611034,1564.371899960736,3.9793810653211787,0.6852959507814704
3699,18.807250112065216,1072.6879756595192,1562.1020264463948,3.9987161040039934,0.6763516652065883
3700,18.848889595011475,1073.7989091310276,1559.056721651138,4.012007922881994,0.6702322452619327
3701,18.900797863752945,1069.2442441246849,1556.606133016762,4.015221943895606,0.668820462687107
3702,18.927594936471106,1069.6424407609497,1554.7389661987331,4.015968621001256,0.6685466321475647
3703,18.920310485520453,1073.2111221437403,1552.0081660517642,4.019874104684966,0.6668176698785873
3704,18.94840906356268,1073.153501579917,1549.2303757376756,4.020736824361747,0.6665262587565434
3705,19.099918506834726,1072.6128938577642,1546.7056418819425,4.008654203354569,0.6723317013910134
3706,19.007034602244286,1070.426577198276,1544.2354288187944,4.00468407141724,0.6743046915972184
3707,18.961571300990986,1070.970910570129,1541.0815341774476,4.005555340236171,0.6740279462673898
3708,18.98022612172707,1068.5356300616338,1538.5233088499651,4.002904236652719,0.6753835100482443
3709,18.87268556112466,1067.8027027488172,1535.3060078081494,4.008964453278228,0.6726659053917142
3710,18.785061596794005,1064.819550636067,1533.4412170839757,4.018839198279007,0.6680832475287711
3711,18.858693874696193,1063.6157494216563,1531.605256939275,4.020009185711385,0.6676068789899612
3712,18.839354884376135,1064.4255133883796,1530.0700450818345,4.023161139253733,0.6661797495671979
3713,18.90922281595548,1065.544413480384,1528.8644545852794,4.020882022259349,0.6673085888926453
3714,18.833635826089907,1066.8912458666575,1527.7503271886094,4.0262083204197925,0.6648333713368382
3715,18.733109197363316,1065.6746461131042,1526.7071491438346,4.037871171597207,0.659342450333893
3716,18.795217336901718,1065.1145355902654,1525.8895088177578,4.0419357888443415,0.6574435817970321
3717,18.692556369032186,1065.6823890178862,1525.8859603971152,4.054087526472571,0.6516550205874776
3718,18.579968440419705,1064.6432217744612,1525.1871865541762,4.072467026417903,0.6428991517730055
3719,18.645091308977275,1062.7455964314106,1524.3032915146478,4.080781770795204,0.6389502744917449
3720,18.715974433267714,1064.169542855352,1523.3733502896537,4.082883795764075,0.6379791787284164
3721,18.895954500834222,1065.615276163691,1521.7865610484125,4.070992459498119,0.6437420997846132
3722,18.967573143867792,1065.5775966095396,1520.0276805281605,4.055360402508393,0.6512865188321338
3723,18.80120757266126,1063.5547412178225,1519.24317217327,4.054608231579678,0.6516775080310954
3724,18.81263757403647,1065.5634047929573,1518.180454018041,4.054575941368551,0.6517362565196937
3725,18.773025720013376,1064.8867186211423,1517.706836357658,4.057274969360302,0.6504669258174782
3726,18.80270529321306,1066.820442452968,1516.5529092427798,4.05852465280852,0.6499169379152268
3727,18.80518403073661,1066.703234194503,1514.8862254486223,4.059258221362235,0.6496341860979852
3728,18.830496229933555,1066.2456867607234,1513.8251997987877,4.05744532879797,0.6505435230739263
3729,18.80864632934617,1063.2974138337383,1512.607021807809,4.055515436438472,0.6515149218209214
3730,18.816202338420478,1064.8194409059502,1510.6503801472325,4.054466100108724,0.6520957826350607
3731,18.709949450046693,1062.9154072586437,1509.4575939708093,4.060849180918872,0.6490941524451636
3732,18.714600765057916,1065.8486338473938,1508.3650125768158,4.067920721021571,0.6457543258153993
3733,18.708415073762477,1063.6390180784922,1508.658361950564,4.072554409077159,0.6435224634490242
3734,18.642532455729196,1063.647352853849,1509.251534127266,4.08174426191859,0.6390902262183916
3735,18.52588767639513,1061.223430354164,1508.850257613452,4.096979667205982,0.6317824641439279
3736,18.610294230080616,1058.622769008807,1508.7301963359948,4.100608895997375,0.6300400266716373
3737,18.735987944730006,1056.1692093114987,1508.7227987389365,4.091458282114004,0.6344437696496682
3738,18.966481243565894,1061.1746208747618,1508.5660472815864,4.068902957490598,0.6452757769415054
3739,19.072356543231912,1058.9554079881907,1509.0920610887886,4.040077736868451,0.6590195288819873
3740,19.119267665195963,1056.987656261993,1510.3855171698776,4.011119858766382,0.672698138657475
3741,19.121608305394492,1055.7781447391042,1511.9573094912193,3.9862687308943583,0.684325434961241
3742,19.206076509853396,1058.1385471606,1513.513736662898,3.960772528601568,0.6961555263337419
3743,19.08113106535433,1053.6006855531248,1515.0779549857123,3.946645561070692,0.7026307488699994
3744,18.962020035123697,1050.458861051054,1517.0264771225789,3.9424199817622556,0.7044950208751318
3745,19.01020656987659,1047.285402965026,1519.222411264883,3.932618068796294,0.7089077785039865
3746,19.03918380696099,1045.9774778287178,1521.1013814841458,3.9212236889466197,0.7140424166108877
3747,19.043138125697237,1048.6570208806581,1521.8937441389282,3.9135828850900274,0.7174911582280296
3748,18.960023536353315,1045.7811568086115,1523.546511124787,3.91193539693034,0.718166515138125
3749,18.937011931198267,1045.4736546960212,1525.8796057970997,3.9122324934155484,0.7179265278953415
3750,18.945829818676753,1044.300070922531,1529.583637720988,3.9108682854359187,0.7183801627286251
3751,19.030557535621448,1044.3724547365916,1533.657498843427,3.9028804080273316,0.7218189453919303
3752,19.080559794540324,1042.1346183666255,1538.0469296671863,3.8905523596577454,0.7271816454172324
3753,19.06001722062803,1040.966694824606,1542.3338990615573,3.8812391489370306,0.7311635940229875
3754,19.074598165481888,1038.753257981152,1547.1496786488788,3.870737403078936,0.735627499539511
3755,19.157607779242266,1036.8527800222887,1551.1356378787102,3.8539056645019,0.7428940299104867
3756,19.045233742667907,1034.746132491583,1554.4249108103643,3.847694219604373,0.7454716299457466
3757,18.684986042425432,1035.5490084297799,1557.5362311594315,3.872647251061493,0.7342991263252754
3758,18.58003902401847,1035.30998460437,1560.212040265255,3.9015043051885385,0.721240002670824
3759,18.594507715406348,1037.327527466879,1562.053228269397,3.9255099705165555,0.7102576049225432
3760,18.49761672943021,1038.7078644063351,1562.6664811957037,3.9541560821857282,0.6970750120673769
3761,18.496263339065358,1035.9221965997242,1563.0560030359868,3.9756505279532677,0.6870903273871493
3762,18.430824750997854,1036.2686500144825,1563.0946404914587,3.998885533681084,0.6762300678028966
3763,18.545497682240544,1038.0202070970536,1563.189833286531,4.009891343591164,0.6710548772846624
3764,18.511752266228864,1035.7605647675634,1563.702936830386,4.019965493512809,0.666285558780905
3765,18.3711765069871,1040.0633056712506,1563.2616893963905,4.042967019616983,0.655415989158335
3766,18.365727805366493,1037.083850065799,1563.0092591305613,4.0600210704811195,0.6473149957238106
3767,18.230788341894815,1037.6118500586742,1562.8882945802034,4.085431813139231,0.635181583801838
3768,18.181590328807616,1038.1081424849363,1561.6237600331533,4.110664280822623,0.6231265700630955
3769,18.097432559672775,1037.494896111809,1557.9196723396599,4.137768662958619,0.610221181057627
3770,18.136869113006625,1034.1939548211976,1553.9832391880925,4.154275989555991,0.6024056388601815
3771,18.15094665630792,1033.9044163535777,1550.3072855648586,4.166442689445734,0.596666032090647
3772,18.11971437381664,1034.8959264625619,1546.0510002269418,4.179721267122903,0.5904040328141595
3773,18.13576606200157,1036.337058053651,1541.8131578702025,4.190387452342573,0.585399730613565
3774,18.176873887173112,1039.5174581382987,1537.038042908378,4.198178775213677,0.5818032074036623
3775,18.119133363740985,1039.6550041856742,1533.2220159925105,4.2093902003546715,0.5765136208466481
3776,18.070235287120628,1039.0845096466344,1529.4216846798283,4.222148225920188,0.5704728359565453
3777,18.045683299858506,1037.2619315636264,1525.145745827517,4.233238326252218,0.5652557182906972
3778,18.027268966458436,1037.0159190640302,1521.0839611483943,4.243651042400242,0.5603587464715244
3779,18.064893539911218,1037.5702967738503,1516.389515472791,4.249533899047685,0.5576760390538948
3780,17.991557657954175,1037.0446008211902,1511.7493406283422,4.259953423631906,0.5527962199846878
3781,18.052891734777,1036.952569683853,1506.9401594150095,4.263415637493179,0.5512876350858503
3782,18.18318351273144,1038.2710907234814,1502.703333841556,4.256604010670945,0.5547301604128484
3783,18.39238438072172,1038.4919295702505,1499.18062940932,4.234089535912705,0.5657617433890664
3784,18.38006473884527,1039.9087110493554,1495.9327039139107,4.217705514543296,0.5738247371194268
3785,18.381153219841835,1039.554267528913,1493.3612405351778,4.2039137070518855,0.580611222119223
3786,18.264506945573192,1037.7985586969148,1491.6009868198923,4.2008094425651725,0.582182121362075
3787,18.179503016708935,1035.9343581557291,1489.861270351829,4.2038011311437185,0.580792835707253
3788,18.192805978742886,1034.0427064931755,1488.1861857373856,4.203737109063821,0.5808846897373019
3789,17.956189898588114,1035.2541473929887,1486.1781233063978,4.223936726348812,0.571149250577479
3790,18.072531114033826,1037.4552163845703,1483.7751553665064,4.232657016553917,0.5670017199680883
3791,18.05440076403215,1038.218854792423,1481.585812389725,4.241866577360576,0.5626096679222721
3792,17.948355917097537,1038.8074648182742,1478.8596532953175,4.258529391293077,0.5546236167697993
3793,17.981982714368534,1040.1949617716439,1476.3692948393855,4.270493864541489,0.5489123341450457
3794,17.91911005625453,1040.9519550771333,1474.5689116969234,4.286014973165213,0.5414622614962541
3795,17.827024302042062,1039.2460765273827,1474.0902225024988,4.304977885887299,0.5323191691975117
3796,17.76201055404835,1036.3134011257744,1473.602357470252,4.323623295201839,0.5233528307794798
3797,17.815675482883837,1035.8836109291235,1472.9881419780531,4.3342021114666585,0.5182882036396244
3798,17.80677084640628,1036.9947422420742,1471.428075905449,4.344444442969347,0.5134242775702069
3799,17.670261861013646,1034.9982143595985,1469.4712814133766,4.362489294008686,0.5048514045989068
3800,17.65109235713089,1033.3976203320265,1467.6826230126817,4.377642554633399,0.4976805334946052
3801,17.533314773275727,1031.3183558173657,1464.5711421768385,4.398121088525223,0.4880486425542249
3802,17.413418465681605,1031.7580999036093,1461.9510855740486,4.425043859102311,0.47541446934231935
3803,17.325510878727155,1029.8068395353519,1459.2094356682667,4.452829186143037,0.46247528409915806
3804,17.33297122711209,1032.4713034852068,1455.3466221171882,4.477017829392507,0.45134255587426597
3805,17.33217970018425,1033.6557311213508,1451.5176901956577,4.49781262773054,0.44185673414946364
3806,17.502289732532393,1034.6808712676093,1447.4043516690301,4.501737976474808,0.4401667711284449
3807,17.60304199644321,1035.2376737011086,1443.104265373137,4.4971442300780415,0.44239577010075753
3808,17.526036143503795,1033.0845523076234,1439.0779814058296,4.498042516561427,0.4420934984874908
3809,17.68381069527973,1031.9458027472344,1436.0160986678018,4.4850248804390205,0.44818026127562643
3810,17.80488119986094,1031.0446058133743,1433.6035805107572,4.463775232302272,0.45810708663130756
3811,17.77442642645739,1035.1240458795012,1430.4059088276845,4.451923341602668,0.46372920782362664
3812,17.918431220065802,1037.4213938782775,1427.4221221830253,4.432173514582388,0.47307993092101563
3813,17.91727163886013,1034.693341510799,1424.6383199899237,4.414011009812072,0.4817314486677183
3814,17.880311780890672,1034.105169511029,1421.7057215244713,4.401693457461851,0.487656748841554
3815,17.932107470821805,1030.6661874064514,1419.1580019475941,4.384760450282437,0.49579038215130755
3816,17.880084406461553,1029.9055423430948,1417.1788255274444,4.37455166154694,0.5007251130841172
3817,17.771185323185023,1030.5237067046523,1415.3548510302978,4.375547020126528,0.5003061523023914
3818,17.781519354271218,1030.5101209088955,1414.704848589445,4.375508446279834,0.5003448061228483
3819,17.875191008972195,1028.2475041094729,1415.065080467077,4.366111429803018,0.5048294149945753
3820,17.826266406033348,1030.6037349007527,1414.7487613752812,4.3641853053223985,0.5057620235305017
3821,17.98852307815616,1030.570333608819,1415.5729491766654,4.349321016625712,0.512868762586593
3822,18.192554740733197,1027.6964011456628,1417.7686601112916,4.318286139486489,0.5277536485795163
3823,18.259700099272052,1026.2614185779698,1420.2528501144363,4.286265574711353,0.5431758853950973
3824,18.124103800970666,1024.7963950105016,1423.903517966529,4.269982083275926,0.5509582966522609
3825,18.158287158453476,1022.5797051214743,1427.7368590547317,4.252160338769276,0.5594912705700544
3826,18.120305946298114,1025.2811132814197,1430.9061600155474,4.242692597500078,0.563987630870106
3827,18.332395618799655,1029.706880123392,1433.8718836161602,4.22094296135504,0.5744729502588473
3828,18.38474129646907,1029.4383660329313,1436.6290263990231,4.1986275742845764,0.5852441915155234
3829,18.211750735555874,1032.2605853919922,1438.3247411896853,4.196599343360073,0.5861703476010265
3830,18.243596844494483,1031.9163937941692,1440.0208321419907,4.1920735211315625,0.5883126692554914
3831,18.29915207606346,1033.798162185348,1442.0112797488252,4.185244990284098,0.5915648270425157
3832,18.435994129842523,1031.1368196238673,1444.030917420392,4.166450887377873,0.6006377626452406
3833,18.35668895656778,1031.2888315913128,1447.0409757342156,4.157635462802169,0.6048124199038563
3834,18.162547392054744,1030.1301950717645,1451.1402492697748,4.165396134093319,0.600884746851047
3835,18.252677624330808,1028.3180959239485,1455.447217406279,4.163024495014713,0.6018764348256396
3836,18.129326917020414,1027.503090131124,1458.5757673606147,4.170543826392286,0.5981039041661061
3837,18.186293610418872,1024.7957232527601,1461.8883762272953,4.17000759057733,0.598241046888447
3838,18.116587962897135,1028.4468163579454,1464.184130895134,4.178024449112064,0.5942585841154068
3839,18.054792239404932,1027.7641727204739,1467.482281806296,4.189132141044399,0.5887367371795108
3840,17.960790995653966,1027.2166375498869,1470.6307047843513,4.205508293479279,0.5806605896210797
3841,17.8201230786765,1027.140353714117,1472.101244423323,4.230374450071437,0.5685237260517383
3842,17.66529828298659,1030.2137654237788,1472.7551347033977,4.265740480033291,0.5513392279003225
3843,17.670403303176332,1031.1764794903727,1473.0460537997028,4.2950512541864505,0.5371460585659183
3844,17.651365687493353,1031.8814104403837,1473.5875442957715,4.321174770743863,0.524531429868786
3845,17.719712376085834,1031.41049628667,1473.3331258064509,4.336654751828956,0.5170995494618481
3846,17.597830714947264,1032.3152222624062,1471.483532702034,4.3599924785046325,0.5059808681972002
3847,17.696209777432664,1031.6572785626397,1470.1632770181188,4.370592471955357,0.5009624564588689
3848,17.679975770839153,1029.0077560717912,1468.384923788295,4.378608070600691,0.49719909365080794
3849,17.73093293053379,1032.436565123213,1466.6086549650345,4.383608822042494,0.49487494402310567
3850,17.685212145676083,1030.3545346637015,1464.721575655604,4.389871725735954,0.4919571001054319
3851,17.77190067114899,1029.827943076,1462.6919689779118,4.387525017222643,0.49313411987986483
3852,17.733059713884796,1034.0596192169355,1459.767145602829,4.3919739464319045,0.49111085023627965
3853,17.71834110593483,1037.5741400147576,1455.7621013031587,4.399481850748324,0.48767170575207974
3854,17.854621600027055,1037.3782943293336,1451.2486405191476,4.394353430972391,0.4902417836587611
3855,17.862196987712757,1036.29818639617,1447.396546476727,4.388712504476978,0.49303973406547363
3856,18.012485968939906,1039.079228047419,1443.6650716268114,4.373907796693202,0.5002077478770629
3857,17.982199631118476,1038.5129153703947,1440.9438954686236,4.363814803453442,0.5051156185858585
3858,18.035119391953277,1038.5981378291822,1437.932269939233,4.3512783743202625,0.5112166481814809
3859,18.153661633528465,1042.7870985964212,1435.5650514864396,4.334478084789564,0.5193655760492808
3860,18.11401930537763,1037.8291580728228,1434.1268783146004,4.320193215395036,0.5262965175843644
3861,18.03380917785713,1041.640243487507,1432.8067179507468,4.317915574686,0.5274390351774336
3862,18.158099823515528,1041.5426269472598,1431.4860032926872,4.3058170796369595,0.5333284332258055
3863,18.022408534767482,1041.4579344519673,1430.8766023788735,4.306920978286795,0.5328148010611368
3864,18.061623197474944,1038.19959740036,1430.4993062135793,4.302158250132192,0.5351312680252092
3865,18.03259197355886,1034.2078362440263,1430.5908290316504,4.297607473229651,0.5373310323776432
3866,18.151895977751042,1036.6098969073187,1431.369690322327,4.285942270808432,0.542957114277072
3867,17.95382328807883,1038.719345093101,1431.8717011706021,4.2941580478514965,0.5389586448724253
3868,17.78119456376257,1039.0567684335783,1432.9146648896483,4.315257296423335,0.5287189581252357
3869,17.838969559867216,1038.899806479214,1433.4403409070494,4.327718644333071,0.5226899841464906
3870,17.96586864315944,1036.6286106753687,1434.4373204733618,4.325849732504707,0.523558327705878
3871,17.924518743936098,1037.5384734199652,1435.9326388940613,4.328384194804896,0.5222882190202367
3872,17.94849995831455,1036.9429890785182,1437.1087265697277,4.32805252288991,0.5224097751171289
3873,17.991810395317742,1035.128866080214,1437.9586454994192,4.322869746021002,0.524880128900065
3874,18.016747026152483,1036.9801901774026,1439.3491005635283,4.317981648534158,0.5271923856936206
3875,17.99474490544384,1036.3527448053446,1439.928180805508,4.3152970731979785,0.5284689641626618
3876,17.924033474571043,1032.77703396586,1441.0987580824735,4.316171022158587,0.5280086458479845
3877,18.02341794673812,1033.153176695583,1442.0151653508597,4.3090503251444625,0.5314166457590146
3878,17.876903643593476,1033.4002801626652,1443.510527688986,4.315371312666975,0.5283152568071594
3879,17.997645956507636,1036.6114000183245,1443.305456673769,4.3131150672349685,0.5294110485769724
3880,17.989687402810944,1035.937056553318,1442.1930930624374,4.311405515329272,0.530273194558672
3881,17.90236671868,1034.985653058694,1441.5937104885813,4.316420268031846,0.5278720910396691
3882,17.906704131328862,1033.4646248534173,1441.9235035418328,4.319028014563103,0.5266031097303469
3883,18.047078607769773,1030.567784477952,1442.4064277121745,4.30750495318013,0.5321503180276987
3884,18.169917544987054,1032.3983310093852,1443.0381110869218,4.2894015380744595,0.5408871046670208
3885,18.13788169778724,1032.4560567370513,1444.1024128615445,4.277218347771094,0.5467555440003884
3886,18.100815463173873,1032.03036235406,1445.4171882401542,4.269935359461398,0.5502436555266779
3887,18.135152707676223,1033.8752490878585,1446.3904849664514,4.262552003797467,0.5537941314092848
3888,18.113191126747907,1034.0204245038324,1446.9197617723412,4.258402105160981,0.5557911420989692
3889,18.145241474278677,1036.756666792968,1447.7558247579393,4.254448633049434,0.5576825934122583
3890,18.145471101275078,1036.1302258860464,1447.7637501732302,4.250714431474187,0.5594967207179556
3891,18.150937509477295,1034.1680373745232,1448.7941012793265,4.245722256789488,0.5618870131922211
3892,18.114384764382326,1035.893074796901,1449.51626439539,4.245919892168513,0.5617656715331364
3893,18.005177810096434,1036.2320563695348,1449.511407790724,4.255262615552469,0.5572262057656953
3894,17.946447631085622,1036.6542399054294,1449.297769336987,4.268042249709212,0.5510291642756695
3895,17.941536582073024,1037.371129245967,1449.6721218927894,4.279464848984497,0.5454769456506824
3896,17.988930931861404,1039.5977196164415,1450.3535839982585,4.286641616445603,0.541976973979612
3897,17.969460992519608,1040.7436790206323,1450.5172315498835,4.29498399451629,0.5379336532838076
3898,18.053469607295924,1039.945220483219,1450.4908138647706,4.294355925880448,0.53823838628133
3899,17.937965280144592,1039.3061729299768,1450.6590673156825,4.302796803263614,0.534151327780126
3900,18.062212609004888,1036.4286869498894,1451.01353220136,4.2973894516024,0.5367535682402838
3901,18.0047909301999,1037.717302575887,1451.4014467566742,4.298622116245403,0.5361445451409321
3902,18.008733328253093,1036.6319983605938,1451.8722442950261,4.2984902384969965,0.5361925793569883
3903,18.071917124419443,1034.6053127874504,1452.6344432649025,4.291686544627293,0.5394579871642081
3904,18.197856904341037,1032.216896299109,1453.59955573503,4.2740100739737565,0.5479873194557143
3905,18.20426679753541,1032.0230806140014,1454.1045825181793,4.258845026908071,0.5553273613543458
3906,18.13559612869453,1032.296525159866,1454.340615986206,4.25222817944856,0.5585322172724687
3907,18.134904029840985,1033.5098464570528,1454.4733302759444,4.247776193750745,0.560690247088614
3908,17.981178756787266,1033.5082117249017,1454.8191080866504,4.256686758934982,0.5563504408685627
3909,18.026630995530315,1037.4997711862052,1454.439224803636,4.263296684388719,0.5531550897496474
3910,18.093455958382513,1037.837025907441,1454.5196086560595,4.263510851865756,0.5530483895029276
3911,18.047219402810914,1033.6825712176906,1454.3596671232106,4.264324152772786,0.5526592451669158
3912,18.151624410509797,1035.1092601867683,1454.8636971781295,4.257537659148021,0.555935774882133
3913,18.21091820724796,1037.9390428006852,1454.7785628757758,4.249266560962392,0.5599555438077862
3914,18.08012826993533,1035.3800802983344,1455.048463703465,4.2512378384755865,0.5589885832799566
3915,18.073309974011863,1033.7018792194146,1455.844287796589,4.252142757163608,0.5585213620144601
3916,18.131214555795346,1032.7352802836594,1457.4779189254323,4.247422079269009,0.5607572699120273
3917,18.09369851750924,1032.5079664134182,1459.0663550489369,4.246445084758276,0.5611763042446629
3918,18.127871923576432,1033.0446986431834,1460.0711128746773,4.243257068081367,0.5626897785531881
3919,18.31501807021254,1035.081244004158,1460.9262542768242,4.226888939596096,0.5706145397146353
3920,18.447464633896665,1038.4026865315689,1460.705700020269,4.205154551604629,0.5811921832487592
3921,18.553431985094996,1036.1200082411021,1461.4400537900196,4.176946996724106,0.5948841553313555
3922,18.489791990897327,1037.5144409798527,1462.6960357736725,4.160071653198406,0.6030391523353245
3923,18.400852350227236,1033.9986039608575,1464.149553856228,4.150844046156531,0.6074657104590718
3924,18.255417396672403,1035.5874330696515,1465.9388210925108,4.1563635075929435,0.6047181176129103
3925,18.316672244873516,1039.6817449055682,1467.397450448493,4.158979019523759,0.603393010375339
3926,18.359118435993658,1039.704090940342,1467.9155377245384,4.157671930170979,0.6040082404165803
3927,18.374736578727187,1036.5962829043344,1468.7501839848942,4.152974299402294,0.6062574458500186
3928,18.375836728254033,1036.8277518153131,1469.8998555540004,4.149207328449338,0.608042150101228
3929,18.412822833449034,1037.666836569597,1470.6921090289613,4.143730255825617,0.6106691977386247
3930,18.334903042391094,1040.7397939976222,1471.2672518830457,4.147929817415008,0.6086101193321225
3931,18.37003410157467,1040.8982172773146,1472.8804641991871,4.1486223157612745,0.6082129130642993
3932,18.265547871190694,1040.185595696001,1475.152242858452,4.1571900372367185,0.6039694890936216
3933,18.157191846328246,1039.7383308328613,1477.7090702087976,4.172732290961807,0.5963277424900377
3934,18.18122185780566,1038.788466877753,1479.5539990721816,4.182795109328385,0.5913718290718752
3935,18.33509877778977,1040.231182851431,1480.4853925658495,4.179562491763978,0.5929075171520793
3936,18.290624297951943,1041.1315906710338,1480.3472936416645,4.18122690816513,0.5921042378871787
3937,18.28982106659934,1041.4935297482762,1480.525961727598,4.1829309956226055,0.5912699483739994
3938,18.25670613188889,1041.4727961693955,1480.8987187507646,4.187018825216639,0.5892706215177228
3939,18.31500379651228,1041.6454833795162,1481.2976215327785,4.185737311861575,0.5898784156574718
3940,18.49748890420121,1042.0224669826275,1481.7768740123472,4.170058787514035,0.5974743270933354
3941,18.46608010047812,1043.1532876469848,1482.498755807503,4.160624025411558,0.6020265033631367
3942,18.61446233637941,1041.1413844567694,1483.164320920783,4.13924072535787,0.612369496911774
3943,18.5264575589042,1039.3376078454019,1484.4404055564435,4.127534514610925,0.6179884954785777
3944,18.506622815448477,1042.0945066891372,1484.7721496959828,4.121640532559497,0.620826784248414
3945,18.494432466930146,1043.5212003218276,1484.3081060877346,4.118882242944558,0.6221784349115395
3946,18.487683279399253,1042.2046649263984,1484.2283687726633,4.116176688306388,0.6234892861838021
3947,18.4780376079804,1042.2569880730573,1485.1236212149374,4.114785934070311,0.6241264646037583
3948,18.35265066858829,1043.7406294648242,1485.41103349604,4.125013769176027,0.6191705731645695
3949,18.3984833862276,1041.3416934402676,1485.8517711209468,4.127841548642665,0.617785475114021
3950,18.429963606252873,1042.5544867269114,1485.8837767030302,4.128504635949545,0.6174633860318673
3951,18.29855853519814,1043.566634103173,1486.0394080039655,4.140551973364233,0.6116243924793541
3952,18.322196633224163,1042.7277748109861,1487.24747221048,4.147864907048698,0.6080348121769605
3953,18.243585818473147,1043.4454646531403,1487.8990521409962,4.160828161972081,0.6017245106140394
3954,18.26902675495354,1047.3962737158374,1488.7412798784956,4.172365809331476,0.5960949959288026
3955,18.269815010585894,1048.4255287447625,1488.6754553184292,4.1825403807177715,0.5911587856985767
3956,18.50549343960647,1046.3241486829381,1488.7921941078941,4.170035244708233,0.5972240823851869
3957,18.40014377826244,1049.2514924855764,1488.5612894637127,4.17060327942024,0.5969570439003827
3958,18.442899002521795,1047.8255105540738,1488.5116246472437,4.166497068617395,0.5989513771294915
3959,18.31011949192372,1048.0496488266785,1488.3354088153687,4.174150165899227,0.5952440952205008
3960,18.50374197969589,1045.1082742994847,1487.8133000091652,4.162379196827028,0.6009753389706225
3961,18.501902143433117,1043.8823540778765,1487.9351187031255,4.151950557919683,0.6060282536708459
3962,18.5227908980695,1043.2045042299035,1488.4836251119066,4.141179590501707,0.61122703734182
3963,18.338713310203193,1045.8794048023672,1487.8649109074947,4.149412442532184,0.6072612909102215
3964,18.283254942408806,1046.4700547867478,1487.2160491814443,4.161141970401525,0.6015979510077873
3965,18.07896611477752,1041.0036785890222,1486.4958914376573,4.183322085842932,0.5908597125581668
3966,18.007473895903775,1039.102183628142,1485.8566212518658,4.205914594440824,0.5799117169461357
3967,18.06037743364563,1040.7527627479,1484.7935288510726,4.221365012201367,0.5724472356454335
3968,18.120159765518395,1040.877936797723,1485.0654778804483,4.229243574186036,0.5686127780445576
3969,18.114457968696893,1040.3585041844274,1484.6188400195879,4.235777254794066,0.5654576015516684
3970,18.14924568041791,1043.524844636672,1484.0126998545857,4.240685774472707,0.5630972855182886
3971,18.229853973543463,1038.4332147560451,1483.2843069757007,4.234274178705218,0.5662341955515242
3972,18.212854896391974,1038.4755656631417,1483.86872172903,4.230437852046461,0.5680755476292378
3973,18.317383976362365,1036.0191722360103,1484.8298732909093,4.21689291434019,0.574617414106901
3974,18.47300468888579,1035.2766444501785,1486.2356467656894,4.192507389787544,0.5864090219552991
3975,18.314723244225647,1035.83350242315,1486.5582458680676,4.185867003939567,0.589621722754662
3976,18.375551577051386,1036.0329316561704,1486.629748851065,4.1756017646858705,0.5946028755410041
3977,18.400523917830935,1032.779412308475,1486.012418171398,4.162683868182477,0.6008951128010108
3978,18.504587453086767,1032.9890546225704,1485.2432050752495,4.143745610538044,0.6101074033230548
3979,18.62947662863865,1033.8778640639453,1485.1050546517624,4.118682235781188,0.622244159256611
3980,18.597194500354767,1036.7209079571112,1485.322429990167,4.102917705187158,0.6298486577382448
3981,18.68523036080742,1037.2987418639548,1485.6862623172537,4.083233342017437,0.6393160011265218
3982,18.77040249213664,1038.0184876558255,1486.4617263567013,4.060676025464696,0.6501105279013274
3983,18.74084480896257,1036.3507080225886,1488.1469674693394,4.043333638357707,0.6583303011038255
3984,18.79978877585433,1034.2535341081013,1490.089213328683,4.022710516476228,0.6680613540421476
3985,18.627652892603127,1033.3675494586594,1492.7780679024893,4.019196696517726,0.6696152782885623
3986,18.428819684327266,1035.8865327713543,1495.8028929892141,4.034468365316455,0.6622376361659986
3987,18.43400575619292,1031.4690608773853,1497.9091061284523,4.043227719186711,0.6579794193752977
3988,18.52651335163429,1031.4707108890761,1500.1381913145467,4.04285191606969,0.6580668689095049
3989,18.579154279947172,1031.6725270968443,1502.3301173219834,4.038394513905077,0.660099584146228
3990,18.500876350413122,1030.0578956844288,1505.1733815445016,4.039915655183831,0.6592581933894566
3991,18.525498172550336,1031.8179962356025,1508.3074719754072,4.040481531744043,0.6588596407848263
3992,18.460970754677323,1033.7405739614112,1510.6709164282383,4.047672199872712,0.6553366692705761
3993,18.48314115785187,1034.43946107537,1513.191280943152,4.052285141048948,0.6530331720970548
3994,18.301378808907053,1035.37413672508,1515.7057812045448,4.071627986760413,0.6436826749806733
3995,18.245570331214473,1031.690346935581,1517.9578281524973,4.089264843959992,0.6351313654872911
3996,18.140857107555885,1030.3594037242235,1520.2094861252942,4.111278038433239,0.6244499432522086
3997,18.12113867607694,1030.183308913224,1520.8952467439592,4.130807120444646,0.6150015763294755
3998,18.044136226208433,1029.0682392168183,1520.1072884841851,4.152270615206771,0.6046557398429235
3999,18.101092893608726,1027.1956000859311,1519.3955622926674,4.163800466868811,0.5991018409469304
4000,18.315943525891292,1026.3191748326235,1519.4150602434004,4.155034774070052,0.6033443464796322
4001,18.277047154095573,1024.8090621287158,1520.0394609712177,4.149883872274062,0.605813013867187
4002,18.173206643288793,1026.0595585076517,1519.9716841755344,4.155091354606955,0.6032959501574943
4003,18.215921227670666,1029.3240568249998,1519.608449097615,4.158338815012156,0.6017379197239956
4004,18.205978009547227,1030.778051138749,1518.6488523382332,4.162913512030663,0.599559300376334
4005,18.228504109689766,1030.1348318662644,1517.9441941761982,4.164337656912192,0.5988961219944287
4006,18.143094969560288,1028.8831320923193,1516.2692654669454,4.171538805617324,0.5954707899490723
4007,18.34498125729334,1027.1731797139983,1514.6661031367119,4.159652876123976,0.6012877444961522
4008,18.283239594357003,1025.1781178456008,1512.9425832841807,4.15344367586208,0.6043589933905169
4009,18.33082068900937,1027.6890871698138,1511.0639071873538,4.146362097401439,0.6078577169239412
4010,18.384210255657337,1025.4229999499394,1509.3023609326092,4.134479045739016,0.6136728015597107
4011,18.554392489110878,1023.3465370907219,1508.5805845170978,4.109257845336438,0.6258784859656001
4012,18.596648436727996,1026.6421744421255,1509.2083406895083,4.087614806804714,0.636272135997118
4013,18.613142868169223,1026.7992140575304,1509.8252551600222,4.068638312220569,0.6453517138839434
4014,18.6123315990977,1025.0428695667304,1510.2162819044452,4.051816087135051,0.6533785612099902
4015,18.678777066631383,1023.1436833659793,1511.3289760009875,4.031156154190305,0.6631687492682278
4016,18.67788706690854,1027.5298756631857,1512.0148150961986,4.017603701329652,0.6695644730686348
4017,18.539665462819993,1025.9633227479198,1513.0679579072105,4.016601845466092,0.669994310104957
4018,18.62545517704106,1021.0384871518353,1514.1598855167324,4.005046412501187,0.6754049128924441
4019,18.341525515230128,1022.9106968312087,1516.1633430468105,4.020189079950761,0.6681673197709278
4020,18.39778006940835,1023.5478501739746,1517.357447767415,4.028490633019098,0.6641836052456758
4021,18.336941749978717,1022.676597392555,1518.697574653614,4.039610946896171,0.6588457085263196
4022,18.370875469547375,1022.5125034250252,1520.137767949824,4.045832485672768,0.6558251168030441
4023,18.4052253885399,1022.8011456966959,1522.398874103605,4.048345285646891,0.6545352788218209
4024,18.459019971743533,1024.2609442684784,1524.5337747938868,4.047113296006539,0.6550347198540991
4025,18.434597290459177,1020.0892308572146,1527.0943568946395,4.044945070677092,0.6559620688337922
4026,18.432101220533998,1017.6356504012682,1529.749559975853,4.041516197916536,0.6574842573905579
4027,18.737477553553145,1021.1540707125399,1532.361749342505,4.016409094073877,0.6692767876432858
4028,18.87580957342516,1021.1436719393516,1535.1391943201209,3.9845089147864248,0.684156588014371
4029,19.033634117901492,1023.5265394972855,1537.004670199603,3.9472547938699063,0.701385886182814
4030,19.166580154966258,1024.0443445169306,1539.6989247618612,3.90623352516428,0.7200276206185552
4031,19.18498559931646,1025.1568648861696,1540.7450637032784,3.8719330573125124,0.7353905978501631
4032,19.116639573030135,1024.7980143071245,1542.471947522292,3.8491206199044234,0.7454037461928597
4033,19.085501006034626,1026.0780004139924,1543.757930254957,3.833926734421456,0.7519911823982001
4034,19.47227895829839,1024.7134744795085,1545.6051963351547,3.788828672459958,0.7712554393236075
4035,19.484992935177257,1025.5096508536644,1547.9009261480526,3.7514111847998506,0.7867313280237345
4036,19.490851109843998,1023.9261231493952,1550.9163379805238,3.7190529679403688,0.7996859945162277
4037,19.606934291511077,1025.4163260522055,1553.6763466673735,3.6841595059042844,0.8132569398492545
4038,19.501900623828394,1023.9314257401234,1556.6767790170766,3.66300763372179,0.8211888088611792
4039,19.583151901570904,1024.0771541618549,1561.5467518980574,3.6391334148018557,0.8298474269978632
4040,19.386286733650923,1021.1446269131018,1567.4174897922858,3.633427386209873,0.831635903349436
4041,19.364307751636918,1023.6131929541715,1573.518249465384,3.6324108011016807,0.8316889904543994
4042,19.432575459273615,1024.2701746059056,1579.8519288632826,3.6264950423736027,0.8335108312245392
4043,19.40859956563655,1023.4342106883968,1585.885228905424,3.6229714415229632,0.8344696225355855
4044,19.397710070952453,1023.0217646369439,1591.0187605510052,3.620660169116125,0.8350334273239304
4045,19.390513870782303,1020.3973212142987,1595.8318693402978,3.617368919992902,0.835962690829022
4046,19.446739561439024,1020.3425703974319,1602.7223993499442,3.6100339406538415,0.8382167090847461
4047,19.349381110510745,1023.7720269157659,1608.7112643982614,3.6145680593335308,0.8362870604768411
4048,19.219475171431423,1023.5902239649582,1614.1605212406191,3.6287645069616277,0.8308922920488012
4049,19.200238154947826,1024.2766747686044,1619.6284822512378,3.6424965998112633,0.8255868169130759
4050,19.299078566790318,1024.2756179410042,1623.8057481505232,3.6456788785305303,0.8241956710613428
4051,19.21443102908193,1025.2595329690253,1627.954494398681,3.6559495836230425,0.8201643312575274
4052,19.27589904572477,1025.8760465194819,1630.2983415625986,3.659814479722995,0.8185965222765487
4053,19.30885508317192,1024.7806088577877,1632.3937683182971,3.659462376272534,0.8186204617984024
4054,19.3804959652088,1025.248616768164,1634.6888216868783,3.6536729725433466,0.820665493904489
4055,19.720674495680978,1023.9833865339452,1636.87821077217,3.620169757918157,0.8328022930687693
4056,19.703947636161942,1024.5371478475865,1639.0470320770225,3.59448268443851,0.8417585156946471
4057,19.775287264805783,1022.9603328153248,1641.4088061962655,3.566397337568035,0.8512152157511864
4058,19.727228152882002,1025.2721849242726,1643.8751820906723,3.5490425039550217,0.8568227589255496
4059,19.700371994896457,1021.6863018500427,1646.0950565641685,3.5342952980188116,0.8614683906613315
4060,19.609870654283274,1018.6412221860412,1647.7921051452636,3.5272962784800437,0.8636013064849638
4061,19.422492034305083,1020.3863815965109,1649.0578655731651,3.5381890037971866,0.860059425454092
4062,19.36699129069408,1017.722903136409,1651.0865756362953,3.5496429696092977,0.8562369133826342
4063,19.242705500543742,1016.5984253455399,1652.4299856564269,3.5683417511364177,0.8499722269561663
4064,19.301434600851874,1015.682369168876,1653.995508471472,3.5781828714419173,0.8465651352421465
4065,19.287160329560734,1017.8169157078853,1655.2686316431207,3.58903280072583,0.842782994353152
4066,19.38456694418163,1016.7187245106753,1656.9293609946371,3.5891394416467284,0.842657897822951
4067,19.28847890226769,1017.2236658493207,1660.5459515363002,3.597460937639088,0.8395820307335582
4068,19.127942242477502,1017.9755231507329,1663.541231965572,3.6179720243107445,0.8321884078702447
4069,19.156070817217966,1018.7311324866728,1666.4251404125207,3.6330636889116827,0.8266001766426377
4070,19.20165937732578,1021.2456474234424,1668.2710680478465,3.6436143300446395,0.8226472729088464
4071,19.272420741383467,1021.3943854972385,1669.661843447012,3.6465956830866597,0.8214770952683978
4072,19.17516742889943,1019.9194579030533,1670.4971815819065,3.6558728880161073,0.8179945768439534
4073,19.20282768866369,1017.8454528129213,1670.2413702825147,3.6596518517821797,0.8165970074210285
4074,19.100099485876623,1016.7856287905499,1669.7382200785976,3.6703443238412055,0.8126005577861639
4075,19.08128587486218,1020.0295270181084,1667.952733452155,3.683101986281741,0.8078343559814112
4076,19.05270391984194,1017.8296458287699,1666.84960640804,3.694235876668094,0.8036003025614548
4077,19.0162647105251,1018.1380272142926,1665.5891777709205,3.706576615297731,0.79885476760473
4078,19.107964710911297,1016.1715796165734,1665.2041395989056,3.7077156625585976,0.7984274627432565
4079,19.035179511227472,1019.9264110833243,1663.7264519918192,3.717436340419534,0.7946702214814961
4080,19.186856452068163,1020.2280395165527,1661.2532208075006,3.7132402877555215,0.7964527601129302
4081,19.202111240591076,1019.2153318536027,1659.3615202553478,3.7077872962597485,0.7986939407389471
4082,19.17290702019229,1024.0167761982595,1657.359020011374,3.709332304048764,0.798187871290538
4083,19.296536474556824,1024.4391256761435,1655.942542329419,3.700815507630367,0.8015950228624015
4084,19.34916452073788,1027.5089333201659,1653.7400997298919,3.691851745212247,0.8051890391330004
4085,19.21877626171917,1028.3619849675893,1651.8713993601568,3.6958016956018493,0.8037528486027096
4086,19.133061156800125,1030.4884386971294,1649.1835674015692,3.7076528923148397,0.7992599128921697
4087,19.33424306562617,1029.7483920921584,1646.6360424936397,3.7003708127968697,0.8022394137790777
4088,19.306522566453904,1031.3935132801741,1643.9978080877356,3.697908538402632,0.8033327029100145
4089,19.13596778400476,1032.7531981704904,1641.1809717868089,3.71085513199818,0.798403181363906
4090,19.185475051378877,1035.6000855492305,1638.7109778036133,3.719577851715044,0.7950754870687353
4091,19.209797531488775,1036.9519273760372,1635.7428218072253,3.7257648412293576,0.7927589512573401
4092,19.09677194716049,1037.0273702938139,1633.9020051025257,3.740131658228241,0.7870742903766955
4093,19.031844321369945,1036.7826411160663,1632.1791375019634,3.757033318488552,0.7802738225490186
4094,19.021929552324345,1033.2125055090414,1630.6962039395394,3.7690038923095024,0.7754127493989166
4095,18.92678175607955,1034.3633416374748,1629.8136632798694,3.7874652728649023,0.7677574000309393
4096,19.000221958057992,1035.1631553449376,1629.0516482297792,3.7972067307774937,0.7636898393890923
4097,19.06345906672307,1033.576910732296,1627.6489673327667,3.7988277888185515,0.76307151690767
4098,19.146478166613814,1033.850009955549,1625.8079349966504,3.7935791985819263,0.7653779675314925
4099,19.26536547538789,1027.951748926099,1626.2603131979754,3.775100798376612,0.7730982279321552
4100,19.61741821586217,1024.1004992431222,1627.2849959928822,3.728267215496366,0.7921801440756173
4101,19.640923230213158,1029.3989241616111,1626.9699897304904,3.6919484570001786,0.806511818557158
4102,19.551216297524267,1030.4231038726791,1627.2272933646132,3.670272205434209,0.8148100860136644
4103,19.582925994625985,1026.3783009715862,1628.3488146243906,3.646848491709735,0.8235274267136883
4104,19.61445436830658,1026.0899787879277,1628.9167424826642,3.6248465761876423,0.8315373813037032
4105,19.51521175365564,1025.0682094298168,1629.3476904547567,3.614142654294069,0.8353526550489179
4106,19.68588116637075,1024.86043877794,1629.8137439802417,3.5912612593214415,0.8433663640723884
4107,19.82313989623305,1025.6286359117553,1629.7425264185342,3.5618624890727038,0.8533560980780229
4108,19.90138031175461,1025.9163691651386,1630.3628045287567,3.531579217051875,0.8631904994555355
4109,19.749780293980024,1027.5381984954927,1631.3873420552527,3.520361790421082,0.8666785032994985
4110,19.848555992640808,1025.288827784121,1633.2168569748378,3.501391026231476,0.8724306381355471
4111,20.005626048904936,1024.2675424740387,1635.9041299503772,3.472227142903672,0.8809254219824088
4112,20.100515727111226,1024.1503594338878,1640.829133256899,3.440469783693501,0.8895597299934699
4113,20.140226330606627,1021.6587022094517,1645.9840641731248,3.4092999057618427,0.897486885899763
4114,20.01915054346675,1023.3940968671,1650.1197583566163,3.3949468775441356,0.9008562774199212
4115,19.805689352488592,1025.5728031376216,1653.9609249632026,3.4022685448728653,0.8988144677026361
4116,19.786004331010247,1024.3471342638093,1657.7640944535956,3.408954366369032,0.8969080731375055
4117,19.80271013406294,1022.5953591489408,1660.7516139930715,3.4117471997835818,0.8960255381567975
4118,19.84944568003131,1024.021666528291,1664.3624771569669,3.4112963827457663,0.8959366915161889
4119,19.891011930555415,1024.1070447878378,1668.5151669028999,3.407594464746145,0.8966450492080363
4120,19.790906227789456,1024.4407022054916,1672.8020264061918,3.4129917750242362,0.8950247976986437
4121,19.66444539051194,1023.8683320844156,1675.781368290674,3.427319237263056,0.8911232760081885
4122,19.844019155559558,1027.739527719287,1678.5020213056505,3.42731961211916,0.8909699663488875
4123,19.85511776442976,1029.0578645505602,1681.8192841605824,3.4274096038287345,0.8907593678354393
4124,19.943863373472123,1027.8817718459272,1685.5777363852128,3.4193419797749414,0.8926625800822618
4125,19.979640769809095,1025.533139555911,1689.5979735471874,3.4080272332109214,0.8953412454193823
4126,19.868910324323515,1026.546725221218,1692.4479852750178,3.4085643037964783,0.8950435416966542
4127,19.757094727224157,1025.991709124573,1693.7523896973225,3.417722680102531,0.8926211618515413
4128,19.699176400937066,1024.8276330197075,1694.9058227749867,3.429085592762397,0.8895789309804939
4129,19.77549954575563,1021.6881198202137,1696.3680581595925,3.429792581770097,0.8893091089073845
4130,19.68968991523928,1022.3313191034772,1697.9271675142356,3.437870934420354,0.887059834543752
4131,19.570546985844352,1023.962127992975,1699.3615850597557,3.455464435304179,0.8821520234488278
4132,19.502805000163185,1023.9577013690277,1699.8931680047715,3.4754236345710763,0.8764498153393783
4133,19.607841364125687,1021.6449958436634,1699.692090416714,3.4814582009297412,0.874705435660812
4134,19.389954012458666,1020.8493224023862,1700.7377399475338,3.5036107706004693,0.8680453730983946
4135,19.46078506330661,1016.0012049410759,1702.1988832552086,3.512322387454422,0.8653018778503699
4136,19.604283091931087,1018.0080203820569,1703.7546966837792,3.5092564068488525,0.8661581376705003
4137,19.587583250153603,1016.5724329722536,1705.6133050270266,3.5070217097405303,0.8667394372370645
4138,19.631716256944365,1018.4216931171386,1706.3688470783502,3.502980749466298,0.8679270838685389
4139,19.60465717811636,1020.0336043355729,1706.164317335473,3.503097034844388,0.867903066738051
4140,19.576499133291783,1018.7718094231187,1705.77148066499,3.504539547323671,0.8674867251582805
4141,19.473937359410186,1018.1986945641537,1705.9738995074533,3.51367048088491,0.8646797402991112
4142,19.635044032553154,1021.4676796614119,1705.094447918433,3.5104635618094098,0.8657145749376396
4143,19.69881592609828,1021.1264833182894,1703.5959107042017,3.502364504591591,0.8682662278054725
4144,19.560148722576105,1019.0486181833359,1702.1443787002158,3.505484295502787,0.8673985020615873
4145,19.51549722872095,1018.1314986444316,1701.594754643494,3.5109981017563996,0.8657422427094196
4146,19.403415632727395,1015.4715093102043,1700.0012040630163,3.5226677789722793,0.862210724991162
4147,19.32038999719165,1017.2574096047143,1698.6757518489476,3.540371909847931,0.856666588261254
4148,19.513011951455304,1017.6627009462322,1698.1791405883073,3.5394546313177275,0.8569882002764383
4149,19.473343255426183,1018.1294388387979,1697.5683973338425,3.5422970426092397,0.8561068270008101
4150,19.516214129694777,1019.4513804287961,1697.0980319132257,3.542123799865089,0.8561881583573953
4151,19.4116828818289,1019.6983513045197,1696.4672502245007,3.550710744372532,0.8534369835538606
4152,19.282702625520514,1017.678541258715,1695.8980980075303,3.5667653290195283,0.8481676699020115
4153,19.308719630137453,1018.388195248105,1694.4843859692617,3.578340477228748,0.8443485961323863
4154,19.075168002784014,1019.8026257071341,1693.9211860673329,3.607987247174657,0.834129772053582
4155,18.88144857104421,1020.184735519871,1693.4489616621847,3.6484172255105083,0.8195711593690307
4156,18.9905224357501,1022.5818300784829,1691.4180689558564,3.6744684950084516,0.8099264449706719
4157,18.866901987588506,1018.7542233755222,1689.4919273539515,3.7030391283530926,0.799031124308608
4158,18.946072128531075,1020.6639960436167,1686.4818710391103,3.7214410519149506,0.791942245834647
4159,19.047393158108367,1020.2677055976184,1683.092434722844,3.727951079121443,0.7895210836013858
4160,19.111215620909896,1020.4196087890481,1681.1547810424909,3.728188568583347,0.7895229958873914
4161,19.11435176413078,1023.8638083429889,1678.6847755420783,3.7307308391808767,0.7886299941316087
4162,19.189951493552815,1023.6723725109598,1676.726256123734,3.726492765693468,0.7904207667716394
4163,19.25099589447499,1027.0526616854022,1673.8992001297022,3.7205844956063117,0.7929123788051039
4164,19.375733577691133,1026.475473498848,1670.6778905332965,3.7051097963933852,0.7991724289061846
4165,19.369702187332955,1026.0235141195537,1668.136365057138,3.6925717469681096,0.804179148054067
4166,19.315190607330866,1028.3798389692663,1664.1547811688476,3.6885266143435365,0.8059432744476132
4167,19.618372755148673,1024.3034504470247,1659.9237380416826,3.6573518107489007,0.8179891573848904
4168,19.65542922251033,1028.8560390641144,1656.4948559038746,3.6322019742830247,0.827431778668632
4169,19.71380913724206,1028.6268676427537,1652.8631402313704,3.606635048154581,0.8367735773639192
4170,19.85639894114836,1026.5036312040074,1650.5779684658867,3.572412563206342,0.8487019826403176
4171,19.591760100718034,1025.1267674698458,1649.619863086487,3.564935502605726,0.8512631767126985
4172,19.59506920910078,1025.7031014711822,1649.1503588202063,3.558969601081193,0.8532726383811324
4173,19.629773827759976,1024.2042281532601,1648.985446796117,3.5501083521658976,0.8561982581873526
4174,19.421334699995878,1027.6954645314004,1648.95325022831,3.5625151482781114,0.852105974861035
4175,19.49873143552744,1025.5135238432183,1649.483607566455,3.564714312702222,0.8513443534140245
4176,19.34415231919218,1022.271368923184,1651.1520307121814,3.576698763797364,0.8472211016710206
4177,19.40655714840031,1022.2177843488442,1652.5305386940358,3.5813857811142915,0.8455522888817553
4178,19.37691321354076,1021.7296737489537,1653.4530112116415,3.5872826260573767,0.843482312186411
4179,19.363095184255577,1023.0082653966715,1656.0136685622833,3.5942138635495664,0.8409513787522874
4180,19.17151697915741,1021.2658126098212,1658.7214843338043,3.614235954906926,0.8337733834496218
4181,19.174382027233545,1015.0742457761556,1662.1555989415244,3.6257391135649275,0.8294743504883322
4182,19.033269998217047,1016.7731517623124,1665.8408751426332,3.6479877516012515,0.8211613758248726
4183,19.04168329953341,1014.8393070514699,1667.5292567919287,3.6640821132060672,0.8150755017975805
4184,18.93863964889732,1018.6854911144209,1668.4005113695405,3.6886079320035883,0.8056958647955397
4185,18.98453694766556,1019.6279390607511,1669.037316159231,3.7056808668096406,0.7990317012574141
4186,18.91028105165728,1019.2510189620036,1668.1378560035357,3.725463913577747,0.791260101727472
4187,18.871351861413675,1020.558578047055,1667.4091607229673,3.7458558200226006,0.7830958113461328
4188,18.83523530485912,1020.2136314871883,1665.570633467229,3.76526784870976,0.7752501572438608
4189,18.93668081370894,1020.43617020054,1664.072253656019,3.7730638245173167,0.772101655019985
4190,18.851443169251407,1021.4391197278234,1662.2729636399044,3.787180374827209,0.7663064625802751
4191,18.911943084022088,1023.2889397009985,1660.1610323507562,3.795210356945981,0.7630346990990357
4192,18.89711106812277,1023.4515299598378,1656.9106504608799,3.8031299328583494,0.7598442582451483
4193,18.884464451264435,1024.687443411142,1653.7131074214287,3.8115918172053402,0.7564004960972401
4194,18.852385222165367,1025.1228332004932,1649.7471753448,3.821481231652598,0.7523589598767417
4195,18.812700316729895,1021.9001831534224,1646.4845284748505,3.8303972785359504,0.7486753190631045
4196,18.850127123643006,1024.4174451545034,1642.4469782760057,3.8365529683921773,0.7462025835925034
4197,18.75890157543661,1026.0210951668926,1638.744441573454,3.8502679452830764,0.740405269491307
4198,18.717724848815536,1026.206810440055,1634.7032117764413,3.8650195891795986,0.7341156516221737
4199,18.829965082380294,1027.8760982753156,1630.4348094550833,3.8692056468912917,0.7324645184613946
4200,18.913980081954826,1031.1765822862183,1625.8835098926766,3.8682676743618916,0.7330893000915174
4201,18.934940204352767,1029.0150311030006,1622.6855281846065,3.8641515429909115,0.7350547278535866
4202,18.969298776101834,1025.8852663648015,1619.7125472892658,3.8556024306412953,0.7389551102741916
4203,19.109621186657552,1028.4762659982007,1617.2136855448728,3.8390838068468467,0.746290263583388
4204,19.126944353626154,1030.802605382579,1614.7534190824827,3.8258815987053145,0.7521245048779807
4205,19.047951400114883,1029.8624007516983,1612.6850967606122,3.8208002974892534,0.7544110500167079
4206,18.926876908259008,1029.6162110325695,1610.6497501998037,3.826341718538884,0.7521202427485167
4207,19.042567206322786,1029.7589439354997,1608.5096665646968,3.8215393787164245,0.7542913455700323
4208,19.085955977079912,1030.9119452987286,1606.7253437361064,3.8149273987463364,0.7572155931396634
4209,19.166905797315426,1026.673846156353,1605.1716490711478,3.799686352909582,0.7637880655683178
4210,19.164184678131978,1026.7216445743845,1603.666046079084,3.7874472007871467,0.7690299521899686
4211,19.216408198171766,1023.7787498862907,1603.530708436919,3.770918561604899,0.7759453293452923
4212,19.15277352301471,1022.8904549266897,1604.2167171836177,3.7618937521398323,0.7796477014492307
4213,19.253854474969643,1022.1198481979235,1605.1965016382853,3.7456504942977733,0.7862565139088983
4214,19.337040300077913,1021.0147398746691,1606.639533105685,3.724697615347057,0.7946402793958439
4215,19.402136563377013,1021.7962929263343,1608.97998550876,3.702787442077726,0.8031987074008748
4216,19.339531984811035,1019.919145650603,1611.6707605900108,3.688518022816833,0.8086176972959205
4217,19.313071202922476,1019.2848379270725,1613.8383853169657,3.6784999374798453,0.8123611276422709
4218,19.266523652157012,1023.3690649894481,1614.6220504467253,3.677176649011225,0.8128272060098717
4219,19.135691053223944,1018.6837856678668,1616.6503314979573,3.683241121284651,0.8103985790393422
4220,19.254271687282124,1019.907936639057,1618.5759961040433,3.6794490372678457,0.8117555131930635
4221,19.19115156581828,1018.0780541267065,1621.1010946545023,3.6801143135207535,0.8113715892717956
4222,19.287097323811214,1017.7491891834259,1623.4314961625093,3.6725705308078354,0.8141320242290472
4223,19.165298407211612,1019.8455252275917,1625.67701488984,3.6779228664971515,0.811976398979151
4224,19.17345155238011,1018.834622160147,1627.3888900145905,3.6808812640202326,0.8107563981057087
4225,19.024486211666353,1018.7698194465584,1629.5388803661633,3.6954316067808146,0.8050293719181475
4226,19.051074321959092,1024.226565887817,1631.179568697022,3.7093154077809607,0.7995135051219392
4227,19.027056948712843,1022.4379133997429,1633.1576795057613,3.72131060306178,0.7946646544815494
4228,19.05220307006279,1020.9624800152205,1634.6229658358022,3.727976294516635,0.7919304039478589
4229,19.022634774664784,1020.973268152185,1635.705899925437,3.7358666384410864,0.788706892644081
4230,18.74752298604935,1017.5933630998518,1636.6668534444912,3.762263647605226,0.7779038101948239
4231,18.689807882402096,1014.7895943726422,1636.7560421238054,3.786506024232103,0.7678239697162319
4232,18.486301573997082,1014.172732112301,1637.310033535283,3.822548960720183,0.752490522076275
4233,18.56779982541552,1015.8767211378556,1636.7909663084313,3.8467323472378125,0.7420407440440201
4234,18.628622759907035,1016.1206630323877,1636.617887290025,3.8617766940478884,0.7354556733671638
4235,18.8282931479239,1017.3866217646552,1635.426551418315,3.8587530591250063,0.7368406879562648
4236,18.867030379569805,1018.455012346062,1634.3074509748444,3.8539157751976836,0.7390154772541577
4237,18.96083994103548,1015.708042203569,1632.8040454127563,3.840206375586579,0.7450698647495936
4238,18.753476611182904,1016.7782599158649,1631.5518178655295,3.8467194838115213,0.7422914326234498
4239,18.832463127243162,1020.8940435041462,1629.6799273057609,3.8487169868562705,0.7415065329494109
4240,18.794729399219555,1019.5373667166855,1628.2720871388244,3.852412891955734,0.7399551797283961
4241,18.80197836983731,1018.5134726691707,1626.8962638058213,3.8540770843584897,0.7392899589119268
4242,18.66470482781983,1020.3957689900569,1623.5968242754827,3.868082732001008,0.7332766594861236
4243,18.762649347611415,1020.2432939261316,1620.1243282178677,3.871448065762177,0.7319477177886972
4244,18.65283046953591,1018.3200060391275,1615.8512144966685,3.881728032520091,0.7275773357633962
4245,18.595256881031176,1015.8223503254087,1612.6465638157442,3.8929742911946157,0.7226983408383186
4246,18.829132890965806,1014.2880150493323,1610.2703749602622,3.8819239183071543,0.7277456645232339
4247,18.83518976369385,1016.5887012285579,1609.2011205083336,3.874106963651595,0.7312717706493433
4248,18.80701065485359,1019.9601521299809,1608.1234912949885,3.872548674489938,0.7320128363827224
4249,18.915807063431917,1019.2731832019272,1607.8825026123525,3.8618606863587495,0.7367508627994603
4250,18.892364077804743,1019.1070041128644,1606.503718895893,3.8548866654852962,0.7398842179691764
4251,18.805631946416728,1021.2038529817081,1605.5274007592411,3.857840935890939,0.738630829981664
4252,18.66714441726842,1020.5252785059649,1604.3962104339853,3.871067636201904,0.732841333027417
4253,18.66868745274477,1015.7113978165816,1603.8677130770218,3.8781481397965942,0.7297208050577287
4254,18.70828704028742,1014.8716732656928,1602.5638421928413,3.880083242689783,0.7289190247526149
4255,18.69446208516963,1015.9844539906774,1601.819276138385,3.8836410646225117,0.7273666314962227
4256,18.658533738866392,1015.5501813929255,1600.4503618264969,3.8891662329833494,0.7249594317925292
4257,18.962112375506702,1016.4664099389876,1598.785245930151,3.8695810936338133,0.733758970402591
4258,18.912645789350854,1013.3230651930759,1599.3509531372215,3.8551873201599403,0.7400850652587373
4259,18.997110579900305,1009.9723038948579,1600.5292322361092,3.8339487876862104,0.7493060753731389
4260,18.95434698496389,1008.8156629418468,1601.8058748222545,3.8191534114754795,0.7556359420184466
4261,19.004498462489835,1007.3643088916531,1604.0228483770436,3.8018256005773137,0.7629351453348693
4262,19.130944349526885,1010.3896834764686,1605.7480773781476,3.7795708209382703,0.7722315959745424
4263,19.13203348529388,1011.3076191573595,1606.9051261480085,3.7619268568341293,0.7795021880797007
4264,19.250102932417395,1007.8137186567031,1607.7421930291555,3.735168782271304,0.7903788111385027
4265,19.200845755515445,1008.0709092621784,1608.7552978941287,3.7174468937239538,0.7974245020815363
4266,19.087088133451896,1007.1332796572975,1610.2093904156318,3.71150237000887,0.7997067575155328
4267,18.99765501031272,1009.2398553352903,1611.2258092797033,3.7155289065979975,0.7980617711002929
4268,19.061545141695174,1010.9541721373799,1611.6788585832514,3.7149055885668876,0.7982861174807715
4269,19.179289367385472,1007.4215549808112,1614.4892160095194,3.7021017510876,0.8031888583706829
4270,19.38100540191939,1006.2846798349374,1617.0412906199172,3.674258892402192,0.8138168949142376
4271,19.236354921393538,1003.012081477965,1620.5714661173681,3.660774501190859,0.8187377646245506
4272,19.15298788507998,1000.160957240347,1623.9966838648932,3.6543746046814705,0.8209569108497057
4273,19.30267724965742,999.7402574734784,1627.5676302081763,3.6365760256467508,0.8273466947089939
4274,19.28021055871842,999.8634677689583,1631.7814359408128,3.623910315805199,0.8317248683275718
4275,19.333377897615105,997.6901931673492,1636.0241235814842,3.6075366032016727,0.8373444031023726
4276,19.33854282970099,998.0676566075246,1640.7499614536484,3.593973442977495,0.841845028374773
4277,19.340165188777867,996.2042945475063,1645.101644989852,3.5813103706925333,0.8459744171085887
4278,19.393516374466127,996.9804058603445,1648.3590771765375,3.567153532676926,0.85058895583423
4279,19.69601941499547,997.6158307614064,1650.7905831894334,3.5313047582572725,0.8621667051225897
4280,19.63001150435481,996.2906258116076,1653.8804576394573,3.506301074748664,0.8697988639525024
4281,19.64250986594435,997.8993965852039,1657.4476094665113,3.485992918867346,0.8757091027124515
4282,19.852221244374874,996.2040525376752,1662.3284581358978,3.4509209370993914,0.8854848533235156
4283,19.801383546421004,994.7651668423302,1666.2920553950405,3.425228571140778,0.8922096617020331
4284,19.73367740544314,994.9524730358413,1669.5388959779111,3.4098353803777206,0.8960169857288712
4285,19.81671030231757,991.7039905100773,1673.949152986765,3.3879716628299574,0.9012091350747258
4286,19.772161778755866,990.8448825025987,1678.0865033735495,3.3730344341326,0.9045366929829611
4287,19.6917734830883,990.8238820775125,1682.322172776673,3.3673393618013554,0.905619448133084
4288,19.680352283447966,985.3814061304854,1686.93938066702,3.3594882311083905,0.9071507409015324
4289,19.65755515139619,985.6053595617209,1691.190721313235,3.3550825943654448,0.9078987389811728
4290,19.62950056138657,985.6601577833636,1695.4431714049035,3.353804020787377,0.9079402136483843
4291,19.70232302325772,983.7790387340639,1701.4929079492238,3.3453824128679805,0.9094501757355573
4292,19.755901063900954,982.5038601633329,1706.7821746268867,3.3331342618932376,0.911772930373066
4293,19.958644773257134,982.5287329880385,1711.6813639152408,3.3065413660208387,0.9168897719365899
4294,19.949017670392536,981.3850843063822,1717.79174131138,3.2846573198482347,0.9206615286566558
4295,19.813114694796752,979.5217169830931,1723.4484595858983,3.2764096874559803,0.921811484042823
4296,19.954582369372066,976.9602126138503,1728.4773978805808,3.2561493932248893,0.9249765510569502
4297,20.093735299289666,975.2004371093328,1733.8500845549,3.226833984241113,0.929218528228864
4298,20.02385898209516,973.4895118528715,1738.8441932415735,3.2072121820216672,0.9316752783212945
4299,20.157154774083157,973.6280800910001,1742.8700565237175,3.1803341296684877,0.9348122574062181
4300,20.341467693157217,975.4392212903202,1746.2213835350112,3.1446012977388342,0.9383889815797177
4301,20.567464948893136,970.8683299252608,1749.6562449542032,3.0933762859457943,0.9421639245523061
4302,20.638540265753647,969.4022459485473,1752.837807174445,3.044455141895265,0.944181610609409
4303,20.55724089464269,967.8962480701605,1756.5207516823987,3.009845053984958,0.9445769650566821
4304,20.49321642881953,967.1001251556088,1760.397039807603,2.986094992322174,0.9443127789012301
4305,20.34238844747093,965.798061355835,1765.5442467998644,2.977961244161869,0.9439081433772081
4306,20.266550251417176,965.82359861461,1770.256534437548,2.9775083742195663,0.943618846322683
4307,20.47133911457012,968.5576673564632,1773.1505100886995,2.96246863093886,0.9431495635359891
4308,20.535352497409665,968.163932741838,1776.6817298896,2.944607204434377,0.9423945308278683
4309,20.604711233247162,967.5128166360348,1780.7972302232351,2.9238005950320733,0.9412525987188216
4310,20.69695718374437,965.8787699964437,1784.1900409533805,2.8979654969880215,0.9395460445378461
4311,20.605968351811057,965.3488952675181,1788.2685061975533,2.8838157386424217,0.9382957024656294
4312,20.691765065781787,968.8975848057577,1792.6138074984146,2.867884438624251,0.9367486760264903
4313,20.717366859224743,971.1517680081397,1797.6899739485987,2.8544327565501932,0.9352321824711128
4314,20.82336056763823,971.5962365956693,1802.5717232496463,2.8350765896500882,0.9329924475295875
4315,20.701414465749426,971.7632794355986,1806.5850925119576,2.829296252625342,0.9321257947365843
4316,20.838855697253372,971.5680520887666,1809.6845556738363,2.8131770869523423,0.9300786993244837
4317,20.871744970157838,970.2578816144178,1811.6259120818756,2.796281170840122,0.9278353582793649
4318,20.96528211178137,970.854787822805,1812.6664342934362,2.775233925508167,0.9248731348203527
4319,21.0,971.4636486036951,1814.7272583958988,2.75559833726109,0.9217983171238068
4320,20.96721657307826,969.8807603670612,1817.1823354955636,2.7409795530396366,0.919301890519589
4321,20.701355588563207,969.3014495027163,1820.2353749714607,2.75028035061917,0.9206342380202306
4322,20.59991017173319,971.0313194654772,1823.570371431997,2.767504905789584,0.923096804955859
4323,20.456435114895513,974.7676135311741,1825.809977673386,2.796178460987765,0.9269830170874248
4324,20.45220610608055,971.7995946151862,1828.879498797853,2.8177925485501456,0.9294904184112162
4325,20.582319230775475,971.5361402111484,1831.7849942314476,2.8246840842717758,0.9301134731001839
4326,20.726491055631033,971.97498971085,1834.9075126065118,2.8188851922580906,0.9292609643002784
4327,20.857704916552258,970.2331707189566,1837.0220532130347,2.802090488934515,0.9270841486804221
4328,20.817571678527123,970.314857946653,1839.8197867526344,2.7916602759647353,0.9255558047323215
4329,20.80416839926412,968.5239477093269,1842.7975224503443,2.78284888917147,0.9241759437537805
4330,20.877681808550822,970.0903505924996,1845.791295874718,2.7708002367737623,0.9222754277465927
4331,20.992467885923887,969.244097525655,1848.659800717611,2.7509002562461804,0.9190639766758442
4332,20.99862288642249,967.6022111669755,1851.1907399722982,2.7328380194856554,0.9159449116037228
4333,20.898226605265215,966.2107258415972,1852.0429041957582,2.7251794065322112,0.9145759393735864
4334,21.0,961.9762990024168,1852.5436442924704,2.7073811954022404,0.9113452134300745
4335,20.89609669461246,961.3350383302507,1852.2280111314792,2.7007928473237763,0.910130560598161
4336,20.7367082796559,960.7725833182728,1852.172439698663,2.7079904071806307,0.9114795467324497
4337,20.780163692413183,960.0,1853.0241679153826,2.7097571569441117,0.9117555416529194
4338,20.9428853454169,960.0,1854.5056480536753,2.6979082782667025,0.9094502011471578
4339,20.840985446799444,960.0,1856.7822680089976,2.6965194574662457,0.9090523599090873
4340,21.0,962.0115654594719,1858.1213012550718,2.683906698609682,0.9065114959585976
4341,20.80841219944344,962.672996617636,1859.384595663078,2.6897208333643543,0.9075852160188191
4342,20.90031642344959,963.4563210962187,1860.807155193965,2.6875702039832117,0.9070807727565345
4343,20.96751141856085,964.9080754242314,1862.5470069984308,2.68141303916216,0.905757121077927
4344,20.942896487808607,960.6237909329093,1864.7288828449412,2.6751367770745307,0.904361716731323
4345,21.0,965.260573647877,1865.3766850179384,2.66882915087891,0.903025836472642
4346,21.0,965.2860448337949,1866.5796266328907,2.663676153615055,0.9018785953169163
4347,21.0,970.9161027698133,1866.2688492000718,2.663707019658324,0.9019030253137744
4348,21.0,969.2056413771646,1865.1893970722176,2.662439221000962,0.901697782976908
4349,21.0,966.9273877777636,1864.7643512648121,2.6596772663807777,0.9011362786580448
4350,20.766237395723202,968.3781550939556,1865.5520318495003,2.6776123237047678,0.9048173636984458
4351,20.759950001209184,966.0242911273338,1866.0244814664281,2.691053355431359,0.9074598741102359
4352,20.745575776774608,966.2027515247681,1867.5351274434422,2.703384579128418,0.9097278953445664
4353,20.80687907468891,967.0398486992134,1867.5580022131192,2.70911932251833,0.910791421463689
4354,20.78516323239465,966.468955436672,1868.2963550364316,2.715164835423864,0.911849713218018
4355,20.81058949043372,965.6180001690318,1869.5028046040893,2.7174010000171127,0.9121811390469865
4356,20.659436556729244,966.9891463677174,1870.4913319905156,2.732623459252113,0.9147787930449404
4357,20.66960750777981,969.6012176652765,1871.4737974505551,2.7462494316059156,0.9169793893381297
4358,20.552858991015153,967.2321643459625,1872.8910691002243,2.76517241341664,0.9198443764317733
4359,20.615629656230098,966.5543068340899,1874.2629540868759,2.7750471794610934,0.9212147446074145
4360,20.523462393840063,967.8834347368385,1875.5003750346655,2.7916812169945366,0.9234497904375226
4361,20.446427144229435,965.446567350986,1877.1033945881593,2.809774176626436,0.9256698109966421
4362,20.400191112478815,965.7464848971841,1877.1408665637557,2.82861554970418,0.9278600407031997
4363,20.386483928951296,966.1383102322786,1877.1501973451407,2.8454818466191303,0.9296320908817428
4364,20.20363130646706,965.8700644720174,1877.358183775942,2.8740521326040436,0.9322097876044587
4365,20.100180723835198,967.9399990464949,1877.8405267806268,2.9074986192626535,0.9345488867265643
4366,19.973103728088198,969.5687625328449,1878.1056365661825,2.946540815610839,0.936384007137513
4367,19.921683564753266,970.7210100060032,1878.4349527484835,2.9836285714537896,0.9372066787847619
4368,19.96160298298799,968.4854534935273,1878.0132928307642,3.009088235663435,0.9372923212730527
4369,20.00980899250895,969.5277972249587,1877.4849600656003,3.026813777078254,0.9371169262978951
4370,20.065971372422677,972.3479494199344,1875.7974097752785,3.0388911664112572,0.93695995210956
4371,20.124318720512385,974.6562250112846,1874.2830007435962,3.04577153672549,0.9368612595866135
4372,20.161035148747875,973.5990832957483,1872.4068297312394,3.047613774730811,0.9369177791529993
4373,20.175397810503444,975.3663490214393,1869.9419710304946,3.0492867460651314,0.9370128094767398
4374,20.198163096866647,978.253120766501,1866.980752890043,3.05098060279694,0.9371350666804378
4375,20.30947239194558,979.8519664689729,1863.8796369911108,3.0444820970742414,0.9375228906780916
4376,20.30113155644605,976.9251466793531,1860.2768558535379,3.0376222596976974,0.9379223144074642
4377,20.440185895262598,973.7547465034643,1856.6376226480297,3.0182368499478716,0.938493359073597
4378,20.34721632888457,972.0613480661133,1852.814938094499,3.0086580776987892,0.9388066675921742
4379,20.26219014901987,977.8486009199008,1848.2972196045084,3.0121269870305483,0.9390542138998749
4380,20.202319822496868,980.1164434433732,1844.1724793919086,3.0215785847137955,0.9391977904667006
4381,20.28085530053356,979.2166592446156,1840.7608197015752,3.022230738694639,0.9393931378600494
4382,20.133845049533228,978.4173406546521,1838.233561612478,3.0341748978166656,0.9393249854935911
4383,20.241247004076833,976.2799888589874,1836.4819168272722,3.0335763826139015,0.9394432687622929
4384,20.21537853714566,977.0896709401866,1835.03328739243,3.035811690918637,0.9394795550411131
4385,20.196222715997557,978.098536768754,1833.6819288325032,3.0399727599991397,0.9394577293133749
4386,20.27379363239402,975.6026926083279,1832.8551988014192,3.0351588831719507,0.9396252976684936
4387,20.124854223421067,973.720464788144,1833.1942886396753,3.041959868442867,0.9394338629456052
4388,20.087782226303258,973.8089101807795,1833.4589701281843,3.050633064686318,0.9391560752661839
4389,20.054781534708532,972.3037032276998,1834.8100745564052,3.0593039656665404,0.9387643074840422
4390,20.169766817128675,972.6717890001919,1835.2905579855744,3.057295780034953,0.938811839199787
4391,20.087102386310754,973.4593182347232,1835.1453234914668,3.062999777204797,0.9385968941925025
4392,20.140548957381043,974.5204608210023,1834.4341157278152,3.0641116248914324,0.9385934477259377
4393,20.040500024103903,975.1586501824031,1834.2821994234123,3.0736818099791003,0.9381728760948227
4394,19.937864567767537,974.495294515864,1833.3400555128849,3.089415234358892,0.9373937098980858
4395,19.859716179685787,975.8560265199752,1833.0136444259094,3.10973164201947,0.9360972460227611
4396,19.939706208724704,975.3233663739472,1832.5108688372472,3.1194516200576867,0.9354034799187477
4397,19.91950499426006,977.5620591997102,1831.6172165408645,3.1307652970713518,0.9345377858731041
4398,19.934418475871688,977.2877646635751,1831.296231413672,3.1386164158359366,0.9338708845896042
4399,19.876646085849554,977.2770497748486,1830.0565474660625,3.149767392479628,0.9329025254894887
4400,19.917931784705118,980.52724282498,1828.1888535586302,3.1579944719628776,0.9321938097047243
4401,19.860366246961085,981.7704956409626,1826.1123418029829,3.1703848320124672,0.9310011180853366
4402,19.941870571304463,980.7738637027012,1824.9999413263386,3.1731309401224643,0.9307622756388736
4403,19.960748175135144,981.7847468980423,1823.2942311597076,3.1746042986832967,0.9306979770193959
4404,20.092985798803973,977.7448818056796,1822.5338296251994,3.1619518560871365,0.9321202996136313
4405,20.044215384254862,977.3198954181009,1821.3214240140464,3.1552410817262286,0.9328816232607241
4406,19.97895927040091,978.1050421406778,1819.5092339169762,3.1556645472966975,0.9329467984063562
4407,20.012564713741043,979.1185530185368,1817.1922159203368,3.1540317664583877,0.9332484987400792
4408,19.901063546860012,979.586303482856,1815.6053409875099,3.1621583808795166,0.932510566608542
4409,19.873470309921085,976.0982380396359,1814.478330610729,3.1684401465524172,0.9319053416174685
4410,20.00685710407945,978.6681618324119,1813.1017055545933,3.1646336879729127,0.9323974985099138
4411,19.90456304324202,980.2779160645307,1811.3328995065185,3.1710888367888352,0.9318012082652487
4412,19.960609230574047,979.6592475674366,1810.0103605243537,3.171334251005316,0.9318525672630577
4413,19.96037622241954,982.9247183692173,1807.9976438023602,3.1740232280153626,0.9316716388873296
4414,19.921262624616595,983.1263602981348,1806.6738019665095,3.1795769936743192,0.9311151137764513
4415,19.888141939736684,979.0601940455081,1806.1243798594614,3.183763682196064,0.9306560167238925
4416,19.822098710829746,978.228307563704,1806.6100007889545,3.191964913269926,0.9296320331455715
4417,19.72906378864351,978.5691281034951,1806.7149913107633,3.2065503969196336,0.9277514954827457
4418,19.755716306488267,978.8681094899185,1806.275987300445,3.2165584796822566,0.9264143251948708
4419,19.81831841441184,981.5630617123406,1805.659253935337,3.221686647168244,0.9257280620533457
4420,19.91583734015613,986.6385607153612,1803.6290083133492,3.2217595751412142,0.925837419428107
4421,19.91300457216119,985.7998933822771,1801.7102773686106,3.2214168373757848,0.9259994307760705
4422,19.94998901829632,986.7624741352284,1800.6746999769246,3.2188411345192005,0.9264252163415868
4423,19.96905747976097,987.1126897359877,1799.0230642805482,3.2154355465000846,0.9269985999315954
4424,19.92385942658123,989.3447609920484,1797.6205254855417,3.21802399509984,0.9267203058002222
4425,19.78420454809094,990.2164150972545,1796.2857696217056,3.2322180901254014,0.9247447741797233
4426,19.75023958339425,995.9381466263847,1794.0092450199663,3.250958493997398,0.9219755137520131
4427,19.787028564021806,998.6653939428808,1791.2506751826281,3.265381028646822,0.9197561222274632
4428,19.637516107931532,998.7433963998385,1788.2904887467107,3.289484634828507,0.9156673402378294
4429,19.69382979992097,1000.2214635073841,1784.6423632529222,3.3057650557214164,0.9128032841009378
4430,19.635583744615605,1000.4070208922427,1781.3954476931228,3.3240151498761095,0.909355555209655
4431,19.540964660788575,1002.8730458306275,1778.4361818690868,3.3485768134667215,0.9043245502157703
4432,19.519126692312753,1005.3811511340527,1775.8869165789747,3.372398104004257,0.8990935264785205
4433,19.5053848561516,1004.6338884389955,1773.4917519937637,3.392489614498663,0.8944449439167356
4434,19.448364515832324,1005.7883100788163,1771.2678909367014,3.414497098074671,0.889071954719854
4435,19.364384157560846,1004.8804054995275,1769.3432462604578,3.438719733623001,0.8828227384509768
4436,19.450169935797167,1003.2650635847892,1767.3171912908033,3.450350682487617,0.8797719159071361
4437,19.552487567459416,1004.4094231397152,1764.3137943585514,3.452391799520687,0.8793770668488918
4438,19.51901180954769,998.6842230851851,1762.1137979806206,3.4524729031831263,0.8794776009662956
4439,19.550000443468026,1000.3219913502567,1760.120625347456,3.4512451698307505,0.8799279135019927
4440,19.46679563829942,999.3241633835404,1757.4989249753069,3.4562835672173433,0.8786783185061107
4441,19.373088653972978,999.808959171109,1755.3822314318622,3.4684392934489083,0.8753731938915783
4442,19.35675501627435,998.2969908065945,1753.186761798981,3.4785987257479505,0.8725753248542448
4443,19.52889606128888,1002.964096572476,1749.8538283284893,3.476390425993584,0.8733993314203238
4444,19.662952078022265,1005.1424808512344,1746.3863797759052,3.465271421022292,0.8767733669353376
4445,19.7331839604571,1005.1063865408255,1743.2175067754104,3.450387200214589,0.8811095073767661
4446,19.819613074972946,1007.6419714215839,1739.7241449536502,3.433036054083891,0.8860079832947163
4447,20.044333091548662,1004.9162015478876,1736.4332475791457,3.398383312477637,0.8951027844202125
4448,20.054439200212535,1005.5078430910193,1734.1318608475988,3.3695894741671046,0.9021335985583127
4449,20.22466461679697,1006.1164579434144,1732.736838526696,3.3325278185375984,0.9104021186524733
4450,20.274318431880182,1005.7645691709357,1731.4819742976567,3.2978135232408095,0.9174185852235675
4451,20.100199325013364,1005.3871256286336,1730.834254803713,3.2832914671926186,0.9201484989891285
4452,20.006201777708302,1006.0294878284803,1729.735652677774,3.279550486621956,0.9208856211765235
4453,19.855619018152012,1004.102448737497,1728.4566798773483,3.2873316641121693,0.919550841253978
4454,19.79109505225482,1002.0255583767986,1727.437884163489,3.2974149990345745,0.9177294582186701
4455,19.702160215882436,1003.1323311913043,1727.4596669213947,3.313787808747064,0.9145449034672088
4456,19.59358518174575,1000.0862855425139,1728.6840280391234,3.3337834539904705,0.910371625361624
4457,19.465455036158737,1001.018222260436,1730.0544452869979,3.3613552227461834,0.9042546989423568
4458,19.446803765155515,1000.0286559706517,1731.817841453898,3.3847401428771744,0.8986926739303089
4459,19.341704163496406,1003.0709341125716,1734.3450843605583,3.414804479107461,0.8910801551190446
4460,19.398478810110042,1001.018586897348,1736.7509776960144,3.4332660362003202,0.8861138260895974
4461,19.31292165341167,1004.0914645995867,1739.5125915960589,3.4577193394047483,0.8792814933973662
4462,19.284834539392033,1005.8981188970616,1741.919222722848,3.481432157638955,0.8723753365176456
4463,19.24356879241063,1005.2566676216076,1742.8847165657744,3.5037639682700816,0.8656833380725467
4464,19.33568852749168,1006.6814358101287,1742.774214803734,3.515625152987304,0.8620625860806941
4465,19.353396467177877,1003.3224658927617,1742.0509978130278,3.521364850366741,0.8603223119701513
4466,19.21049000614797,1001.9310698544193,1741.1215102052734,3.5366978228082564,0.8555401402986761
4467,19.293714258254173,1000.866274975674,1739.70818505455,3.5416647893998485,0.8540270812040683
4468,19.330540791551368,999.8322364747856,1737.8173026606025,3.541946504597236,0.8540390154459102
4469,19.25103025869921,994.8921729331297,1735.930393718227,3.54494042376628,0.8531767221471834
4470,19.30202365461306,992.8658955726966,1734.330919174037,3.5416963914863286,0.8543083115586823
4471,19.339949201421412,992.4901456258393,1732.2756511150333,3.535652942371766,0.8563534805095956
4472,19.22198394699365,991.3924179135195,1730.967679297695,3.5395075525391477,0.8551930071975775
4473,19.358386418460533,988.8379384246822,1729.5235284684761,3.529590336414566,0.8584257383786094
4474,19.292138666594678,989.1178528536142,1728.0776783567508,3.5270836007831594,0.8592943890297322
4475,19.113064271187483,989.9040267674945,1726.4222518342451,3.5402563846369755,0.8551993852963821
4476,19.196027360672762,988.5555892778593,1725.561864783655,3.543258904982203,0.8542804840896157
4477,19.24937823612851,989.1027138989552,1724.7896211507018,3.5417747643365947,0.8548001308112048
4478,19.430268048904164,992.6671202563926,1722.705061385286,3.5284701447133924,0.8591503848996443
4479,19.331020718499545,991.3585062711859,1721.6267513009118,3.5246815362902155,0.8604002855169057
4480,19.362628344988792,993.85095429121,1720.5818450025195,3.5208761928496473,0.8616468037116889
4481,19.361508737195095,998.2543693642577,1718.574170144313,3.5211762873725063,0.8616628686994555
4482,19.316033518405668,1001.5040990437501,1716.6448659964979,3.527595395398419,0.8597561242769387
4483,19.367640600716786,998.9082091631402,1715.4126492199948,3.5266792404634617,0.8601116572514667
4484,19.460887527347698,999.2081473111124,1713.496224463586,3.5185346078123856,0.8627625261182645
4485,19.707517028447747,997.9751527936704,1712.8276369808152,3.490769302353421,0.8712354477429102
4486,19.641920054911868,998.4355099500905,1711.9595421755512,3.473710366564676,0.8762751073612559
4487,19.85866296371063,994.7703977901299,1710.5866162055795,3.43923898391794,0.8859799743674354
4488,19.765535288910645,992.4227274572054,1710.430007105272,3.41680800496058,0.8919156969852436
4489,19.70824286432846,993.6236377756724,1710.6414470889988,3.4040044273531618,0.8951643222383956
4490,19.756457905047615,993.881101034686,1712.0378135452952,3.389760002811324,0.8986061172775528
4491,19.906099465835123,993.9439535358601,1712.714643985048,3.3658983828303497,0.904211034236124
4492,19.770040455618766,994.6398097880677,1713.633494569766,3.3579766640875004,0.9059604601266446
4493,19.655167885587463,995.2547318628552,1714.4687879820424,3.3613331222298615,0.9051534062313161
4494,19.702662076058726,995.7097837918149,1714.844230856473,3.3605482119195793,0.905309971521838
4495,19.65838599157677,993.8246426985444,1715.7787728159526,3.362097660422501,0.9049044914418504
4496,19.740043233518794,990.9459622797565,1717.5657508367437,3.354518895986791,0.9065099187939374
4497,19.654845488709448,991.9340783432779,1720.7318564817358,3.3560136845993505,0.9059938872621132
4498,19.553081110531473,992.5074430618671,1723.1458127834053,3.365989059973607,0.9035927705950105
4499,19.60520008877006,991.7395976846229,1726.7644770938273,3.3693292137736433,0.9026154351252579
4500,19.809925189180856,992.1211804675385,1729.3319798066595,3.355626481267987,0.9055867359306513
4501,19.661043802872552,992.5581861233567,1731.3802509678494,3.3568872037782618,0.9051867447213144
4502,19.659564985302982,991.9986929986599,1733.624181664266,3.3576188684062016,0.9048936618372819
4503,19.73994897379592,989.3118510897298,1736.9512817851496,3.3496186013783182,0.9064818453969936
4504,19.70938455530661,988.8464552817032,1739.229281949194,3.3452042674635325,0.907316616573573
4505,19.59747553584668,989.0703058229624,1740.6023162724553,3.3508989497328656,0.9059896936726161
4506,19.570407138542738,989.5008416306662,1742.0792104783263,3.358106103692021,0.904298890649177
4507,19.5083083812756,984.8488193543336,1743.7204923775107,3.365573751541491,0.9025095952396179
4508,19.49034885861929,986.7980724244927,1745.4487992099173,3.3746385102905707,0.9003106032002224
4509,19.50022331254949,989.3412447609745,1746.0833891624015,3.3831873103760204,0.8982514661203953
4510,19.41496615198093,987.9975670853169,1746.1489287533843,3.3961487212849546,0.895102739149309
4511,19.45090188891984,987.8575292129136,1746.4657311809895,3.403734541176096,0.8932009018036953
4512,19.53960754057127,985.6095132247865,1748.2919897400034,3.401006387546853,0.8937784336584814
4513,19.34114498174183,983.8053969618223,1749.3057755960745,3.4136237499836146,0.8905369781195607
4514,19.371859432326023,986.8302372718043,1749.7277017484562,3.423746781554365,0.8878959213186056
4515,19.249872685614875,985.0542761049286,1750.8159009086467,3.4406737977414577,0.8833353032589122
4516,19.228835739918043,984.2733740542326,1751.5925866063033,3.4556827282668925,0.8791752395375969
4517,19.007981027041176,983.089456970856,1751.6566880209202,3.485143257119014,0.8707510640854031
4518,18.98292069290765,978.2132811649593,1751.952898262231,3.5076624323738876,0.8640014244746866
4519,19.222263206415995,978.6447696054394,1751.5561084845426,3.5068952911399847,0.8642567245045633
4520,19.11948931660094,978.4836147551051,1751.1170122977003,3.514543084537018,0.8619397114653974
4521,19.09380709299605,979.2325698698296,1750.6174884958757,3.5234792365023084,0.8591952867412943
4522,19.019460553702928,979.8910075557262,1749.4566243691854,3.5373802591954187,0.8548700309008971
4523,18.907662044298718,978.1754425474725,1748.7392185051508,3.556618304846041,0.8486842575500163
4524,19.08711193478146,978.3386438201258,1748.4509170505676,3.557852237391428,0.8482946393939343
4525,18.91652260244808,980.3562704545747,1746.6426439275058,3.574329948052572,0.8429141571211659
4526,18.771260979513514,980.4362426706439,1745.0229174173232,3.5997729096162714,0.8343020323546668
4527,18.74800154803346,979.6181114640314,1742.6313078177013,3.621918391646856,0.8266266956588927
4528,18.74085732971909,983.0578289983182,1739.632995651241,3.643261938888506,0.8190681290853281
4529,18.754400817395048,982.0432402884679,1735.4154488997278,3.658889844749133,0.8135186853554088
4530,18.569622673207096,979.4861265667555,1731.5680021921519,3.684871619524272,0.8039123499432201
4531,18.631208718800842,979.2446504647164,1729.3442876038212,3.700961307260824,0.7978248045405402
4532,18.80397396509197,979.3994328320748,1726.498706428721,3.700153490747608,0.7982824245774791
4533,18.85391266455481,978.4355284764251,1723.8829721595152,3.694681378993797,0.800533602061903
4534,18.73684580521831,976.9446839583239,1721.2626828649643,3.698633872644966,0.7991370110997804
4535,18.827684299416703,975.3996727090471,1718.3397623693966,3.693283567188579,0.801354534488919
4536,18.750025634363357,975.9393454211344,1716.779636318661,3.6956505753928384,0.8005194118486241
4537,18.69786836853666,978.3620385307822,1713.9182221646342,3.703685369874583,0.7975448806947583
4538,18.658966355603276,979.5918669253157,1710.129972795819,3.714382724112797,0.7935454695830194
4539,18.49810602953748,978.2488678721941,1706.5581123234297,3.735284753150069,0.7854178347808758
4540,18.548504243079822,978.1098859657003,1703.0536933878989,3.7482008046286426,0.780382878228534
4541,18.43617459568378,976.6195285100031,1699.9695551324187,3.7668448353897706,0.7729172972995564
4542,18.65014967330884,980.9143943716007,1695.2603872374527,3.7678938158617434,0.7727155974535383
4543,18.80020135827541,980.6145649365338,1691.4129014005186,3.7562650851003827,0.777674960092014
4544,18.710494606649227,983.0768637453265,1688.772856565254,3.7559218595184056,0.777945017622469
4545,18.878505084541313,983.2302858601546,1686.6986879813953,3.7420265854066534,0.7836905600421554
4546,19.00494977185267,985.0409298704952,1684.0027535772037,3.7216682476597502,0.7919762340272968
4547,19.053431463471625,986.538252493614,1682.1436579513872,3.702144462771266,0.7997515200640455
4548,19.031756077474096,988.7582791429005,1679.8643874702968,3.6895846118532876,0.8047362443712293
4549,19.070704485364022,989.6881252687978,1677.4664938326391,3.676805633878959,0.8097527948808407
4550,19.005153009970584,994.2430359560901,1674.5596232407302,3.675127250988754,0.8105399076367844
4551,18.88044059276898,993.6795012239384,1670.9592789064109,3.6835164434949945,0.807522116547447
4552,18.863384074190574,993.004454280499,1667.9963743731607,3.691279104559099,0.8046859098387307
4553,18.922381463527728,995.228770757611,1664.2234278954788,3.694504803231729,0.8036293735229251
4554,19.10550657454129,996.3705435606006,1661.9898545754281,3.683048072310317,0.8081592814464688
4555,19.059701373612043,998.4955995908783,1660.7414960957108,3.6790032963335877,0.8097705217274543
4556,18.881051397415103,997.6305073933778,1659.1588292319373,3.689631846386173,0.8057712645037052
4557,18.919221219869183,996.7903346998323,1658.788377095681,3.6945928489820252,0.8038710514073223
4558,18.920756719611315,997.7214248957769,1659.0816984095534,3.699239294259831,0.8020505358865765
4559,18.99956667410862,997.5022333300581,1659.6498037559115,3.696443321082429,0.8031092175696911
4560,19.22423696546741,993.6652432871159,1660.5853416902917,3.672889802394655,0.8121056792118491
4561,19.067599135153664,992.506813968512,1662.053062330489,3.6655005879990545,0.8148236578849348
4562,19.305726662348032,994.8950146098298,1662.7675662395313,3.6417871303571747,0.8236046342019582
4563,19.072637785433777,994.8404895805538,1662.8424981772928,3.6413488971901335,0.8237615590913702
4564,19.15715556854878,991.094026111495,1663.2938403580301,3.631250426374393,0.8274220290296337
4565,19.299144000279473,989.912642859761,1664.3362562091577,3.610473259926143,0.8348125534480595
4566,19.377903446383655,995.5464093563764,1665.9307605772508,3.5912588889743855,0.8414478686206208
4567,19.4002836085922,996.7274111328401,1667.1164621619644,3.5745670352812686,0.8470892397997398
4568,19.433651232776807,994.5445915453283,1667.4814888151373,3.5565027013963877,0.8531005730057409
4569,19.48284083272462,994.3907965850178,1668.2305354221498,3.5375539045130555,0.8592229354022269
4570,19.630822439490633,993.4586940676442,1669.1880415794142,3.5092181646606697,0.8680652763085337
4571,19.85676857198055,992.9088585399433,1670.82993081871,3.467102864375696,0.8804563007238715
4572,19.846443413603943,993.3898068335594,1674.0161236559836,3.4337756869945273,0.8895039072105417
4573,19.900903773199726,994.3486866257401,1676.0139965500293,3.4027218140786903,0.8974498714361694
4574,20.006750378073317,998.6063022153636,1679.00649102737,3.3718266111231894,0.9047666861447181
4575,19.954391555129,998.6233464701603,1680.4356169607338,3.3507841931673146,0.9094740360833141
4576,19.940583421005016,996.9381539850976,1682.6197671019827,3.333383805645402,0.9131151371288582
4577,19.919613129964375,995.4349345672334,1685.818475169453,3.319692746181369,0.9157691880752846
4578,19.945701029139123,997.6533128561413,1689.0308874203038,3.308011268286716,0.9179172178441178
4579,20.013062901472463,998.3773468193966,1692.0488895535095,3.293475013882241,0.9205324010727548
4580,20.05484850697047,998.1644871789098,1695.0982318625602,3.2779796437010664,0.9231889257353189
4581,19.957313245126752,997.3576162346407,1698.413873504404,3.2726340273165047,0.9239390403194563
4582,20.069497838264905,994.8222075944751,1702.6846395336063,3.257166127997949,0.9263213776687137
4583,19.911182025552947,993.4764411170772,1708.351990871771,3.256402619314642,0.926115138794756
4584,19.791269980877892,990.3959005054642,1713.90082440268,3.2632468657827958,0.9246471392475225
4585,19.829541118366272,989.6147115211498,1719.3630243154191,3.26514105165899,0.9240060303294971
4586,19.773055419224885,987.7690405101868,1725.2804455973073,3.2699149681270154,0.922840703120097
4587,19.852859580966744,989.3385973742694,1730.08343306091,3.268494568522498,0.9228047318984465
4588,19.810170413066647,990.5212142660314,1734.2525008571633,3.2717124580177614,0.9220040951020038
4589,19.97374799574552,990.7368576758752,1737.80281971631,3.261146593765202,0.9236002510946323
4590,19.962039072375827,987.555586461657,1741.6716499292736,3.251034397257926,0.9250356049430482
4591,19.939455266209233,985.18475161687,1745.9971405737906,3.2427955936192343,0.9260890525448233
4592,19.910942808740227,985.0935413877716,1750.2779134603625,3.238300857726676,0.9265328211328148
4593,19.9860956958432,986.8362346837289,1753.3136260079498,3.229791156492467,0.9276363601038504
4594,19.839173451908504,986.5795938833912,1756.9540134818055,3.2346256668097038,0.9266991751957067
4595,19.839620368752605,988.7441197387448,1758.9529347886985,3.240189824771985,0.9257319071326606
4596,19.795469420863647,983.5637536416682,1760.6694899823815,3.2444440929931515,0.9249685437791746
4597,19.739284705472915,985.4295914828676,1762.2497884648901,3.2539345812841853,0.9233579855337531
4598,19.72675259302663,988.7170446221393,1762.8609877675028,3.265226220485233,0.9214446351589083
4599,19.632545244917473,989.5832849053318,1763.8075706657203,3.282838866771666,0.9183061662256571
4600,19.730184074510927,993.120041518025,1763.8008817502466,3.29197597957136,0.9166334014055921
4601,19.738191091147197,993.6273184811926,1764.7331695482383,3.299197580051748,0.9152213948706581
4602,19.675446973229143,993.0516823374763,1765.5689738536594,3.3098115608372796,0.9131210267249406
4603,19.703707307122393,988.2955049449608,1766.7387357262123,3.3126099204869175,0.9125011145384536
4604,19.62703609800019,990.7922546791756,1767.3080190699006,3.3230576894081536,0.9103663609646607
4605,19.628133483848377,991.7348882806468,1768.1274311655898,3.3322478125547654,0.9084173763100636
4606,19.44696628175081,994.0879099981756,1767.622074129374,3.356367581708852,0.9032225347397476
4607,19.37229879883404,993.852888182889,1767.0630460008322,3.3820699426268046,0.8973216309725727
4608,19.554145871706616,995.0111633341239,1765.8943907096918,3.389160991798713,0.8956858496300082
4609,19.615566805588667,992.7260812731109,1764.7057621315566,3.3882288113647103,0.8959789324341827
4610,19.471379729579848,995.5515897951424,1763.2099819363063,3.4013834757029247,0.8928381554963635
4611,19.359217975582077,994.459155600842,1761.3185496915896,3.4205102787460673,0.8880846893744091
4612,19.364341522679393,996.4415231056491,1759.8194850126079,3.437274230806286,0.8837456947213845
4613,19.398623166198412,994.4331286253805,1758.640253932743,3.446700829360208,0.881258413124248
4614,19.442206044774665,997.0319218975951,1756.7371501682858,3.452833735050967,0.879678280245202
4615,19.500853474390247,999.4785531626799,1754.8021868557678,3.454919703005608,0.8792081466920604
4616,19.43031706966624,999.551041747404,1752.531200072554,3.4624492330925105,0.8772284988447036
4617,19.410940593554198,999.3179542220064,1750.443812447279,3.4700306792224462,0.875193798606737
4618,19.505467419535467,998.2280415934284,1747.4496679871968,3.4676987588825994,0.8760250724817448
4619,19.388729538689752,996.8704923412041,1744.4548402468536,3.4743000965919553,0.8743018009843682
4620,19.53522169822886,997.6546402422417,1742.7168884422388,3.4683346700492756,0.8761071788484307
4621,19.63878234261151,1000.4844612220878,1741.1836089275416,3.457119389086092,0.8793558347429072
4622,19.547101141081672,998.1992165420861,1739.2604583316077,3.453687401507218,0.8804182130268188
4623,19.480878484881192,997.720089269426,1736.8860935658527,3.455922666939114,0.8799294174009668
4624,19.548973368345784,996.0043021107541,1734.9519829269716,3.450893735624586,0.8814319767829398
4625,19.568643725289675,993.4588452650681,1733.7758938294633,3.4432381850018796,0.8835953338789085
4626,19.53014350205113,993.6412372990719,1733.0226251177282,3.4402447601120216,0.8844493470858891
4627,19.51719791770193,995.2972468919583,1732.5204564504518,3.440100008107576,0.8845166526988428
4628,19.39636947065128,997.5433289210858,1731.3375105820621,3.451553450170931,0.8814518300364593
4629,19.383287305054314,995.5480916048662,1730.3118135340403,3.4605059478244033,0.8790135010275008
4630,19.45832082778094,996.2783165172667,1729.8085901657716,3.462267306456806,0.8785456018847048
4631,19.38355012846237,994.2028854721055,1728.8693286560654,3.4682528562135477,0.8769004358056084
4632,19.388272334693955,993.7485801191428,1728.9662037167245,3.472431653473991,0.8756989863493277
4633,19.32818334893207,995.1312771659907,1729.5138915203324,3.481814058111433,0.872950592297232
4634,19.282533132859534,991.2620559936444,1729.862799111081,3.490313034365289,0.8704306203045707
4635,19.43815194016844,993.1050618218898,1729.427506194782,3.4859583383663204,0.8717405327552231
4636,19.325619048562267,989.5905806465954,1729.976635797474,3.4889267277807003,0.8708347199722598
4637,19.30138792607358,990.9983125890308,1730.398130233775,3.4944052197787485,0.8691840731954285
4638,19.211484332464362,992.1082377507817,1730.3543263621355,3.507083608309177,0.8653628770867293
4639,19.17000418494562,994.8164742073836,1729.7716531578778,3.522917071320551,0.8605082581645682
4640,19.206107363550835,997.8724156172825,1727.9246514113681,3.535260450940143,0.8567148105451772
4641,19.163654144601296,999.7023736952561,1725.8091292655597,3.550234747587713,0.8520074539592413
4642,18.9204597350002,1000.126528572159,1724.1694397774315,3.5827081790782604,0.8412801527904784
4643,18.85303480897393,1001.1229102762628,1721.7530923828433,3.615599622423679,0.8299723915464017
4644,18.85944342090345,1002.9016490218357,1719.0211226541371,3.6433916206916943,0.8200918163722672
4645,18.736299877002306,1001.6176643411416,1716.0203496974618,3.6752736572604636,0.8083608972693442
4646,18.779069934478336,1002.848495347334,1712.5035035485846,3.698852266390595,0.7994959029596017
4647,18.76709494787423,1001.778493851553,1710.1746425596793,3.7183564006517797,0.7919760819364198
4648,18.941224951628477,999.7036240710772,1707.4400064622982,3.7185512852851144,0.7920362282313154
4649,18.98252538532293,1000.6504208345133,1704.6743796017442,3.716051797596096,0.7931618508726611
4650,18.854663618983302,999.5317862079571,1701.7341695648881,3.723605393458699,0.790319685219168
4651,18.818341794406578,995.5873632992184,1699.2262237326347,3.7297855778514366,0.7879837250603852
4652,18.602503167499442,996.5675306345393,1696.9191938981737,3.753232668149835,0.778640664185708
4653,18.61837247479564,994.1240791381805,1694.6128076660777,3.7693151930710296,0.7721612249077829
4654,18.686899891117143,992.9267126709287,1690.9696824103214,3.775997593995373,0.7695749009854064
4655,18.67154119759261,992.2930609236253,1687.2265677420608,3.7822532344671984,0.7671561421762877
4656,18.744380970510825,993.6272196978839,1683.625846886455,3.7824390174445583,0.7672533842894285
4657,18.59482148379269,992.3082863616152,1679.6965431102424,3.7938162471383805,0.7626800600276054
4658,18.645435094647684,997.0777698029018,1675.6364796303599,3.8026151606898573,0.7591640134961593
4659,18.706293827103543,995.8123914437374,1671.9445478354937,3.803900268146247,0.7587969885299115
4660,18.699303697439984,997.8560763713588,1669.3891172106428,3.8070703154618744,0.7575749625066465
4661,18.80145441619441,1001.0228422898431,1666.8984283573877,3.803716072558451,0.7591169463739044
4662,18.794085998194298,998.4847901191349,1664.1933984245657,3.7996489730555574,0.7609677121485974
4663,18.79105218534628,1000.5877851681347,1661.269787631404,3.7981517389061685,0.7617406819731355
4664,18.878684509427792,1001.6409038983635,1657.1511733451168,3.790558851139782,0.7651368397563251
4665,18.65005556012421,1002.2568046784525,1653.4353693438707,3.803481861898181,0.7598617410529006
4666,18.732356854547646,998.3991119397753,1650.862191122507,3.8044366532293448,0.7595801146576397
4667,18.766061401554364,997.7357101339283,1648.5057818034752,3.8019637147742897,0.7607416530525596
4668,18.7719777631749,998.2792581787547,1646.7762818917595,3.799863342491403,0.7617139741030109
4669,18.737652829508043,998.3873446018108,1644.2578150356624,3.801027784134522,0.7613420259817795
4670,18.755056665069812,997.4983092738876,1642.388214233609,3.799888274131862,0.7619142598603433
4671,18.755788103912376,998.0528996026367,1641.0089982010497,3.7993133730360005,0.7622238133391738
4672,18.75889034064739,995.9358693372616,1639.9884839095291,3.796987964470785,0.7632559943203051
4673,18.745654003411595,997.0946551829778,1639.5749403482403,3.7970388450255794,0.7632544012687985
4674,18.57920662303722,996.1560564480945,1639.221366200289,3.809973066361133,0.7577825880368207
4675,18.650369264490873,996.7071845589261,1638.6810996449153,3.8151803696484827,0.7555849049205958
4676,18.69584406826015,997.0608931268125,1638.6480391080026,3.8160015610574063,0.7552351318151
4677,18.887967690336847,999.3730171363815,1636.931213256362,3.80272256136785,0.7609753166298925
4678,18.916923690767877,999.1075157986713,1636.0782955198165,3.7892667782558815,0.7666977807722523
4679,19.067374209206598,997.9727845588654,1635.8491182398536,3.765080362919962,0.7767826987800553
4680,18.881948992634126,998.9475747854569,1635.77440218638,3.7611373924541134,0.7784111685639631
4681,18.78313647519066,1000.6641420922566,1635.287723137103,3.7672768404815384,0.7759028777951716
4682,18.833722661749313,997.7283351266879,1635.2754495385404,3.7659578146324835,0.7764485196484753
4683,18.699120616965345,996.7482835744684,1635.3737486241923,3.7751349735625266,0.7726401632009169
4684,18.632780820174787,999.5079863455157,1635.0057959354294,3.790167867373798,0.766370802779503
4685,18.733244313917137,998.9965987384654,1634.5114032910533,3.7938983545594858,0.7648237672032756
4686,18.755730154134504,996.5898290493004,1633.2853430143964,3.7933002933041777,0.7651350169503297
4687,18.643355093222954,994.7527797213611,1632.825803003609,3.800604363760595,0.7620703808896051
4688,18.878581396530347,994.9034047673894,1632.658266614942,3.7874848805633743,0.7676115548365747
4689,18.837103311674742,995.780864938912,1633.7406993124291,3.780779853325724,0.7703667717694561
4690,18.82802707617389,999.1596819853303,1634.5509425096684,3.7785778266430734,0.7712464199976363
4691,18.885271991667995,997.867852379442,1636.443904402507,3.7711174870870696,0.7742562853764859
4692,18.84164936615921,997.8473279407416,1637.0743263502227,3.768549333132067,0.7752892206489751
4693,18.745241127852953,999.2808541649496,1636.8442725917241,3.7754056739488533,0.7724559595001167
4694,18.655691965593928,997.8824855701763,1637.0310659371444,3.7872886643007773,0.7674823517307253
4695,18.595816638893837,996.2488622617307,1636.4095722269972,3.8006907088661013,0.7618616826431934
4696,18.669016095464013,994.5035536032167,1635.518673062239,3.8043790724729156,0.7603399189904753
4697,18.821796316059405,993.7828574565206,1635.433856427063,3.794373484716546,0.7645789326623464
4698,18.93846755098628,991.800011312886,1635.8959679777256,3.7751354977535105,0.7726145120310803
4699,19.071313736124242,991.5329569645423,1635.8863261090867,3.7483022651069997,0.7836596882954593
4700,18.95954555380247,996.2674927403001,1637.026139762194,3.7390120192426686,0.7873719484389964
4701,18.962023954035466,995.7539189688289,1637.969221264317,3.7308032209956443,0.790630461429896
4702,18.997709250644675,996.3885997755747,1638.78557774865,3.72163562268408,0.7942534418785603
4703,19.0837458889335,994.1000994131564,1640.2959918741778,3.705357171713646,0.8006093144673738
4704,19.115320152160276,995.429894707452,1641.4017804305727,3.690433918369486,0.8063645256053028
4705,19.098255396734093,993.7070056843374,1642.1669388687096,3.6782888783392274,0.8109931416183668
4706,19.08591116139278,993.1575160478993,1642.4861501658797,3.6689233022613603,0.8145375391723564
4707,19.111677966596822,991.428541118117,1642.7119179534222,3.6578307615093197,0.8186989003252731
4708,19.217827042208693,992.0977710055682,1643.4164883884914,3.640566313428557,0.8250593402940384
4709,19.102681728482715,995.6489878879039,1644.7374052324337,3.6385038610030644,0.8257466303545445
4710,19.279423578654956,993.0591303562437,1647.04521800622,3.62041137372415,0.8321819164694205
4711,19.387709309459865,996.4076024290545,1649.747842537505,3.599257869121108,0.8395273050585205
4712,19.41688090962565,997.2943769719787,1651.5808939343926,3.5801984937355162,0.8460079853646434
4713,19.46917272481043,997.9069493167161,1653.3593625568456,3.5607596234750525,0.8524525898584892
4714,19.467323565686097,997.672709091426,1655.406172197829,3.5447937775347933,0.8575824063276353
4715,19.39530630614013,997.3429123651242,1658.0028010910416,3.537337707988793,0.8598473942136506
4716,19.456952961700193,997.1313198342385,1660.658146109998,3.5260260023153545,0.8633013717996801
4717,19.390092164660707,1000.3027729694982,1662.6674085267996,3.5246118865674583,0.8636372747913046
4718,19.422888208155296,1001.9009636285108,1664.2270118007177,3.521980451118019,0.8643784057377072
4719,19.574527178050495,1000.3072698037641,1666.025167213455,3.506225904898135,0.8691552061210084
4720,19.54928720941297,999.7876406173651,1668.5387432264388,3.4949769475699703,0.8724222516751113
4721,19.398444193645933,996.8799106600304,1670.564094153205,3.495881449961613,0.8720392268168828
4722,19.29295542118494,994.619744565813,1673.8341233074827,3.5035349988410442,0.8695465561580702
4723,19.32829216126549,997.2839525162906,1677.1064581543385,3.508937331733356,0.8677172228404382
4724,19.276473436037033,999.1907434058496,1679.9930740811035,3.5190434048432278,0.8644350678986943
4725,19.163984619509655,1002.1189179776156,1682.5046963801396,3.538736670856195,0.8580688848280498
4726,19.11617108058851,999.9610556581674,1684.887424788844,3.5571611274739614,0.8519457541556702
4727,19.064856888508977,999.1612030846585,1686.5351434203044,3.5758578891316963,0.8456141624178042
4728,19.118590288431204,1001.4721780327098,1687.9609020940384,3.5885452373101216,0.8412117724291922
4729,18.948477091585058,999.4451701969346,1688.9682705424195,3.6113180953388513,0.8332153376721105
4730,19.00282658798614,1000.4576227384549,1689.7473798521805,3.6263158121979027,0.8278217149176186
4731,18.987479219658063,998.5654801882586,1691.521728228173,3.6384376671941467,0.8233342532004914
4732,18.941325924690986,995.3450954319827,1693.2724106599724,3.6497146246800316,0.8191011713004533
4733,18.98052581409159,995.7764234087336,1693.7420176580094,3.6560843988070637,0.8167146968648772
4734,18.944321570829004,991.7658116795454,1693.9556711276962,3.6612342018833823,0.8147821499133175
4735,18.783642004976052,993.1011537394227,1694.125634864051,3.679597293124734,0.8078373863004596
4736,18.668571110769886,993.9049161980469,1693.632550061656,3.70466626583589,0.7981867967864723
4737,18.648912187398164,992.5749063204706,1692.3709318759577,3.725823863209528,0.7899056671484769
4738,18.727891569999052,989.6961405418252,1691.0840332201744,3.73454255098111,0.7864852251362526
4739,18.627493368930335,989.650656935933,1689.4729754572136,3.7498620303390884,0.7803791570534554
4740,18.3569494115283,992.7577238849506,1687.684941150043,3.7868817982249823,0.7652017678734001
4741,18.2743341905715,994.2703612358478,1684.3188765175958,3.825132877585283,0.7491522450881799
4742,18.09698382549692,994.7217987211666,1680.9996219287018,3.8713331212335254,0.7291925243049747
4743,18.18583563984366,994.3119459082044,1677.3935426021635,3.901646502030069,0.7158740638537154
4744,18.209251264546914,999.2384870025534,1672.7804412085127,3.928314414499813,0.7040510710781831
4745,18.274621990423302,997.3954656443696,1668.7550977504886,3.9434466828595975,0.6973381728889833
4746,18.290431598286833,994.6416827935058,1665.039729721834,3.9524813219247603,0.6933656937565842
4747,18.34718896532453,991.9825751800289,1660.9174834179971,3.9532412285680842,0.6931975414474549
4748,18.471691178781246,994.3331588929119,1656.1795645417408,3.945467072418867,0.6969679253904347
4749,18.5545377900575,997.6040351251781,1651.442535936627,3.9347948217346067,0.7020508997898929
4750,18.39494884861387,997.9273513382118,1647.637537090865,3.93932961152534,0.7001502856742332
4751,18.452373941429116,996.3424960853173,1643.7219640372625,3.9371572099976913,0.7013151957229521
4752,18.62720743705755,994.3903189941477,1638.828043840424,3.9196126016013393,0.7095118746198851
4753,18.51751628556001,995.3755936823022,1633.893957547862,3.9149348512809543,0.71185053798556
4754,18.488755562776092,992.6844485394982,1628.6856253575168,3.911414916556181,0.7136754796006295
4755,18.418284541183002,996.458909374267,1624.0142508990464,3.917140954357539,0.7112948808821751
4756,18.30181986870829,996.4490733378518,1619.7811661852281,3.9313463623457565,0.7050270305794
4757,18.43221338761055,995.1554712578063,1616.3790958707102,3.931361075358888,0.7051713603533315
4758,18.453700948783748,995.5451054631143,1613.3353333683747,3.9299117399897945,0.7059674403055923
4759,18.38552991849592,992.3865711679998,1611.3086387466083,3.931906369655153,0.705147657609379
4760,18.42698373916995,991.6293053745677,1610.3263182777048,3.9295818668154303,0.7062515591636866
4761,18.425318519184337,989.232708879175,1610.2819175471711,3.926000029313565,0.7078852892397698
4762,18.431941313349625,986.464445010541,1609.6493056264228,3.9204289003381607,0.7104464961763598
4763,18.4158967968356,984.1213283083754,1609.7917115799326,3.915400336241018,0.7127210359024727
4764,18.407953788219945,985.9592426406397,1610.8358114607204,3.9133154795806244,0.7136182843433477
4765,18.589380133248362,988.4608669530008,1610.8837753628795,3.8986709641835247,0.7202216104632556
4766,18.626043667740106,987.8526295910573,1611.018229282535,3.883206490073608,0.727139599372611
4767,18.64681907880885,986.9265169515371,1611.0119795414194,3.8681277135554613,0.7338380104616289
4768,18.642300199997933,987.9664092088649,1610.3228531493135,3.856918558133549,0.7388136156635347
4769,18.571157354350404,988.3444714223733,1610.5705919053898,3.8538266590673094,0.7401602386004308
4770,18.639889464570064,987.178129796084,1611.1389319209093,3.8447927595163676,0.7440878545366778
4771,18.755232376592062,987.0434752869735,1611.3890912104312,3.82785734030527,0.751430814689047
4772,18.806431016104032,990.2190839115797,1611.6855707119014,3.812187103851454,0.7581521210169734
4773,18.72685868886571,990.3703803447005,1612.081255350321,3.8059545406446795,0.7607927209740979
4774,18.600242327316845,994.6173730852358,1611.9781710850054,3.814401654392743,0.7571905094958636
4775,18.451363947422244,996.3044977293889,1611.4216934320457,3.834770095102121,0.7484364884455665
4776,18.29386690842008,996.7119087587538,1610.5139085068452,3.864650877249268,0.7353977631394043
4777,18.15441726119866,994.2394223998427,1610.7206637969548,3.8986797440935264,0.7202250575934018
4778,18.002055441208174,995.0666089699552,1610.533714743862,3.9396597758824456,0.7016378930746985
4779,17.98971433754677,994.8403924730246,1609.9867334739552,3.97410089726889,0.6857860780063328
4780,18.02579227085731,995.1730183827431,1608.9828246227726,3.999645793283384,0.6739273160287234
4781,18.131696859417037,996.1587338799122,1607.2174731129685,4.0126832859540285,0.6678901563500547
4782,18.095820273187552,996.6583242414928,1605.774000548171,4.026683554883985,0.661361616874286
4783,18.08164078674746,1000.3268011400747,1604.4960425500158,4.042095891573762,0.6541325986920041
4784,18.00485724120573,997.973999371995,1603.6956097981033,4.059230040864381,0.6460383690824004
4785,17.808308864123937,995.2124106541169,1602.4755735221675,4.087254215587096,0.6327333143900953
4786,17.797674729194863,997.6782503684801,1599.8637186080193,4.112967235190186,0.6205272014661607
4787,17.831173098975235,1000.9638458607022,1595.8021644595574,4.133798334678387,0.6106805241757267
4788,17.88175204554061,998.8278034050384,1591.1600378747755,4.145131676648908,0.6054050682437676
4789,17.904609024378196,1001.8343393526732,1585.5442596200407,4.154830085930539,0.6009462971309547
4790,17.85228816168375,1001.4879580427493,1579.3732452532947,4.1667965781705645,0.5954079661309063
4791,17.842357861766565,1000.1998777088609,1573.668693488787,4.176446817184198,0.5909629875874557
4792,17.92626462356564,998.5298422568455,1568.8287178184294,4.176240605799434,0.5912421693085288
4793,18.00522078230182,995.9064933190818,1565.4548993430733,4.167635963375057,0.5955231731151728
4794,18.10739758801941,995.4709019297949,1562.405131693195,4.151900960933525,0.6032336286122396
4795,18.227287054054,991.8749418489772,1560.2882563167873,4.126482345946024,0.6155684690878104
4796,18.174681644077214,990.53158272163,1558.3760032184794,4.108922416259302,0.6240907849739833
4797,18.12552616227749,991.2329042051813,1555.5505998336353,4.099070458930428,0.628933927892648
4798,18.21477185823874,990.36042289112,1553.2024425359334,4.083039099773368,0.6367136715958062
4799,18.245812195197633,993.9457505212459,1551.0480235455718,4.070067276616673,0.64300530103834
4800,18.355590348131813,993.2729418216786,1549.7106560745376,4.049950667593529,0.6526526137640288
4801,18.301537027823123,990.2223824892163,1549.2467254682597,4.035566062674835,0.6595056398154517
4802,18.343967897517476,986.7445788296385,1549.1415207983412,4.0176740164034435,0.667976441917802
4803,18.40892412942419,991.3082063722179,1548.6800873678428,4.001144417611675,0.6757807774553983
4804,18.55558074527256,997.2563367833872,1548.3225833966499,3.9801021545461404,0.6856496653843657
4805,18.33920058997801,997.2077684837109,1548.6539299851395,3.9804933674885175,0.6854528469465322
4806,18.402255557640785,997.6031784388248,1549.5663115339412,3.9759602400699308,0.6875275997840191
4807,18.47564664082954,997.9834638383076,1551.187232491378,3.9665330520305138,0.6918428028578095
4808,18.40410389968618,998.3256607544556,1552.3810199288732,3.964907931513035,0.6925453905988904
4809,18.4349817793282,997.707612424366,1553.2755688271843,3.960584747826809,0.6945110375965567
4810,18.451090826328024,999.2636754513172,1554.514161885641,3.956899689531653,0.6961630276347153
4811,18.38853824900955,996.8702390304503,1556.1501680647946,3.9571803004139157,0.6959617943704883
4812,18.306554677880484,999.9768641839906,1557.893394010371,3.9664587073861144,0.6915864048314755
4813,18.368091672385034,1000.6050609876452,1558.9792078561063,3.9695131146959683,0.6901208818551857
4814,18.31446552889013,998.642256691044,1560.4115110907267,3.974916177088222,0.6875462133182711
4815,18.352245900588294,998.2679505304786,1562.1157843898093,3.9759763008173086,0.6869791892321964
4816,18.26660629389254,995.2703539712053,1564.897259613864,3.9815778879355257,0.6842490985041656
4817,18.30577568251393,997.1693654593124,1565.799824270431,3.984405919619333,0.682890742889132
4818,18.590343293290303,999.729960665651,1566.7949850861921,3.9654058504234015,0.6916885709429618
4819,18.412154961648778,999.035113873048,1568.4026886448764,3.963862039969275,0.6923344025033372
4820,18.44252323723243,1000.6961657680876,1569.2493550861261,3.9613701751488457,0.6934517789981813
4821,18.398283239735367,997.9409327423069,1570.5690144483208,3.960859182424063,0.6936308629478024
4822,18.343362420026928,994.3348358244119,1572.3048145384405,3.9622020885063867,0.6929336483113349
4823,18.468059180763138,997.0135730498723,1573.2038618561526,3.9551381775489767,0.6961607192992983
4824,18.562584445095666,993.8875891697132,1574.0374080664749,3.939257922149246,0.7034338711529167
4825,18.562797415256988,990.8638064304613,1575.7562323111158,3.9239327290490094,0.7103660775867455
4826,18.542988600150757,992.2434814056993,1576.9984973533903,3.9140278813585763,0.7148148146961228
4827,18.572717963576324,991.4378370744917,1578.6010523991768,3.902867355558891,0.7197929925902379
4828,18.516627539117227,992.6055380135742,1579.495592191846,3.8991822157998928,0.7214140966453643
4829,18.614129835395286,991.2224033056885,1580.8114490901296,3.88714686370651,0.7267595055681823
4830,18.46889778745831,992.5743980684556,1583.7101451762242,3.8901683459879974,0.7252735448406867
4831,18.403716377699848,988.2782055939715,1585.7163228690772,3.8947246647535687,0.7231372471870898
4832,18.37445931313644,986.9771685580682,1587.8322318459752,3.899868149458316,0.7207274489868076
4833,18.561208656350697,991.1816951019129,1588.9681281314931,3.892003272655886,0.7242111618141996
4834,18.529689088434417,991.1140105152468,1589.7526148310244,3.8880786832204928,0.7259342384090497
4835,18.351424699513995,993.9201297971621,1590.8694793831764,3.901549711923175,0.719832358417297
4836,18.391845296694523,990.7789740160339,1592.7259052808638,3.9069180704872486,0.7173261689638613
4837,18.40046051360681,990.2109364671281,1594.4290695660382,3.910186652596744,0.7157717238405652
4838,18.41086628613019,990.8243879366138,1595.7448313640537,3.912480299506851,0.7146743515208439
4839,18.516688534551268,988.9770129578125,1597.3789505538605,3.9043166803481943,0.7182905180691366
4840,18.469615544972605,995.1346972489837,1597.8206300464444,3.9061245266705895,0.7174547474821553
4841,18.525310133923078,996.1102703217842,1598.7088551418283,3.9037931320889583,0.7184665642124012
4842,18.616144343143414,996.8379341524421,1598.585050626219,3.8950085308105122,0.7224250483511978
4843,18.497140586443294,997.5514108169729,1598.033626822302,3.8980695331181052,0.7210745881304045
4844,18.641762506814015,996.4249057291426,1597.5118125899955,3.887909413831237,0.725655952302321
4845,18.624647383405915,998.0495095465271,1598.1144575187345,3.8822049643868572,0.7281770336474755
4846,18.57641635417899,997.151854684471,1598.6307419271725,3.880790128475176,0.7287843139902959
4847,18.562161417329875,997.1825330847785,1597.993722376737,3.8808180693375394,0.7288010538456731
4848,18.48000210959492,997.8009541487293,1597.554666683595,3.8880225657971246,0.7256033665151296
4849,18.146933145145596,997.8768238770857,1596.9660976716477,3.9212060061834206,0.7106603206112144
4850,18.169728780375042,993.7762803708026,1596.6133081329353,3.943453557098483,0.7005127353848897
4851,18.32374803688521,994.0435049910925,1596.7059902042477,3.9493121170197627,0.6978166661048566
4852,18.185244831290046,993.4211014559671,1596.4360680730156,3.964964081043894,0.690606259895987
4853,18.23159503738284,998.5386736298543,1595.7009138085746,3.9778798372652373,0.6846468262527156
4854,18.34210726985094,998.5545080514842,1595.480360426419,3.9794516685521977,0.6839253187239097
4855,18.22431229569766,997.6409468441911,1594.5776360719894,3.9896761232225977,0.6791994134118645
4856,18.115857035271684,1000.398933140589,1594.1032801537085,4.0090081775744135,0.6701679739509593
4857,18.08302779557683,1002.5920180333568,1593.0045319311266,4.029201239789698,0.6607044402753152
4858,18.05121819838998,1002.7490183807794,1591.3932503836163,4.0484777233509925,0.6516460319776807
4859,18.12614399555791,998.8092428765585,1590.1280567027866,4.055183033445499,0.648513767167529
4860,18.23917338163109,995.777391517366,1588.8329021380132,4.049152546665545,0.651430649508224
4861,18.260932260582614,997.2974717039076,1585.499714303761,4.04357859253909,0.6542114925343786
4862,18.309576180573536,996.750444469734,1582.7730244208487,4.034619216424703,0.6585675222196975
4863,18.340097469891667,995.3156782725904,1581.5552631285111,4.023693645002788,0.6637808012820272
4864,18.389415779641887,996.5773035324604,1579.5995380781485,4.011658172860491,0.6695330501640752
4865,18.292646149867206,996.4216032899782,1578.2300597958488,4.009579390465678,0.6705682412112438
4866,18.220598781146816,996.1567778311578,1577.6878179663452,4.013562291826894,0.6687174490038245
4867,18.3029552676753,995.2640453162062,1576.5698684448612,4.009423193082679,0.6707116021373245
4868,18.300725277144508,993.2535172634568,1575.1876195436946,4.0046914077307205,0.6729931799477382
4869,18.10949029528284,991.0060961681668,1573.971186137318,4.014740016111811,0.6683189839639513
4870,18.126458823443773,992.3079024896219,1572.3782413461952,4.022577372442014,0.6646904452396973
4871,18.20057976420571,993.5875750638246,1571.1635253113502,4.023914273819813,0.6641099432765128
4872,18.30737703192074,994.1067288981928,1570.7273302166575,4.016675540530717,0.6675431385027699
4873,18.413976234168153,994.1136666893977,1570.6125472221693,4.002033737396151,0.6744342943050069
4874,18.426125258866154,992.1127920396897,1571.2560540741447,3.9875219792923073,0.6812019707104373
4875,18.530502472876254,988.9907641852457,1572.658278399257,3.96473237866029,0.6917461855593107
4876,18.495216074284215,989.6017861225927,1574.4402723512744,3.9493904432196114,0.6987575744287695
4877,18.56450673233292,987.119780676401,1575.9966410199122,3.929271227465194,0.7079193391723313
4878,18.65017962920621,990.0276101710572,1576.8874907004495,3.907970600512047,0.7175642914264907
4879,18.60801514594329,987.4804177882193,1578.773348094658,3.892024090541286,0.724665845243261
4880,18.56495055282467,988.2837078186806,1580.5556348709088,3.883074478177945,0.7285926681450817
4881,18.424217286134372,992.3866091184126,1580.5259518773491,3.890338311976534,0.7253424203999843
4882,18.447493763056492,992.0425350213746,1580.5700411469684,3.8941323819799405,0.7236372581394224
4883,18.560559775685007,994.5318369840543,1580.7601171073295,3.8898856771145174,0.7255347190955829
4884,18.548716821806515,998.0845004661071,1581.2019263948914,3.8900569989082525,0.7254377676342922
4885,18.622079091333777,995.8490700634298,1582.5779079903805,3.8825123327289237,0.7287512155784874
4886,18.632341731281606,997.1365341149102,1583.841734022199,3.8764603663482564,0.7313917813528605
4887,18.733598587521637,999.4921207506512,1585.4623222631967,3.8650038671207945,0.7364010703752303
4888,18.745332984054798,1000.1080498294136,1586.7817008809247,3.85511624525313,0.7407013557147446
4889,18.70849618904641,1001.861517248675,1588.302598310274,3.851344319578692,0.7422876834554508
4890,18.730832087471775,1000.0452080477695,1590.5061040392006,3.845052921150448,0.7449403819951875
4891,18.521555412101332,1001.2971220865397,1592.0907738793642,3.8579425113638703,0.7392105082047782
4892,18.539795783353956,1001.1557902647261,1593.1346845430912,3.866914525342821,0.7352008259185295
4893,18.533831418607836,998.8974316972086,1593.3791895815496,3.8730516656155705,0.7324686488285648
4894,18.538062878252102,999.7434611704858,1593.568561202592,3.8783779240388934,0.7300912664311707
4895,18.49073442421666,1000.1772911914039,1594.310340491193,3.886941112705608,0.7262352795491954
4896,18.52063737058092,998.7759549520944,1594.9971697320805,3.890459848438509,0.7246286073251522
4897,18.76481736054428,998.5218369859288,1596.1663081330385,3.873198709777261,0.7322750161820945
4898,18.911283104278226,995.1586915563743,1597.9772076621596,3.8445328575523563,0.7448177680321271
4899,18.755961099911175,995.8799668025067,1600.4588088681935,3.834265057010886,0.7491721362558063
4900,18.720895401115815,996.8947181456266,1602.7760143651435,3.829478181487836,0.7511372197085583
4901,18.83479957260992,1001.5756514829834,1604.1591025884254,3.819783480267478,0.7552532442914831
4902,18.78799322183639,1002.5775418253786,1605.5307481749985,3.816416269350848,0.7566341285803388
4903,18.716539549364434,1000.8109138799906,1605.7032391871035,3.8181587797869065,0.7558779989431241
4904,18.739364771890468,1002.3998330671942,1605.7613078006466,3.818923584065173,0.7555467005641806
4905,18.83899493000463,1004.6228882539519,1605.5185908166845,3.813089576773451,0.7580602202136025
4906,19.005732074428582,1002.7832282144539,1605.6729504596062,3.793289148362053,0.7664712655925671
4907,18.86596957998056,1001.3287797594476,1605.881169551813,3.7873746250790146,0.7689533049254201
4908,18.708437749690965,1000.2710295134856,1606.4136722742721,3.7945985579722414,0.7658824228243942
4909,18.87235561394767,999.8635680758517,1608.4551395240708,3.7868187742307784,0.7690624020210277
4910,18.897453213527548,1002.0861956402374,1611.0536449429148,3.7800686821637863,0.771765716101853
4911,18.9343798913401,1000.5457209777843,1612.7213290628997,3.770351359713197,0.7757321471144769
4912,18.847026076088277,999.4782167486374,1614.2396773475273,3.768714675888857,0.7763367289837051
4913,18.701498686532894,998.3159579806609,1616.4687312676024,3.7783864257987743,0.772205325804587
4914,18.791113178290903,999.6571342321158,1617.950728352432,3.780007893704542,0.7714561102020216
4915,18.789736496576584,997.5775162379966,1619.0957518777152,3.7798778086134113,0.771454844663079
4916,18.821212185497124,996.4250307907458,1620.439496640985,3.776327666541976,0.7728707581963431
4917,18.7930939746086,998.0576632057098,1622.1179833640354,3.776948640342922,0.7725302926409494
4918,18.88738366424043,998.7931175899607,1624.6244856529813,3.7703084889374785,0.7751687260413705
4919,18.849020451610095,995.9562716101144,1626.451750951936,3.765853950960402,0.7769232858525773
4920,18.99258292939328,995.6311417936196,1627.247931903781,3.7502235059934868,0.7833029795804813
4921,19.06421460424477,994.2065692947588,1629.3740437741506,3.730475823842614,0.7911903009923448
4922,19.169351947554063,994.1173130306009,1631.7115105877187,3.7056234230479594,0.8009381817939848
4923,19.202017042196065,993.4912235789878,1634.417692700965,3.682101739236779,0.8099294241270822
4924,19.283298240555965,994.7106154015936,1636.4239628857283,3.65709351919953,0.8192992748556409
4925,19.306739875458415,996.154858729911,1637.3921178571156,3.6357629763209656,0.8271316417901203
4926,19.46058240453814,994.7133053836667,1639.2362936867537,3.6046101053543866,0.8382066536513254
4927,19.551108296376764,994.1928042888534,1641.256801488248,3.5712734764530607,0.8495853307575963
4928,19.554858470720877,999.2772165257053,1642.9524307758659,3.547474792157633,0.8573842273377335
4929,19.46296674357853,999.0539199097054,1644.5500705293296,3.535300450735759,0.8612307836199213
4930,19.500646525971167,1001.3126229431168,1646.4261864397463,3.5239458784459545,0.8647325934792326
4931,19.442354868696125,1004.2566248325475,1647.6178523123924,3.5216243888292413,0.8653966480987092
4932,19.50859457393237,1004.4274039727336,1649.617121511111,3.514436767661611,0.8675277748047128
4933,19.561712803582477,1005.4906340802121,1651.8186934642133,3.505005898538401,0.8703077598732741
4934,19.501748871357027,1005.613626364252,1654.564219380519,3.502265820565567,0.870991289546293
4935,19.51147193478035,1006.5619377981711,1657.1769401045576,3.499941311328932,0.8715523896235193
4936,19.62786257421608,1006.6697056051064,1660.071847537635,3.4886052431622465,0.8747903752411157
4937,19.633596000912,1004.5532952448278,1663.2131001353348,3.4772411254036033,0.8779565130242781
4938,19.755693116213436,1004.8624149948556,1667.0934012965822,3.4581784671101032,0.883192811938629
4939,19.785669218775727,1004.6620625427427,1671.3713872763785,3.4399459737542455,0.8879887597514228
4940,19.793747761639292,1006.3254477024191,1675.2139315354034,3.4255926698603467,0.8916110151542833
4941,19.770983615679683,1009.8952156416614,1677.779441583462,3.4183819912372364,0.893352186512137
4942,19.913678757168785,1008.0582368855037,1680.607132203411,3.3994194318641413,0.8980149736910014
4943,19.92195408254133,1008.2947053211363,1682.90056978639,3.3833726437260974,0.9018095156928014
4944,20.095679353353944,1007.6212088543732,1685.5527312819845,3.3555082849932214,0.9081271409985162
4945,20.118893447830654,1006.8413416793587,1688.5653696901504,3.3301728754473157,0.9134474275750696
4946,19.969350663328942,1008.5704319461985,1690.9010309529008,3.3229256682108836,0.9148147122596135
4947,19.970973812717933,1007.4801881415228,1693.2677502850956,3.316026090192606,0.9160789541545072
4948,20.06935721662118,1010.627491512927,1695.7808346928248,3.3047079057994266,0.9181703985343256
4949,19.934006674009453,1009.9368261808552,1698.305236914707,3.3059656979482037,0.9177789338001671
4950,20.072000749541584,1008.2112846382629,1701.5497469509482,3.2944157022515155,0.9198025060376464
4951,20.03834810613405,1008.9129979868791,1704.6838289575037,3.288225295091049,0.9207724495105013
4952,19.90447604833905,1009.992484844097,1707.5406636783448,3.2949052778465306,0.9193616026547021
4953,19.70124389767107,1008.1850532905142,1710.2662342172648,3.315624576804104,0.9151743950368354
4954,19.700880313018075,1011.2921725868431,1713.157648977955,3.3349930962751815,0.9110119229103733
4955,19.665665640946013,1014.4671871338179,1715.3320037004826,3.3561533362407068,0.906272632187112
4956,19.517541972011973,1012.9413004624556,1718.5362198288751,3.3844558289141777,0.899517949844378
4957,19.716331766948162,1012.3689922150895,1721.4346294884108,3.3909861058292297,0.8977728193131094
4958,19.777274880647497,1014.8665806515103,1722.7266105117812,3.3932488385059965,0.8971463601530183
4959,19.821705343736337,1014.7796145367896,1723.897936242194,3.3914076754745963,0.8975298655079998
4960,19.580701817115912,1015.4215367756922,1725.5856567592646,3.41007802319688,0.892783019194113
4961,19.595633984110407,1015.2501774482575,1726.1344858733146,3.4240379039908215,0.8891497491151273
4962,19.560201850839178,1016.8814203876776,1727.2149977908152,3.43961373983498,0.8849457102703292
4963,19.540178025966007,1015.114377820139,1728.097812447935,3.4526863880147665,0.8813193750775861
4964,19.637439835977496,1014.7438750491314,1727.9725204111023,3.455177624313171,0.8806345301978817
4965,19.70857043001941,1015.7798085179355,1726.3851480075552,3.452190811635173,0.881552330252248
4966,19.82933170336639,1014.7347849934662,1725.0768619831229,3.439082976196801,0.885209009233972
4967,19.81801473186839,1013.3266036048273,1723.940366166775,3.4281947889183413,0.8881802226059687
4968,19.833177032312914,1012.7332241926026,1722.1038089485758,3.417578817322036,0.8910572600620044
4969,19.74787702264309,1014.1714040081895,1721.6176193254162,3.4169317013438674,0.8912518194523453
4970,19.647323456592186,1014.9130368707231,1721.4964607757413,3.4251789781035242,0.8891119823542319
4971,19.826265413078204,1013.338011712237,1721.781326125112,3.41612788934259,0.8914498175707816
4972,19.78339433053011,1010.9451773376676,1720.8713899234017,3.41040043863728,0.8929678070959791
4973,19.738257268841572,1013.247598822319,1719.890069304662,3.4111331603825095,0.8928367083127103
4974,19.747644194697124,1012.7882695246929,1718.82078740233,3.4106196396836763,0.8930280479741476
4975,19.695531754097836,1010.8983408527788,1717.977847647312,3.41302839528044,0.8924607405797261
4976,19.776864068426203,1010.9075532255803,1717.801224600414,3.40836406269671,0.8936587672470362
4977,19.77969476801354,1012.4348499875929,1717.9327917532073,3.4054626215598556,0.8943843095203777
4978,19.770746202162734,1013.366183479205,1718.7325323403772,3.404518804748622,0.8945764144731153
4979,19.668152879836654,1011.2388566252307,1719.6925402691268,3.410520542162293,0.8930039480975411
4980,19.689889096506107,1014.9739346151558,1720.1337042684618,3.416489402175659,0.891449731850053
4981,19.705250650718725,1011.8655263127519,1720.3430166977835,3.4177785644997463,0.8911050708861397
4982,19.726100591431543,1010.3261889482162,1720.0718619321565,3.4159680814028577,0.891587565668227
4983,19.75181814873829,1011.4504612837721,1720.8391110167292,3.413231796365982,0.8922468698932361
4984,19.827819385672115,1008.7452273602493,1721.6131983816056,3.4027320647073287,0.8948611689022236
4985,19.86797431788538,1006.8211087622368,1722.3370749525327,3.3893861900266673,0.8981107339452592
4986,19.82493421662537,1009.5983678856078,1722.7978352229825,3.3840594177607612,0.8993701754990572
4987,19.815218105346936,1010.2992296328601,1722.8284243974936,3.3810153165973147,0.9000960167274499
4988,19.861523668936172,1008.6840752202319,1723.5961642204775,3.3735140062508293,0.9018227957072407
4989,19.834786075286736,1010.3453904365716,1724.1549281882442,3.370803882223296,0.902422703869973
4990,19.806760808375998,1011.5664946202397,1724.4735920852602,3.3717949600955173,0.902173898756741
4991,19.80169360241326,1014.5884845614657,1723.7059945587932,3.375306360417581,0.901396346589794
4992,19.859673031969628,1017.3440880088812,1722.75285308561,3.375530865904572,0.9013980448190508
4993,19.864562207772984,1018.9578480828261,1721.7731096745595,3.376535419573157,0.9012175789566087
4994,19.869362938254895,1015.206851089085,1721.4930011371875,3.374131084159147,0.9017985451082109
4995,19.911197622825085,1016.6545198191981,1721.221025419554,3.3698352362565482,0.9028153975172172
4996,19.846159030516308,1013.3194669188777,1721.9395281220468,3.3691062947472483,0.9029431481776283
4997,19.92801044596135,1013.0028982691168,1722.8743714063733,3.3615803391402346,0.9046152871702665
4998,19.85132222576249,1012.8223351204246,1723.5409199255648,3.361539511156723,0.9045863422531535
4999,19.710213675074748,1014.7823583191961,1723.8723826849327,3.3745192005107167,0.9015715906624487
